{"type":"FeatureCollection","generado_utc":"2026-10-11T00:29:57Z","fuente":"GDELT 2.0 (códigos CAMEO de ataque) y medios mexicanos","features":[{"type":"Feature","geometry":{"type":"Point","coordinates":[34.75,31.5]},"properties":{"title":"News putin playing both sides russia arms","url":"https://www.albawaba.net/news/putin-playing-both-sides-russia-arms-1638762","source":"www.albawaba.net","date":"2026-10-11T00:30:00Z","tipo":"Ataque","arma":"Ataque aéreo","cameo":"195","severidad":3,"lugar":"Israel","pais_iso3":"ISR","precision":"país","actores":"King → Iran","articulos":3,"via":"GDELT 2.0 (evento codificado; el título sale del enlace)"}},{"type":"Feature","geometry":{"type":"Point","coordinates":[50.103,26.434]},"properties":{"title":"Details killed riyadh airport attack","url":"https://www.gdnonline.com:443/Details/1409286/12-killed-in-Riyadh-airport-attack","source":"www.gdnonline.com:443","date":"2026-10-11T00:30:00Z","tipo":"Ataque","arma":"Ataque aéreo","cameo":"195","severidad":3,"lugar":"Dammam, Ash Sharqiyah, Saudi Arabia","pais_iso3":"SAU","precision":"ciudad","actores":"Riyadh","articulos":7,"via":"GDELT 2.0 (evento codificado; el título sale del enlace)"}},{"type":"Feature","geometry":{"type":"Point","coordinates":[44.207,15.355]},"properties":{"title":"News israels next targets iran backed","url":"https://www.albawaba.net/news/israels-next-targets-iran-backed-1638759","source":"www.albawaba.net","date":"2026-10-11T00:30:00Z","tipo":"Ataque","arma":"Ataque aéreo","cameo":"195","severidad":3,"lugar":"Sanaa, Sana', Yemen","pais_iso3":"YEM","precision":"ciudad","actores":"Saudi → Employee","articulos":6,"via":"GDELT 2.0 (evento codificado; el título sale del enlace)"}},{"type":"Feature","geometry":{"type":"Point","coordinates":[46.696,24.958]},"properties":{"title":"Ataque aéreo: Kingdom (King Khalid International, Ar Riya?, Saudi Arabia)","url":"https://ksevradio.com/the-media-line/","source":"ksevradio.com","date":"2026-10-11T00:15:00Z","tipo":"Ataque","arma":"Ataque aéreo","cameo":"195","severidad":4,"lugar":"King Khalid International, Ar Riya?, Saudi Arabia","pais_iso3":"SAU","precision":"ciudad","actores":"Kingdom","articulos":10,"via":"GDELT 2.0 (evento codificado; el título sale del enlace)"}},{"type":"Feature","geometry":{"type":"Point","coordinates":[45.0,40.0]},"properties":{"title":"Domestic policy six years since armenias next act terror ganja","url":"https://en.apa.az/domestic-policy/six-years-since-armenias-next-act-of-terror-on-ganja-529339","source":"en.apa.az","date":"2026-10-11T00:15:00Z","tipo":"Ataque","arma":"Artillería y tanques","cameo":"194","severidad":3,"lugar":"Armenia","pais_iso3":"ARM","precision":"país","actores":"Military → Armenia","articulos":5,"via":"GDELT 2.0 (evento codificado; el título sale del enlace)"}},{"type":"Feature","geometry":{"type":"Point","coordinates":[46.773,24.641]},"properties":{"title":"News houthi strike riyadh airport kills injures over","url":"http://www.japanherald.com/news/279364748/houthi-strike-on-riyadh-airport-kills-12-injures-over-300","source":"www.japanherald.com","date":"2026-10-11T00:00:00Z","tipo":"Ataque","arma":"Ataque aéreo","cameo":"195","severidad":4,"lugar":"Riyadh, Ar Riya?, Saudi Arabia","pais_iso3":"SAU","precision":"ciudad","actores":"Saudi","articulos":12,"via":"GDELT 2.0 (evento codificado; el título sale del enlace)"}},{"type":"Feature","geometry":{"type":"Point","coordinates":[46.773,24.641]},"properties":{"title":"Npr news trump weighs joining the fight against houthis after riyadh airport attack","url":"https://www.kvnf.org/npr-news/2026-10-10/trump-weighs-joining-the-fight-against-houthis-after-riyadh-airport-attack","source":"www.kvnf.org","date":"2026-10-11T00:00:00Z","tipo":"Ataque","arma":"Ataque aéreo","cameo":"195","severidad":4,"lugar":"Riyadh, Ar Riya?, Saudi Arabia","pais_iso3":"SAU","precision":"ciudad","actores":"Cairo → Kingdom","articulos":16,"via":"GDELT 2.0 (evento codificado; el título sale del enlace)"}},{"type":"Feature","geometry":{"type":"Point","coordinates":[53.0,32.0]},"properties":{"title":"Story attack riyadh airport kills wounds more than","url":"https://www.naroomanewsonline.com.au/story/9366100/attack-on-riyadh-airport-kills-12-wounds-more-than-300/","source":"www.naroomanewsonline.com.au","date":"2026-10-11T00:00:00Z","tipo":"Ataque","arma":"Ataque aéreo","cameo":"195","severidad":4,"lugar":"Iran","pais_iso3":"IRN","precision":"país","actores":"Kingdom → Iran","articulos":20,"via":"GDELT 2.0 (evento codificado; el título sale del enlace)"}},{"type":"Feature","geometry":{"type":"Point","coordinates":[46.696,24.958]},"properties":{"title":"News nation airport the saudi capital attacked again and other mideast developments article html","url":"http://www.goskagit.com/news/nation/airport-in-the-saudi-capital-is-attacked-again-and-other-mideast-developments/article_08d96b9a-3cd6-5ac4-b3b4-0cf4dcfef2cd.html","source":"www.goskagit.com","date":"2026-10-11T00:00:00Z","tipo":"Ataque","arma":"Artillería y tanques","cameo":"194","severidad":3,"lugar":"King Khalid International, Ar Riya?, Saudi Arabia","pais_iso3":"SAU","precision":"ciudad","actores":"Saudi Arabia","articulos":8,"via":"GDELT 2.0 (evento codificado; el título sale del enlace)"}},{"type":"Feature","geometry":{"type":"Point","coordinates":[46.773,24.641]},"properties":{"title":"News news riyadh airport attacked again trump weighs joining saudi strikes houthis html","url":"https://www.livemint.com/news/us-news/riyadh-airport-attacked-again-trump-weighs-joining-saudi-strikes-on-houthis-11791663546926.html","source":"www.livemint.com","date":"2026-10-11T00:00:00Z","tipo":"Ataque","arma":"Ataque aéreo","cameo":"195","severidad":4,"lugar":"Riyadh, Ar Riya?, Saudi Arabia","pais_iso3":"SAU","precision":"ciudad","actores":"Riyadh","articulos":20,"via":"GDELT 2.0 (evento codificado; el título sale del enlace)"}},{"type":"Feature","geometry":{"type":"Point","coordinates":[46.773,24.641]},"properties":{"title":"News saudi airport attack kills","url":"https://globalnews.ca/news/12098730/saudi-airport-attack-kills-12/","source":"globalnews.ca","date":"2026-10-11T00:00:00Z","tipo":"Ataque","arma":"Ataque aéreo","cameo":"195","severidad":4,"lugar":"Riyadh, Ar Riya?, Saudi Arabia","pais_iso3":"SAU","precision":"ciudad","actores":"Saudi Arabia → Kingdom","articulos":32,"via":"GDELT 2.0 (evento codificado; el título sale del enlace)"}},{"type":"Feature","geometry":{"type":"Point","coordinates":[46.696,24.958]},"properties":{"title":"News riyadh king khalid international airport targeted again operations suspended multiple injuries reported gaca","url":"http://www.japanherald.com/news/279364674/riyadh-king-khalid-international-airport-targeted-again-operations-suspended-multiple-injuries-reported-gaca","source":"www.japanherald.com","date":"2026-10-11T00:00:00Z","tipo":"Ataque","arma":"Ataque aéreo","cameo":"195","severidad":3,"lugar":"King Khalid International, Ar Riya?, Saudi Arabia","pais_iso3":"SAU","precision":"ciudad","actores":"Saudi Arabia → Kingdom","articulos":4,"via":"GDELT 2.0 (evento codificado; el título sale del enlace)"}},{"type":"Feature","geometry":{"type":"Point","coordinates":[46.773,24.641]},"properties":{"title":"News national international saudi arabia riyadah airport attack injured dead","url":"https://www.nbclosangeles.com/news/national-international/saudi-arabia-riyadah-airport-attack-injured-dead/3954190/","source":"www.nbclosangeles.com","date":"2026-10-11T00:00:00Z","tipo":"Ataque","arma":"Ataque aéreo","cameo":"195","severidad":3,"lugar":"Riyadh, Ar Riya?, Saudi Arabia","pais_iso3":"SAU","precision":"ciudad","actores":"Saudi Arabia → Los Angeles","articulos":7,"via":"GDELT 2.0 (evento codificado; el título sale del enlace)"}},{"type":"Feature","geometry":{"type":"Point","coordinates":[30.517,50.433]},"properties":{"title":"Article trump says ukraine should get new president blames zelenskyy for diesel prices russia war","url":"https://www.wjcl.com/article/trump-says-ukraine-should-get-a-new-president-as-he-blames-zelenskyy-for-us-diesel-prices-russia-war/74099374","source":"www.wjcl.com","date":"2026-10-11T00:00:00Z","tipo":"Ataque","arma":"Artillería y tanques","cameo":"194","severidad":4,"lugar":"Kyiv, Kyyiv, Misto, Ukraine","pais_iso3":"UKR","precision":"ciudad","actores":"Kyiv","articulos":40,"via":"GDELT 2.0 (evento codificado; el título sale del enlace)"}},{"type":"Feature","geometry":{"type":"Point","coordinates":[30.517,50.433]},"properties":{"title":"News nationworld trump says ukraine should get new leader spars with zelensky over article html","url":"https://www.komu.com/news/nationworld/trump-says-ukraine-should-get-a-new-leader-as-he-spars-with-zelensky-over-us/article_06376351-057e-5242-ac88-f102743bce6d.html","source":"www.komu.com","date":"2026-10-11T00:00:00Z","tipo":"Ataque","arma":"Artillería y tanques","cameo":"194","severidad":3,"lugar":"Kyiv, Kyyiv, Misto, Ukraine","pais_iso3":"UKR","precision":"ciudad","actores":"Ukrainian → Ukrainian","articulos":3,"via":"GDELT 2.0 (evento codificado; el título sale del enlace)"}},{"type":"Feature","geometry":{"type":"Point","coordinates":[-75.7,45.417]},"properties":{"title":"Canada people dead after small plane crashed and caught fire near fergus ont","url":"https://www.winnipegfreepress.com/canada/2026/10/10/2-people-dead-after-small-plane-crashed-and-caught-fire-near-fergus-ont","source":"www.winnipegfreepress.com","date":"2026-10-10T23:45:00Z","tipo":"Ataque","arma":"Ataque aéreo","cameo":"195","severidad":3,"lugar":"Ottawa, Ontario, Canada","pais_iso3":"CAN","precision":"ciudad","actores":"Police","articulos":5,"via":"GDELT 2.0 (evento codificado; el título sale del enlace)"}},{"type":"Feature","geometry":{"type":"Point","coordinates":[39.826,21.427]},"properties":{"title":"Yemeni governments military says its forces advancing against houthis","url":"https://dominicanrepublicpost.com/yemeni-governments-military-says-its-forces-advancing-against-houthis/","source":"dominicanrepublicpost.com","date":"2026-10-10T23:30:00Z","tipo":"Ataque","arma":"Artillería y tanques","cameo":"194","severidad":3,"lugar":"Mecca, Makkah, Saudi Arabia","pais_iso3":"SAU","precision":"ciudad","actores":"Pakistan","articulos":4,"via":"GDELT 2.0 (evento codificado; el título sale del enlace)"}},{"type":"Feature","geometry":{"type":"Point","coordinates":[46.773,24.641]},"properties":{"title":"News killed more than wounded saudia arabia airport attack","url":"https://kvia.com/news/2026/10/10/12-killed-more-than-300-wounded-in-saudia-arabia-airport-attack/","source":"kvia.com","date":"2026-10-10T23:30:00Z","tipo":"Ataque","arma":"Ataque aéreo","cameo":"195","severidad":3,"lugar":"Riyadh, Ar Riya?, Saudi Arabia","pais_iso3":"SAU","precision":"ciudad","actores":"Saudia Arabia","articulos":3,"via":"GDELT 2.0 (evento codificado; el título sale del enlace)"}},{"type":"Feature","geometry":{"type":"Point","coordinates":[34.333,31.417]},"properties":{"title":"Mideast mindset direct damage and very much not collateral","url":"https://themedialine.org/mideast-mindset/direct-damage-and-very-much-not-collateral/","source":"themedialine.org","date":"2026-10-10T22:45:00Z","tipo":"Ataque","arma":"Artillería y tanques","cameo":"194","severidad":3,"lugar":"Gaza, Israel (general), Israel","pais_iso3":"PSE","precision":"ciudad","actores":"Israeli","articulos":5,"via":"GDELT 2.0 (evento codificado; el título sale del enlace)"}},{"type":"Feature","geometry":{"type":"Point","coordinates":[46.773,24.641]},"properties":{"title":"World middle east trump weighs joining the fight against houthis after saudi capitals airport struck again html","url":"https://www.theage.com.au/world/middle-east/trump-weighs-joining-the-fight-against-houthis-after-saudi-capitals-airport-is-struck-again-20261011-p614gz.html","source":"www.theage.com.au","date":"2026-10-10T22:30:00Z","tipo":"Ataque","arma":"Ataque aéreo","cameo":"195","severidad":4,"lugar":"Riyadh, Ar Riya?, Saudi Arabia","pais_iso3":"SAU","precision":"ciudad","actores":"Cairo → Riyadh","articulos":18,"via":"GDELT 2.0 (evento codificado; el título sale del enlace)"}},{"type":"Feature","geometry":{"type":"Point","coordinates":[46.773,24.641]},"properties":{"title":"Story airport the saudi capital attacked again","url":"https://www.northerndailyleader.com.au/story/9366100/airport-in-the-saudi-capital-attacked-again/","source":"www.northerndailyleader.com.au","date":"2026-10-10T22:30:00Z","tipo":"Ataque","arma":"Artillería y tanques","cameo":"194","severidad":4,"lugar":"Riyadh, Ar Riya?, Saudi Arabia","pais_iso3":"SAU","precision":"ciudad","actores":"Iran → Saudi","articulos":40,"via":"GDELT 2.0 (evento codificado; el título sale del enlace)"}},{"type":"Feature","geometry":{"type":"Point","coordinates":[138.0,36.0]},"properties":{"title":"Comics nycc justice league godzilla kong iii will set earth","url":"https://bleedingcool.com/comics/nycc-justice-league-vs-godzilla-vs-kong-iii-will-be-set-on-earth-3/","source":"bleedingcool.com","date":"2026-10-10T22:30:00Z","tipo":"Ataque","arma":"Ataque aéreo","cameo":"195","severidad":3,"lugar":"Japan","pais_iso3":"JPN","precision":"país","actores":"Japan → Apache","articulos":5,"via":"GDELT 2.0 (evento codificado; el título sale del enlace)"}},{"type":"Feature","geometry":{"type":"Point","coordinates":[46.773,24.641]},"properties":{"title":"World gulf saudi riyadh airport attack several injured flights suspended travel warnings issued","url":"https://gulfnews.com/world/gulf/saudi/riyadh-airport-attack-several-injured-flights-suspended-travel-warnings-issued-1.500705978","source":"gulfnews.com","date":"2026-10-10T22:15:00Z","tipo":"Ataque","arma":"Ataque aéreo","cameo":"195","severidad":3,"lugar":"Riyadh, Ar Riya?, Saudi Arabia","pais_iso3":"SAU","precision":"ciudad","actores":"The Associated Press","articulos":5,"via":"GDELT 2.0 (evento codificado; el título sale del enlace)"}},{"type":"Feature","geometry":{"type":"Point","coordinates":[54.0,24.0]},"properties":{"title":"News india news article flydubai cockpit attack updates nia probe mid air attack flydubai captain smit machchhar registers case","url":"https://www.mid-day.com/news/india-news/article/flydubai-cockpit-attack-updates-nia-to-probe-mid-air-attack-on-flydubai-captain-smit-machchhar-registers-case-23654371","source":"www.mid-day.com","date":"2026-10-10T22:00:00Z","tipo":"Ataque","arma":"Ataque aéreo","cameo":"195","severidad":3,"lugar":"United Arab Emirates","pais_iso3":"ARE","precision":"país","actores":"Captain","articulos":6,"via":"GDELT 2.0 (evento codificado; el título sale del enlace)"}},{"type":"Feature","geometry":{"type":"Point","coordinates":[45.0,25.0]},"properties":{"title":"Live blog live blog update qatars former urges decisive support saudi arabia after airport","url":"https://www.middleeasteye.net/live-blog/live-blog-update/qatars-former-pm-urges-decisive-support-saudi-arabia-after-airport","source":"www.middleeasteye.net","date":"2026-10-10T22:00:00Z","tipo":"Ataque","arma":"Ataque aéreo","cameo":"195","severidad":3,"lugar":"Saudi Arabia","pais_iso3":"SAU","precision":"país","actores":"Qatar → Saudi Arabia","articulos":8,"via":"GDELT 2.0 (evento codificado; el título sale del enlace)"}},{"type":"Feature","geometry":{"type":"Point","coordinates":[45.0,40.0]},"properties":{"title":"Artillería y tanques: Armenia → Azerbaijan (Armenia)","url":"https://www.trend.az/azerbaijan/4233272.html","source":"www.trend.az","date":"2026-10-10T20:45:00Z","tipo":"Ataque","arma":"Artillería y tanques","cameo":"194","severidad":4,"lugar":"Armenia","pais_iso3":"ARM","precision":"país","actores":"Armenia → Azerbaijan","articulos":10,"via":"GDELT 2.0 (evento codificado; el título sale del enlace)"}},{"type":"Feature","geometry":{"type":"Point","coordinates":[44.406,40.568]},"properties":{"title":"Artillería y tanques: Armenian (Vardenis, Aragatsotn, Armenia)","url":"https://www.trend.az/azerbaijan/4233268.html","source":"www.trend.az","date":"2026-10-10T20:45:00Z","tipo":"Ataque","arma":"Artillería y tanques","cameo":"194","severidad":3,"lugar":"Vardenis, Aragatsotn, Armenia","pais_iso3":"ARM","precision":"ciudad","actores":"Armenian","articulos":6,"via":"GDELT 2.0 (evento codificado; el título sale del enlace)"}},{"type":"Feature","geometry":{"type":"Point","coordinates":[47.059,40.764]},"properties":{"title":"Artillería y tanques: Armenian → Azerbaijani (Mingachevir, Ming?cevir*, Azerbaijan)","url":"https://www.trend.az/azerbaijan/4233268.html","source":"www.trend.az","date":"2026-10-10T20:45:00Z","tipo":"Ataque","arma":"Artillería y tanques","cameo":"194","severidad":3,"lugar":"Mingachevir, Ming?cevir*, Azerbaijan","pais_iso3":"AZE","precision":"ciudad","actores":"Armenian → Azerbaijani","articulos":6,"via":"GDELT 2.0 (evento codificado; el título sale del enlace)"}},{"type":"Feature","geometry":{"type":"Point","coordinates":[-79.843,35.641]},"properties":{"title":"Articles pentagon backs wolfspeed loan protect radar chips already htm","url":"https://www.techtimes.com/articles/328851/20261009/pentagon-backs-wolfspeed-15b-loan-protect-radar-chips-already-f-35s.htm","source":"www.techtimes.com","date":"2026-10-10T20:30:00Z","tipo":"Ataque","arma":"Artillería y tanques","cameo":"194","severidad":3,"lugar":"North Carolina, United States","pais_iso3":"USA","precision":"estado","actores":"Industry → Raytheon","articulos":6,"via":"GDELT 2.0 (evento codificado; el título sale del enlace)"}},{"type":"Feature","geometry":{"type":"Point","coordinates":[47.5,15.5]},"properties":{"title":"News saudi airport attacked second time","url":"https://www.abc.net.au/news/2026-10-11/saudi-airport-attacked-second-time/107252320","source":"www.abc.net.au","date":"2026-10-10T20:15:00Z","tipo":"Ataque","arma":"Artillería y tanques","cameo":"194","severidad":4,"lugar":"Yemen","pais_iso3":"YEM","precision":"país","actores":"Transport Minist → Aden","articulos":10,"via":"GDELT 2.0 (evento codificado; el título sale del enlace)"}},{"type":"Feature","geometry":{"type":"Point","coordinates":[51.515,35.75]},"properties":{"title":"Opinion what talk about when talk about strategic credibility from vietnam article html","url":"https://www.citynewsokc.com/opinion/op-ed-what-we-talk-about-when-we-talk-about-us-strategic-credibility-from-vietnam/article_5efded20-a572-556f-8e00-4d6479d00c56.html","source":"www.citynewsokc.com","date":"2026-10-10T20:15:00Z","tipo":"Ataque","arma":"Artillería y tanques","cameo":"194","severidad":4,"lugar":"Tehran, Tehran, Iran","pais_iso3":"IRN","precision":"ciudad","actores":"Tehran → Aircraft Carrier","articulos":10,"via":"GDELT 2.0 (evento codificado; el título sale del enlace)"}},{"type":"Feature","geometry":{"type":"Point","coordinates":[39.5,19.0]},"properties":{"title":"Geopolitical mass casualties reported new houthi missile barrage riyadhs international airport","url":"http://www.zerohedge.com/geopolitical/mass-casualties-reported-new-houthi-missile-barrage-riyadhs-international-airport","source":"www.zerohedge.com","date":"2026-10-10T20:00:00Z","tipo":"Ataque","arma":"Misiles o cohetes","cameo":"194","severidad":3,"lugar":"Red Sea, Djibouti (general), Djibouti","pais_iso3":"","precision":"ciudad","actores":"Saudi","articulos":8,"via":"GDELT 2.0 (evento codificado; el título sale del enlace)"}},{"type":"Feature","geometry":{"type":"Point","coordinates":[46.773,24.641]},"properties":{"title":"News nation saudi yemen houthi riyadh airport","url":"https://www.newsday.com/news/nation/saudi-yemen-houthi-riyadh-airport-v38298","source":"www.newsday.com","date":"2026-10-10T20:00:00Z","tipo":"Ataque","arma":"Ataque aéreo","cameo":"195","severidad":3,"lugar":"Riyadh, Ar Riya?, Saudi Arabia","pais_iso3":"SAU","precision":"ciudad","actores":"Cairo → Kingdom","articulos":4,"via":"GDELT 2.0 (evento codificado; el título sale del enlace)"}},{"type":"Feature","geometry":{"type":"Point","coordinates":[34.887,32.011]},"properties":{"title":"World news flydubai suspends israeli flights until further notice following failed terror plot","url":"https://nypost.com/2026/10/10/world-news/flydubai-suspends-israeli-flights-until-further-notice-following-failed-terror-plot/","source":"nypost.com","date":"2026-10-10T20:00:00Z","tipo":"Ataque","arma":"Ataque aéreo","cameo":"195","severidad":3,"lugar":"Ben Gurion, HaMerkaz, Israel","pais_iso3":"ISR","precision":"ciudad","actores":"Oman → Israel","articulos":4,"via":"GDELT 2.0 (evento codificado; el título sale del enlace)"}},{"type":"Feature","geometry":{"type":"Point","coordinates":[46.696,24.958]},"properties":{"title":"Headlines president trump weighs joining saudi strikes houthis after riyadh airport attack","url":"https://themedialine.org/headlines/president-trump-weighs-joining-us-saudi-strikes-on-houthis-after-riyadh-airport-attack/","source":"themedialine.org","date":"2026-10-10T19:45:00Z","tipo":"Ataque","arma":"Ataque aéreo","cameo":"195","severidad":4,"lugar":"King Khalid International, Ar Riya?, Saudi Arabia","pais_iso3":"SAU","precision":"ciudad","actores":"Kingdom","articulos":10,"via":"GDELT 2.0 (evento codificado; el título sale del enlace)"}},{"type":"Feature","geometry":{"type":"Point","coordinates":[53.0,32.0]},"properties":{"title":"View riyadh airport attacked again diplomats say after days","url":"https://article.wn.com/view/2026/10/10/Riyadh_Airport_Attacked_Again_Diplomats_Say_After_Days_of_Ho_d/","source":"article.wn.com","date":"2026-10-10T19:45:00Z","tipo":"Ataque","arma":"Ataque aéreo","cameo":"195","severidad":4,"lugar":"Iran","pais_iso3":"IRN","precision":"país","actores":"Saudi Arabia → Iran","articulos":10,"via":"GDELT 2.0 (evento codificado; el título sale del enlace)"}},{"type":"Feature","geometry":{"type":"Point","coordinates":[39.826,21.427]},"properties":{"title":"Pakistan reaffirms commitment saudi security security council","url":"https://www.pakistantoday.com.pk/2026/10/10/pakistan-reaffirms-commitment-to-saudi-security-at-un-security-council","source":"www.pakistantoday.com.pk","date":"2026-10-10T19:15:00Z","tipo":"Ataque","arma":"Ataque aéreo","cameo":"195","severidad":4,"lugar":"Makkah, Makkah, Saudi Arabia","pais_iso3":"SAU","precision":"ciudad","actores":"Ambassador → Makkah","articulos":10,"via":"GDELT 2.0 (evento codificado; el título sale del enlace)"}},{"type":"Feature","geometry":{"type":"Point","coordinates":[43.35,12.583]},"properties":{"title":"Artillería y tanques: Saudi Arabia (Bab Al-Mandab, , Djibouti)","url":"https://www.ynetnews.com/article/skj2by00ome","source":"www.ynetnews.com","date":"2026-10-10T18:45:00Z","tipo":"Ataque","arma":"Artillería y tanques","cameo":"194","severidad":3,"lugar":"Bab Al-Mandab, , Djibouti","pais_iso3":"","precision":"ciudad","actores":"Saudi Arabia","articulos":4,"via":"GDELT 2.0 (evento codificado; el título sale del enlace)"}},{"type":"Feature","geometry":{"type":"Point","coordinates":[39.826,21.427]},"properties":{"title":"Detail yemen attack saudi airport riyadh","url":"https://www.presstv.co.uk/Detail/2026/10/10/778033/Yemen-attack-Saudi-airport-Riyadh","source":"www.presstv.co.uk","date":"2026-10-10T18:45:00Z","tipo":"Ataque","arma":"Ataque aéreo","cameo":"195","severidad":3,"lugar":"Mecca, Makkah, Saudi Arabia","pais_iso3":"SAU","precision":"ciudad","actores":"Yemen → Saudi","articulos":6,"via":"GDELT 2.0 (evento codificado; el título sale del enlace)"}},{"type":"Feature","geometry":{"type":"Point","coordinates":[34.912,39.059]},"properties":{"title":"News article houthis attack saudi airport missile passenger html","url":"https://www.dailymail.com/news/article-16198881/Houthis-attack-Saudi-airport-missile-passenger.html","source":"www.dailymail.com","date":"2026-10-10T18:30:00Z","tipo":"Ataque","arma":"Misiles o cohetes","cameo":"195","severidad":3,"lugar":"Turkey","pais_iso3":"TUR","precision":"país","actores":"Saudi Arabia","articulos":5,"via":"GDELT 2.0 (evento codificado; el título sale del enlace)"}},{"type":"Feature","geometry":{"type":"Point","coordinates":[30.0,16.0]},"properties":{"title":"World news may join saudi strikes houthis after riyadh airport attack trump html","url":"https://www.business-standard.com/world-news/us-may-join-saudi-strikes-on-houthis-after-riyadh-airport-attack-trump-126101000984_1.html","source":"www.business-standard.com","date":"2026-10-10T18:30:00Z","tipo":"Ataque","arma":"Ataque aéreo","cameo":"195","severidad":4,"lugar":"Sudan","pais_iso3":"SDN","precision":"país","actores":"Saudi","articulos":10,"via":"GDELT 2.0 (evento codificado; el título sale del enlace)"}},{"type":"Feature","geometry":{"type":"Point","coordinates":[39.5,19.0]},"properties":{"title":"Riyadh airport attack injures dozens operations suspended","url":"https://www.siasat.com/riyadh-airport-attack-injures-dozens-operations-suspended-3555492/","source":"www.siasat.com","date":"2026-10-10T18:00:00Z","tipo":"Ataque","arma":"Ataque aéreo","cameo":"195","severidad":3,"lugar":"Red Sea, Djibouti (general), Djibouti","pais_iso3":"","precision":"ciudad","actores":"Riyadh","articulos":8,"via":"GDELT 2.0 (evento codificado; el título sale del enlace)"}},{"type":"Feature","geometry":{"type":"Point","coordinates":[43.522,13.193]},"properties":{"title":"Middle east yemeni gov forces say they repel houthi attacks near bab mandeb taiz","url":"https://aa.com.tr/en/middle-east/yemeni-gov-t-forces-say-they-repel-houthi-attacks-near-bab-el-mandeb-in-taiz/4084304","source":"aa.com.tr","date":"2026-10-10T18:00:00Z","tipo":"Ataque","arma":"Ataque aéreo","cameo":"195","severidad":3,"lugar":"Al-Jahili, Taizz, Yemen","pais_iso3":"YEM","precision":"ciudad","actores":"Yemen","articulos":8,"via":"GDELT 2.0 (evento codificado; el título sale del enlace)"}},{"type":"Feature","geometry":{"type":"Point","coordinates":[149.217,-35.283]},"properties":{"title":"News article falklands furore marine machine gun migrant boats html","url":"https://www.dailymail.com/news/article-16198861/falklands-furore-marine-machine-gun-migrant-boats.html","source":"www.dailymail.com","date":"2026-10-10T17:45:00Z","tipo":"Ataque","arma":"Ataque aéreo","cameo":"195","severidad":3,"lugar":"Canberra, Australian Capital Territory, Australia","pais_iso3":"AUS","precision":"ciudad","actores":"Canberra → Falklands","articulos":6,"via":"GDELT 2.0 (evento codificado; el título sale del enlace)"}},{"type":"Feature","geometry":{"type":"Point","coordinates":[121.532,25.048]},"properties":{"title":"Artillería y tanques: Taiwan (Taipei, T'ai-pei, Taiwan)","url":"https://www.taipeitimes.com/News/front/archives/2026/10/11/2003865754","source":"www.taipeitimes.com","date":"2026-10-10T17:45:00Z","tipo":"Ataque","arma":"Artillería y tanques","cameo":"194","severidad":3,"lugar":"Taipei, T'ai-pei, Taiwan","pais_iso3":"TWN","precision":"ciudad","actores":"Taiwan","articulos":5,"via":"GDELT 2.0 (evento codificado; el título sale del enlace)"}},{"type":"Feature","geometry":{"type":"Point","coordinates":[36.3,33.5]},"properties":{"title":"Riyadh airport evacuated after suspected houthi strike latest series attacks against saudi","url":"https://www.ibtimes.com/riyadh-airport-evacuated-after-suspected-houthi-strike-latest-series-attacks-against-saudi-3808450","source":"www.ibtimes.com","date":"2026-10-10T17:30:00Z","tipo":"Ataque","arma":"Ataque aéreo","cameo":"195","severidad":3,"lugar":"Damascus, Dimashq, Syria","pais_iso3":"SYR","precision":"ciudad","actores":"Saudi Arabia → Yemen","articulos":4,"via":"GDELT 2.0 (evento codificado; el título sale del enlace)"}},{"type":"Feature","geometry":{"type":"Point","coordinates":[34.333,31.417]},"properties":{"title":"News israel news idf kills hamas islamic jihad terrorists destroys weapons sites gaza","url":"https://www.jns.org/news/israel-news/idf-kills-hamas-islamic-jihad-terrorists-destroys-weapons-sites-in-gaza","source":"www.jns.org","date":"2026-10-10T17:15:00Z","tipo":"Ataque","arma":"Ataque aéreo","cameo":"195","severidad":3,"lugar":"Gaza City, Israel (general), Israel","pais_iso3":"PSE","precision":"ciudad","actores":"Israeli → Terrorist","articulos":3,"via":"GDELT 2.0 (evento codificado; el título sale del enlace)"}},{"type":"Feature","geometry":{"type":"Point","coordinates":[101.7,3.167]},"properties":{"title":"Press president elsisi meets king malaysia his majesty sultan ibrahim the malaysian national palace","url":"https://www.africa-newsroom.com/press/president-elsisi-meets-king-of-malaysia-his-majesty-sultan-ibrahim-at-the-malaysian-national-palace","source":"www.africa-newsroom.com","date":"2026-10-10T17:15:00Z","tipo":"Ataque","arma":"Artillería y tanques","cameo":"194","severidad":3,"lugar":"Kuala Lumpur, Kuala Lumpur, Malaysia","pais_iso3":"MYS","precision":"ciudad","actores":"Malaysia","articulos":4,"via":"GDELT 2.0 (evento codificado; el título sale del enlace)"}},{"type":"Feature","geometry":{"type":"Point","coordinates":[46.773,24.641]},"properties":{"title":"World riyadh airport attack missile reportedly hits passenger terminal many injured article html","url":"https://www.moneycontrol.com/world/riyadh-airport-attack-missile-reportedly-hits-passenger-terminal-many-injured-article-14049221.html","source":"www.moneycontrol.com","date":"2026-10-10T17:15:00Z","tipo":"Ataque","arma":"Misiles o cohetes","cameo":"194","severidad":3,"lugar":"Riyadh, Ar Riya?, Saudi Arabia","pais_iso3":"SAU","precision":"ciudad","actores":"Riyadh → Reuters","articulos":4,"via":"GDELT 2.0 (evento codificado; el título sale del enlace)"}},{"type":"Feature","geometry":{"type":"Point","coordinates":[46.773,24.641]},"properties":{"title":"Live blog live blog update kuwait airways cancels flights and riyadh embassies warn citizens stay","url":"https://www.middleeasteye.net/live-blog/live-blog-update/kuwait-airways-cancels-flights-and-riyadh-embassies-warn-citizens-stay","source":"www.middleeasteye.net","date":"2026-10-10T16:45:00Z","tipo":"Ataque","arma":"Ataque aéreo","cameo":"195","severidad":3,"lugar":"Riyadh, Ar Riya?, Saudi Arabia","pais_iso3":"SAU","precision":"ciudad","actores":"Canadian → Saudi Arabia","articulos":4,"via":"GDELT 2.0 (evento codificado; el título sale del enlace)"}},{"type":"Feature","geometry":{"type":"Point","coordinates":[46.773,24.641]},"properties":{"title":"Ataque aéreo: Airway → Riyadh (Riyadh, Ar Riya?, Saudi Arabia)","url":"http://www.jpost.com/middle-east/article-911232","source":"www.jpost.com","date":"2026-10-10T16:30:00Z","tipo":"Ataque","arma":"Ataque aéreo","cameo":"195","severidad":3,"lugar":"Riyadh, Ar Riya?, Saudi Arabia","pais_iso3":"SAU","precision":"ciudad","actores":"Airway → Riyadh","articulos":4,"via":"GDELT 2.0 (evento codificado; el título sale del enlace)"}},{"type":"Feature","geometry":{"type":"Point","coordinates":[30.517,50.433]},"properties":{"title":"News world russian glide bomb attack zaporizhzhia kills least people","url":"https://www.the-star.co.ke/news/world/2026-10-10-russian-glide-bomb-attack-on-zaporizhzhia-kills-at-least-15-people","source":"www.the-star.co.ke","date":"2026-10-10T16:30:00Z","tipo":"Ataque","arma":"Bomba o explosivo","cameo":"194","severidad":3,"lugar":"Kyiv, Kyyiv, Misto, Ukraine","pais_iso3":"UKR","precision":"ciudad","actores":"Russian","articulos":7,"via":"GDELT 2.0 (evento codificado; el título sale del enlace)"}},{"type":"Feature","geometry":{"type":"Point","coordinates":[46.773,24.641]},"properties":{"title":"Breaking news multiple people wounded blast riyadh airport","url":"https://www.dailymirror.lk/breaking-news/Multiple-people-wounded-in-blast-at-Riyadh-airport/108-352259","source":"www.dailymirror.lk","date":"2026-10-10T16:30:00Z","tipo":"Ataque","arma":"Bomba","cameo":"183","severidad":4,"lugar":"Riyadh, Ar Riya?, Saudi Arabia","pais_iso3":"SAU","precision":"ciudad","actores":"Riyadh → Reuters","articulos":10,"via":"GDELT 2.0 (evento codificado; el título sale del enlace)"}},{"type":"Feature","geometry":{"type":"Point","coordinates":[46.504,48.291]},"properties":{"title":"International internationalrussia ukraine war article","url":"http://www.jpost.com/international/internationalrussia-ukraine-war/article-911226","source":"www.jpost.com","date":"2026-10-10T16:30:00Z","tipo":"Ataque","arma":"Artillería y tanques","cameo":"194","severidad":3,"lugar":"Zelenskiy, Astrakhanskaya Oblast', Russia","pais_iso3":"RUS","precision":"ciudad","actores":"Kyiv","articulos":8,"via":"GDELT 2.0 (evento codificado; el título sale del enlace)"}},{"type":"Feature","geometry":{"type":"Point","coordinates":[43.35,12.583]},"properties":{"title":"Evacuations injuries riyadh airport after alleged houthi attack","url":"https://www.vanguardngr.com/2026/10/evacuations-injuries-at-riyadh-airport-after-alleged-houthi-attack/","source":"www.vanguardngr.com","date":"2026-10-10T16:30:00Z","tipo":"Ataque","arma":"Artillería y tanques","cameo":"194","severidad":3,"lugar":"Bab Al-Mandab, , Djibouti","pais_iso3":"","precision":"ciudad","actores":"Yemen → Riyadh","articulos":3,"via":"GDELT 2.0 (evento codificado; el título sale del enlace)"}},{"type":"Feature","geometry":{"type":"Point","coordinates":[31.25,30.05]},"properties":{"title":"News world missile struck passenger terminal the riyadh airport and many people were wounded article html","url":"https://kdhnews.com/news/world/a-missile-struck-a-passenger-terminal-at-the-riyadh-airport-and-many-people-were-wounded/article_15484c75-7e50-5906-9d3e-e3733ad3ffa3.html","source":"kdhnews.com","date":"2026-10-10T16:15:00Z","tipo":"Ataque","arma":"Misiles o cohetes","cameo":"194","severidad":3,"lugar":"Cairo, Al Qahirah, Egypt","pais_iso3":"EGY","precision":"ciudad","actores":"Cairo → Riyadh","articulos":6,"via":"GDELT 2.0 (evento codificado; el título sale del enlace)"}},{"type":"Feature","geometry":{"type":"Point","coordinates":[53.0,32.0]},"properties":{"title":"Article latest news qatar underscores importance complying with disarmament obligations and halting nuclear tests","url":"https://www.qatar-tribune.com/article/258413/latest-news/qatar-underscores-importance-of-complying-with-disarmament-obligations-and-halting-nuclear-tests","source":"www.qatar-tribune.com","date":"2026-10-10T16:15:00Z","tipo":"Ataque","arma":"Artillería y tanques","cameo":"194","severidad":3,"lugar":"Iran","pais_iso3":"IRN","precision":"país","actores":"Qatar","articulos":3,"via":"GDELT 2.0 (evento codificado; el título sale del enlace)"}},{"type":"Feature","geometry":{"type":"Point","coordinates":[47.5,15.5]},"properties":{"title":"Asia airport the capital saudi arabia has been attacked again officials say","url":"https://en.apa.az/asia/airport-in-the-capital-of-saudi-arabia-has-been-attacked-again-officials-say-529314","source":"en.apa.az","date":"2026-10-10T16:00:00Z","tipo":"Ataque","arma":"Ataque aéreo","cameo":"195","severidad":3,"lugar":"Yemen","pais_iso3":"YEM","precision":"país","actores":"Saudi","articulos":8,"via":"GDELT 2.0 (evento codificado; el título sale del enlace)"}},{"type":"Feature","geometry":{"type":"Point","coordinates":[-86.807,32.799]},"properties":{"title":"Trump mocked control claim past nuke idea","url":"https://metro.co.uk/2026/10/10/trump-mocked-control-claim-past-nuke-idea-29697665/","source":"metro.co.uk","date":"2026-10-10T15:30:00Z","tipo":"Ataque","arma":"Ataque aéreo","cameo":"195","severidad":3,"lugar":"Alabama, United States","pais_iso3":"USA","precision":"estado","actores":"Africa","articulos":3,"via":"GDELT 2.0 (evento codificado; el título sale del enlace)"}},{"type":"Feature","geometry":{"type":"Point","coordinates":[35.39,33.165]},"properties":{"title":"Middle east israeli army continues strikes southern lebanon violation framework deal","url":"https://aa.com.tr/en/middle-east/israeli-army-continues-strikes-in-southern-lebanon-in-violation-of-framework-deal/4084382","source":"aa.com.tr","date":"2026-10-10T15:30:00Z","tipo":"Ataque","arma":"Artillería y tanques","cameo":"194","severidad":3,"lugar":"Haddatha, Nabatî, Lebanon","pais_iso3":"LBN","precision":"ciudad","actores":"Israel → Lebanon","articulos":3,"via":"GDELT 2.0 (evento codificado; el título sale del enlace)"}},{"type":"Feature","geometry":{"type":"Point","coordinates":[46.773,24.641]},"properties":{"title":"Middle east news article saudi arabia and yemens houthis trade strikes capitals airports","url":"https://www.haaretz.com/middle-east-news/2026-10-10/ty-article/saudi-arabia-and-yemens-houthis-trade-strikes-on-capitals-airports/000001a1-25dd-da33-a1bb-addf806b0000","source":"www.haaretz.com","date":"2026-10-10T15:30:00Z","tipo":"Ataque","arma":"Ataque aéreo","cameo":"195","severidad":3,"lugar":"Riyadh, Ar Riya?, Saudi Arabia","pais_iso3":"SAU","precision":"ciudad","actores":"Riyadh → Yemen","articulos":3,"via":"GDELT 2.0 (evento codificado; el título sale del enlace)"}},{"type":"Feature","geometry":{"type":"Point","coordinates":[37.556,48.723]},"properties":{"title":"News world russia strikes ukraine trump putin diesel","url":"https://www.cbc.ca/news/world/russia-strikes-ukraine-trump-putin-diesel-9.7377049","source":"www.cbc.ca","date":"2026-10-10T15:30:00Z","tipo":"Ataque","arma":"Artillería y tanques","cameo":"194","severidad":3,"lugar":"Kramatorsk, Donets'ka Oblast', Ukraine","pais_iso3":"UKR","precision":"ciudad","actores":"Kyiv","articulos":3,"via":"GDELT 2.0 (evento codificado; el título sale del enlace)"}},{"type":"Feature","geometry":{"type":"Point","coordinates":[47.5,15.5]},"properties":{"title":"International wirestory airport saudi capital attacked officials","url":"https://abcnews.com/International/wireStory/airport-saudi-capital-attacked-officials-137158067","source":"abcnews.com","date":"2026-10-10T15:15:00Z","tipo":"Ataque","arma":"Ataque aéreo","cameo":"195","severidad":3,"lugar":"Yemen","pais_iso3":"YEM","precision":"país","actores":"Cairo → Saudi Arabia","articulos":4,"via":"GDELT 2.0 (evento codificado; el título sale del enlace)"}},{"type":"Feature","geometry":{"type":"Point","coordinates":[30.517,50.433]},"properties":{"title":"Artillería y tanques: Parliament (Kyiv, Kyyiv, Misto, Ukraine)","url":"https://www.kyivpost.com/opinion/86686","source":"www.kyivpost.com","date":"2026-10-10T15:15:00Z","tipo":"Ataque","arma":"Artillería y tanques","cameo":"194","severidad":4,"lugar":"Kyiv, Kyyiv, Misto, Ukraine","pais_iso3":"UKR","precision":"ciudad","actores":"Parliament","articulos":10,"via":"GDELT 2.0 (evento codificado; el título sale del enlace)"}},{"type":"Feature","geometry":{"type":"Point","coordinates":[30.517,50.433]},"properties":{"title":"Weekly digest events ukraine october brief overview the main developments","url":"https://fraza.ua/weekly-digest-of-events-in-ukraine-october-3-10-2026-a-brief-overview-of-the-main-developments/","source":"fraza.ua","date":"2026-10-10T15:15:00Z","tipo":"Ataque","arma":"Artillería y tanques","cameo":"194","severidad":3,"lugar":"Kyiv, Kyyiv, Misto, Ukraine","pais_iso3":"UKR","precision":"ciudad","actores":"Ukrainian","articulos":6,"via":"GDELT 2.0 (evento codificado; el título sale del enlace)"}},{"type":"Feature","geometry":{"type":"Point","coordinates":[46.773,24.641]},"properties":{"title":"World riyadh airport attacked again air india air india express extend flight suspensions article html","url":"https://www.moneycontrol.com/world/riyadh-airport-attacked-again-air-india-air-india-express-extend-flight-suspensions-article-14049196.html","source":"www.moneycontrol.com","date":"2026-10-10T15:00:00Z","tipo":"Ataque","arma":"Ataque aéreo","cameo":"195","severidad":3,"lugar":"Riyadh, Ar Riya?, Saudi Arabia","pais_iso3":"SAU","precision":"ciudad","actores":"Saudi Arabia","articulos":4,"via":"GDELT 2.0 (evento codificado; el título sale del enlace)"}},{"type":"Feature","geometry":{"type":"Point","coordinates":[32.0,49.0]},"properties":{"title":"Industry techwatch lockheed martin unveils pac edge interceptor designed counter hypersonic threats","url":"https://www.defensenews.com/industry/techwatch/2026/10/10/lockheed-martin-unveils-pac-3-edge-interceptor-designed-to-counter-hypersonic-threats/","source":"www.defensenews.com","date":"2026-10-10T14:45:00Z","tipo":"Ataque","arma":"Artillería y tanques","cameo":"194","severidad":3,"lugar":"Ukraine","pais_iso3":"UKR","precision":"país","actores":"Lockheed Martin","articulos":5,"via":"GDELT 2.0 (evento codificado; el título sale del enlace)"}},{"type":"Feature","geometry":{"type":"Point","coordinates":[46.773,24.641]},"properties":{"title":"Riyadh airport evacuated officials report fresh attack flights disrupted","url":"https://www.orissapost.com/riyadh-airport-evacuated-as-officials-report-fresh-attack-flights-disrupted/","source":"www.orissapost.com","date":"2026-10-10T14:45:00Z","tipo":"Ataque","arma":"Ataque aéreo","cameo":"195","severidad":3,"lugar":"Riyadh, Ar Riya?, Saudi Arabia","pais_iso3":"SAU","precision":"ciudad","actores":"Cairo → Saudi","articulos":8,"via":"GDELT 2.0 (evento codificado; el título sale del enlace)"}},{"type":"Feature","geometry":{"type":"Point","coordinates":[-10.0,11.0]},"properties":{"title":"Todays paper business from sochi the danube black sea attacks hit indian crews and trade ece","url":"https://www.thehindu.com/todays-paper/tp-business/from-sochi-to-the-danube-black-sea-attacks-hit-indian-crews-and-trade/article71568227.ece","source":"www.thehindu.com","date":"2026-10-10T14:45:00Z","tipo":"Ataque","arma":"Artillería y tanques","cameo":"194","severidad":3,"lugar":"Guinea","pais_iso3":"GIN","precision":"país","actores":"Guinea Bissau → Odesa","articulos":8,"via":"GDELT 2.0 (evento codificado; el título sale del enlace)"}},{"type":"Feature","geometry":{"type":"Point","coordinates":[44.207,15.355]},"properties":{"title":"View houthis say saudi warplanes hit sanaa airport new raids","url":"https://article.wn.com/view/2026/10/10/Houthis_say_Saudi_warplanes_hit_Sanaa_airport_in_new_raids/","source":"article.wn.com","date":"2026-10-10T14:45:00Z","tipo":"Ataque","arma":"Ataque aéreo","cameo":"195","severidad":3,"lugar":"Sanaa, Sana', Yemen","pais_iso3":"YEM","precision":"ciudad","actores":"Saudi → Sanaa","articulos":8,"via":"GDELT 2.0 (evento codificado; el título sale del enlace)"}},{"type":"Feature","geometry":{"type":"Point","coordinates":[45.0,25.0]},"properties":{"title":"Artillería y tanques: Saudi → Village (Saudi Arabia)","url":"https://english.news.cn/20261010/cfec5fb2be9b4174a4cbbf107782e45c/c.html","source":"english.news.cn","date":"2026-10-10T14:30:00Z","tipo":"Ataque","arma":"Artillería y tanques","cameo":"194","severidad":3,"lugar":"Saudi Arabia","pais_iso3":"SAU","precision":"país","actores":"Saudi → Village","articulos":3,"via":"GDELT 2.0 (evento codificado; el título sale del enlace)"}},{"type":"Feature","geometry":{"type":"Point","coordinates":[45.0,25.0]},"properties":{"title":"Ataque aéreo: Saudi → Yemen (Saudi Arabia)","url":"https://www.prokerala.com/news/articles/a1822839.html","source":"www.prokerala.com","date":"2026-10-10T14:30:00Z","tipo":"Ataque","arma":"Ataque aéreo","cameo":"195","severidad":3,"lugar":"Saudi Arabia","pais_iso3":"SAU","precision":"país","actores":"Saudi → Yemen","articulos":3,"via":"GDELT 2.0 (evento codificado; el título sale del enlace)"}},{"type":"Feature","geometry":{"type":"Point","coordinates":[76.0,28.0]},"properties":{"title":"World news air india extends suspension riyadh flights till october amid regional tensions offers full refunds passengers html","url":"https://www.hindustantimes.com/world-news/air-india-extends-suspension-of-riyadh-flights-till-october-15-amid-regional-tensions-offers-full-refunds-to-passengers-101791638890149.html","source":"www.hindustantimes.com","date":"2026-10-10T14:15:00Z","tipo":"Ataque","arma":"Ataque aéreo","cameo":"195","severidad":3,"lugar":"Hindustan, India (general), India","pais_iso3":"IND","precision":"ciudad","actores":"Riyadh","articulos":8,"via":"GDELT 2.0 (evento codificado; el título sale del enlace)"}},{"type":"Feature","geometry":{"type":"Point","coordinates":[34.75,31.5]},"properties":{"title":"Artillería y tanques: American (Israel)","url":"https://www.okaz.com.sa/politics/na/2270161","source":"www.okaz.com.sa","date":"2026-10-10T14:15:00Z","tipo":"Ataque","arma":"Artillería y tanques","cameo":"194","severidad":3,"lugar":"Israel","pais_iso3":"ISR","precision":"país","actores":"American","articulos":5,"via":"GDELT 2.0 (evento codificado; el título sale del enlace)"}},{"type":"Feature","geometry":{"type":"Point","coordinates":[9.843,10.313]},"properties":{"title":"Police launch manhunt for terrorists kidnappers after fresh attacks","url":"https://pmnewsnigeria.com/2026/10/10/police-launch-manhunt-for-terrorists-kidnappers-after-fresh-attacks/","source":"pmnewsnigeria.com","date":"2026-10-10T13:45:00Z","tipo":"Ataque","arma":"Ataque aéreo","cameo":"195","severidad":3,"lugar":"Bauchi, Bauchi, Nigeria","pais_iso3":"NGA","precision":"ciudad","actores":"Assailant → Nigeria","articulos":8,"via":"GDELT 2.0 (evento codificado; el título sale del enlace)"}},{"type":"Feature","geometry":{"type":"Point","coordinates":[38.064,24.089]},"properties":{"title":"Artillería y tanques: Saudi (Yanbu, Al Madinah, Saudi Arabia)","url":"https://www.jpost.com/international/article-911223","source":"www.jpost.com","date":"2026-10-10T13:30:00Z","tipo":"Ataque","arma":"Artillería y tanques","cameo":"194","severidad":3,"lugar":"Yanbu, Al Madinah, Saudi Arabia","pais_iso3":"SAU","precision":"ciudad","actores":"Saudi","articulos":7,"via":"GDELT 2.0 (evento codificado; el título sale del enlace)"}},{"type":"Feature","geometry":{"type":"Point","coordinates":[46.773,24.641]},"properties":{"title":"Stories three saudi citizens killed thursday attacks riyadh","url":"https://www.naharnet.com/stories/en/323009-three-saudi-citizens-killed-in-thursday-s-attacks-on-riyadh","source":"www.naharnet.com","date":"2026-10-10T13:00:00Z","tipo":"Ataque","arma":"Ataque aéreo","cameo":"195","severidad":3,"lugar":"Riyadh, Ar Riya?, Saudi Arabia","pais_iso3":"SAU","precision":"ciudad","actores":"Airline → Riyadh","articulos":6,"via":"GDELT 2.0 (evento codificado; el título sale del enlace)"}},{"type":"Feature","geometry":{"type":"Point","coordinates":[45.0,25.0]},"properties":{"title":"News india indias anti terror agency probe mid air cockpit attack captain smit machchhar aboard flydubai flight articleshow cms","url":"https://economictimes.indiatimes.com/news/india/indias-anti-terror-agency-to-probe-mid-air-cockpit-attack-on-captain-smit-machchhar-aboard-flydubai-flight/articleshow/134854140.cms","source":"economictimes.indiatimes.com","date":"2026-10-10T12:45:00Z","tipo":"Ataque","arma":"Ataque aéreo","cameo":"195","severidad":4,"lugar":"Saudi Arabia","pais_iso3":"SAU","precision":"país","actores":"Captain","articulos":10,"via":"GDELT 2.0 (evento codificado; el título sale del enlace)"}},{"type":"Feature","geometry":{"type":"Point","coordinates":[-98.579,39.828]},"properties":{"title":"News national general news nia registers case probe flydubai cockpit attack capt smit","url":"https://aninews.in/news/national/general-news/nia-registers-case-to-probe-flydubai-cockpit-attack-on-capt-smit-machchhar20261010172952/","source":"aninews.in","date":"2026-10-10T12:30:00Z","tipo":"Ataque","arma":"Ataque aéreo","cameo":"195","severidad":3,"lugar":"United States","pais_iso3":"USA","precision":"país","actores":"Captain","articulos":4,"via":"GDELT 2.0 (evento codificado; el título sale del enlace)"}},{"type":"Feature","geometry":{"type":"Point","coordinates":[100.0,60.0]},"properties":{"title":"Articles russian horror strike ukraine kills html","url":"https://www.aol.co.uk/articles/russian-horror-strike-ukraine-kills-113500000.html","source":"www.aol.co.uk","date":"2026-10-10T12:30:00Z","tipo":"Ataque","arma":"Artillería y tanques","cameo":"194","severidad":3,"lugar":"Russia","pais_iso3":"RUS","precision":"país","actores":"Russian → Civilian","articulos":8,"via":"GDELT 2.0 (evento codificado; el título sale del enlace)"}},{"type":"Feature","geometry":{"type":"Point","coordinates":[30.517,50.433]},"properties":{"title":"News world russian attacks kill ukraine after trump strikes diesel deal with putin article html","url":"http://www.dailyadvance.com/news/world/russian-attacks-kill-15-in-ukraine-after-trump-strikes-diesel-deal-with-putin/article_a3de147f-6484-5504-9497-7f71f4a340ba.html","source":"www.dailyadvance.com","date":"2026-10-10T12:30:00Z","tipo":"Ataque","arma":"Artillería y tanques","cameo":"194","severidad":4,"lugar":"Kyiv, Kyyiv, Misto, Ukraine","pais_iso3":"UKR","precision":"ciudad","actores":"Kyiv","articulos":20,"via":"GDELT 2.0 (evento codificado; el título sale del enlace)"}},{"type":"Feature","geometry":{"type":"Point","coordinates":[-102.0,23.0]},"properties":{"title":"Nation world news hurricane models were front and center isaias headed toward land","url":"https://www.hawaiitribune-herald.com/2026/10/10/nation-world-news/ai-hurricane-models-were-front-and-center-as-isaias-headed-toward-land/","source":"www.hawaiitribune-herald.com","date":"2026-10-10T12:00:00Z","tipo":"Ataque","arma":"Bomba","cameo":"183","severidad":3,"lugar":"Mexico","pais_iso3":"MEX","precision":"país","actores":"Mexico","articulos":5,"via":"GDELT 2.0 (evento codificado; el título sale del enlace)"}},{"type":"Feature","geometry":{"type":"Point","coordinates":[46.773,24.641]},"properties":{"title":"News oct said killed attack saudi airport","url":"https://www.arkansasonline.com/news/2026/oct/10/3-said-killed-in-attack-on-saudi-airport/","source":"www.arkansasonline.com","date":"2026-10-10T11:45:00Z","tipo":"Ataque","arma":"Ataque aéreo","cameo":"195","severidad":3,"lugar":"Riyadh, Ar Riya?, Saudi Arabia","pais_iso3":"SAU","precision":"ciudad","actores":"Beirut → Riyadh","articulos":3,"via":"GDELT 2.0 (evento codificado; el título sale del enlace)"}},{"type":"Feature","geometry":{"type":"Point","coordinates":[36.572,28.4]},"properties":{"title":"Uae flydubai pilot planned suicide attack israels ben gurion airport","url":"https://idrw.org/uae-flydubai-co-pilot-planned-suicide-attack-on-israels-ben-gurion-airport/","source":"idrw.org","date":"2026-10-10T11:45:00Z","tipo":"Ataque","arma":"Ataque aéreo","cameo":"195","severidad":3,"lugar":"Tabuk, Tabuk, Saudi Arabia","pais_iso3":"SAU","precision":"ciudad","actores":"Captain","articulos":6,"via":"GDELT 2.0 (evento codificado; el título sale del enlace)"}},{"type":"Feature","geometry":{"type":"Point","coordinates":[77.2,28.6]},"properties":{"title":"Nia probe mid air attack captain smit machchhar aboard flydubai flight","url":"https://www.dailyexcelsior.com/nia-to-probe-mid-air-attack-on-captain-smit-machchhar-aboard-flydubai-flight/","source":"www.dailyexcelsior.com","date":"2026-10-10T11:30:00Z","tipo":"Ataque","arma":"Ataque aéreo","cameo":"195","severidad":3,"lugar":"New Delhi, Delhi, India","pais_iso3":"IND","precision":"ciudad","actores":"Captain","articulos":4,"via":"GDELT 2.0 (evento codificado; el título sale del enlace)"}},{"type":"Feature","geometry":{"type":"Point","coordinates":[50.206,30.669]},"properties":{"title":"Artillería y tanques: Iran → Iraqi (Kurdistan, Khuzestan, Iran)","url":"https://www.jpost.com/middle-east/article-911220","source":"www.jpost.com","date":"2026-10-10T11:30:00Z","tipo":"Ataque","arma":"Artillería y tanques","cameo":"194","severidad":3,"lugar":"Kurdistan, Khuzestan, Iran","pais_iso3":"IRN","precision":"ciudad","actores":"Iran → Iraqi","articulos":4,"via":"GDELT 2.0 (evento codificado; el título sale del enlace)"}},{"type":"Feature","geometry":{"type":"Point","coordinates":[38.135,54.466]},"properties":{"title":"Tech industry data centers second russian data center targeted ukrainian drones just two days yandex reels from another service outage russian state media admits that multiple modules completely taken out","url":"https://www.tomshardware.com/tech-industry/data-centers/second-russian-data-center-targeted-by-ukrainian-drones-in-just-two-days-as-yandex-reels-from-another-service-outage-russian-state-media-admits-that-multiple-modules-completely-taken-out","source":"www.tomshardware.com","date":"2026-10-10T11:15:00Z","tipo":"Ataque","arma":"Drones","cameo":"194","severidad":3,"lugar":"Sasovo, Tul'skaya Oblast', Russia","pais_iso3":"RUS","precision":"ciudad","actores":"Russian → Ukrainian","articulos":4,"via":"GDELT 2.0 (evento codificado; el título sale del enlace)"}},{"type":"Feature","geometry":{"type":"Point","coordinates":[100.0,60.0]},"properties":{"title":"Artillería y tanques: Ukraine → Russian (Russia)","url":"https://www.bbc.co.uk/news/articles/cwvgdpv642g5o","source":"www.bbc.co.uk","date":"2026-10-10T11:15:00Z","tipo":"Ataque","arma":"Artillería y tanques","cameo":"194","severidad":3,"lugar":"Russia","pais_iso3":"RUS","precision":"país","actores":"Ukraine → Russian","articulos":3,"via":"GDELT 2.0 (evento codificado; el título sale del enlace)"}},{"type":"Feature","geometry":{"type":"Point","coordinates":[51.515,35.75]},"properties":{"title":"News national world cnn world how series miscalculations restarted saudi arabias war yemen","url":"https://kesq.com/news/national-world/cnn-world/2026/10/10/how-a-series-of-miscalculations-restarted-saudi-arabias-war-in-yemen/","source":"kesq.com","date":"2026-10-10T10:45:00Z","tipo":"Ataque","arma":"Artillería y tanques","cameo":"194","severidad":4,"lugar":"Tehran, Tehran, Iran","pais_iso3":"IRN","precision":"ciudad","actores":"Iranian → Kingdom","articulos":12,"via":"GDELT 2.0 (evento codificado; el título sale del enlace)"}},{"type":"Feature","geometry":{"type":"Point","coordinates":[-157.858,21.307]},"properties":{"title":"Editorial letters letter trumps atomic restraint iran war safe bet","url":"https://www.staradvertiser.com/2026/10/10/editorial/letters/letter-trumps-atomic-restraint-in-iran-war-is-no-safe-bet/","source":"www.staradvertiser.com","date":"2026-10-10T10:45:00Z","tipo":"Ataque","arma":"Ataque aéreo","cameo":"195","severidad":3,"lugar":"Honolulu, Hawaii, United States","pais_iso3":"","precision":"ciudad","actores":"Hiroshima","articulos":9,"via":"GDELT 2.0 (evento codificado; el título sale del enlace)"}},{"type":"Feature","geometry":{"type":"Point","coordinates":[172.967,1.317]},"properties":{"title":"News canada post veteran years later","url":"https://www.cbc.ca/news/canada/post-911-veteran-24-years-later-9.7372954","source":"www.cbc.ca","date":"2026-10-10T10:45:00Z","tipo":"Ataque","arma":"Ataque aéreo","cameo":"195","severidad":3,"lugar":"Tarawa, Kiribati (general), Kiribati","pais_iso3":"","precision":"ciudad","actores":"Marines → Iraqi","articulos":8,"via":"GDELT 2.0 (evento codificado; el título sale del enlace)"}},{"type":"Feature","geometry":{"type":"Point","coordinates":[41.149,36.392]},"properties":{"title":"News irish news path hate inside story how","url":"https://www.irishmirror.ie/news/irish-news/path-hate-inside-story-how-37749132","source":"www.irishmirror.ie","date":"2026-10-10T10:45:00Z","tipo":"Ataque","arma":"Artillería y tanques","cameo":"194","severidad":3,"lugar":"Al-Hawl, Al ?asakah, Syria","pais_iso3":"SYR","precision":"ciudad","actores":"Islam","articulos":3,"via":"GDELT 2.0 (evento codificado; el título sale del enlace)"}},{"type":"Feature","geometry":{"type":"Point","coordinates":[46.773,24.641]},"properties":{"title":"News articles world html","url":"https://news.webindia123.com/news/Articles/World/20261010/4509281.html","source":"news.webindia123.com","date":"2026-10-10T10:15:00Z","tipo":"Ataque","arma":"Ataque aéreo","cameo":"195","severidad":3,"lugar":"Riyadh, Ar Riya?, Saudi Arabia","pais_iso3":"SAU","precision":"ciudad","actores":"Saudi Arabia","articulos":3,"via":"GDELT 2.0 (evento codificado; el título sale del enlace)"}},{"type":"Feature","geometry":{"type":"Point","coordinates":[61.102,25.789]},"properties":{"title":"Pillays defiance sharifs disgrace the prize the praise and the politics prostration","url":"https://countercurrents.org/2026/10/pillays-defiance-sharifs-disgrace-the-prize-the-praise-and-the-politics-of-prostration/","source":"countercurrents.org","date":"2026-10-10T10:00:00Z","tipo":"Ataque","arma":"Ataque aéreo","cameo":"195","severidad":3,"lugar":"Minab, Sistan va Baluchestan, Iran","pais_iso3":"IRN","precision":"ciudad","actores":"United States → Iran","articulos":3,"via":"GDELT 2.0 (evento codificado; el título sale del enlace)"}},{"type":"Feature","geometry":{"type":"Point","coordinates":[51.515,35.75]},"properties":{"title":"Usa dateline usa todd gloria trump apology san diego iran remarks","url":"https://asianjournal.com/usa/dateline-usa/todd-gloria-trump-apology-san-diego-iran-remarks/","source":"asianjournal.com","date":"2026-10-10T09:30:00Z","tipo":"Ataque","arma":"Artillería y tanques","cameo":"194","severidad":3,"lugar":"Tehran, Tehran, Iran","pais_iso3":"IRN","precision":"ciudad","actores":"President → Iran","articulos":8,"via":"GDELT 2.0 (evento codificado; el título sale del enlace)"}},{"type":"Feature","geometry":{"type":"Point","coordinates":[37.616,55.752]},"properties":{"title":"Artillería y tanques: Moscow → Ukrainian (Moscow, Moskva, Russia)","url":"https://www.ynetnews.com/article/ryormdpogg","source":"www.ynetnews.com","date":"2026-10-10T09:30:00Z","tipo":"Ataque","arma":"Artillería y tanques","cameo":"194","severidad":3,"lugar":"Moscow, Moskva, Russia","pais_iso3":"RUS","precision":"ciudad","actores":"Moscow → Ukrainian","articulos":6,"via":"GDELT 2.0 (evento codificado; el título sale del enlace)"}},{"type":"Feature","geometry":{"type":"Point","coordinates":[-77.036,38.895]},"properties":{"title":"When threat alone moves superpowers bombers","url":"https://www.middleeastmonitor.com/20261010-when-a-threat-alone-moves-a-superpowers-bombers/","source":"www.middleeastmonitor.com","date":"2026-10-10T09:15:00Z","tipo":"Ataque","arma":"Bomba o explosivo","cameo":"195","severidad":4,"lugar":"Washington, District of Columbia, United States","pais_iso3":"USA","precision":"ciudad","actores":"Europe → Washington","articulos":10,"via":"GDELT 2.0 (evento codificado; el título sale del enlace)"}},{"type":"Feature","geometry":{"type":"Point","coordinates":[46.696,24.958]},"properties":{"title":"Story saudi led coalition announces operation against houthis says military targets destroyed","url":"https://tribune.com.pk/story/2634058/saudi-led-coalition-announces-operation-against-houthis-says-136-military-targets-destroyed","source":"tribune.com.pk","date":"2026-10-10T08:00:00Z","tipo":"Ataque","arma":"Ataque aéreo","cameo":"195","severidad":4,"lugar":"King Khalid International, Ar Riya?, Saudi Arabia","pais_iso3":"SAU","precision":"ciudad","actores":"Civilian","articulos":10,"via":"GDELT 2.0 (evento codificado; el título sale del enlace)"}},{"type":"Feature","geometry":{"type":"Point","coordinates":[47.5,15.5]},"properties":{"title":"News houthi missiles target saudi capital","url":"http://www.jamaicantimes.com/news/279360399/houthi-missiles-target-saudi-capital","source":"www.jamaicantimes.com","date":"2026-10-10T08:00:00Z","tipo":"Ataque","arma":"Misiles o cohetes","cameo":"194","severidad":3,"lugar":"Yemen","pais_iso3":"YEM","precision":"país","actores":"Cairo → Yemen","articulos":4,"via":"GDELT 2.0 (evento codificado; el título sale del enlace)"}},{"type":"Feature","geometry":{"type":"Point","coordinates":[46.773,24.641]},"properties":{"title":"Story following houthi attacks europes aviation safety body expands saudi airspace warning","url":"https://tribune.com.pk/story/2634055/following-houthi-attacks-europes-aviation-safety-body-expands-saudi-airspace-warning","source":"tribune.com.pk","date":"2026-10-10T08:00:00Z","tipo":"Ataque","arma":"Ataque aéreo","cameo":"195","severidad":3,"lugar":"Riyadh, Ar Riya?, Saudi Arabia","pais_iso3":"SAU","precision":"ciudad","actores":"The European Union → Saudi Arabia","articulos":5,"via":"GDELT 2.0 (evento codificado; el título sale del enlace)"}},{"type":"Feature","geometry":{"type":"Point","coordinates":[100.0,60.0]},"properties":{"title":"Uae iran war major developments uae residents need know today october","url":"https://gulfnews.com/uae/us-iran-war-6-major-developments-uae-residents-need-to-know-today-october-19-2026-1.500705416","source":"gulfnews.com","date":"2026-10-10T08:00:00Z","tipo":"Ataque","arma":"Artillería y tanques","cameo":"194","severidad":3,"lugar":"Russia","pais_iso3":"RUS","precision":"país","actores":"Television → Yemen","articulos":6,"via":"GDELT 2.0 (evento codificado; el título sale del enlace)"}},{"type":"Feature","geometry":{"type":"Point","coordinates":[28.866,51.463]},"properties":{"title":"Russian strikes kill two ukraine attacks intensify","url":"https://newstodaynet.com/2026/10/10/russian-strikes-kill-two-in-ukraine-as-attacks-intensify/","source":"newstodaynet.com","date":"2026-10-10T07:30:00Z","tipo":"Ataque","arma":"Artillería y tanques","cameo":"194","severidad":3,"lugar":"Pryluky, Zhytomyrs'ka Oblast', Ukraine","pais_iso3":"UKR","precision":"ciudad","actores":"Ukraine","articulos":6,"via":"GDELT 2.0 (evento codificado; el título sale del enlace)"}},{"type":"Feature","geometry":{"type":"Point","coordinates":[51.515,35.75]},"properties":{"title":"Middle east live updates","url":"http://www.jpost.com/middle-east/2026-10-10/live-updates-911203","source":"www.jpost.com","date":"2026-10-10T06:45:00Z","tipo":"Ataque","arma":"Artillería y tanques","cameo":"194","severidad":4,"lugar":"Tehran, Tehran, Iran","pais_iso3":"IRN","precision":"ciudad","actores":"Iran","articulos":10,"via":"GDELT 2.0 (evento codificado; el título sale del enlace)"}},{"type":"Feature","geometry":{"type":"Point","coordinates":[34.333,31.417]},"properties":{"title":"World year later gaza ceasefire promises mostly unfulfilled","url":"https://www.philstar.com/world/2026/10/10/2562258/year-later-gaza-ceasefire-promises-mostly-unfulfilled","source":"www.philstar.com","date":"2026-10-10T06:45:00Z","tipo":"Ataque","arma":"Artillería y tanques","cameo":"194","severidad":3,"lugar":"Gaza, Israel (general), Israel","pais_iso3":"PSE","precision":"ciudad","actores":"Israel → Hamas","articulos":7,"via":"GDELT 2.0 (evento codificado; el título sale del enlace)"}},{"type":"Feature","geometry":{"type":"Point","coordinates":[35.233,31.767]},"properties":{"title":"World news flydubai major disaster averted","url":"https://theweek.com/world-news/flydubai-1073-a-major-disaster-averted","source":"theweek.com","date":"2026-10-10T06:30:00Z","tipo":"Ataque","arma":"Ataque aéreo","cameo":"195","severidad":3,"lugar":"Jerusalem, Israel (general), Israel","pais_iso3":"PSE","precision":"ciudad","actores":"Israel → Omani","articulos":7,"via":"GDELT 2.0 (evento codificado; el título sale del enlace)"}},{"type":"Feature","geometry":{"type":"Point","coordinates":[34.333,31.417]},"properties":{"title":"Politics israel lashes clearer truth becomes","url":"https://www.thenational.scot/politics/26624714.israel-lashes-clearer-truth-becomes/","source":"www.thenational.scot","date":"2026-10-10T06:30:00Z","tipo":"Ataque","arma":"Coche bomba","cameo":"1832","severidad":4,"lugar":"Gaza, Israel (general), Israel","pais_iso3":"PSE","precision":"ciudad","actores":"Israel → Gaza","articulos":5,"via":"GDELT 2.0 (evento codificado; el título sale del enlace)"}},{"type":"Feature","geometry":{"type":"Point","coordinates":[34.333,31.417]},"properties":{"title":"News world year gazas ceasefire exists name","url":"https://www.thenational.scot/news/world/26624710.year-gazas-ceasefire-exists-name/","source":"www.thenational.scot","date":"2026-10-10T06:30:00Z","tipo":"Ataque","arma":"Ataque aéreo","cameo":"195","severidad":3,"lugar":"Gaza, Israel (general), Israel","pais_iso3":"PSE","precision":"ciudad","actores":"Gaza","articulos":3,"via":"GDELT 2.0 (evento codificado; el título sale del enlace)"}},{"type":"Feature","geometry":{"type":"Point","coordinates":[100.0,60.0]},"properties":{"title":"World global affairs the week photos october","url":"https://www.rappler.com/world/global-affairs/the-week-in-photos-october-3-9-2026/","source":"www.rappler.com","date":"2026-10-10T06:30:00Z","tipo":"Ataque","arma":"Artillería y tanques","cameo":"194","severidad":3,"lugar":"Russia","pais_iso3":"RUS","precision":"país","actores":"Russian → Kyiv","articulos":6,"via":"GDELT 2.0 (evento codificado; el título sale del enlace)"}},{"type":"Feature","geometry":{"type":"Point","coordinates":[34.75,31.5]},"properties":{"title":"Stories oct iran protects capacity build missiles trump","url":"https://www.spokesman.com/stories/2026/oct/09/iran-protects-capacity-to-build-missiles-as-trump-/","source":"www.spokesman.com","date":"2026-10-10T06:15:00Z","tipo":"Ataque","arma":"Misiles o cohetes","cameo":"195","severidad":3,"lugar":"Israel","pais_iso3":"ISR","precision":"país","actores":"Israeli → Iran","articulos":7,"via":"GDELT 2.0 (evento codificado; el título sale del enlace)"}},{"type":"Feature","geometry":{"type":"Point","coordinates":[46.773,24.641]},"properties":{"title":"News rules out iran attack before midterms yemen fighting escalates","url":"http://www.iranherald.com/news/279363041/us-rules-out-iran-attack-before-midterms-as-yemen-fighting-escalates","source":"www.iranherald.com","date":"2026-10-10T06:15:00Z","tipo":"Ataque","arma":"Ataque aéreo","cameo":"195","severidad":3,"lugar":"Riyadh, Ar Riya?, Saudi Arabia","pais_iso3":"SAU","precision":"ciudad","actores":"Saudi Arabia → Riyadh","articulos":5,"via":"GDELT 2.0 (evento codificado; el título sale del enlace)"}},{"type":"Feature","geometry":{"type":"Point","coordinates":[-80.907,33.819]},"properties":{"title":"Full metal jacket war movie stanley kubrick hbo max streaming october","url":"https://collider.com/full-metal-jacket-war-movie-stanley-kubrick-hbo-max-streaming-october-2026/","source":"collider.com","date":"2026-10-10T05:45:00Z","tipo":"Ataque","arma":"Ataque aéreo","cameo":"195","severidad":3,"lugar":"South Carolina, United States","pais_iso3":"USA","precision":"estado","actores":"Military","articulos":3,"via":"GDELT 2.0 (evento codificado; el título sale del enlace)"}},{"type":"Feature","geometry":{"type":"Point","coordinates":[-97.321,32.725]},"properties":{"title":"Afghan national faces years prison over alleged suicide attack threat","url":"https://www.khaama.com/afghan-national-in-us-faces-5-years-in-prison-over-alleged-suicide-attack-threat/","source":"www.khaama.com","date":"2026-10-10T05:45:00Z","tipo":"Ataque","arma":"Artillería y tanques","cameo":"194","severidad":3,"lugar":"Fort Worth, Texas, United States","pais_iso3":"USA","precision":"ciudad","actores":"United States","articulos":4,"via":"GDELT 2.0 (evento codificado; el título sale del enlace)"}},{"type":"Feature","geometry":{"type":"Point","coordinates":[53.0,32.0]},"properties":{"title":"World news news katie zacharia looks like natalie harp images shared online for comparison trump names new press secretary html","url":"https://www.hindustantimes.com/world-news/us-news/katie-zacharia-looks-like-natalie-harp-images-shared-online-for-comparison-as-trump-names-new-press-secretary-101791603096886.html","source":"www.hindustantimes.com","date":"2026-10-10T05:15:00Z","tipo":"Ataque","arma":"Ataque aéreo","cameo":"195","severidad":3,"lugar":"Iran","pais_iso3":"IRN","precision":"país","actores":"Air Force → Iranian","articulos":6,"via":"GDELT 2.0 (evento codificado; el título sale del enlace)"}},{"type":"Feature","geometry":{"type":"Point","coordinates":[34.333,31.417]},"properties":{"title":"News israeli attacks leave more dead gaza ceasefire nears one year","url":"http://www.arabherald.com/news/279363042/israeli-attacks-leave-more-dead-in-gaza-as-ceasefire-nears-one-year","source":"www.arabherald.com","date":"2026-10-10T04:00:00Z","tipo":"Ataque","arma":"Ataque aéreo","cameo":"195","severidad":3,"lugar":"Gaza City, Israel (general), Israel","pais_iso3":"PSE","precision":"ciudad","actores":"Israel","articulos":4,"via":"GDELT 2.0 (evento codificado; el título sale del enlace)"}},{"type":"Feature","geometry":{"type":"Point","coordinates":[61.102,25.789]},"properties":{"title":"Political authoritarianism government without constitutional brakes","url":"http://www.zerohedge.com/political/ai-authoritarianism-government-without-constitutional-brakes","source":"www.zerohedge.com","date":"2026-10-10T03:45:00Z","tipo":"Ataque","arma":"Artillería y tanques","cameo":"194","severidad":3,"lugar":"Minab, Sistan va Baluchestan, Iran","pais_iso3":"IRN","precision":"ciudad","actores":"Iran → School","articulos":4,"via":"GDELT 2.0 (evento codificado; el título sale del enlace)"}},{"type":"Feature","geometry":{"type":"Point","coordinates":[46.773,24.641]},"properties":{"title":"World saudi authorities say killed houthi claimed attacks riyadh airport","url":"https://www.asiaone.com:443/world/saudi-authorities-say-3-killed-houthi-claimed-attacks-riyadh-airport","source":"www.asiaone.com:443","date":"2026-10-10T03:45:00Z","tipo":"Ataque","arma":"Ataque aéreo","cameo":"195","severidad":4,"lugar":"Riyadh, Ar Riya?, Saudi Arabia","pais_iso3":"SAU","precision":"ciudad","actores":"Saudi","articulos":10,"via":"GDELT 2.0 (evento codificado; el título sale del enlace)"}},{"type":"Feature","geometry":{"type":"Point","coordinates":[100.0,60.0]},"properties":{"title":"The international criminal court under attack","url":"https://www.pressenza.com/2026/10/the-international-criminal-court-is-under-attack/","source":"www.pressenza.com","date":"2026-10-10T03:30:00Z","tipo":"Ataque","arma":"Artillería y tanques","cameo":"194","severidad":3,"lugar":"Russia","pais_iso3":"RUS","precision":"país","actores":"Deputy → Russian","articulos":3,"via":"GDELT 2.0 (evento codificado; el título sale del enlace)"}},{"type":"Feature","geometry":{"type":"Point","coordinates":[34.75,31.5]},"properties":{"title":"Israeli drone attack wounds six lebanon near syria border","url":"https://dominicanrepublicpost.com/israeli-drone-attack-wounds-six-in-lebanon-near-syria-border/","source":"dominicanrepublicpost.com","date":"2026-10-10T02:15:00Z","tipo":"Ataque","arma":"Drones","cameo":"195","severidad":4,"lugar":"Israel","pais_iso3":"ISR","precision":"país","actores":"Israel","articulos":10,"via":"GDELT 2.0 (evento codificado; el título sale del enlace)"}},{"type":"Feature","geometry":{"type":"Point","coordinates":[-118.543,34.392]},"properties":{"title":"News santa clarita man charged acre bouquet fire arson","url":"https://nypost.com/2026/10/09/us-news/santa-clarita-man-charged-in-1000-acre-bouquet-fire-arson/","source":"nypost.com","date":"2026-10-10T02:15:00Z","tipo":"Ataque","arma":"Bomba","cameo":"183","severidad":3,"lugar":"Santa Clarita, California, United States","pais_iso3":"USA","precision":"ciudad","actores":"United States","articulos":4,"via":"GDELT 2.0 (evento codificado; el título sale del enlace)"}},{"type":"Feature","geometry":{"type":"Point","coordinates":[34.333,31.417]},"properties":{"title":"Arab world year ceasefire israel wages scaled down war gaza","url":"https://english.aawsat.com/arab-world/5327888-year-ceasefire-israel-wages-scaled-down-war-gaza","source":"english.aawsat.com","date":"2026-10-10T02:00:00Z","tipo":"Ataque","arma":"Ataque aéreo","cameo":"195","severidad":3,"lugar":"Gaza, Israel (general), Israel","pais_iso3":"PSE","precision":"ciudad","actores":"Israeli → Neighborhood","articulos":8,"via":"GDELT 2.0 (evento codificado; el título sale del enlace)"}},{"type":"Feature","geometry":{"type":"Point","coordinates":[34.767,32.067]},"properties":{"title":"Opinions analysis article hknsfgpjfe","url":"https://www.ynetnews.com/opinions-analysis/article/hknsfgpjfe","source":"www.ynetnews.com","date":"2026-10-10T01:45:00Z","tipo":"Ataque","arma":"Artillería y tanques","cameo":"194","severidad":4,"lugar":"Tel Aviv, Tel Aviv, Israel","pais_iso3":"ISR","precision":"ciudad","actores":"Mombasa → Boeing","articulos":10,"via":"GDELT 2.0 (evento codificado; el título sale del enlace)"}},{"type":"Feature","geometry":{"type":"Point","coordinates":[-122.271,37.804]},"properties":{"title":"Letters oakland not quitting fight coal terminal","url":"https://www.mercurynews.com/2026/10/09/letters-oakland-not-quitting-fight-coal-terminal/","source":"www.mercurynews.com","date":"2026-10-10T01:45:00Z","tipo":"Ataque","arma":"Ataque aéreo","cameo":"195","severidad":3,"lugar":"Oakland, California, United States","pais_iso3":"USA","precision":"ciudad","actores":"United States → Residents","articulos":4,"via":"GDELT 2.0 (evento codificado; el título sale del enlace)"}},{"type":"Feature","geometry":{"type":"Point","coordinates":[77.0,20.0]},"properties":{"title":"Blueprint defence magazine reports shoot and scoot html","url":"https://www.business-standard.com/blueprint-defence-magazine/reports/shoot-and-scoot-126100800486_1.html","source":"www.business-standard.com","date":"2026-10-10T01:30:00Z","tipo":"Ataque","arma":"Artillería y tanques","cameo":"194","severidad":3,"lugar":"India","pais_iso3":"IND","precision":"país","actores":"Army → Government","articulos":5,"via":"GDELT 2.0 (evento codificado; el título sale del enlace)"}},{"type":"Feature","geometry":{"type":"Point","coordinates":[77.583,12.983]},"properties":{"title":"News reuters business lockheed martin unveils pac edge interceptor designed counter hypersonic threats article html","url":"https://lufkindailynews.com/news_reuters/business/lockheed-martin-unveils-pac-3-edge-interceptor-designed-to-counter-hypersonic-threats/article_62b56c30-b91d-5040-a54f-c63b8175a3aa.html","source":"lufkindailynews.com","date":"2026-10-10T01:00:00Z","tipo":"Ataque","arma":"Artillería y tanques","cameo":"194","severidad":3,"lugar":"Bengaluru, Karnataka, India","pais_iso3":"IND","precision":"ciudad","actores":"Lockheed Martin","articulos":5,"via":"GDELT 2.0 (evento codificado; el título sale del enlace)"}},{"type":"Feature","geometry":{"type":"Point","coordinates":[53.0,32.0]},"properties":{"title":"Category opinion iran moment opportunity","url":"https://www.freemalaysiatoday.com/category/opinion/2026/10/10/iran-s-moment-of-opportunity","source":"www.freemalaysiatoday.com","date":"2026-10-10T01:00:00Z","tipo":"Ataque","arma":"Artillería y tanques","cameo":"194","severidad":3,"lugar":"Iran","pais_iso3":"IRN","precision":"país","actores":"Civilian → School","articulos":3,"via":"GDELT 2.0 (evento codificado; el título sale del enlace)"}},{"type":"Feature","geometry":{"type":"Point","coordinates":[31.25,30.05]},"properties":{"title":"Features settlers storm aqsa while palestinians are arrested","url":"https://wrp.org.uk/features/settlers-storm-al-aqsa-while-palestinians-are-arrested/","source":"wrp.org.uk","date":"2026-10-10T01:00:00Z","tipo":"Ataque","arma":"Artillería y tanques","cameo":"194","severidad":3,"lugar":"Cairo, Al Qahirah, Egypt","pais_iso3":"EGY","precision":"ciudad","actores":"Cairo","articulos":3,"via":"GDELT 2.0 (evento codificado; el título sale del enlace)"}},{"type":"Feature","geometry":{"type":"Point","coordinates":[30.517,50.433]},"properties":{"title":"Europe ukrainian president letting russia sell fuel means investing its war","url":"https://en.apa.az/europe/ukrainian-president-letting-russia-sell-fuel-means-investing-in-its-war-529231","source":"en.apa.az","date":"2026-10-10T01:00:00Z","tipo":"Ataque","arma":"Artillería y tanques","cameo":"194","severidad":3,"lugar":"Kyiv, Kyyiv, Misto, Ukraine","pais_iso3":"UKR","precision":"ciudad","actores":"Russian → Kyiv","articulos":3,"via":"GDELT 2.0 (evento codificado; el título sale del enlace)"}},{"type":"Feature","geometry":{"type":"Point","coordinates":[135.0,-25.0]},"properties":{"title":"World middle east hijacker rehearsed tel aviv airport attack twice before flight html","url":"https://www.watoday.com.au/world/middle-east/hijacker-rehearsed-tel-aviv-airport-attack-twice-before-flight-20261010-p614cy.html","source":"www.watoday.com.au","date":"2026-10-10T00:45:00Z","tipo":"Ataque","arma":"Ataque aéreo","cameo":"195","severidad":3,"lugar":"Australia","pais_iso3":"AUS","precision":"país","actores":"Tel Aviv","articulos":3,"via":"GDELT 2.0 (evento codificado; el título sale del enlace)"}},{"type":"Feature","geometry":{"type":"Point","coordinates":[34.75,31.5]},"properties":{"title":"Trump deal putin diesel exports ukraine html","url":"https://www.rferl.org/a/trump-deal-putin-diesel-exports-ukraine/33873828.html","source":"www.rferl.org","date":"2026-10-10T00:45:00Z","tipo":"Ataque","arma":"Ataque aéreo","cameo":"195","severidad":3,"lugar":"Israel","pais_iso3":"ISR","precision":"país","actores":"Israel → Iran","articulos":3,"via":"GDELT 2.0 (evento codificado; el título sale del enlace)"}},{"type":"Feature","geometry":{"type":"Point","coordinates":[30.517,50.433]},"properties":{"title":"Ataque aéreo: Ukraine (Kyiv, Kyyiv, Misto, Ukraine)","url":"https://www.kyivpost.com/post/86647","source":"www.kyivpost.com","date":"2026-10-10T00:45:00Z","tipo":"Ataque","arma":"Ataque aéreo","cameo":"195","severidad":3,"lugar":"Kyiv, Kyyiv, Misto, Ukraine","pais_iso3":"UKR","precision":"ciudad","actores":"Ukraine","articulos":5,"via":"GDELT 2.0 (evento codificado; el título sale del enlace)"}},{"type":"Feature","geometry":{"type":"Point","coordinates":[25.342,50.759]},"properties":{"title":"Ataque aéreo: Ukrainian → Russian (Lutsk, Volyns'ka Oblast', Ukraine)","url":"https://www.kyivpost.com/post/86647","source":"www.kyivpost.com","date":"2026-10-10T00:45:00Z","tipo":"Ataque","arma":"Ataque aéreo","cameo":"195","severidad":3,"lugar":"Lutsk, Volyns'ka Oblast', Ukraine","pais_iso3":"UKR","precision":"ciudad","actores":"Ukrainian → Russian","articulos":3,"via":"GDELT 2.0 (evento codificado; el título sale del enlace)"}},{"type":"Feature","geometry":{"type":"Point","coordinates":[45.0,25.0]},"properties":{"title":"Oil prices slip trump rules out iran strike before midterms","url":"http://www.econotimes.com/Oil-Prices-Slip-as-Trump-Rules-Out-Iran-Strike-Before-Midterms-1754526","source":"www.econotimes.com","date":"2026-10-10T00:30:00Z","tipo":"Ataque","arma":"Ataque aéreo","cameo":"195","severidad":3,"lugar":"Saudi Arabia","pais_iso3":"SAU","precision":"país","actores":"Saudi Arabia","articulos":8,"via":"GDELT 2.0 (evento codificado; el título sale del enlace)"}},{"type":"Feature","geometry":{"type":"Point","coordinates":[-114.083,51.083]},"properties":{"title":"Opinion columnists bell calgary mayor farkas goes nuclear trashes danielle smith big time","url":"https://calgaryherald.com:443/opinion/columnists/bell-calgary-mayor-farkas-goes-nuclear-trashes-danielle-smith-big-time","source":"calgaryherald.com:443","date":"2026-10-10T00:30:00Z","tipo":"Ataque","arma":"Artillería y tanques","cameo":"194","severidad":4,"lugar":"Calgary, Alberta, Canada","pais_iso3":"CAN","precision":"ciudad","actores":"Mayor","articulos":10,"via":"GDELT 2.0 (evento codificado; el título sale del enlace)"}},{"type":"Feature","geometry":{"type":"Point","coordinates":[34.887,32.011]},"properties":{"title":"Story flydubai pilot tel aviv attack plot","url":"https://www.onenewspage.com/story/flydubai-co-pilot-tel-aviv-attack-plot-eda81dd1/","source":"www.onenewspage.com","date":"2026-10-10T00:15:00Z","tipo":"Ataque","arma":"Ataque aéreo","cameo":"195","severidad":3,"lugar":"Ben Gurion, HaMerkaz, Israel","pais_iso3":"ISR","precision":"ciudad","actores":"Dubai → Israel","articulos":3,"via":"GDELT 2.0 (evento codificado; el título sale del enlace)"}},{"type":"Feature","geometry":{"type":"Point","coordinates":[79.358,27.053]},"properties":{"title":"Blueprint defence magazine reports frontier gambit html","url":"https://www.business-standard.com/blueprint-defence-magazine/reports/a-frontier-gambit-126100700424_1.html","source":"www.business-standard.com","date":"2026-10-10T00:15:00Z","tipo":"Ataque","arma":"Ataque aéreo","cameo":"195","severidad":3,"lugar":"Manipur, Uttar Pradesh, India","pais_iso3":"IND","precision":"ciudad","actores":"Naval → Myanmar","articulos":3,"via":"GDELT 2.0 (evento codificado; el título sale del enlace)"}},{"type":"Feature","geometry":{"type":"Point","coordinates":[51.515,35.75]},"properties":{"title":"Military lost damaged aircraft iran war html","url":"https://www.naturalnews.com/2026-10-09-us-military-lost-damaged-aircraft-iran-war.html","source":"www.naturalnews.com","date":"2026-10-10T00:15:00Z","tipo":"Ataque","arma":"Ataque aéreo","cameo":"195","severidad":3,"lugar":"Tehran, Tehran, Iran","pais_iso3":"IRN","precision":"ciudad","actores":"Fighter","articulos":3,"via":"GDELT 2.0 (evento codificado; el título sale del enlace)"}},{"type":"Feature","geometry":{"type":"Point","coordinates":[37.616,55.752]},"properties":{"title":"Ukraine energy ceasefire political deadlock html comment page","url":"https://www.moonofalabama.org/2026/10/ukraine-energy-ceasefire-in-a-political-deadlock.html/comment-page-2","source":"www.moonofalabama.org","date":"2026-10-10T00:15:00Z","tipo":"Ataque","arma":"Artillería y tanques","cameo":"194","severidad":3,"lugar":"Moscow, Moskva, Russia","pais_iso3":"RUS","precision":"ciudad","actores":"Kiev","articulos":6,"via":"GDELT 2.0 (evento codificado; el título sale del enlace)"}},{"type":"Feature","geometry":{"type":"Point","coordinates":[80.283,13.083]},"properties":{"title":"Blueprint defence magazine reports engines opportunity html","url":"https://www.business-standard.com/blueprint-defence-magazine/reports/engines-of-opportunity-126100600540_1.html","source":"www.business-standard.com","date":"2026-10-10T00:15:00Z","tipo":"Ataque","arma":"Artillería y tanques","cameo":"194","severidad":3,"lugar":"Madras, Tamil Nadu, India","pais_iso3":"IND","precision":"ciudad","actores":"Indigenous","articulos":5,"via":"GDELT 2.0 (evento codificado; el título sale del enlace)"}},{"type":"Feature","geometry":{"type":"Point","coordinates":[44.207,15.355]},"properties":{"title":"News warplanes strike houthi held sanaa amid escalating yemen conflict sources","url":"http://www.batonrougepost.com/news/279361804/warplanes-strike-houthi-held-sanaa-amid-escalating-yemen-conflict-sources","source":"www.batonrougepost.com","date":"2026-10-10T00:00:00Z","tipo":"Ataque","arma":"Ataque aéreo","cameo":"195","severidad":4,"lugar":"Sanaa, Sana', Yemen","pais_iso3":"YEM","precision":"ciudad","actores":"Sanaa","articulos":10,"via":"GDELT 2.0 (evento codificado; el título sale del enlace)"}},{"type":"Feature","geometry":{"type":"Point","coordinates":[51.515,35.75]},"properties":{"title":"News national article html","url":"https://www.the-messenger.com/news/national/article_2ab9aebe-8ea2-5708-8401-02cae84ecd63.html","source":"www.the-messenger.com","date":"2026-10-09T23:30:00Z","tipo":"Ataque","arma":"Artillería y tanques","cameo":"194","severidad":4,"lugar":"Tehran, Tehran, Iran","pais_iso3":"IRN","precision":"ciudad","actores":"Tehran → Aircraft Carrier","articulos":10,"via":"GDELT 2.0 (evento codificado; el título sale del enlace)"}},{"type":"Feature","geometry":{"type":"Point","coordinates":[46.773,24.641]},"properties":{"title":"News yemen conflict escalates across multiple fronts envoy warns full scale war","url":"http://www.kenyastar.com/news/279362839/yemen-conflict-escalates-across-multiple-fronts-as-un-envoy-warns-of-full-scale-war","source":"www.kenyastar.com","date":"2026-10-09T23:30:00Z","tipo":"Ataque","arma":"Ataque aéreo","cameo":"195","severidad":3,"lugar":"Riyadh, Ar Riya?, Saudi Arabia","pais_iso3":"SAU","precision":"ciudad","actores":"Saudi Arabia → Civilian","articulos":6,"via":"GDELT 2.0 (evento codificado; el título sale del enlace)"}},{"type":"Feature","geometry":{"type":"Point","coordinates":[37.616,55.752]},"properties":{"title":"News world trump purchase diesel russia","url":"https://www.cbc.ca/news/world/trump-us-purchase-diesel-russia-9.7376358","source":"www.cbc.ca","date":"2026-10-09T23:15:00Z","tipo":"Ataque","arma":"Artillería y tanques","cameo":"194","severidad":3,"lugar":"Moscow, Moskva, Russia","pais_iso3":"RUS","precision":"ciudad","actores":"Russian → Ukrainian","articulos":4,"via":"GDELT 2.0 (evento codificado; el título sale del enlace)"}},{"type":"Feature","geometry":{"type":"Point","coordinates":[46.773,24.641]},"properties":{"title":"Live blog live blog update turkey qatar kuwait condemn houthi attacks saudi airports","url":"https://www.middleeasteye.net/live-blog/live-blog-update/turkey-qatar-kuwait-condemn-houthi-attacks-saudi-airports","source":"www.middleeasteye.net","date":"2026-10-09T23:15:00Z","tipo":"Ataque","arma":"Ataque aéreo","cameo":"195","severidad":3,"lugar":"Riyadh, Ar Riya?, Saudi Arabia","pais_iso3":"SAU","precision":"ciudad","actores":"Saudi Arabia → Civilian","articulos":4,"via":"GDELT 2.0 (evento codificado; el título sale del enlace)"}},{"type":"Feature","geometry":{"type":"Point","coordinates":[34.767,32.067]},"properties":{"title":"Report uae prosecutor says omani flydubai copilot plotted suicide crash tel aviv airport","url":"https://kenya-today.com/report-uae-prosecutor-says-omani-flydubai-copilot-plotted-suicide-crash-on-tel-aviv-airport-9269/","source":"kenya-today.com","date":"2026-10-09T23:00:00Z","tipo":"Ataque","arma":"Ataque aéreo","cameo":"195","severidad":3,"lugar":"Tel Aviv, Tel Aviv, Israel","pais_iso3":"ISR","precision":"ciudad","actores":"Prosecutor → Tel Aviv","articulos":8,"via":"GDELT 2.0 (evento codificado; el título sale del enlace)"}},{"type":"Feature","geometry":{"type":"Point","coordinates":[43.245,13.319]},"properties":{"title":"Saudi led coalition expands yemen strikes says houthi targets destroyed","url":"https://www.middle-east-online.com/en/saudi-led-coalition-expands-yemen-strikes-says-136-houthi-targets-destroyed","source":"www.middle-east-online.com","date":"2026-10-09T22:45:00Z","tipo":"Ataque","arma":"Ataque aéreo","cameo":"195","severidad":4,"lugar":"Mokha, Taizz, Yemen","pais_iso3":"YEM","precision":"ciudad","actores":"Military","articulos":10,"via":"GDELT 2.0 (evento codificado; el título sale del enlace)"}},{"type":"Feature","geometry":{"type":"Point","coordinates":[-4.0,54.0]},"properties":{"title":"News saudi airstrikes intensify across","url":"https://www.albawaba.net/news/saudi-airstrikes-intensify-across-sana%E2%80%99-1638707","source":"www.albawaba.net","date":"2026-10-09T22:30:00Z","tipo":"Ataque","arma":"Ataque aéreo","cameo":"194","severidad":3,"lugar":"United Kingdom","pais_iso3":"","precision":"país","actores":"Sanaa","articulos":8,"via":"GDELT 2.0 (evento codificado; el título sale del enlace)"}},{"type":"Feature","geometry":{"type":"Point","coordinates":[47.5,15.5]},"properties":{"title":"Read saudi arabia killed attacks riyadh airport saudia aircraft","url":"https://en.tempo.co/read/2121271/saudi-arabia-3-killed-in-attacks-on-riyadh-airport-saudia-aircraft","source":"en.tempo.co","date":"2026-10-09T22:15:00Z","tipo":"Ataque","arma":"Ataque aéreo","cameo":"195","severidad":3,"lugar":"Yemen","pais_iso3":"YEM","precision":"país","actores":"Jakarta → Riyadh","articulos":4,"via":"GDELT 2.0 (evento codificado; el título sale del enlace)"}},{"type":"Feature","geometry":{"type":"Point","coordinates":[51.671,32.66]},"properties":{"title":"Content iran threatens serious retaliation against","url":"https://1430kasi.iheart.com/content/2025-06-22-iran-threatens-serious-retaliation-against-us/","source":"1430kasi.iheart.com","date":"2026-10-09T22:15:00Z","tipo":"Ataque","arma":"Ataque aéreo","cameo":"195","severidad":3,"lugar":"Isfahan, Esfahan, Iran","pais_iso3":"IRN","precision":"ciudad","actores":"Joint Chiefs Of Staff","articulos":3,"via":"GDELT 2.0 (evento codificado; el título sale del enlace)"}},{"type":"Feature","geometry":{"type":"Point","coordinates":[47.15,38.439]},"properties":{"title":"Iranian troops police targeted deadly attacks armed groups intensify assaults southeast","url":"https://www.ibtimes.com/iranian-troops-police-targeted-deadly-attacks-armed-groups-intensify-assaults-southeast-3808430","source":"www.ibtimes.com","date":"2026-10-09T21:45:00Z","tipo":"Ataque","arma":"Ataque aéreo","cameo":"195","severidad":3,"lugar":"Jaleq, Az¯arbayjan-e Sharqi, Iran","pais_iso3":"IRN","precision":"ciudad","actores":"Police → Iran","articulos":6,"via":"GDELT 2.0 (evento codificado; el título sale del enlace)"}},{"type":"Feature","geometry":{"type":"Point","coordinates":[-122.127,44.567]},"properties":{"title":"Branches air force oregon national guard base html","url":"https://www.stripes.com/branches/air_force/2026-10-09/oregon-national-guard-base-f-35a-23104197.html","source":"www.stripes.com","date":"2026-10-09T21:45:00Z","tipo":"Ataque","arma":"Ataque aéreo","cameo":"195","severidad":3,"lugar":"Oregon, United States","pais_iso3":"USA","precision":"estado","actores":"United States","articulos":4,"via":"GDELT 2.0 (evento codificado; el título sale del enlace)"}},{"type":"Feature","geometry":{"type":"Point","coordinates":[38.064,24.089]},"properties":{"title":"Top stories ethiopian eritrean fighting raises fears wider war egypt builds red sea alliance","url":"https://themedialine.org/top-stories/ethiopian-eritrean-fighting-raises-fears-of-wider-war-as-egypt-builds-red-sea-alliance/","source":"themedialine.org","date":"2026-10-09T21:15:00Z","tipo":"Ataque","arma":"Artillería y tanques","cameo":"194","severidad":3,"lugar":"Yanbu, Al Madinah, Saudi Arabia","pais_iso3":"SAU","precision":"ciudad","actores":"Saudi","articulos":7,"via":"GDELT 2.0 (evento codificado; el título sale del enlace)"}},{"type":"Feature","geometry":{"type":"Point","coordinates":[-74.938,42.15]},"properties":{"title":"News local watch news anchor john carlin recounts his visit ground zero","url":"https://www.wsls.com/news/local/2026/10/09/watch-10-news-anchor-john-carlin-recounts-his-visit-to-ground-zero/","source":"www.wsls.com","date":"2026-10-09T21:15:00Z","tipo":"Ataque","arma":"Ataque aéreo","cameo":"195","severidad":4,"lugar":"New York, United States","pais_iso3":"USA","precision":"estado","actores":"Terrorist","articulos":10,"via":"GDELT 2.0 (evento codificado; el título sale del enlace)"}},{"type":"Feature","geometry":{"type":"Point","coordinates":[-78.206,37.768]},"properties":{"title":"News local watch southwest virginia reflects impacts","url":"https://www.wsls.com/news/local/2026/10/09/watch-southwest-virginia-reflects-on-impacts-of-911/","source":"www.wsls.com","date":"2026-10-09T21:15:00Z","tipo":"Ataque","arma":"Ataque aéreo","cameo":"195","severidad":4,"lugar":"Virginia, United States","pais_iso3":"USA","precision":"estado","actores":"Terrorist","articulos":20,"via":"GDELT 2.0 (evento codificado; el título sale del enlace)"}},{"type":"Feature","geometry":{"type":"Point","coordinates":[50.206,30.669]},"properties":{"title":"Iraqs kurdistan region rattled iranian drones militant dispute resumes","url":"https://jamestown.org/iraqs-kurdistan-region-rattled-by-iranian-drones-as-militant-dispute-resumes/","source":"jamestown.org","date":"2026-10-09T21:00:00Z","tipo":"Ataque","arma":"Drones","cameo":"194","severidad":3,"lugar":"Kurdistan, Khuzestan, Iran","pais_iso3":"IRN","precision":"ciudad","actores":"Iran → Al Jazeera","articulos":5,"via":"GDELT 2.0 (evento codificado; el título sale del enlace)"}},{"type":"Feature","geometry":{"type":"Point","coordinates":[35.833,33.833]},"properties":{"title":"Article three saudis killed houthi strikes yemen residents injured explosions","url":"https://morningstaronline.co.uk/article/three-saudis-killed-houthi-strikes-yemen-residents-injured-explosions","source":"morningstaronline.co.uk","date":"2026-10-09T21:00:00Z","tipo":"Ataque","arma":"Bomba","cameo":"183","severidad":4,"lugar":"Lebanon","pais_iso3":"LBN","precision":"país","actores":"Saudi → Yemen","articulos":10,"via":"GDELT 2.0 (evento codificado; el título sale del enlace)"}},{"type":"Feature","geometry":{"type":"Point","coordinates":[44.048,13.978]},"properties":{"title":"Saudi arabia saudi arabia will not allow yemen become launchpad for threats kingdom red sea envoy","url":"https://www.arabnews.com/saudi-arabia/saudi-arabia-will-not-allow-yemen-to-become-launchpad-for-threats-to-kingdom-red-sea-un-envoy-3005525","source":"www.arabnews.com","date":"2026-10-09T20:30:00Z","tipo":"Ataque","arma":"Artillería y tanques","cameo":"194","severidad":3,"lugar":"Madinah, Ibb, Yemen","pais_iso3":"YEM","precision":"ciudad","actores":"Kingdom","articulos":5,"via":"GDELT 2.0 (evento codificado; el título sale del enlace)"}},{"type":"Feature","geometry":{"type":"Point","coordinates":[50.206,30.669]},"properties":{"title":"Iran and its allied militias continue attacks iraqs kurdistan html","url":"https://www.voanews.com/a/iran-and-its-allied-militias-continue-attacks-on-iraqs-kurdistan/8209666.html","source":"www.voanews.com","date":"2026-10-09T20:30:00Z","tipo":"Ataque","arma":"Bomba o explosivo","cameo":"194","severidad":3,"lugar":"Kurdistan, Khuzestan, Iran","pais_iso3":"IRN","precision":"ciudad","actores":"Kurdistan","articulos":3,"via":"GDELT 2.0 (evento codificado; el título sale del enlace)"}},{"type":"Feature","geometry":{"type":"Point","coordinates":[53.0,32.0]},"properties":{"title":"News your military aircraft lost damaged iran war nearly doubles latest congressional report","url":"https://www.navytimes.com/news/your-military/2026/10/07/us-aircraft-lost-or-damaged-in-iran-war-nearly-doubles-in-latest-congressional-report/","source":"www.navytimes.com","date":"2026-10-09T20:30:00Z","tipo":"Ataque","arma":"Ataque aéreo","cameo":"195","severidad":3,"lugar":"Iran","pais_iso3":"IRN","precision":"país","actores":"Iranian → Prince","articulos":8,"via":"GDELT 2.0 (evento codificado; el título sale del enlace)"}},{"type":"Feature","geometry":{"type":"Point","coordinates":[46.773,24.641]},"properties":{"title":"World houthi attacks saudi arabia yemen aden","url":"https://english.pravda.ru/world/169849-houthi-attacks-saudi-arabia-yemen-aden/","source":"english.pravda.ru","date":"2026-10-09T20:30:00Z","tipo":"Ataque","arma":"Ataque aéreo","cameo":"195","severidad":3,"lugar":"Riyadh, Ar Riya?, Saudi Arabia","pais_iso3":"SAU","precision":"ciudad","actores":"Saudi → Sanaa","articulos":4,"via":"GDELT 2.0 (evento codificado; el título sale del enlace)"}},{"type":"Feature","geometry":{"type":"Point","coordinates":[132.45,34.4]},"properties":{"title":"Podcast dakota datebook october the manhattan project","url":"https://news.prairiepublic.org/podcast/dakota-datebook/2026-10-09/october-9-the-manhattan-project","source":"news.prairiepublic.org","date":"2026-10-09T20:30:00Z","tipo":"Ataque","arma":"Ataque aéreo","cameo":"195","severidad":3,"lugar":"Hiroshima, Hiroshima, Japan","pais_iso3":"JPN","precision":"ciudad","actores":"American → Japanese","articulos":5,"via":"GDELT 2.0 (evento codificado; el título sale del enlace)"}},{"type":"Feature","geometry":{"type":"Point","coordinates":[35.233,31.767]},"properties":{"title":"News israel news iron dome milestone first american made israeli missile interceptors delivered arkansas html","url":"https://www.theyeshivaworld.com/news/israel-news/2607722/iron-dome-milestone-first-american-made-israeli-missile-interceptors-delivered-in-arkansas.html","source":"www.theyeshivaworld.com","date":"2026-10-09T20:15:00Z","tipo":"Ataque","arma":"Misiles o cohetes","cameo":"194","severidad":3,"lugar":"Jerusalem, Israel (general), Israel","pais_iso3":"PSE","precision":"ciudad","actores":"Israeli","articulos":3,"via":"GDELT 2.0 (evento codificado; el título sale del enlace)"}},{"type":"Feature","geometry":{"type":"Point","coordinates":[46.696,24.958]},"properties":{"title":"News gulf saudi airline pilot among three killed attacks riyadh airport","url":"https://www.thenationalnews.com/news/gulf/2026/10/09/saudi-airline-pilot-among-three-killed-in-attacks-on-riyadh-airport/","source":"www.thenationalnews.com","date":"2026-10-09T20:15:00Z","tipo":"Ataque","arma":"Ataque aéreo","cameo":"195","severidad":4,"lugar":"King Khalid International, Ar Riya?, Saudi Arabia","pais_iso3":"SAU","precision":"ciudad","actores":"Saudi → Riyadh","articulos":10,"via":"GDELT 2.0 (evento codificado; el título sale del enlace)"}},{"type":"Feature","geometry":{"type":"Point","coordinates":[28.866,51.463]},"properties":{"title":"Russian strikes across ukraine kill people kyiv struggles counter escalating attacks","url":"https://www.klkntv.com/i/russian-strikes-across-ukraine-kill-3-people-as-kyiv-struggles-to-counter-escalating-attacks/","source":"www.klkntv.com","date":"2026-10-09T20:00:00Z","tipo":"Ataque","arma":"Artillería y tanques","cameo":"194","severidad":3,"lugar":"Pryluky, Zhytomyrs'ka Oblast', Ukraine","pais_iso3":"UKR","precision":"ciudad","actores":"Worker","articulos":4,"via":"GDELT 2.0 (evento codificado; el título sale del enlace)"}},{"type":"Feature","geometry":{"type":"Point","coordinates":[34.767,32.067]},"properties":{"title":"Uae omani flydubai pilot planned suicide attack","url":"https://www.dw.com/en/uae-omani-flydubai-co-pilot-planned-suicide-attack/a-79621960","source":"www.dw.com","date":"2026-10-09T20:00:00Z","tipo":"Ataque","arma":"Ataque aéreo","cameo":"195","severidad":3,"lugar":"Tel Aviv, Tel Aviv, Israel","pais_iso3":"ISR","precision":"ciudad","actores":"Omani → Tel Aviv","articulos":3,"via":"GDELT 2.0 (evento codificado; el título sale del enlace)"}},{"type":"Feature","geometry":{"type":"Point","coordinates":[37.616,55.752]},"properties":{"title":"Articles experts minute minute guide happen html","url":"https://www.aol.co.uk/articles/experts-minute-minute-guide-happen-190000000.html","source":"www.aol.co.uk","date":"2026-10-09T19:45:00Z","tipo":"Ataque","arma":"Artillería y tanques","cameo":"194","severidad":3,"lugar":"Moscow, Moskva, Russia","pais_iso3":"RUS","precision":"ciudad","actores":"United Kingdom → Russia","articulos":4,"via":"GDELT 2.0 (evento codificado; el título sale del enlace)"}},{"type":"Feature","geometry":{"type":"Point","coordinates":[34.333,31.417]},"properties":{"title":"University university one voice for gaza msa event","url":"https://dailytarheel.com/484848/university/university-one-voice-for-gaza-msa-event/","source":"dailytarheel.com","date":"2026-10-09T19:45:00Z","tipo":"Ataque","arma":"Artillería y tanques","cameo":"194","severidad":4,"lugar":"Gaza, Israel (general), Israel","pais_iso3":"PSE","precision":"ciudad","actores":"United Nations → Palestine","articulos":10,"via":"GDELT 2.0 (evento codificado; el título sale del enlace)"}},{"type":"Feature","geometry":{"type":"Point","coordinates":[-78.575,34.714]},"properties":{"title":"Military aircraft catches fire makes emergency landing north carolina forest","url":"https://www.wbtv.com/2026/10/09/military-aircraft-catches-fire-makes-emergency-landing-north-carolina-forest/","source":"www.wbtv.com","date":"2026-10-09T19:30:00Z","tipo":"Ataque","arma":"Ataque aéreo","cameo":"195","severidad":3,"lugar":"Bladen Lakes State Forest, North Carolina, United States","pais_iso3":"USA","precision":"ciudad","actores":"Military","articulos":3,"via":"GDELT 2.0 (evento codificado; el título sale del enlace)"}},{"type":"Feature","geometry":{"type":"Point","coordinates":[36.572,28.4]},"properties":{"title":"Ataque aéreo: Omani (Tabuk, Tabuk, Saudi Arabia)","url":"https://www.jpost.com/middle-east/article-911183","source":"www.jpost.com","date":"2026-10-09T19:15:00Z","tipo":"Ataque","arma":"Ataque aéreo","cameo":"195","severidad":3,"lugar":"Tabuk, Tabuk, Saudi Arabia","pais_iso3":"SAU","precision":"ciudad","actores":"Omani","articulos":8,"via":"GDELT 2.0 (evento codificado; el título sale del enlace)"}},{"type":"Feature","geometry":{"type":"Point","coordinates":[37.616,55.752]},"properties":{"title":"International russian drones harass moldova html","url":"https://english.elpais.com/international/2026-10-09/russian-drones-harass-moldova.html","source":"english.elpais.com","date":"2026-10-09T19:00:00Z","tipo":"Ataque","arma":"Drones","cameo":"195","severidad":3,"lugar":"Kremlin, Moskva, Russia","pais_iso3":"RUS","precision":"ciudad","actores":"European → Russia","articulos":3,"via":"GDELT 2.0 (evento codificado; el título sale del enlace)"}},{"type":"Feature","geometry":{"type":"Point","coordinates":[34.333,31.417]},"properties":{"title":"Hamas beyond gaza strategic significance greece cyprus case","url":"https://www.algemeiner.com/2026/10/09/hamas-beyond-gaza-strategic-significance-greece-cyprus-case/","source":"www.algemeiner.com","date":"2026-10-09T18:45:00Z","tipo":"Ataque","arma":"Bomba","cameo":"183","severidad":3,"lugar":"Gaza, Israel (general), Israel","pais_iso3":"PSE","precision":"ciudad","actores":"Cypriot → Cyprus","articulos":8,"via":"GDELT 2.0 (evento codificado; el título sale del enlace)"}},{"type":"Feature","geometry":{"type":"Point","coordinates":[-117.157,32.715]},"properties":{"title":"Article babies the uss lincoln","url":"https://baptistnews.com/article/122-babies-the-uss-lincoln/","source":"baptistnews.com","date":"2026-10-09T18:30:00Z","tipo":"Ataque","arma":"Ataque aéreo","cameo":"195","severidad":3,"lugar":"San Diego, California, United States","pais_iso3":"USA","precision":"ciudad","actores":"Military","articulos":6,"via":"GDELT 2.0 (evento codificado; el título sale del enlace)"}},{"type":"Feature","geometry":{"type":"Point","coordinates":[32.0,49.0]},"properties":{"title":"News article russian government planes left trapped air unable land amid ukrainian drone attacks moscow html","url":"https://www.dailymail.com/news/article-16197065/Russian-government-planes-left-trapped-air-unable-land-amid-Ukrainian-drone-attacks-Moscow.html","source":"www.dailymail.com","date":"2026-10-09T18:15:00Z","tipo":"Ataque","arma":"Drones","cameo":"195","severidad":3,"lugar":"Ukraine","pais_iso3":"UKR","precision":"país","actores":"Russian → Ukrainian","articulos":6,"via":"GDELT 2.0 (evento codificado; el título sale del enlace)"}},{"type":"Feature","geometry":{"type":"Point","coordinates":[-98.579,39.828]},"properties":{"title":"Samj rubio amnesty international justine bateman","url":"https://twitchy.com/samj/2026/10/09/rubio-amnesty-international-justine-bateman-n2433126","source":"twitchy.com","date":"2026-10-09T17:45:00Z","tipo":"Ataque","arma":"Coche bomba","cameo":"1832","severidad":4,"lugar":"United States","pais_iso3":"USA","precision":"país","actores":"Regime","articulos":3,"via":"GDELT 2.0 (evento codificado; el título sale del enlace)"}},{"type":"Feature","geometry":{"type":"Point","coordinates":[46.773,24.641]},"properties":{"title":"Missile strike reportedly hits jeddah satellite imagery signals fresh attacks saudi arabia","url":"https://pakobserver.net/missile-strike-reportedly-hits-jeddah-as-satellite-imagery-signals-fresh-attacks-in-saudi-arabia/","source":"pakobserver.net","date":"2026-10-09T17:45:00Z","tipo":"Ataque","arma":"Misiles o cohetes","cameo":"195","severidad":3,"lugar":"Riyadh, Ar Riya?, Saudi Arabia","pais_iso3":"SAU","precision":"ciudad","actores":"Riyadh → Authorities","articulos":3,"via":"GDELT 2.0 (evento codificado; el título sale del enlace)"}},{"type":"Feature","geometry":{"type":"Point","coordinates":[39.826,21.427]},"properties":{"title":"World mena iran standoff what uae residents need know this evening october","url":"https://gulfnews.com/world/mena/us-iran-standoff-what-uae-residents-need-to-know-this-evening-october-9-2026-1.500704947","source":"gulfnews.com","date":"2026-10-09T17:45:00Z","tipo":"Ataque","arma":"Ataque aéreo","cameo":"195","severidad":3,"lugar":"Mecca, Makkah, Saudi Arabia","pais_iso3":"SAU","precision":"ciudad","actores":"Saudi Arabia → Riyadh","articulos":3,"via":"GDELT 2.0 (evento codificado; el título sale del enlace)"}},{"type":"Feature","geometry":{"type":"Point","coordinates":[-0.117,51.5]},"properties":{"title":"World lord sarfraz calls minister designate houthis terror group after riyadh airport attack","url":"https://www.arabnews.com/world/lord-sarfraz-calls-on-uk-minister-to-designate-houthis-as-terror-group-after-riyadh-airport-attack-3005501","source":"www.arabnews.com","date":"2026-10-09T17:30:00Z","tipo":"Ataque","arma":"Artillería y tanques","cameo":"194","severidad":4,"lugar":"London, London, City of, United Kingdom","pais_iso3":"GBR","precision":"ciudad","actores":"United Kingdom → Minist","articulos":10,"via":"GDELT 2.0 (evento codificado; el título sale del enlace)"}},{"type":"Feature","geometry":{"type":"Point","coordinates":[33.0,35.0]},"properties":{"title":"News royal navy warship hms dragon spotted off isle wight","url":"https://www.countypress.co.uk/news/26624283.royal-navy-warship-hms-dragon-spotted-off-isle-wight/","source":"www.countypress.co.uk","date":"2026-10-09T17:30:00Z","tipo":"Ataque","arma":"Artillería y tanques","cameo":"194","severidad":4,"lugar":"Cyprus","pais_iso3":"CYP","precision":"país","actores":"Yemen","articulos":10,"via":"GDELT 2.0 (evento codificado; el título sale del enlace)"}},{"type":"Feature","geometry":{"type":"Point","coordinates":[47.5,15.5]},"properties":{"title":"Story viral visuals not show houthi attack riyadhs king khalid airport","url":"https://tribune.com.pk/story/2633916/viral-visuals-do-not-show-houthi-attack-on-riyadhs-king-khalid-airport","source":"tribune.com.pk","date":"2026-10-09T17:00:00Z","tipo":"Ataque","arma":"Artillería y tanques","cameo":"194","severidad":3,"lugar":"Yemen","pais_iso3":"YEM","precision":"país","actores":"Saudi → Military","articulos":8,"via":"GDELT 2.0 (evento codificado; el título sale del enlace)"}},{"type":"Feature","geometry":{"type":"Point","coordinates":[80.172,12.626]},"properties":{"title":"For indian communities fishmeal factories bring pollution danger and protests","url":"https://news.mongabay.com/2026/10/for-indian-communities-fishmeal-factories-bring-pollution-danger-and-protests/","source":"news.mongabay.com","date":"2026-10-09T16:45:00Z","tipo":"Ataque","arma":"Bomba","cameo":"183","severidad":4,"lugar":"Mahabalipuram, Tamil Nadu, India","pais_iso3":"IND","precision":"ciudad","actores":"Company → Migrant Worker","articulos":10,"via":"GDELT 2.0 (evento codificado; el título sale del enlace)"}},{"type":"Feature","geometry":{"type":"Point","coordinates":[35.1,31.533]},"properties":{"title":"News israeli settler attacks target palestinian olive harvest west bank","url":"https://www.aljazeera.com/news/2026/10/9/israeli-settler-attacks-target-palestinian-olive-harvest-in-west-bank","source":"www.aljazeera.com","date":"2026-10-09T16:45:00Z","tipo":"Ataque","arma":"Ataque aéreo","cameo":"195","severidad":3,"lugar":"Hebron, Israel (general), Israel","pais_iso3":"PSE","precision":"ciudad","actores":"Israeli → West Bank","articulos":6,"via":"GDELT 2.0 (evento codificado; el título sale del enlace)"}},{"type":"Feature","geometry":{"type":"Point","coordinates":[51.533,25.287]},"properties":{"title":"Article latest news qatar strongly condemns houthi attacks riyadh airport saudi airlines aircraft","url":"https://www.qatar-tribune.com/article/258398/latest-news/qatar-strongly-condemns-houthi-attacks-on-riyadh-airport-saudi-airlines-aircraft","source":"www.qatar-tribune.com","date":"2026-10-09T16:45:00Z","tipo":"Ataque","arma":"Ataque aéreo","cameo":"195","severidad":3,"lugar":"Doha, Ad Daw?ah, Qatar","pais_iso3":"QAT","precision":"ciudad","actores":"Doha → Saudi Arabia","articulos":3,"via":"GDELT 2.0 (evento codificado; el título sale del enlace)"}},{"type":"Feature","geometry":{"type":"Point","coordinates":[34.333,31.417]},"properties":{"title":"News canada journal under review oct attack","url":"https://nationalpost.com/news/canada/journal-under-review-oct-7-attack","source":"nationalpost.com","date":"2026-10-09T16:15:00Z","tipo":"Ataque","arma":"Artillería y tanques","cameo":"194","severidad":4,"lugar":"Gaza, Israel (general), Israel","pais_iso3":"PSE","precision":"ciudad","actores":"Hamas → Israel","articulos":10,"via":"GDELT 2.0 (evento codificado; el título sale del enlace)"}},{"type":"Feature","geometry":{"type":"Point","coordinates":[100.0,60.0]},"properties":{"title":"View more civilians killed ukraine kyiv struggles stop","url":"https://article.wn.com/view/2026/10/09/More_civilians_killed_in_Ukraine_as_Kyiv_struggles_to_stop_R/","source":"article.wn.com","date":"2026-10-09T16:00:00Z","tipo":"Ataque","arma":"Ataque aéreo","cameo":"195","severidad":3,"lugar":"Russia","pais_iso3":"RUS","precision":"país","actores":"Civilian → Russian","articulos":8,"via":"GDELT 2.0 (evento codificado; el título sale del enlace)"}},{"type":"Feature","geometry":{"type":"Point","coordinates":[46.773,24.641]},"properties":{"title":"Plane billows smoke riyadh airport houthis escalate attacks","url":"https://kaieteurnewsonline.com/2026/10/09/plane-billows-smoke-at-riyadh-airport-as-houthis-escalate-attacks/","source":"kaieteurnewsonline.com","date":"2026-10-09T15:45:00Z","tipo":"Ataque","arma":"Artillería y tanques","cameo":"194","severidad":3,"lugar":"Riyadh, Ar Riya?, Saudi Arabia","pais_iso3":"SAU","precision":"ciudad","actores":"Saudi → Riyadh","articulos":6,"via":"GDELT 2.0 (evento codificado; el título sale del enlace)"}},{"type":"Feature","geometry":{"type":"Point","coordinates":[37.616,55.752]},"properties":{"title":"Swedish government launches first patriot mission poland","url":"https://breakingdefense.com/2026/10/swedish-government-launches-first-patriot-mission-to-poland/","source":"breakingdefense.com","date":"2026-10-09T15:30:00Z","tipo":"Ataque","arma":"Ataque aéreo","cameo":"195","severidad":3,"lugar":"Moscow, Moskva, Russia","pais_iso3":"RUS","precision":"ciudad","actores":"Germany → Company","articulos":3,"via":"GDELT 2.0 (evento codificado; el título sale del enlace)"}},{"type":"Feature","geometry":{"type":"Point","coordinates":[91.204,23.458]},"properties":{"title":"News world asia bangladesh condemns houthi attacks civilian infrastructure saudi","url":"https://aninews.in/news/world/asia/bangladesh-condemns-houthi-attacks-on-civilian-infrastructure-in-saudi-arabia20261009204147/","source":"aninews.in","date":"2026-10-09T15:30:00Z","tipo":"Ataque","arma":"Artillería y tanques","cameo":"194","severidad":3,"lugar":"Comilla, Chittagong, Bangladesh","pais_iso3":"BGD","precision":"ciudad","actores":"Saudi Arabia → Bangladesh","articulos":6,"via":"GDELT 2.0 (evento codificado; el título sale del enlace)"}},{"type":"Feature","geometry":{"type":"Point","coordinates":[-75.7,45.417]},"properties":{"title":"News world asia strongly condemn all anti india activities mea condemns sfjs edmonton","url":"https://aninews.in/news/world/asia/we-strongly-condemn-all-anti-india-activities-mea-condemns-sfjs-edmonton-referendum20261009195143/","source":"aninews.in","date":"2026-10-09T15:30:00Z","tipo":"Ataque","arma":"Ataque aéreo","cameo":"195","severidad":3,"lugar":"Ottawa, Ontario, Canada","pais_iso3":"CAN","precision":"ciudad","actores":"Intelligence → Canadian","articulos":3,"via":"GDELT 2.0 (evento codificado; el título sale del enlace)"}},{"type":"Feature","geometry":{"type":"Point","coordinates":[-98.288,41.129]},"properties":{"title":"Donald trump warning sign midterm elections races shift democrats cook political report","url":"https://www.newsweek.com/donald-trump-warning-sign-midterm-elections-18-races-shift-democrats-cook-political-report-12546449","source":"www.newsweek.com","date":"2026-10-09T15:30:00Z","tipo":"Ataque","arma":"Ataque aéreo","cameo":"195","severidad":3,"lugar":"Nebraska, United States","pais_iso3":"USA","precision":"estado","actores":"Indiana → Victoria","articulos":3,"via":"GDELT 2.0 (evento codificado; el título sale del enlace)"}},{"type":"Feature","geometry":{"type":"Point","coordinates":[32.979,45.478]},"properties":{"title":"Cis countries more than flights delayed canceled moscow airports past hours","url":"https://en.apa.az/cis-countries/more-than-370-flights-delayed-62-canceled-at-moscow-airports-in-past-24-hours-529186","source":"en.apa.az","date":"2026-10-09T15:15:00Z","tipo":"Ataque","arma":"Ataque aéreo","cameo":"195","severidad":3,"lugar":"Vnukovo, Krym, Avtonomna Respublika, Ukraine","pais_iso3":"RUS","precision":"ciudad","actores":"Ukrainian","articulos":8,"via":"GDELT 2.0 (evento codificado; el título sale del enlace)"}},{"type":"Feature","geometry":{"type":"Point","coordinates":[43.35,12.583]},"properties":{"title":"Artillería y tanques: Djibouti (Bab El-Mandeb, , Djibouti)","url":"https://www.israelnationalnews.com/news/434363","source":"www.israelnationalnews.com","date":"2026-10-09T15:00:00Z","tipo":"Ataque","arma":"Artillería y tanques","cameo":"194","severidad":3,"lugar":"Bab El-Mandeb, , Djibouti","pais_iso3":"","precision":"ciudad","actores":"Djibouti","articulos":5,"via":"GDELT 2.0 (evento codificado; el título sale del enlace)"}},{"type":"Feature","geometry":{"type":"Point","coordinates":[-0.467,53.033]},"properties":{"title":"How military exercises help the and its allies prepare for future war","url":"https://theconversation.com/how-military-exercises-help-the-uk-and-its-allies-prepare-for-a-future-war-293374","source":"theconversation.com","date":"2026-10-09T15:00:00Z","tipo":"Ataque","arma":"Artillería y tanques","cameo":"194","severidad":4,"lugar":"Cranwell, Lincolnshire, United Kingdom","pais_iso3":"GBR","precision":"ciudad","actores":"Naval","articulos":10,"via":"GDELT 2.0 (evento codificado; el título sale del enlace)"}},{"type":"Feature","geometry":{"type":"Point","coordinates":[44.109,17.032]},"properties":{"title":"Ataque aéreo: Military → Yemen (Kitaf, Sadah, Yemen)","url":"https://www.israelnationalnews.com/news/434363","source":"www.israelnationalnews.com","date":"2026-10-09T15:00:00Z","tipo":"Ataque","arma":"Ataque aéreo","cameo":"195","severidad":3,"lugar":"Kitaf, Sadah, Yemen","pais_iso3":"YEM","precision":"ciudad","actores":"Military → Yemen","articulos":7,"via":"GDELT 2.0 (evento codificado; el título sale del enlace)"}},{"type":"Feature","geometry":{"type":"Point","coordinates":[35.359,49.187]},"properties":{"title":"News putin kyiv drown sewage","url":"https://www.the-sun.com/news/17118730/putin-kyiv-drown-sewage/","source":"www.the-sun.com","date":"2026-10-09T15:00:00Z","tipo":"Ataque","arma":"Ataque aéreo","cameo":"195","severidad":3,"lugar":"Redkino, Kharkivs'ka Oblast', Ukraine","pais_iso3":"UKR","precision":"ciudad","actores":"Russian","articulos":7,"via":"GDELT 2.0 (evento codificado; el título sale del enlace)"}},{"type":"Feature","geometry":{"type":"Point","coordinates":[30.517,50.433]},"properties":{"title":"Ukraine pushes russia back donetsk military civilian casualties soar","url":"https://dominicanrepublicpost.com/ukraine-pushes-russia-back-in-donetsk-as-military-civilian-casualties-soar/","source":"dominicanrepublicpost.com","date":"2026-10-09T15:00:00Z","tipo":"Ataque","arma":"Artillería y tanques","cameo":"194","severidad":3,"lugar":"Kyiv, Kyyiv, Misto, Ukraine","pais_iso3":"UKR","precision":"ciudad","actores":"Russian → Military","articulos":8,"via":"GDELT 2.0 (evento codificado; el título sale del enlace)"}},{"type":"Feature","geometry":{"type":"Point","coordinates":[12.833,42.833]},"properties":{"title":"Ataque aéreo: Riyadh → Yemen (Italy)","url":"https://www.israelnationalnews.com/news/434363","source":"www.israelnationalnews.com","date":"2026-10-09T15:00:00Z","tipo":"Ataque","arma":"Ataque aéreo","cameo":"195","severidad":3,"lugar":"Italy","pais_iso3":"ITA","precision":"país","actores":"Riyadh → Yemen","articulos":5,"via":"GDELT 2.0 (evento codificado; el título sale del enlace)"}},{"type":"Feature","geometry":{"type":"Point","coordinates":[81.667,18.4]},"properties":{"title":"News four indian paramilitary personnel injured accidental blast","url":"https://news.az/news/four-indian-paramilitary-personnel-injured-in-accidental-blast","source":"news.az","date":"2026-10-09T14:30:00Z","tipo":"Ataque","arma":"Bomba","cameo":"183","severidad":3,"lugar":"Sukma, Chhattisgarh, India","pais_iso3":"IND","precision":"ciudad","actores":"Paramilitary → Police Force","articulos":8,"via":"GDELT 2.0 (evento codificado; el título sale del enlace)"}},{"type":"Feature","geometry":{"type":"Point","coordinates":[77.0,20.0]},"properties":{"title":"Saudi arabia says three killed airport yemen war expands","url":"https://www.timesofearth.com/2026/10/09/saudi-arabia-says-three-killed-at-airport-as-yemen-war-expands/","source":"www.timesofearth.com","date":"2026-10-09T14:30:00Z","tipo":"Ataque","arma":"Ataque aéreo","cameo":"195","severidad":3,"lugar":"India","pais_iso3":"IND","precision":"país","actores":"Saudi","articulos":4,"via":"GDELT 2.0 (evento codificado; el título sale del enlace)"}},{"type":"Feature","geometry":{"type":"Point","coordinates":[46.773,24.641]},"properties":{"title":"Aircraft damaged riyadh airport after houthi attack html","url":"https://www.naturalnews.com/2026-10-09-aircraft-damaged-riyadh-airport-after-houthi-attack.html","source":"www.naturalnews.com","date":"2026-10-09T14:30:00Z","tipo":"Ataque","arma":"Ataque aéreo","cameo":"195","severidad":3,"lugar":"Riyadh, Ar Riya?, Saudi Arabia","pais_iso3":"SAU","precision":"ciudad","actores":"Riyadh → Reuters","articulos":6,"via":"GDELT 2.0 (evento codificado; el título sale del enlace)"}},{"type":"Feature","geometry":{"type":"Point","coordinates":[-117.157,32.715]},"properties":{"title":"Uss abraham lincoln returns san diego after long combat deployment middle east","url":"https://www.themorningsun.com/2026/10/09/uss-abraham-lincoln-returns-to-san-diego-after-long-combat-deployment-in-middle-east/","source":"www.themorningsun.com","date":"2026-10-09T14:15:00Z","tipo":"Ataque","arma":"Ataque aéreo","cameo":"195","severidad":3,"lugar":"San Diego, California, United States","pais_iso3":"USA","precision":"ciudad","actores":"Defense Secretary → Military","articulos":6,"via":"GDELT 2.0 (evento codificado; el título sale del enlace)"}},{"type":"Feature","geometry":{"type":"Point","coordinates":[46.773,24.641]},"properties":{"title":"Article world region saudi citizens killed riyadh airport attack gaca","url":"https://www.omanobserver.om/article/1197485/world/region/3-saudi-citizens-killed-in-riyadh-airport-attack-gaca","source":"www.omanobserver.om","date":"2026-10-09T14:00:00Z","tipo":"Ataque","arma":"Ataque aéreo","cameo":"195","severidad":3,"lugar":"Riyadh, Ar Riya?, Saudi Arabia","pais_iso3":"SAU","precision":"ciudad","actores":"Saudi → Riyadh","articulos":6,"via":"GDELT 2.0 (evento codificado; el título sale del enlace)"}},{"type":"Feature","geometry":{"type":"Point","coordinates":[46.696,24.958]},"properties":{"title":"Saudi pilot among three killed houthi attacks riyadh abha airports","url":"https://pakobserver.net/saudi-pilot-among-three-killed-in-houthi-attacks-on-riyadh-abha-airports/","source":"pakobserver.net","date":"2026-10-09T13:00:00Z","tipo":"Ataque","arma":"Ataque aéreo","cameo":"195","severidad":3,"lugar":"King Khalid International, Ar Riya?, Saudi Arabia","pais_iso3":"SAU","precision":"ciudad","actores":"Sanaa","articulos":3,"via":"GDELT 2.0 (evento codificado; el título sale del enlace)"}},{"type":"Feature","geometry":{"type":"Point","coordinates":[-8.0,53.0]},"properties":{"title":"Global oil market faces fresh crisis risk hormuz tanker threats rise","url":"https://leadership.ng/global-oil-market-faces-fresh-crisis-risk-as-hormuz-tanker-threats-rise/","source":"leadership.ng","date":"2026-10-09T13:00:00Z","tipo":"Ataque","arma":"Artillería","cameo":"194","severidad":3,"lugar":"Ireland","pais_iso3":"IRL","precision":"país","actores":"Diplomat","articulos":5,"via":"GDELT 2.0 (evento codificado; el título sale del enlace)"}},{"type":"Feature","geometry":{"type":"Point","coordinates":[37.616,55.752]},"properties":{"title":"World europe zelenskyy blasts over russia ties strikes kill ukraine","url":"https://www.dailysabah.com/world/europe/zelenskyy-blasts-us-over-russia-ties-as-strikes-kill-78-in-ukraine","source":"www.dailysabah.com","date":"2026-10-09T13:00:00Z","tipo":"Ataque","arma":"Ataque aéreo","cameo":"195","severidad":3,"lugar":"Moscow, Moskva, Russia","pais_iso3":"RUS","precision":"ciudad","actores":"Moscow → Civilian","articulos":5,"via":"GDELT 2.0 (evento codificado; el título sale del enlace)"}},{"type":"Feature","geometry":{"type":"Point","coordinates":[39.219,21.517]},"properties":{"title":"Ataque aéreo: Saudi (Jeddah, Makkah, Saudi Arabia)","url":"https://www.okaz.com.sa/local/saudi-arabia/2270017","source":"www.okaz.com.sa","date":"2026-10-09T12:45:00Z","tipo":"Ataque","arma":"Ataque aéreo","cameo":"195","severidad":3,"lugar":"Jeddah, Makkah, Saudi Arabia","pais_iso3":"SAU","precision":"ciudad","actores":"Saudi","articulos":3,"via":"GDELT 2.0 (evento codificado; el título sale del enlace)"}},{"type":"Feature","geometry":{"type":"Point","coordinates":[44.207,15.355]},"properties":{"title":"Ataque aéreo: Sanaa (Sanaa, Sana', Yemen)","url":"https://english.news.cn/20261009/4a5bea203677475b8b2934e0e494ac75/c.html","source":"english.news.cn","date":"2026-10-09T12:45:00Z","tipo":"Ataque","arma":"Ataque aéreo","cameo":"195","severidad":4,"lugar":"Sanaa, Sana', Yemen","pais_iso3":"YEM","precision":"ciudad","actores":"Sanaa","articulos":10,"via":"GDELT 2.0 (evento codificado; el título sale del enlace)"}},{"type":"Feature","geometry":{"type":"Point","coordinates":[51.515,35.75]},"properties":{"title":"Live updates iran war trump elections saudi arabia yemen houthis","url":"https://www.cbsnews.com/live-updates/iran-war-trump-us-elections-saudi-arabia-yemen-houthis/","source":"www.cbsnews.com","date":"2026-10-09T12:45:00Z","tipo":"Ataque","arma":"Ataque aéreo","cameo":"195","severidad":3,"lugar":"Tehran, Tehran, Iran","pais_iso3":"IRN","precision":"ciudad","actores":"Saudi → Iran","articulos":7,"via":"GDELT 2.0 (evento codificado; el título sale del enlace)"}},{"type":"Feature","geometry":{"type":"Point","coordinates":[46.773,24.641]},"properties":{"title":"Artillería y tanques: Militia → Major General (Riyadh, Ar Riya?, Saudi Arabia)","url":"https://www.okaz.com.sa/live/2270016","source":"www.okaz.com.sa","date":"2026-10-09T12:45:00Z","tipo":"Ataque","arma":"Artillería y tanques","cameo":"194","severidad":3,"lugar":"Riyadh, Ar Riya?, Saudi Arabia","pais_iso3":"SAU","precision":"ciudad","actores":"Militia → Major General","articulos":3,"via":"GDELT 2.0 (evento codificado; el título sale del enlace)"}},{"type":"Feature","geometry":{"type":"Point","coordinates":[34.333,31.417]},"properties":{"title":"Jns idf kills hamas commander involved holding three israeli hostages article html","url":"https://www.clevelandjewishnews.com/jns/idf-kills-hamas-commander-involved-in-holding-three-israeli-hostages/article_b8267fc2-9e09-58fd-9d92-db8a89e51996.html","source":"www.clevelandjewishnews.com","date":"2026-10-09T12:30:00Z","tipo":"Ataque","arma":"Ataque aéreo","cameo":"195","severidad":3,"lugar":"Gaza City, Israel (general), Israel","pais_iso3":"PSE","precision":"ciudad","actores":"Israeli → Terrorist","articulos":3,"via":"GDELT 2.0 (evento codificado; el título sale del enlace)"}},{"type":"Feature","geometry":{"type":"Point","coordinates":[-77.036,38.895]},"properties":{"title":"Nation world news pentagon draws new iran strike plans trump hesitates","url":"https://www.hawaiitribune-herald.com/2026/10/09/nation-world-news/pentagon-draws-up-new-iran-strike-plans-as-trump-hesitates/","source":"www.hawaiitribune-herald.com","date":"2026-10-09T12:00:00Z","tipo":"Ataque","arma":"Ataque aéreo","cameo":"195","severidad":3,"lugar":"Washington, District of Columbia, United States","pais_iso3":"USA","precision":"ciudad","actores":"Iran","articulos":4,"via":"GDELT 2.0 (evento codificado; el título sale del enlace)"}},{"type":"Feature","geometry":{"type":"Point","coordinates":[43.898,55.765]},"properties":{"title":"Artillería y tanques: Russia (Surovatikha, Nizhegorodskaya Oblast', Russia)","url":"https://en.interfax.com.ua/news/general/1217195.html","source":"en.interfax.com.ua","date":"2026-10-09T12:00:00Z","tipo":"Ataque","arma":"Artillería y tanques","cameo":"194","severidad":3,"lugar":"Surovatikha, Nizhegorodskaya Oblast', Russia","pais_iso3":"RUS","precision":"ciudad","actores":"Russia","articulos":5,"via":"GDELT 2.0 (evento codificado; el título sale del enlace)"}},{"type":"Feature","geometry":{"type":"Point","coordinates":[-3.283,57.7]},"properties":{"title":"Britannia shield air and missile defence plan","url":"https://theaviationist.com/2026/10/09/uk-britannia-shield-air-and-missile-defence-plan/","source":"theaviationist.com","date":"2026-10-09T11:45:00Z","tipo":"Ataque","arma":"Misiles o cohetes","cameo":"194","severidad":4,"lugar":"Lossiemouth, Moray, United Kingdom","pais_iso3":"GBR","precision":"ciudad","actores":"United Kingdom","articulos":10,"via":"GDELT 2.0 (evento codificado; el título sale del enlace)"}},{"type":"Feature","geometry":{"type":"Point","coordinates":[127.0,37.566]},"properties":{"title":"World south koreas lee oversees test hypersonic missile","url":"https://english.aawsat.com/world/5327662-south-koreas-lee-oversees-1st-test-hypersonic-missile","source":"english.aawsat.com","date":"2026-10-09T11:45:00Z","tipo":"Ataque","arma":"Misiles o cohetes","cameo":"194","severidad":3,"lugar":"Seoul, Soul-t'ukpyolsi, South Korea","pais_iso3":"KOR","precision":"ciudad","actores":"President","articulos":5,"via":"GDELT 2.0 (evento codificado; el título sale del enlace)"}},{"type":"Feature","geometry":{"type":"Point","coordinates":[46.773,24.641]},"properties":{"title":"News world news riyadh airport saudi arabia houthis","url":"https://www.mirror.co.uk/news/world-news/riyadh-airport-saudi-arabia-houthis-37753838","source":"www.mirror.co.uk","date":"2026-10-09T11:45:00Z","tipo":"Ataque","arma":"Ataque aéreo","cameo":"195","severidad":4,"lugar":"Riyadh, Ar Riya?, Saudi Arabia","pais_iso3":"SAU","precision":"ciudad","actores":"Riyadh → Rebel","articulos":20,"via":"GDELT 2.0 (evento codificado; el título sale del enlace)"}},{"type":"Feature","geometry":{"type":"Point","coordinates":[53.0,32.0]},"properties":{"title":"Sen murphy blocked from middle east base says administration giving its middle finger congress","url":"https://www.courant.com/2026/10/09/ct-sen-murphy-blocked-from-middle-east-base-says-administration-giving-its-middle-finger-to-congress/","source":"www.courant.com","date":"2026-10-09T11:45:00Z","tipo":"Ataque","arma":"Ataque aéreo","cameo":"195","severidad":3,"lugar":"Iran","pais_iso3":"IRN","precision":"país","actores":"American → Iran","articulos":4,"via":"GDELT 2.0 (evento codificado; el título sale del enlace)"}},{"type":"Feature","geometry":{"type":"Point","coordinates":[47.502,42.976]},"properties":{"title":"Ataque aéreo: Terrorist → Russia (Makhachkala, Dagestan, Russia)","url":"https://www.eng.kavkaz-uzel.eu/articles/79242","source":"www.eng.kavkaz-uzel.eu","date":"2026-10-09T11:30:00Z","tipo":"Ataque","arma":"Ataque aéreo","cameo":"195","severidad":3,"lugar":"Makhachkala, Dagestan, Russia","pais_iso3":"RUS","precision":"ciudad","actores":"Terrorist → Russia","articulos":6,"via":"GDELT 2.0 (evento codificado; el título sale del enlace)"}},{"type":"Feature","geometry":{"type":"Point","coordinates":[-77.036,38.895]},"properties":{"title":"News south korea tests first domestic hypersonic missile","url":"https://dailypioneer.com/news/south-korea-tests-first-domestic-hypersonic-missile","source":"dailypioneer.com","date":"2026-10-09T11:15:00Z","tipo":"Ataque","arma":"Misiles o cohetes","cameo":"194","severidad":3,"lugar":"Washington, District of Columbia, United States","pais_iso3":"USA","precision":"ciudad","actores":"North Korea → Japan","articulos":8,"via":"GDELT 2.0 (evento codificado; el título sale del enlace)"}},{"type":"Feature","geometry":{"type":"Point","coordinates":[23.733,37.983]},"properties":{"title":"World workers seriously injured explosion oil refinery near athens officials say","url":"https://www.winnipegfreepress.com/world/2026/10/09/2-workers-seriously-injured-in-an-explosion-at-oil-refinery-near-athens-officials-say","source":"www.winnipegfreepress.com","date":"2026-10-09T11:15:00Z","tipo":"Ataque","arma":"Bomba","cameo":"183","severidad":4,"lugar":"Athens, AttikíR, Greece","pais_iso3":"GRC","precision":"ciudad","actores":"Athens → Worker","articulos":10,"via":"GDELT 2.0 (evento codificado; el título sale del enlace)"}},{"type":"Feature","geometry":{"type":"Point","coordinates":[44.207,15.355]},"properties":{"title":"Houthi missile strikes kill three riyadh airport including airline captain","url":"https://www.euronews.com/2026/10/09/houthi-missile-strikes-kill-three-at-riyadh-airport-including-airline-captain","source":"www.euronews.com","date":"2026-10-09T11:00:00Z","tipo":"Ataque","arma":"Misiles o cohetes","cameo":"194","severidad":4,"lugar":"Sanaa, Sana', Yemen","pais_iso3":"YEM","precision":"ciudad","actores":"Saudi","articulos":10,"via":"GDELT 2.0 (evento codificado; el título sale del enlace)"}},{"type":"Feature","geometry":{"type":"Point","coordinates":[35.51,33.872]},"properties":{"title":"News world saudi authorities","url":"https://www.wgauradio.com/news/world/saudi-authorities/NG4BYBTKQ4Z7BHJXJV6NJ75CXA/","source":"www.wgauradio.com","date":"2026-10-09T11:00:00Z","tipo":"Ataque","arma":"Ataque aéreo","cameo":"195","severidad":3,"lugar":"Beirut, Beyrouth, Lebanon","pais_iso3":"LBN","precision":"ciudad","actores":"Saudi → Riyadh","articulos":4,"via":"GDELT 2.0 (evento codificado; el título sale del enlace)"}},{"type":"Feature","geometry":{"type":"Point","coordinates":[46.696,24.958]},"properties":{"title":"News middle east middle east","url":"https://www.rte.ie/news/middle-east/2026/1009/1594715-middle-east/","source":"www.rte.ie","date":"2026-10-09T11:00:00Z","tipo":"Ataque","arma":"Ataque aéreo","cameo":"195","severidad":3,"lugar":"King Khalid International, Ar Riya?, Saudi Arabia","pais_iso3":"SAU","precision":"ciudad","actores":"Ankara → Saudi Arabia","articulos":6,"via":"GDELT 2.0 (evento codificado; el título sale del enlace)"}},{"type":"Feature","geometry":{"type":"Point","coordinates":[43.741,15.507]},"properties":{"title":"Iran war trump taco ansarallah saudi airports hegseth musk lucky html","url":"https://www.nakedcapitalism.com/2026/10/iran-war-trump-taco-ansarallah-saudi-airports-hegseth-musk-lucky.html","source":"www.nakedcapitalism.com","date":"2026-10-09T10:45:00Z","tipo":"Ataque","arma":"Ataque aéreo","cameo":"195","severidad":3,"lugar":"Islah, Al Ma?wit, Yemen","pais_iso3":"YEM","precision":"ciudad","actores":"Civilian","articulos":7,"via":"GDELT 2.0 (evento codificado; el título sale del enlace)"}},{"type":"Feature","geometry":{"type":"Point","coordinates":[44.0,33.0]},"properties":{"title":"Defence predator reaper how the two military drones compare article html","url":"https://www.moneycontrol.com/defence/predator-vs-mq-9-reaper-how-the-two-us-military-drones-compare-2-article-14048583.html","source":"www.moneycontrol.com","date":"2026-10-09T10:45:00Z","tipo":"Ataque","arma":"Drones","cameo":"195","severidad":4,"lugar":"Iraq","pais_iso3":"IRQ","precision":"país","actores":"The Us → Retired","articulos":10,"via":"GDELT 2.0 (evento codificado; el título sale del enlace)"}},{"type":"Feature","geometry":{"type":"Point","coordinates":[10.5,51.5]},"properties":{"title":"Ataque aéreo: Army → Washington (Germany)","url":"https://www.insurancejournal.com/news/east/2026/10/09/888535.htm","source":"www.insurancejournal.com","date":"2026-10-09T10:00:00Z","tipo":"Ataque","arma":"Ataque aéreo","cameo":"195","severidad":3,"lugar":"Germany","pais_iso3":"DEU","precision":"país","actores":"Army → Washington","articulos":4,"via":"GDELT 2.0 (evento codificado; el título sale del enlace)"}},{"type":"Feature","geometry":{"type":"Point","coordinates":[34.333,31.417]},"properties":{"title":"Ataque aéreo: Japan (Gaza, Israel (general), Israel)","url":"https://www.israelnationalnews.com/news/434350","source":"www.israelnationalnews.com","date":"2026-10-09T10:00:00Z","tipo":"Ataque","arma":"Ataque aéreo","cameo":"195","severidad":3,"lugar":"Gaza, Israel (general), Israel","pais_iso3":"PSE","precision":"ciudad","actores":"Japan","articulos":3,"via":"GDELT 2.0 (evento codificado; el título sale del enlace)"}},{"type":"Feature","geometry":{"type":"Point","coordinates":[46.696,24.958]},"properties":{"title":"Article world saudia confirms pilot killed aircraft damaged riyadh airport attack","url":"https://www.omanobserver.om/article/1197484/world/saudia-confirms-pilot-killed-aircraft-damaged-in-riyadh-airport-attack","source":"www.omanobserver.om","date":"2026-10-09T10:00:00Z","tipo":"Ataque","arma":"Ataque aéreo","cameo":"195","severidad":3,"lugar":"King Khalid International, Ar Riya?, Saudi Arabia","pais_iso3":"SAU","precision":"ciudad","actores":"Riyadh","articulos":7,"via":"GDELT 2.0 (evento codificado; el título sale del enlace)"}},{"type":"Feature","geometry":{"type":"Point","coordinates":[39.219,21.517]},"properties":{"title":"War iran houthis riyadh airport","url":"https://eaworldview.com/2026/10/us-war-iran-houthis-riyadh-airport/","source":"eaworldview.com","date":"2026-10-09T09:30:00Z","tipo":"Ataque","arma":"Ataque aéreo","cameo":"195","severidad":3,"lugar":"Jeddah, Makkah, Saudi Arabia","pais_iso3":"SAU","precision":"ciudad","actores":"Saudi","articulos":5,"via":"GDELT 2.0 (evento codificado; el título sale del enlace)"}},{"type":"Feature","geometry":{"type":"Point","coordinates":[-77.036,38.895]},"properties":{"title":"Deploys warships middle east amid iran tensions report","url":"https://www.samaa.tv/2087358211-us-deploys-12-warships-to-middle-east-amid-iran-tensions-report","source":"www.samaa.tv","date":"2026-10-09T08:45:00Z","tipo":"Ataque","arma":"Ataque aéreo","cameo":"195","severidad":4,"lugar":"Washington, District of Columbia, United States","pais_iso3":"USA","precision":"ciudad","actores":"Wall Street Journal → A Us","articulos":10,"via":"GDELT 2.0 (evento codificado; el título sale del enlace)"}},{"type":"Feature","geometry":{"type":"Point","coordinates":[46.773,24.641]},"properties":{"title":"Pia suspends flights saudi arabias riyadh amid houthi attacks","url":"https://pakobserver.net/pia-suspends-flights-to-saudi-arabias-riyadh-amid-houthi-attacks/","source":"pakobserver.net","date":"2026-10-09T08:30:00Z","tipo":"Ataque","arma":"Ataque aéreo","cameo":"195","severidad":3,"lugar":"Riyadh, Ar Riya?, Saudi Arabia","pais_iso3":"SAU","precision":"ciudad","actores":"Islamabad → Saudi Arabia","articulos":7,"via":"GDELT 2.0 (evento codificado; el título sale del enlace)"}},{"type":"Feature","geometry":{"type":"Point","coordinates":[32.0,49.0]},"properties":{"title":"Ataque aéreo: Ukraine (Ukraine)","url":"https://en.interfax.com.ua/news/general/1216929.html","source":"en.interfax.com.ua","date":"2026-10-09T08:30:00Z","tipo":"Ataque","arma":"Ataque aéreo","cameo":"195","severidad":3,"lugar":"Ukraine","pais_iso3":"UKR","precision":"país","actores":"Ukraine","articulos":5,"via":"GDELT 2.0 (evento codificado; el título sale del enlace)"}},{"type":"Feature","geometry":{"type":"Point","coordinates":[8.512,7.741]},"properties":{"title":"Panel begins probe naf plane crash","url":"https://thenationonlineng.net/panel-begins-probe-of-naf-plane-crash/","source":"thenationonlineng.net","date":"2026-10-09T08:15:00Z","tipo":"Ataque","arma":"Ataque aéreo","cameo":"195","severidad":3,"lugar":"Makurdi, Benue, Nigeria","pais_iso3":"NGA","precision":"ciudad","actores":"Nigeria","articulos":4,"via":"GDELT 2.0 (evento codificado; el título sale del enlace)"}},{"type":"Feature","geometry":{"type":"Point","coordinates":[120.55,16.45]},"properties":{"title":"Theaters asia pacific philippines missile drone attacks html","url":"https://www.stripes.com/theaters/asia_pacific/2026-10-09/philippines-missile-drone-attacks-23099020.html","source":"www.stripes.com","date":"2026-10-09T08:15:00Z","tipo":"Ataque","arma":"Misiles o cohetes","cameo":"194","severidad":4,"lugar":"Philippine, Benguet, Philippines","pais_iso3":"PHL","precision":"ciudad","actores":"Army → Philippine","articulos":10,"via":"GDELT 2.0 (evento codificado; el título sale del enlace)"}},{"type":"Feature","geometry":{"type":"Point","coordinates":[30.517,50.433]},"properties":{"title":"Ukraine fortifies its filling stations against russian attacks","url":"https://whbl.com/2026/10/09/ukraine-fortifies-its-filling-stations-against-russian-attacks/","source":"whbl.com","date":"2026-10-09T08:00:00Z","tipo":"Ataque","arma":"Ataque aéreo","cameo":"195","severidad":3,"lugar":"Kyiv, Kyyiv, Misto, Ukraine","pais_iso3":"UKR","precision":"ciudad","actores":"Russia → Kyiv","articulos":3,"via":"GDELT 2.0 (evento codificado; el título sale del enlace)"}},{"type":"Feature","geometry":{"type":"Point","coordinates":[34.767,32.067]},"properties":{"title":"Israel award brave indian pilot captain smit machchhar with presidential award for civilian heroism","url":"https://ianslive.in/israel-to-award-brave-indian-pilot-captain-smit-machchhar-with-presidential-award-for-civilian-heroism--20261009124502","source":"ianslive.in","date":"2026-10-09T07:45:00Z","tipo":"Ataque","arma":"Ataque aéreo","cameo":"195","severidad":3,"lugar":"Tel Aviv, Tel Aviv, Israel","pais_iso3":"ISR","precision":"ciudad","actores":"Captain","articulos":3,"via":"GDELT 2.0 (evento codificado; el título sale del enlace)"}},{"type":"Feature","geometry":{"type":"Point","coordinates":[46.773,24.641]},"properties":{"title":"News saudi arabia intercepts three ballistic missiles launched houthis","url":"https://tradearabia.com:443/News/487738/Saudi-Arabia-intercepts-three-ballistic-missiles-launched-by-Houthis","source":"tradearabia.com:443","date":"2026-10-09T07:45:00Z","tipo":"Ataque","arma":"Misiles o cohetes","cameo":"194","severidad":4,"lugar":"Riyadh, Ar Riya?, Saudi Arabia","pais_iso3":"SAU","precision":"ciudad","actores":"Saudi Arabia","articulos":16,"via":"GDELT 2.0 (evento codificado; el título sale del enlace)"}},{"type":"Feature","geometry":{"type":"Point","coordinates":[51.515,35.75]},"properties":{"title":"And iran prepare for renewed war diplomacy stalls and military forces build","url":"https://slguardian.org/us-and-iran-prepare-for-renewed-war-as-diplomacy-stalls-and-military-forces-build-up/","source":"slguardian.org","date":"2026-10-09T07:30:00Z","tipo":"Ataque","arma":"Ataque aéreo","cameo":"195","severidad":3,"lugar":"Tehran, Tehran, Iran","pais_iso3":"IRN","precision":"ciudad","actores":"Fighter Jet","articulos":3,"via":"GDELT 2.0 (evento codificado; el título sale del enlace)"}},{"type":"Feature","geometry":{"type":"Point","coordinates":[-9.5,6.5]},"properties":{"title":"Ataque aéreo: Tanker (Liberia)","url":"https://www.eng.kavkaz-uzel.eu/articles/79238","source":"www.eng.kavkaz-uzel.eu","date":"2026-10-09T07:15:00Z","tipo":"Ataque","arma":"Ataque aéreo","cameo":"195","severidad":3,"lugar":"Liberia","pais_iso3":"LBR","precision":"país","actores":"Tanker","articulos":4,"via":"GDELT 2.0 (evento codificado; el título sale del enlace)"}},{"type":"Feature","geometry":{"type":"Point","coordinates":[53.0,32.0]},"properties":{"title":"Article ksl truth test fact checking debate claims utahs congressional district","url":"https://www.ksl.com:443/article/51634264/ksl-truth-test-fact-checking-debate-claims-in-utahs-4th-congressional-district","source":"www.ksl.com:443","date":"2026-10-09T07:15:00Z","tipo":"Ataque","arma":"Artillería y tanques","cameo":"194","severidad":3,"lugar":"Iran","pais_iso3":"IRN","precision":"país","actores":"Iran → United States","articulos":8,"via":"GDELT 2.0 (evento codificado; el título sale del enlace)"}},{"type":"Feature","geometry":{"type":"Point","coordinates":[39.714,47.236]},"properties":{"title":"Ataque aéreo: Russia (Rostov, Rostovskaya Oblast', Russia)","url":"https://www.eng.kavkaz-uzel.eu/articles/79237","source":"www.eng.kavkaz-uzel.eu","date":"2026-10-09T07:15:00Z","tipo":"Ataque","arma":"Ataque aéreo","cameo":"195","severidad":3,"lugar":"Rostov, Rostovskaya Oblast', Russia","pais_iso3":"RUS","precision":"ciudad","actores":"Russia","articulos":8,"via":"GDELT 2.0 (evento codificado; el título sale del enlace)"}},{"type":"Feature","geometry":{"type":"Point","coordinates":[39.826,21.427]},"properties":{"title":"Story shehbaz condemns houthi attacks saudi arabia calls for immediate halt","url":"https://tribune.com.pk/story/2633851/pm-shehbaz-condemns-houthi-attacks-on-saudi-arabia-calls-for-immediate-halt","source":"tribune.com.pk","date":"2026-10-09T07:00:00Z","tipo":"Ataque","arma":"Ataque aéreo","cameo":"195","severidad":4,"lugar":"Makkah, Makkah, Saudi Arabia","pais_iso3":"SAU","precision":"ciudad","actores":"Prime Minister → Riyadh","articulos":10,"via":"GDELT 2.0 (evento codificado; el título sale del enlace)"}},{"type":"Feature","geometry":{"type":"Point","coordinates":[46.696,24.958]},"properties":{"title":"Condemns houthi attacks saudi airports","url":"https://www.radio.gov.pk/09-10-2026/pm-condemns-houthi-attacks-on-saudi-airports","source":"www.radio.gov.pk","date":"2026-10-09T07:00:00Z","tipo":"Ataque","arma":"Ataque aéreo","cameo":"195","severidad":3,"lugar":"King Khalid International, Ar Riya?, Saudi Arabia","pais_iso3":"SAU","precision":"ciudad","actores":"Prime Minister → Riyadh","articulos":6,"via":"GDELT 2.0 (evento codificado; el título sale del enlace)"}},{"type":"Feature","geometry":{"type":"Point","coordinates":[-4.25,55.833]},"properties":{"title":"News buckinghamshires terror links include isis recruits bomb plotters","url":"https://www.bucksfreepress.co.uk/news/26618914.buckinghamshires-terror-links-include-isis-recruits-bomb-plotters/","source":"www.bucksfreepress.co.uk","date":"2026-10-09T07:00:00Z","tipo":"Ataque","arma":"Bomba o explosivo","cameo":"195","severidad":3,"lugar":"Glasgow, Glasgow City, United Kingdom","pais_iso3":"GBR","precision":"ciudad","actores":"Doctor → Glasgow","articulos":7,"via":"GDELT 2.0 (evento codificado; el título sale del enlace)"}},{"type":"Feature","geometry":{"type":"Point","coordinates":[34.75,31.5]},"properties":{"title":"News israel defense artc war with iran may delay elections idf chief zamir warns live blog","url":"https://www.i24news.tv/en/news/israel/defense/artc-war-with-iran-may-delay-elections-idf-chief-zamir-warns-us-live-blog","source":"www.i24news.tv","date":"2026-10-09T07:00:00Z","tipo":"Ataque","arma":"Artillería y tanques","cameo":"194","severidad":3,"lugar":"Israel","pais_iso3":"ISR","precision":"país","actores":"Iran → Israel","articulos":8,"via":"GDELT 2.0 (evento codificado; el título sale del enlace)"}},{"type":"Feature","geometry":{"type":"Point","coordinates":[34.767,32.067]},"properties":{"title":"News analysis how october changed lebanon and hezbollahs political reality","url":"https://www.aljazeera.com/news-analysis/2026/10/9/how-october-7-changed-lebanon-and-hezbollahs-political-reality","source":"www.aljazeera.com","date":"2026-10-09T06:45:00Z","tipo":"Ataque","arma":"Artillería y tanques","cameo":"194","severidad":3,"lugar":"Tel Aviv, Tel Aviv, Israel","pais_iso3":"ISR","precision":"ciudad","actores":"Israel","articulos":5,"via":"GDELT 2.0 (evento codificado; el título sale del enlace)"}},{"type":"Feature","geometry":{"type":"Point","coordinates":[77.0,20.0]},"properties":{"title":"Defence news can warship become mini aircraft carrier india are testing two different answers articleshow cms","url":"https://timesofindia.indiatimes.com/defence/news/can-a-warship-become-a-mini-aircraft-carrier-india-us-are-testing-two-different-answers/articleshow/134812438.cms","source":"timesofindia.indiatimes.com","date":"2026-10-09T06:45:00Z","tipo":"Ataque","arma":"Ataque aéreo","cameo":"195","severidad":3,"lugar":"India","pais_iso3":"IND","precision":"país","actores":"Warship","articulos":5,"via":"GDELT 2.0 (evento codificado; el título sale del enlace)"}},{"type":"Feature","geometry":{"type":"Point","coordinates":[73.167,33.7]},"properties":{"title":"The year war afghanistan hasnt ended","url":"https://consortiumnews.com/2026/10/09/the-25-year-war-on-afghanistan-hasnt-ended/","source":"consortiumnews.com","date":"2026-10-09T06:30:00Z","tipo":"Ataque","arma":"Ataque aéreo","cameo":"195","severidad":3,"lugar":"Islamabad, Islamabad, Pakistan","pais_iso3":"PAK","precision":"ciudad","actores":"Pakistani → Civilian","articulos":7,"via":"GDELT 2.0 (evento codificado; el título sale del enlace)"}},{"type":"Feature","geometry":{"type":"Point","coordinates":[55.28,25.252]},"properties":{"title":"World israel honour indian flydubai pilot smit machchhar with civilian heroism award article html","url":"https://www.moneycontrol.com/world/israel-to-honour-indian-flydubai-pilot-smit-machchhar-with-civilian-heroism-award-article-14048078.html","source":"www.moneycontrol.com","date":"2026-10-09T06:15:00Z","tipo":"Ataque","arma":"Ataque aéreo","cameo":"195","severidad":3,"lugar":"Dubai, Dubayy, United Arab Emirates","pais_iso3":"","precision":"ciudad","actores":"Israel → Dubai","articulos":8,"via":"GDELT 2.0 (evento codificado; el título sale del enlace)"}},{"type":"Feature","geometry":{"type":"Point","coordinates":[46.696,24.958]},"properties":{"title":"News world asia akasa air extends riyadh flight cancellation till oct amid evolving security","url":"https://aninews.in/news/world/asia/akasa-air-extends-riyadh-flight-cancellation-till-oct-10-amid-evolving-security-situation20261009111325/","source":"aninews.in","date":"2026-10-09T06:15:00Z","tipo":"Ataque","arma":"Artillería y tanques","cameo":"194","severidad":4,"lugar":"King Khalid International, Ar Riya?, Saudi Arabia","pais_iso3":"SAU","precision":"ciudad","actores":"Saudi → Militia","articulos":10,"via":"GDELT 2.0 (evento codificado; el título sale del enlace)"}},{"type":"Feature","geometry":{"type":"Point","coordinates":[46.773,24.641]},"properties":{"title":"Houthi attacks disrupt saudi flights allies weigh support","url":"https://www.hurriyetdailynews.com/houthi-attacks-disrupt-saudi-flights-as-allies-weigh-support-227904","source":"www.hurriyetdailynews.com","date":"2026-10-09T06:00:00Z","tipo":"Ataque","arma":"Ataque aéreo","cameo":"195","severidad":4,"lugar":"Riyadh, Ar Riya?, Saudi Arabia","pais_iso3":"SAU","precision":"ciudad","actores":"Reuters","articulos":10,"via":"GDELT 2.0 (evento codificado; el título sale del enlace)"}},{"type":"Feature","geometry":{"type":"Point","coordinates":[46.773,24.641]},"properties":{"title":"Explainer makkah pact and defence saudi arabia","url":"https://asianews.network/explainer-makkah-pact-and-defence-of-saudi-arabia/","source":"asianews.network","date":"2026-10-09T06:00:00Z","tipo":"Ataque","arma":"Artillería y tanques","cameo":"194","severidad":3,"lugar":"Riyadh, Ar Riya?, Saudi Arabia","pais_iso3":"SAU","precision":"ciudad","actores":"Yemen","articulos":4,"via":"GDELT 2.0 (evento codificado; el título sale del enlace)"}},{"type":"Feature","geometry":{"type":"Point","coordinates":[77.0,20.0]},"properties":{"title":"News myanmar military continues airstrikes across arakan after deadly kyauktaw attack","url":"https://www.bnionline.net/en/news/myanmar-military-continues-airstrikes-across-arakan-after-deadly-kyauktaw-attack","source":"www.bnionline.net","date":"2026-10-09T05:45:00Z","tipo":"Ataque","arma":"Ataque aéreo","cameo":"195","severidad":3,"lugar":"India","pais_iso3":"IND","precision":"país","actores":"Civilian","articulos":5,"via":"GDELT 2.0 (evento codificado; el título sale del enlace)"}},{"type":"Feature","geometry":{"type":"Point","coordinates":[37.556,48.723]},"properties":{"title":"Story zelenskiy accuses inaction amid russian strikes","url":"https://www.queanbeyanage.com.au/story/9365804/zelenskiy-accuses-us-of-inaction-amid-russian-strikes/","source":"www.queanbeyanage.com.au","date":"2026-10-09T05:45:00Z","tipo":"Ataque","arma":"Artillería y tanques","cameo":"194","severidad":4,"lugar":"Kramatorsk, Donets'ka Oblast', Ukraine","pais_iso3":"UKR","precision":"ciudad","actores":"Ukraine","articulos":10,"via":"GDELT 2.0 (evento codificado; el título sale del enlace)"}},{"type":"Feature","geometry":{"type":"Point","coordinates":[34.333,31.417]},"properties":{"title":"Columnists victordavishanson genocide hypocrites","url":"https://townhall.com/columnists/victordavishanson/2026/10/09/genocide-hypocrites-n2684395","source":"townhall.com","date":"2026-10-09T05:30:00Z","tipo":"Ataque","arma":"Artillería y tanques","cameo":"194","severidad":3,"lugar":"Gaza, Israel (general), Israel","pais_iso3":"PSE","precision":"ciudad","actores":"Israel → Israel","articulos":4,"via":"GDELT 2.0 (evento codificado; el título sale del enlace)"}},{"type":"Feature","geometry":{"type":"Point","coordinates":[34.333,31.417]},"properties":{"title":"Worthington three years gaza ghetto genocidal extermination","url":"https://original.antiwar.com/worthington/2026/10/08/three-years-of-gaza-as-a-ghetto-of-genocidal-extermination/","source":"original.antiwar.com","date":"2026-10-09T05:15:00Z","tipo":"Ataque","arma":"Coche bomba","cameo":"1832","severidad":4,"lugar":"Gaza, Israel (general), Israel","pais_iso3":"PSE","precision":"ciudad","actores":"Israel","articulos":4,"via":"GDELT 2.0 (evento codificado; el título sale del enlace)"}},{"type":"Feature","geometry":{"type":"Point","coordinates":[127.0,37.566]},"properties":{"title":"East asia south korea missile test hypersonic weapon","url":"https://www.channelnewsasia.com/east-asia/south-korea-missile-test-hypersonic-weapon-6442551","source":"www.channelnewsasia.com","date":"2026-10-09T05:00:00Z","tipo":"Ataque","arma":"Misiles o cohetes","cameo":"194","severidad":4,"lugar":"Seoul, Soul-t'ukpyolsi, South Korea","pais_iso3":"KOR","precision":"ciudad","actores":"North Korea → Japan","articulos":10,"via":"GDELT 2.0 (evento codificado; el título sale del enlace)"}},{"type":"Feature","geometry":{"type":"Point","coordinates":[73.167,33.7]},"properties":{"title":"Pakistan shehbaz strongly condemns houthi attacks against saudi arabia","url":"https://dunyanews.tv/en/Pakistan/976921-pm-shehbaz-strongly-condemns-houthi-attacks-against-saudi-arabia","source":"dunyanews.tv","date":"2026-10-09T05:00:00Z","tipo":"Ataque","arma":"Ataque aéreo","cameo":"195","severidad":3,"lugar":"Islamabad, Islamabad, Pakistan","pais_iso3":"PAK","precision":"ciudad","actores":"Islamabad → Riyadh","articulos":4,"via":"GDELT 2.0 (evento codificado; el título sale del enlace)"}},{"type":"Feature","geometry":{"type":"Point","coordinates":[45.0,25.0]},"properties":{"title":"News oct iran scales hormuz attacks raising pressure","url":"https://www.texarkanagazette.com/news/2026/oct/08/iran-scales-up-hormuz-attacks-raising-pressure-on/","source":"www.texarkanagazette.com","date":"2026-10-09T04:45:00Z","tipo":"Ataque","arma":"Artillería y tanques","cameo":"194","severidad":3,"lugar":"Saudi Arabia","pais_iso3":"SAU","precision":"país","actores":"Militant → Saudi","articulos":3,"via":"GDELT 2.0 (evento codificado; el título sale del enlace)"}},{"type":"Feature","geometry":{"type":"Point","coordinates":[-77.036,38.895]},"properties":{"title":"News arrests two men for breaking into intelligence hub","url":"http://www.britainnews.net/news/279360931/uk-arrests-two-men-for-breaking-into-us-intelligence-hub","source":"www.britainnews.net","date":"2026-10-09T04:15:00Z","tipo":"Ataque","arma":"Artillería y tanques","cameo":"194","severidad":3,"lugar":"Washington, District of Columbia, United States","pais_iso3":"USA","precision":"ciudad","actores":"Police → Iran","articulos":8,"via":"GDELT 2.0 (evento codificado; el título sale del enlace)"}},{"type":"Feature","geometry":{"type":"Point","coordinates":[35.833,33.833]},"properties":{"title":"Ataque aéreo: Israeli → Lebanon (Lebanon)","url":"https://www.israelnationalnews.com/news/434333","source":"www.israelnationalnews.com","date":"2026-10-09T04:00:00Z","tipo":"Ataque","arma":"Ataque aéreo","cameo":"195","severidad":3,"lugar":"Lebanon","pais_iso3":"LBN","precision":"país","actores":"Israeli → Lebanon","articulos":6,"via":"GDELT 2.0 (evento codificado; el título sale del enlace)"}},{"type":"Feature","geometry":{"type":"Point","coordinates":[49.882,40.395]},"properties":{"title":"Artillería y tanques: Armenia → Azerbaijani (Baku, Baki*, Azerbaijan)","url":"https://www.trend.az/azerbaijan/4232361.html","source":"www.trend.az","date":"2026-10-09T03:30:00Z","tipo":"Ataque","arma":"Artillería y tanques","cameo":"194","severidad":3,"lugar":"Baku, Baki*, Azerbaijan","pais_iso3":"AZE","precision":"ciudad","actores":"Armenia → Azerbaijani","articulos":6,"via":"GDELT 2.0 (evento codificado; el título sale del enlace)"}},{"type":"Feature","geometry":{"type":"Point","coordinates":[46.864,42.469]},"properties":{"title":"Artillería y tanques: Russia → Military (Karabakh, Dagestan, Russia)","url":"https://www.trend.az/azerbaijan/4232362.html","source":"www.trend.az","date":"2026-10-09T03:30:00Z","tipo":"Ataque","arma":"Artillería y tanques","cameo":"194","severidad":3,"lugar":"Karabakh, Dagestan, Russia","pais_iso3":"RUS","precision":"ciudad","actores":"Russia → Military","articulos":6,"via":"GDELT 2.0 (evento codificado; el título sale del enlace)"}},{"type":"Feature","geometry":{"type":"Point","coordinates":[-77.393,34.588]},"properties":{"title":"Military aircraft catches fire during training exercise officials say","url":"https://www.firstalert4.com/2026/10/09/military-aircraft-catches-fire-during-training-exercise-officials-say/","source":"www.firstalert4.com","date":"2026-10-09T03:00:00Z","tipo":"Ataque","arma":"Ataque aéreo","cameo":"195","severidad":3,"lugar":"Marine Corps Base Camp Lejeune, North Carolina, United States","pais_iso3":"USA","precision":"ciudad","actores":"Military","articulos":8,"via":"GDELT 2.0 (evento codificado; el título sale del enlace)"}},{"type":"Feature","geometry":{"type":"Point","coordinates":[-111.383,56.733]},"properties":{"title":"News world russian strike buses kills frontline ukrainian city wcm","url":"https://calgarysun.com/news/world/russian-strike-on-buses-kills-30-in-frontline-ukrainian-city/wcm/1ce95f9d-5409-40fe-904f-1f4a6ba3bef0","source":"calgarysun.com","date":"2026-10-09T03:00:00Z","tipo":"Ataque","arma":"Artillería y tanques","cameo":"194","severidad":3,"lugar":"Fort Mcmurray, Alberta, Canada","pais_iso3":"CAN","precision":"ciudad","actores":"Russia → Ukraine","articulos":4,"via":"GDELT 2.0 (evento codificado; el título sale del enlace)"}},{"type":"Feature","geometry":{"type":"Point","coordinates":[39.826,21.427]},"properties":{"title":"Global iran and houthis try regain upper hand hormuz with spate new attacks html","url":"https://www.livemint.com/global/iran-and-houthis-try-to-regain-upper-hand-in-hormuz-with-spate-of-new-attacks-11791509006257.html","source":"www.livemint.com","date":"2026-10-09T02:45:00Z","tipo":"Ataque","arma":"Artillería y tanques","cameo":"194","severidad":4,"lugar":"Mecca, Makkah, Saudi Arabia","pais_iso3":"SAU","precision":"ciudad","actores":"The European Union","articulos":10,"via":"GDELT 2.0 (evento codificado; el título sale del enlace)"}},{"type":"Feature","geometry":{"type":"Point","coordinates":[-98.579,39.828]},"properties":{"title":"World news news saudi arabia airport attacks warns citizens flight disruptions tightens employee travel rules riyadh html","url":"https://www.hindustantimes.com/world-news/us-news/saudi-arabia-airport-attacks-us-warns-citizens-of-flight-disruptions-tightens-employee-travel-rules-in-riyadh-101791504400831.html","source":"www.hindustantimes.com","date":"2026-10-09T02:45:00Z","tipo":"Ataque","arma":"Ataque aéreo","cameo":"195","severidad":3,"lugar":"United States","pais_iso3":"USA","precision":"país","actores":"Saudi Arabia → Employee","articulos":5,"via":"GDELT 2.0 (evento codificado; el título sale del enlace)"}},{"type":"Feature","geometry":{"type":"Point","coordinates":[37.616,55.752]},"properties":{"title":"Strike ukrainian public bus leaves dead blackouts worsen kyiv","url":"https://www.dailyexcelsior.com/strike-on-ukrainian-public-bus-leaves-30-dead-as-blackouts-worsen-in-kyiv/","source":"www.dailyexcelsior.com","date":"2026-10-09T02:30:00Z","tipo":"Ataque","arma":"Artillería y tanques","cameo":"194","severidad":3,"lugar":"Moscow, Moskva, Russia","pais_iso3":"RUS","precision":"ciudad","actores":"Ukrainian","articulos":6,"via":"GDELT 2.0 (evento codificado; el título sale del enlace)"}},{"type":"Feature","geometry":{"type":"Point","coordinates":[125.755,39.019]},"properties":{"title":"Category world south korea test flies its first domestically developed hypersonic weapon","url":"https://japantoday.com/category/world/south-korea-test-flies-its-first-domestically-developed-hypersonic-weapon","source":"japantoday.com","date":"2026-10-09T02:00:00Z","tipo":"Ataque","arma":"Artillería y tanques","cameo":"194","severidad":3,"lugar":"Pyongyang, P'yongyang-si, North Korea","pais_iso3":"PRK","precision":"ciudad","actores":"North Korea → Japan","articulos":8,"via":"GDELT 2.0 (evento codificado; el título sale del enlace)"}},{"type":"Feature","geometry":{"type":"Point","coordinates":[47.5,15.5]},"properties":{"title":"Category world plane damaged riyadh airport houthis escalate attacks sources say","url":"https://japantoday.com/category/world/plane-damaged-at-riyadh-airport-as-houthis-escalate-attacks-sources-say","source":"japantoday.com","date":"2026-10-09T02:00:00Z","tipo":"Ataque","arma":"Ataque aéreo","cameo":"195","severidad":3,"lugar":"Yemen","pais_iso3":"YEM","precision":"país","actores":"Riyadh","articulos":8,"via":"GDELT 2.0 (evento codificado; el título sale del enlace)"}},{"type":"Feature","geometry":{"type":"Point","coordinates":[34.333,31.417]},"properties":{"title":"Israeli gunfire kills seven gaza city according rescuers","url":"https://jowhar.com/israeli-gunfire-kills-seven-in-gaza-city-according-to-rescuers/","source":"jowhar.com","date":"2026-10-09T01:45:00Z","tipo":"Ataque","arma":"Ataque aéreo","cameo":"195","severidad":3,"lugar":"Gaza, Israel (general), Israel","pais_iso3":"PSE","precision":"ciudad","actores":"Israeli → Gaza","articulos":3,"via":"GDELT 2.0 (evento codificado; el título sale del enlace)"}},{"type":"Feature","geometry":{"type":"Point","coordinates":[46.773,24.641]},"properties":{"title":"India condemns attacks saudi arabia airports advises its nationals kingdom stay indoors","url":"https://asianews.network/india-condemns-attacks-on-saudi-arabia-airports-advises-its-nationals-in-kingdom-to-stay-indoors/","source":"asianews.network","date":"2026-10-09T01:45:00Z","tipo":"Ataque","arma":"Ataque aéreo","cameo":"195","severidad":3,"lugar":"Riyadh, Ar Riya?, Saudi Arabia","pais_iso3":"SAU","precision":"ciudad","actores":"Saudi Arabia","articulos":4,"via":"GDELT 2.0 (evento codificado; el título sale del enlace)"}},{"type":"Feature","geometry":{"type":"Point","coordinates":[46.773,24.641]},"properties":{"title":"Pakistan rejects new york times report claiming air force jets being used against yemens houthis","url":"https://asianews.network/pakistan-rejects-new-york-times-report-claiming-air-force-jets-being-used-against-yemens-houthis/","source":"asianews.network","date":"2026-10-09T01:45:00Z","tipo":"Ataque","arma":"Artillería y tanques","cameo":"194","severidad":3,"lugar":"Riyadh, Ar Riya?, Saudi Arabia","pais_iso3":"SAU","precision":"ciudad","actores":"Saudi → Kingdom","articulos":8,"via":"GDELT 2.0 (evento codificado; el título sale del enlace)"}},{"type":"Feature","geometry":{"type":"Point","coordinates":[37.616,55.752]},"properties":{"title":"Ataque aéreo: Russian → Kharkiv (Moscow, Moskva, Russia)","url":"https://www.kyivpost.com/post/86521","source":"www.kyivpost.com","date":"2026-10-09T01:15:00Z","tipo":"Ataque","arma":"Ataque aéreo","cameo":"195","severidad":3,"lugar":"Moscow, Moskva, Russia","pais_iso3":"RUS","precision":"ciudad","actores":"Russian → Kharkiv","articulos":5,"via":"GDELT 2.0 (evento codificado; el título sale del enlace)"}},{"type":"Feature","geometry":{"type":"Point","coordinates":[37.616,55.752]},"properties":{"title":"News world russian strike ukrainian public buses kills people blackouts worsen kyiv article bbbe html","url":"http://www.goskagit.com/news/world/russian-strike-on-ukrainian-public-buses-kills-30-people-as-blackouts-worsen-in-kyiv/article_5a3c7d61-bbbe-56aa-993a-80b65e1d7b94.html","source":"www.goskagit.com","date":"2026-10-09T01:15:00Z","tipo":"Ataque","arma":"Artillería y tanques","cameo":"194","severidad":3,"lugar":"Moscow, Moskva, Russia","pais_iso3":"RUS","precision":"ciudad","actores":"Ukraine","articulos":4,"via":"GDELT 2.0 (evento codificado; el título sale del enlace)"}},{"type":"Feature","geometry":{"type":"Point","coordinates":[47.5,15.5]},"properties":{"title":"Artillería y tanques: Civilian (Yemen)","url":"https://www.novinite.com/view_news.php?id=240950","source":"www.novinite.com","date":"2026-10-09T00:45:00Z","tipo":"Ataque","arma":"Artillería y tanques","cameo":"194","severidad":3,"lugar":"Yemen","pais_iso3":"YEM","precision":"país","actores":"Civilian","articulos":5,"via":"GDELT 2.0 (evento codificado; el título sale del enlace)"}},{"type":"Feature","geometry":{"type":"Point","coordinates":[100.0,60.0]},"properties":{"title":"News airstrike damages hospital central ukraine","url":"http://www.philippinetimes.com/news/279360407/airstrike-damages-hospital-in-central-ukraine","source":"www.philippinetimes.com","date":"2026-10-09T00:30:00Z","tipo":"Ataque","arma":"Ataque aéreo","cameo":"194","severidad":4,"lugar":"Russia","pais_iso3":"RUS","precision":"país","actores":"Ukraine","articulos":10,"via":"GDELT 2.0 (evento codificado; el título sale del enlace)"}},{"type":"Feature","geometry":{"type":"Point","coordinates":[-84.56,43.35]},"properties":{"title":"Republican ads attack sayed for past comments positions policing and prisons","url":"https://www.factcheck.org/2026/10/republican-ads-attack-el-sayed-for-past-comments-positions-on-policing-and-prisons/","source":"www.factcheck.org","date":"2026-10-09T00:30:00Z","tipo":"Ataque","arma":"Ataque aéreo","cameo":"195","severidad":3,"lugar":"Michigan, United States","pais_iso3":"USA","precision":"estado","actores":"Michigan → Senate","articulos":7,"via":"GDELT 2.0 (evento codificado; el título sale del enlace)"}}]}