{"type":"FeatureCollection","generado_utc":"2026-10-10T23:08:09Z","fuentes":{"gdacs":"fuera de la ventana de GDACS (04:00–06:45 UTC); se usan los datos del 2026-10-10","ibtracs":"ok (5 activos, 5 agregados)"},"features":[{"type":"Feature","geometry":{"type":"Point","coordinates":[-104.6,16.8]},"properties":{"storm_name":"SIMON-26","fuente":"GDACS","alertlevel":"Red","url":"https://www.gdacs.org/report.aspx?eventid=1001335&episodeid=11&eventtype=TC","paises":"Mexico","layer":"storm_track","kind":"forecast_point"}},{"type":"Feature","geometry":{"type":"Polygon","coordinates":[[[-104.6,14.266],[-104.5517,14.2668],[-104.5034,14.2692],[-104.4552,14.2733],[-104.4072,14.279],[-104.3595,14.2863],[-104.312,14.2952],[-104.2649,14.3056],[-104.2182,14.3177],[-104.172,14.3313],[-104.1263,14.3465],[-104.0812,14.3631],[-104.0367,14.3813],[-103.9928,14.401],[-103.9498,14.4221],[-103.9075,14.4447],[-103.8661,14.4687],[-103.8255,14.4941],[-103.7905,14.5177],[-103.7874,14.5162],[-103.7552,14.5003],[-103.7223,14.4855],[-103.6889,14.4719],[-103.6551,14.4594],[-103.6208,14.448],[-103.5862,14.4378],[-103.5512,14.4287],[-103.5159,14.4209],[-103.4803,14.4142],[-103.4445,14.4087],[-103.4085,14.4045],[-103.3724,14.4014],[-103.3362,14.3996],[-103.3,14.399],[-103.2638,14.3996],[-103.2276,14.4014],[-103.1915,14.4045],[-103.1555,14.4087],[-103.1197,14.4142],[-103.0841,14.4209],[-103.0488,14.4287],[-103.0138,14.4378],[-102.9792,14.448],[-102.9449,14.4594],[-102.9111,14.4719],[-102.8777,14.4855],[-102.8448,14.5003],[-102.8126,14.5162],[-102.7809,14.5331],[-102.7498,14.5511],[-102.7194,14.5701],[-102.6897,14.5902],[-102.6608,14.6112],[-102.6608,14.6112],[-102.6446,14.6087],[-102.6086,14.6045],[-101.7086,14.5045],[-101.6725,14.5014],[-101.6363,14.4996],[-101.6,14.499],[-101.5637,14.4996],[-101.5275,14.5014],[-101.4914,14.5045],[-101.4554,14.5087],[-101.4196,14.5142],[-101.384,14.5209],[-101.3487,14.5287],[-101.3137,14.5378],[-101.279,14.548],[-101.2447,14.5594],[-101.2109,14.5719],[-101.1775,14.5855],[-101.1446,14.6003],[-101.1123,14.6162],[-101.0806,14.6331],[-101.0495,14.6511],[-101.0191,14.6701],[-100.9894,14.6902],[-100.9605,14.7112],[-100.9323,14.7332],[-100.9049,14.7561],[-100.8784,14.7799],[-100.8528,14.8046],[-100.828,14.8302],[-100.8042,14.8566],[-100.7814,14.8837],[-100.7596,14.9116],[-100.7388,14.9402],[-100.7191,14.9696],[-100.7004,14.9995],[-100.6828,15.0301],[-100.6664,15.0612],[-100.651,15.0929],[-100.6369,15.125],[-100.6239,15.1576],[-100.6121,15.1907],[-100.6015,15.2241],[-100.5921,15.2578],[-100.5839,15.2919],[-100.577,15.3262],[-100.5713,15.3607],[-100.5669,15.3954],[-100.5638,15.4302],[-100.5619,15.4651],[-100.5612,15.5],[-100.5619,15.5349],[-100.5638,15.5698],[-100.5669,15.6046],[-100.5713,15.6393],[-100.577,15.6738],[-100.5839,15.7081],[-100.5921,15.7422],[-100.6015,15.7759],[-100.6121,15.8093],[-100.6239,15.8424],[-100.6369,15.875],[-100.651,15.9071],[-100.6664,15.9388],[-100.6828,15.9699],[-100.7004,16.0005],[-100.7191,16.0304],[-100.7388,16.0598],[-100.7596,16.0884],[-100.7814,16.1163],[-100.8042,16.1434],[-100.828,16.1698],[-100.8528,16.1954],[-100.8784,16.2201],[-100.9049,16.2439],[-100.9323,16.2668],[-100.9605,16.2888],[-100.9894,16.3098],[-101.0191,16.3299],[-101.0495,16.3489],[-101.0806,16.3669],[-101.1123,16.3838],[-101.1446,16.3997],[-101.1775,16.4145],[-101.2109,16.4281],[-101.2447,16.4406],[-101.279,16.452],[-101.3137,16.4622],[-101.3487,16.4713],[-101.384,16.4791],[-101.4196,16.4858],[-101.4554,16.4913],[-101.4914,16.4955],[-102.3914,16.5955],[-102.4275,16.5986],[-102.4637,16.6004],[-102.5,16.601],[-102.5363,16.6004],[-102.5725,16.5986],[-102.6086,16.5955],[-102.6446,16.5913],[-102.6805,16.5858],[-102.7161,16.5791],[-102.7514,16.5713],[-102.7865,16.5622],[-102.8212,16.552],[-102.8555,16.5406],[-102.8893,16.5281],[-102.9227,16.5145],[-102.9556,16.4997],[-102.9879,16.4838],[-103.0196,16.4669],[-103.0507,16.4489],[-103.0812,16.4299],[-103.091,16.4232],[-103.4026,16.5792],[-103.3995,16.5974],[-103.3928,16.6376],[-103.3876,16.678],[-103.3839,16.7186],[-103.3817,16.7593],[-103.381,16.8],[-103.3817,16.8407],[-103.3839,16.8814],[-103.3876,16.922],[-103.3928,16.9624],[-103.4792,17.5016],[-103.4966,18.2466],[-103.4992,18.2931],[-103.5874,19.6931],[-103.5917,19.7394],[-103.5977,19.7857],[-103.6055,19.8316],[-103.869,21.2026],[-103.8773,21.2426],[-103.8871,21.2823],[-103.8984,21.3217],[-103.9112,21.3606],[-103.9254,21.3991],[-103.941,21.4372],[-103.958,21.4747],[-103.9765,21.5116],[-103.9963,21.5479],[-104.0174,21.5835],[-104.0399,21.6184],[-104.0637,21.6526],[-104.0887,21.6859],[-104.115,21.7185],[-104.1424,21.7501],[-104.9738,22.7078],[-104.9857,22.7214],[-104.9981,22.7346],[-105.011,22.7473],[-105.0243,22.7597],[-105.0381,22.7716],[-105.0524,22.783],[-105.067,22.794],[-105.0821,22.8045],[-105.0976,22.8145],[-105.1134,22.824],[-105.1296,22.833],[-105.1461,22.8415],[-105.1629,22.8494],[-105.18,22.8568],[-105.1974,22.8636],[-105.215,22.8698],[-105.2329,22.8755],[-105.2509,22.8806],[-105.2692,22.8851],[-105.2876,22.8891],[-105.3061,22.8924],[-105.3247,22.8951],[-105.3435,22.8973],[-105.3623,22.8988],[-105.3811,22.8997],[-105.4,22.9],[-105.4189,22.8997],[-105.4377,22.8988],[-105.4565,22.8973],[-105.4753,22.8951],[-105.4939,22.8924],[-105.5124,22.8891],[-105.5308,22.8851],[-105.5491,22.8806],[-105.5671,22.8755],[-105.585,22.8698],[-105.6026,22.8636],[-105.62,22.8568],[-105.6371,22.8494],[-105.6539,22.8415],[-105.6704,22.833],[-105.6866,22.824],[-105.7024,22.8145],[-105.7179,22.8045],[-105.733,22.794],[-105.7476,22.783],[-105.7619,22.7716],[-105.7757,22.7597],[-105.789,22.7473],[-105.8019,22.7346],[-105.8143,22.7214],[-105.8262,22.7078],[-105.8375,22.6939],[-105.8483,22.6796],[-105.8586,22.665],[-105.8684,22.65],[-105.8775,22.6347],[-105.8861,22.6192],[-105.8941,22.6034],[-105.9014,22.5873],[-105.9082,22.571],[-105.9143,22.5545],[-105.9199,22.5378],[-106.3016,21.3217],[-106.3129,21.2823],[-106.3227,21.2426],[-106.331,21.2026],[-106.3379,21.1624],[-106.3432,21.122],[-106.347,21.0814],[-106.3493,21.0407],[-106.4152,19.6466],[-106.416,19.6],[-106.4152,19.5534],[-106.4126,19.5069],[-106.3008,18.1069],[-106.2966,18.0606],[-106.2906,18.0143],[-106.2829,17.9684],[-106.2736,17.9226],[-106.2625,17.8773],[-106.2499,17.8323],[-106.2355,17.7878],[-106.2196,17.7437],[-106.202,17.7003],[-106.1828,17.6574],[-106.1621,17.6152],[-105.8783,17.0469],[-105.8344,16.7929],[-105.9034,16.3624],[-105.9086,16.322],[-105.9123,16.2814],[-105.9145,16.2407],[-105.9153,16.2],[-105.9142,16.0208],[-105.9172,16.0122],[-105.9314,15.9677],[-105.9439,15.9227],[-105.9548,15.8774],[-105.964,15.8316],[-105.9715,15.7857],[-105.9774,15.7394],[-105.9816,15.6931],[-105.9842,15.6466],[-105.985,15.6],[-105.9842,15.5534],[-105.9816,15.5069],[-105.9774,15.4606],[-105.9715,15.4143],[-105.964,15.3684],[-105.9548,15.3226],[-105.9439,15.2773],[-105.9314,15.2323],[-105.9172,15.1878],[-105.9015,15.1437],[-105.8842,15.1003],[-105.8653,15.0574],[-105.8448,15.0152],[-105.8229,14.9737],[-105.7995,14.933],[-105.7746,14.8931],[-105.7482,14.854],[-105.7205,14.8159],[-105.6914,14.7787],[-105.661,14.7425],[-105.6293,14.7074],[-105.5963,14.6733],[-105.5621,14.6404],[-105.5268,14.6086],[-105.4903,14.5781],[-105.4527,14.5488],[-105.4141,14.5208],[-105.3745,14.4941],[-105.3339,14.4687],[-105.2925,14.4447],[-105.2502,14.4221],[-105.2072,14.401],[-105.1633,14.3813],[-105.1188,14.3631],[-105.0737,14.3465],[-105.028,14.3313],[-104.9818,14.3177],[-104.9351,14.3056],[-104.888,14.2952],[-104.8405,14.2863],[-104.7928,14.279],[-104.7448,14.2733],[-104.6966,14.2692],[-104.6483,14.2668],[-104.6,14.266]]]},"properties":{"storm_name":"SIMON-26","fuente":"GDACS","alertlevel":"Red","url":"https://www.gdacs.org/report.aspx?eventid=1001335&episodeid=11&eventtype=TC","paises":"Mexico","layer":"storm_track","kind":"wind_radii_forecast","wind_kt":34}},{"type":"Feature","geometry":{"type":"Polygon","coordinates":[[[-103.3,14.9],[-103.2819,14.9003],[-103.2638,14.9012],[-103.2458,14.9027],[-103.2278,14.9049],[-103.2099,14.9076],[-103.1922,14.9109],[-103.1745,14.9149],[-103.157,14.9194],[-103.1397,14.9245],[-103.1226,14.9302],[-103.1057,14.9364],[-103.0891,14.9432],[-103.0727,14.9506],[-103.0565,14.9585],[-103.0407,14.967],[-103.0252,14.976],[-103.01,14.9855],[-102.9952,14.9955],[-102.9807,15.006],[-102.9666,15.017],[-102.953,15.0284],[-102.9397,15.0403],[-102.9269,15.0527],[-102.9146,15.0654],[-102.9027,15.0786],[-102.8913,15.0922],[-102.8804,15.1061],[-102.87,15.1204],[-102.8602,15.135],[-102.8509,15.15],[-102.8421,15.1653],[-102.8339,15.1808],[-102.8262,15.1966],[-102.8191,15.2127],[-102.8127,15.229],[-102.8068,15.2455],[-102.8015,15.2622],[-102.7968,15.279],[-102.7927,15.296],[-102.7893,15.3132],[-102.7864,15.3304],[-102.7842,15.3477],[-102.7826,15.3651],[-102.7817,15.3826],[-102.7814,15.4],[-102.7817,15.4174],[-102.7826,15.4349],[-102.7842,15.4523],[-102.7864,15.4696],[-102.7893,15.4868],[-102.7927,15.504],[-102.7968,15.521],[-102.8015,15.5378],[-102.8068,15.5545],[-102.8127,15.571],[-102.8191,15.5873],[-102.8262,15.6034],[-102.8339,15.6192],[-102.8421,15.6347],[-102.8509,15.65],[-102.8602,15.665],[-102.87,15.6796],[-102.8804,15.6939],[-102.8913,15.7078],[-102.9027,15.7214],[-102.9146,15.7346],[-102.9269,15.7473],[-102.9397,15.7597],[-102.953,15.7716],[-102.9666,15.783],[-102.9807,15.794],[-102.9952,15.8045],[-103.01,15.8145],[-103.0252,15.824],[-103.0407,15.833],[-103.0565,15.8415],[-103.6562,16.1415],[-103.6723,16.1494],[-103.6888,16.1568],[-103.7054,16.1636],[-103.7224,16.1698],[-103.7395,16.1755],[-103.7568,16.1806],[-103.7744,16.1851],[-103.792,16.1891],[-103.8098,16.1924],[-103.8277,16.1951],[-103.8457,16.1973],[-103.8638,16.1988],[-103.8819,16.1997],[-103.9,16.2],[-103.9181,16.1997],[-103.9362,16.1988],[-103.9543,16.1973],[-103.9723,16.1951],[-104.1783,16.1657],[-104.0856,16.7132],[-104.0828,16.7304],[-104.0806,16.7477],[-104.079,16.7651],[-104.078,16.7826],[-104.0777,16.8],[-104.078,16.8174],[-104.079,16.8349],[-104.0806,16.8523],[-104.0828,16.8696],[-104.1771,17.445],[-104.1983,18.2233],[-104.1996,18.2465],[-104.2937,19.6465],[-104.2959,19.6697],[-104.2989,19.6928],[-104.3027,19.7158],[-104.5726,21.0868],[-104.5761,21.104],[-104.5803,21.121],[-104.5852,21.1378],[-104.5906,21.1545],[-104.5967,21.171],[-104.6034,21.1873],[-105.1854,22.4802],[-105.1885,22.487],[-105.192,22.4938],[-105.1956,22.5005],[-105.1995,22.507],[-105.2037,22.5134],[-105.2081,22.5197],[-105.2127,22.5258],[-105.2176,22.5318],[-105.2227,22.5376],[-105.228,22.5432],[-105.2335,22.5487],[-105.2392,22.5539],[-105.2451,22.559],[-105.2512,22.5639],[-105.2575,22.5686],[-105.2639,22.5731],[-105.2706,22.5774],[-105.2773,22.5815],[-105.2843,22.5853],[-105.2913,22.589],[-105.2985,22.5923],[-105.3059,22.5955],[-105.3133,22.5984],[-105.3208,22.6011],[-105.3285,22.6035],[-105.3362,22.6057],[-105.344,22.6076],[-105.3519,22.6093],[-105.3598,22.6107],[-105.3678,22.6119],[-105.3758,22.6128],[-105.3839,22.6135],[-105.3919,22.6139],[-105.4,22.614],[-105.4081,22.6139],[-105.4161,22.6135],[-105.4242,22.6128],[-105.4322,22.6119],[-105.4402,22.6107],[-105.4481,22.6093],[-105.456,22.6076],[-105.4638,22.6057],[-105.4715,22.6035],[-105.4792,22.6011],[-105.4867,22.5984],[-105.4941,22.5955],[-105.5015,22.5923],[-105.5087,22.589],[-105.5157,22.5853],[-105.5227,22.5815],[-105.5294,22.5774],[-105.5361,22.5731],[-105.5425,22.5686],[-105.5488,22.5639],[-105.5549,22.559],[-105.5608,22.5539],[-105.5665,22.5487],[-105.572,22.5432],[-105.5773,22.5376],[-105.5824,22.5318],[-105.5873,22.5258],[-105.5919,22.5197],[-105.5963,22.5134],[-105.6005,22.507],[-105.6044,22.5005],[-105.608,22.4938],[-105.6115,22.487],[-105.6146,22.4802],[-105.6175,22.4732],[-105.6201,22.4661],[-105.6225,22.459],[-105.6246,22.4518],[-105.6264,22.4445],[-105.6279,22.4372],[-105.6292,22.4298],[-105.6302,22.4224],[-105.6309,22.4149],[-105.6313,22.4075],[-105.6315,22.4],[-105.6355,21.0118],[-105.7076,19.6233],[-105.708,19.6],[-105.7076,19.5767],[-105.7063,19.5535],[-105.6004,18.1535],[-105.5983,18.1303],[-105.5953,18.1072],[-105.5915,18.0842],[-105.5868,18.0613],[-105.5813,18.0386],[-105.5749,18.0161],[-105.5678,17.9939],[-105.5598,17.9719],[-105.551,17.9501],[-105.5414,17.9287],[-105.5311,17.9076],[-105.2054,17.2503],[-105.1288,16.7987],[-105.2156,16.2696],[-105.2178,16.2523],[-105.2194,16.2349],[-105.2204,16.2174],[-105.2207,16.2],[-105.2201,16.0],[-105.2198,15.9826],[-105.2189,15.9651],[-105.2173,15.9477],[-105.2151,15.9304],[-105.2122,15.9132],[-105.2088,15.896],[-105.2047,15.879],[-105.2,15.8622],[-105.1947,15.8455],[-105.1888,15.829],[-105.1823,15.8127],[-105.1752,15.7966],[-105.1675,15.7808],[-105.1593,15.7653],[-105.1505,15.75],[-105.1411,15.735],[-105.1312,15.7204],[-105.1208,15.7061],[-105.1101,15.6924],[-105.1112,15.6868],[-105.1141,15.6696],[-105.1163,15.6523],[-105.1179,15.6349],[-105.1188,15.6174],[-105.1191,15.6],[-105.1188,15.5826],[-105.1179,15.5651],[-105.1163,15.5477],[-105.1141,15.5304],[-105.1112,15.5132],[-105.1078,15.496],[-105.1037,15.479],[-105.099,15.4622],[-105.0937,15.4455],[-105.0878,15.429],[-105.0813,15.4127],[-105.0742,15.3966],[-105.0666,15.3808],[-105.0584,15.3653],[-105.0496,15.35],[-105.0402,15.335],[-105.0304,15.3204],[-105.02,15.3061],[-105.0091,15.2922],[-104.9977,15.2786],[-104.9858,15.2654],[-104.9734,15.2527],[-104.9606,15.2403],[-104.9474,15.2284],[-104.9337,15.217],[-104.9196,15.206],[-104.9051,15.1955],[-104.8903,15.1855],[-104.8751,15.176],[-104.8596,15.167],[-104.8437,15.1585],[-104.8276,15.1506],[-104.8111,15.1432],[-104.7945,15.1364],[-104.7776,15.1302],[-104.7604,15.1245],[-104.7431,15.1194],[-104.7256,15.1149],[-104.7079,15.1109],[-104.6901,15.1076],[-104.6722,15.1049],[-104.6543,15.1027],[-104.6362,15.1012],[-104.6181,15.1003],[-104.6,15.1],[-104.5819,15.1003],[-104.5638,15.1012],[-104.5457,15.1027],[-104.5278,15.1049],[-103.99,15.1817],[-103.5435,14.9585],[-103.5273,14.9506],[-103.5109,14.9432],[-103.4943,14.9364],[-103.4774,14.9302],[-103.4603,14.9245],[-103.443,14.9194],[-103.4255,14.9149],[-103.4078,14.9109],[-103.3901,14.9076],[-103.3722,14.9049],[-103.3542,14.9027],[-103.3362,14.9012],[-103.3181,14.9003],[-103.3,14.9]]]},"properties":{"storm_name":"SIMON-26","fuente":"GDACS","alertlevel":"Red","url":"https://www.gdacs.org/report.aspx?eventid=1001335&episodeid=11&eventtype=TC","paises":"Mexico","layer":"storm_track","kind":"wind_radii_forecast","wind_kt":34}},{"type":"Feature","geometry":{"type":"Polygon","coordinates":[[[-104.6,15.35],[-104.5909,15.3502],[-104.5819,15.3506],[-104.5729,15.3514],[-104.5639,15.3524],[-104.5549,15.3538],[-104.546,15.3555],[-104.5372,15.3574],[-104.5285,15.3597],[-104.5198,15.3622],[-104.5112,15.3651],[-104.5028,15.3682],[-104.4944,15.3716],[-104.4862,15.3753],[-104.4781,15.3793],[-104.4702,15.3835],[-104.4625,15.388],[-104.4549,15.3927],[-104.4474,15.3977],[-104.4402,15.403],[-104.4332,15.4085],[-104.4263,15.4142],[-104.4197,15.4202],[-104.4133,15.4263],[-104.4071,15.4327],[-104.4012,15.4393],[-104.3955,15.4461],[-104.39,15.4531],[-104.3848,15.4602],[-104.3799,15.4675],[-104.3752,15.475],[-104.3708,15.4826],[-104.3667,15.4904],[-104.2665,15.6904],[-104.2626,15.6983],[-104.2591,15.7063],[-104.2559,15.7145],[-104.2529,15.7227],[-104.2502,15.7311],[-104.2479,15.7395],[-104.2459,15.748],[-104.2441,15.7566],[-104.2427,15.7652],[-104.2416,15.7739],[-104.2408,15.7826],[-104.2403,15.7913],[-104.2402,15.8],[-104.2403,15.8087],[-104.2408,15.8174],[-104.2416,15.8261],[-104.2427,15.8348],[-104.2441,15.8434],[-104.2459,15.852],[-104.2479,15.8605],[-104.2502,15.8689],[-104.2529,15.8773],[-104.2559,15.8855],[-104.2591,15.8937],[-104.2626,15.9017],[-104.2665,15.9096],[-104.2706,15.9174],[-104.275,15.925],[-104.2797,15.9325],[-104.2846,15.9398],[-104.2898,15.9469],[-104.2953,15.9539],[-104.301,15.9607],[-104.3069,15.9673],[-104.3131,15.9737],[-104.4398,16.1005],[-104.4397,16.18],[-104.3428,16.7566],[-104.3414,16.7652],[-104.3403,16.7739],[-104.3395,16.7826],[-104.339,16.7913],[-104.3389,16.8],[-104.339,16.8087],[-104.3395,16.8174],[-104.3403,16.8261],[-104.3414,16.8348],[-104.4406,17.4348],[-104.551,18.2325],[-104.6474,19.6232],[-104.6485,19.6348],[-104.65,19.6463],[-104.6519,19.6578],[-104.9249,21.0288],[-104.9261,21.0345],[-104.9275,21.0402],[-104.9291,21.0458],[-105.3255,22.4172],[-105.3262,22.4196],[-105.327,22.4219],[-105.3278,22.4243],[-105.3288,22.4266],[-105.3298,22.4289],[-105.331,22.4311],[-105.3322,22.4333],[-105.3335,22.4355],[-105.3349,22.4376],[-105.3363,22.4397],[-105.3379,22.4417],[-105.3395,22.4437],[-105.3412,22.4456],[-105.3429,22.4475],[-105.3448,22.4493],[-105.3467,22.4511],[-105.3486,22.4528],[-105.3506,22.4544],[-105.3527,22.4559],[-105.3549,22.4574],[-105.3571,22.4589],[-105.3593,22.4602],[-105.3616,22.4615],[-105.3639,22.4627],[-105.3663,22.4638],[-105.3688,22.4649],[-105.3712,22.4658],[-105.3737,22.4667],[-105.3763,22.4675],[-105.3788,22.4682],[-105.3814,22.4689],[-105.384,22.4694],[-105.3867,22.4699],[-105.3893,22.4703],[-105.392,22.4706],[-105.3946,22.4708],[-105.3973,22.471],[-105.4,22.471],[-105.4027,22.471],[-105.4054,22.4708],[-105.408,22.4706],[-105.4107,22.4703],[-105.4133,22.4699],[-105.416,22.4694],[-105.4186,22.4689],[-105.4212,22.4682],[-105.4237,22.4675],[-105.4263,22.4667],[-105.4288,22.4658],[-105.4312,22.4649],[-105.4337,22.4638],[-105.4361,22.4627],[-105.4384,22.4615],[-105.4407,22.4602],[-105.4429,22.4589],[-105.4451,22.4574],[-105.4473,22.4559],[-105.4494,22.4544],[-105.4514,22.4528],[-105.4533,22.4511],[-105.4552,22.4493],[-105.4571,22.4475],[-105.4588,22.4456],[-105.4605,22.4437],[-105.4621,22.4417],[-105.4637,22.4397],[-105.4651,22.4376],[-105.4665,22.4355],[-105.4678,22.4333],[-105.469,22.4311],[-105.4702,22.4289],[-105.4712,22.4266],[-105.4722,22.4243],[-105.473,22.4219],[-105.4738,22.4196],[-105.4745,22.4172],[-105.4751,22.4148],[-105.4756,22.4123],[-105.476,22.4099],[-105.4764,22.4074],[-105.4766,22.405],[-105.4767,22.4025],[-105.4768,22.4],[-105.4767,22.3975],[-105.4766,22.395],[-105.4764,22.3926],[-105.476,22.3901],[-105.2784,20.9932],[-105.3533,19.6116],[-105.3535,19.6],[-105.3533,19.5884],[-105.3526,19.5768],[-105.2497,18.1768],[-105.2486,18.1652],[-105.2471,18.1537],[-105.2452,18.1422],[-105.2429,18.1308],[-105.2401,18.1194],[-105.237,18.1082],[-105.2334,18.0971],[-105.2294,18.0861],[-104.9549,17.3383],[-104.8644,16.7996],[-104.9564,16.2434],[-104.9578,16.2348],[-104.9589,16.2261],[-104.9597,16.2174],[-104.9602,16.2087],[-104.9603,16.2],[-104.9601,16.0],[-104.9599,15.9913],[-104.9594,15.9826],[-104.9587,15.9739],[-104.9575,15.9652],[-104.9561,15.9566],[-104.9544,15.948],[-104.9523,15.9395],[-104.95,15.9311],[-104.9473,15.9227],[-104.9444,15.9145],[-104.9411,15.9063],[-104.9376,15.8983],[-104.9338,15.8904],[-104.9296,15.8826],[-104.9252,15.875],[-104.9206,15.8675],[-104.9156,15.8602],[-104.9104,15.8531],[-104.9049,15.8461],[-104.8992,15.8393],[-104.8933,15.8327],[-104.8871,15.8263],[-104.8123,15.7516],[-104.8333,15.7096],[-104.8371,15.7017],[-104.8407,15.6937],[-104.8439,15.6855],[-104.8469,15.6773],[-104.8495,15.6689],[-104.8519,15.6605],[-104.8539,15.652],[-104.8556,15.6434],[-104.857,15.6348],[-104.8581,15.6261],[-104.8589,15.6174],[-104.8594,15.6087],[-104.8596,15.6],[-104.8594,15.5913],[-104.8589,15.5826],[-104.8581,15.5739],[-104.857,15.5652],[-104.8556,15.5566],[-104.8539,15.548],[-104.8519,15.5395],[-104.8495,15.5311],[-104.8469,15.5227],[-104.8439,15.5145],[-104.8407,15.5063],[-104.8371,15.4983],[-104.8333,15.4904],[-104.8292,15.4826],[-104.8248,15.475],[-104.8201,15.4675],[-104.8152,15.4602],[-104.81,15.4531],[-104.8045,15.4461],[-104.7988,15.4393],[-104.7929,15.4327],[-104.7867,15.4263],[-104.7803,15.4202],[-104.7737,15.4142],[-104.7668,15.4085],[-104.7598,15.403],[-104.7526,15.3977],[-104.7451,15.3927],[-104.7375,15.388],[-104.7298,15.3835],[-104.7219,15.3793],[-104.7138,15.3753],[-104.7056,15.3716],[-104.6972,15.3682],[-104.6888,15.3651],[-104.6802,15.3622],[-104.6715,15.3597],[-104.6628,15.3574],[-104.654,15.3555],[-104.6451,15.3538],[-104.6361,15.3524],[-104.6271,15.3514],[-104.6181,15.3506],[-104.6091,15.3502],[-104.6,15.35]]]},"properties":{"storm_name":"SIMON-26","fuente":"GDACS","alertlevel":"Red","url":"https://www.gdacs.org/report.aspx?eventid=1001335&episodeid=11&eventtype=TC","paises":"Mexico","layer":"storm_track","kind":"wind_radii_forecast","wind_kt":34}},{"type":"Feature","geometry":{"type":"Polygon","coordinates":[[[-104.6,17.7993],[-104.6,17.7993],[-104.6182,17.7992],[-104.6364,17.7987],[-104.6546,17.798],[-104.6728,17.7969],[-104.691,17.7955],[-104.7091,17.7939],[-104.7272,17.7919],[-104.7453,17.7896],[-104.7633,17.787],[-104.7813,17.7841],[-104.7992,17.781],[-104.817,17.7775],[-104.8348,17.7737],[-104.8525,17.7696],[-104.8702,17.7653],[-104.8877,17.7606],[-104.9052,17.7557],[-104.9226,17.7504],[-104.9399,17.7449],[-104.957,17.7391],[-104.9741,17.733],[-104.991,17.7266],[-105.0079,17.7199],[-105.0246,17.7129],[-105.0412,17.7057],[-105.0576,17.6982],[-105.0739,17.6904],[-105.0901,17.6824],[-105.1061,17.674],[-105.1219,17.6654],[-105.1376,17.6566],[-105.1532,17.6475],[-105.1685,17.6381],[-105.1837,17.6285],[-105.1987,17.6186],[-105.2136,17.6085],[-105.2282,17.5981],[-105.2427,17.5875],[-105.2569,17.5766],[-105.271,17.5655],[-105.2848,17.5542],[-105.2985,17.5426],[-105.3119,17.5309],[-105.3251,17.5189],[-105.3381,17.5066],[-105.3509,17.4942],[-105.3634,17.4815],[-105.3758,17.4687],[-105.3878,17.4556],[-105.3997,17.4424],[-105.4112,17.4289],[-105.4226,17.4152],[-105.4337,17.4014],[-105.4445,17.3874],[-105.4551,17.3732],[-105.4654,17.3588],[-105.4755,17.3443],[-105.4853,17.3296],[-105.4948,17.3147],[-105.504,17.2997],[-105.513,17.2845],[-105.5217,17.2692],[-105.5301,17.2537],[-105.5382,17.2381],[-105.5461,17.2223],[-105.5536,17.2065],[-105.5609,17.1905],[-105.5679,17.1744],[-105.5745,17.1581],[-105.5809,17.1418],[-105.587,17.1253],[-105.5928,17.1088],[-105.5983,17.0922],[-105.6034,17.0755],[-105.6083,17.0586],[-105.6129,17.0418],[-105.6171,17.0248],[-105.6211,17.0078],[-105.6247,16.9907],[-105.628,16.9735],[-105.631,16.9563],[-105.6337,16.9391],[-105.6361,16.9218],[-105.6382,16.9045],[-105.6399,16.8871],[-105.6413,16.8697],[-105.6424,16.8523],[-105.6432,16.8349],[-105.6437,16.8174],[-105.6439,16.8],[-105.8179,16.8],[-105.8177,16.7797],[-105.8171,16.7593],[-105.8162,16.739],[-105.8149,16.7187],[-105.8132,16.6984],[-105.8112,16.6781],[-105.8088,16.6579],[-105.806,16.6377],[-105.8029,16.6176],[-105.7994,16.5975],[-105.7955,16.5775],[-105.7912,16.5576],[-105.7866,16.5377],[-105.7817,16.5179],[-105.7764,16.4982],[-105.7707,16.4786],[-105.7646,16.4591],[-105.7583,16.4397],[-105.7515,16.4204],[-105.7444,16.4012],[-105.737,16.3822],[-105.7292,16.3633],[-105.721,16.3445],[-105.7126,16.3258],[-105.7038,16.3073],[-105.6946,16.2889],[-105.6851,16.2707],[-105.6753,16.2527],[-105.6652,16.2348],[-105.6547,16.2171],[-105.6439,16.1995],[-105.6328,16.1822],[-105.6214,16.165],[-105.6097,16.148],[-105.5976,16.1313],[-105.5853,16.1147],[-105.5726,16.0984],[-105.5597,16.0822],[-105.5465,16.0663],[-105.5329,16.0506],[-105.5191,16.0351],[-105.505,16.0199],[-105.4907,16.0049],[-105.4761,15.9901],[-105.4612,15.9756],[-105.446,15.9613],[-105.4306,15.9473],[-105.4149,15.9336],[-105.399,15.9201],[-105.3828,15.9069],[-105.3664,15.8939],[-105.3498,15.8813],[-105.3329,15.8689],[-105.3158,15.8568],[-105.2985,15.845],[-105.281,15.8334],[-105.2633,15.8222],[-105.2454,15.8113],[-105.2272,15.8006],[-105.2089,15.7903],[-105.1904,15.7803],[-105.1718,15.7706],[-105.1529,15.7612],[-105.1339,15.7521],[-105.1147,15.7434],[-105.0953,15.7349],[-105.0759,15.7268],[-105.0562,15.719],[-105.0364,15.7116],[-105.0165,15.7044],[-104.9965,15.6976],[-104.9763,15.6912],[-104.9561,15.6851],[-104.9357,15.6793],[-104.9152,15.6738],[-104.8946,15.6688],[-104.874,15.664],[-104.8532,15.6596],[-104.8324,15.6555],[-104.8115,15.6518],[-104.7905,15.6485],[-104.7695,15.6455],[-104.7484,15.6428],[-104.7273,15.6405],[-104.7061,15.6386],[-104.685,15.637],[-104.6637,15.6357],[-104.6425,15.6348],[-104.6213,15.6343],[-104.6,15.6341],[-104.6,15.6341],[-104.5787,15.6343],[-104.5575,15.6348],[-104.5363,15.6357],[-104.515,15.637],[-104.4939,15.6386],[-104.4727,15.6405],[-104.4516,15.6428],[-104.4305,15.6455],[-104.4095,15.6485],[-104.3885,15.6518],[-104.3676,15.6555],[-104.3468,15.6596],[-104.326,15.664],[-104.3054,15.6688],[-104.2848,15.6738],[-104.2643,15.6793],[-104.2439,15.6851],[-104.2237,15.6912],[-104.2035,15.6976],[-104.1835,15.7044],[-104.1636,15.7116],[-104.1438,15.719],[-104.1241,15.7268],[-104.1047,15.7349],[-104.0853,15.7434],[-104.0661,15.7521],[-104.0471,15.7612],[-104.0282,15.7706],[-104.0096,15.7803],[-103.9911,15.7903],[-103.9728,15.8006],[-103.9546,15.8113],[-103.9367,15.8222],[-103.919,15.8334],[-103.9015,15.845],[-103.8842,15.8568],[-103.8671,15.8689],[-103.8502,15.8813],[-103.8336,15.8939],[-103.8172,15.9069],[-103.801,15.9201],[-103.7851,15.9336],[-103.7694,15.9473],[-103.754,15.9613],[-103.7388,15.9756],[-103.7239,15.9901],[-103.7093,16.0049],[-103.695,16.0199],[-103.6809,16.0351],[-103.6671,16.0506],[-103.6535,16.0663],[-103.6403,16.0822],[-103.6274,16.0984],[-103.6147,16.1147],[-103.6024,16.1313],[-103.5903,16.148],[-103.5786,16.165],[-103.5672,16.1822],[-103.5561,16.1995],[-103.5453,16.2171],[-103.5348,16.2348],[-103.5247,16.2527],[-103.5149,16.2707],[-103.5054,16.2889],[-103.4962,16.3073],[-103.4874,16.3258],[-103.479,16.3445],[-103.4708,16.3633],[-103.463,16.3822],[-103.4556,16.4012],[-103.4485,16.4204],[-103.4417,16.4397],[-103.4354,16.4591],[-103.4293,16.4786],[-103.4236,16.4982],[-103.4183,16.5179],[-103.4134,16.5377],[-103.4088,16.5576],[-103.4045,16.5775],[-103.4006,16.5975],[-103.3971,16.6176],[-103.394,16.6377],[-103.3912,16.6579],[-103.3888,16.6781],[-103.3868,16.6984],[-103.3851,16.7187],[-103.3838,16.739],[-103.3829,16.7593],[-103.3823,16.7797],[-103.3821,16.8],[-103.5561,16.8],[-103.5563,16.8174],[-103.5568,16.8349],[-103.5576,16.8523],[-103.5587,16.8697],[-103.5601,16.8871],[-103.5618,16.9045],[-103.5639,16.9218],[-103.5663,16.9391],[-103.569,16.9563],[-103.572,16.9735],[-103.5753,16.9907],[-103.5789,17.0078],[-103.5829,17.0248],[-103.5871,17.0418],[-103.5917,17.0586],[-103.5966,17.0755],[-103.6017,17.0922],[-103.6072,17.1088],[-103.613,17.1253],[-103.6191,17.1418],[-103.6255,17.1581],[-103.6321,17.1744],[-103.6391,17.1905],[-103.6464,17.2065],[-103.6539,17.2223],[-103.6618,17.2381],[-103.6699,17.2537],[-103.6783,17.2692],[-103.687,17.2845],[-103.696,17.2997],[-103.7052,17.3147],[-103.7147,17.3296],[-103.7245,17.3443],[-103.7346,17.3588],[-103.7449,17.3732],[-103.7555,17.3874],[-103.7663,17.4014],[-103.7774,17.4152],[-103.7888,17.4289],[-103.8003,17.4424],[-103.8122,17.4556],[-103.8242,17.4687],[-103.8366,17.4815],[-103.8491,17.4942],[-103.8619,17.5066],[-103.8749,17.5189],[-103.8881,17.5309],[-103.9015,17.5426],[-103.9152,17.5542],[-103.929,17.5655],[-103.9431,17.5766],[-103.9573,17.5875],[-103.9718,17.5981],[-103.9864,17.6085],[-104.0013,17.6186],[-104.0163,17.6285],[-104.0315,17.6381],[-104.0468,17.6475],[-104.0624,17.6566],[-104.0781,17.6654],[-104.0939,17.674],[-104.1099,17.6824],[-104.1261,17.6904],[-104.1424,17.6982],[-104.1588,17.7057],[-104.1754,17.7129],[-104.1921,17.7199],[-104.209,17.7266],[-104.2259,17.733],[-104.243,17.7391],[-104.2601,17.7449],[-104.2774,17.7504],[-104.2948,17.7557],[-104.3123,17.7606],[-104.3298,17.7653],[-104.3475,17.7696],[-104.3652,17.7737],[-104.383,17.7775],[-104.4008,17.781],[-104.4187,17.7841],[-104.4367,17.787],[-104.4547,17.7896],[-104.4728,17.7919],[-104.4909,17.7939],[-104.509,17.7955],[-104.5272,17.7969],[-104.5454,17.798],[-104.5636,17.7987],[-104.5818,17.7992],[-104.6,17.7993]]]},"properties":{"storm_name":"SIMON-26","fuente":"GDACS","alertlevel":"Red","url":"https://www.gdacs.org/report.aspx?eventid=1001335&episodeid=11&eventtype=TC","paises":"Mexico","layer":"storm_track","kind":"wind_radii_forecast","wind_kt":34}},{"type":"Feature","geometry":{"type":"Polygon","coordinates":[[[-104.6,17.1331],[-104.6,17.1331],[-104.6061,17.1331],[-104.6121,17.1329],[-104.6182,17.1327],[-104.6243,17.1323],[-104.6303,17.1318],[-104.6364,17.1313],[-104.6424,17.1306],[-104.6484,17.1299],[-104.6544,17.129],[-104.6604,17.128],[-104.6664,17.127],[-104.6723,17.1258],[-104.6783,17.1246],[-104.6842,17.1232],[-104.6901,17.1218],[-104.6959,17.1202],[-104.7017,17.1186],[-104.7075,17.1168],[-104.7133,17.115],[-104.719,17.113],[-104.7247,17.111],[-104.7303,17.1089],[-104.736,17.1066],[-104.7415,17.1043],[-104.7471,17.1019],[-104.7525,17.0994],[-104.758,17.0968],[-104.7634,17.0941],[-104.7687,17.0913],[-104.774,17.0885],[-104.7792,17.0855],[-104.7844,17.0825],[-104.7895,17.0794],[-104.7946,17.0762],[-104.7996,17.0729],[-104.8045,17.0695],[-104.8094,17.066],[-104.8142,17.0625],[-104.819,17.0589],[-104.8237,17.0552],[-104.8283,17.0514],[-104.8328,17.0475],[-104.8373,17.0436],[-104.8417,17.0396],[-104.846,17.0355],[-104.8503,17.0314],[-104.8545,17.0272],[-104.8586,17.0229],[-104.8626,17.0185],[-104.8666,17.0141],[-104.8704,17.0096],[-104.8742,17.0051],[-104.8779,17.0005],[-104.8815,16.9958],[-104.885,16.9911],[-104.8885,16.9863],[-104.8918,16.9814],[-104.8951,16.9765],[-104.8983,16.9716],[-104.9013,16.9666],[-104.9043,16.9615],[-104.9072,16.9564],[-104.91,16.9512],[-104.9127,16.946],[-104.9154,16.9408],[-104.9179,16.9355],[-104.9203,16.9302],[-104.9226,16.9248],[-104.9248,16.9194],[-104.927,16.9139],[-104.929,16.9084],[-104.9309,16.9029],[-104.9328,16.8974],[-104.9345,16.8918],[-104.9361,16.8862],[-104.9376,16.8806],[-104.939,16.8749],[-104.9404,16.8693],[-104.9416,16.8636],[-104.9427,16.8578],[-104.9437,16.8521],[-104.9446,16.8464],[-104.9454,16.8406],[-104.9461,16.8348],[-104.9466,16.829],[-104.9471,16.8232],[-104.9475,16.8174],[-104.9477,16.8116],[-104.9479,16.8058],[-104.948,16.8],[-104.948,16.8],[-104.9479,16.7942],[-104.9477,16.7884],[-104.9475,16.7826],[-104.9471,16.7768],[-104.9466,16.771],[-104.9461,16.7652],[-104.9454,16.7594],[-104.9446,16.7536],[-104.9437,16.7479],[-104.9427,16.7422],[-104.9416,16.7364],[-104.9404,16.7307],[-104.939,16.7251],[-104.9376,16.7194],[-104.9361,16.7138],[-104.9345,16.7082],[-104.9328,16.7026],[-104.9309,16.6971],[-104.929,16.6916],[-104.927,16.6861],[-104.9248,16.6806],[-104.9226,16.6752],[-104.9203,16.6698],[-104.9179,16.6645],[-104.9154,16.6592],[-104.9127,16.654],[-104.91,16.6488],[-104.9072,16.6436],[-104.9043,16.6385],[-104.9013,16.6334],[-104.8983,16.6284],[-104.8951,16.6235],[-104.8918,16.6186],[-104.8885,16.6137],[-104.885,16.6089],[-104.8815,16.6042],[-104.8779,16.5995],[-104.8742,16.5949],[-104.8704,16.5904],[-104.8666,16.5859],[-104.8626,16.5815],[-104.8586,16.5771],[-104.8545,16.5728],[-104.8503,16.5686],[-104.846,16.5645],[-104.8417,16.5604],[-104.8373,16.5564],[-104.8328,16.5525],[-104.8283,16.5486],[-104.8237,16.5448],[-104.819,16.5411],[-104.8142,16.5375],[-104.8094,16.534],[-104.8045,16.5305],[-104.7996,16.5271],[-104.7946,16.5238],[-104.7895,16.5206],[-104.7844,16.5175],[-104.7792,16.5145],[-104.774,16.5115],[-104.7687,16.5087],[-104.7634,16.5059],[-104.758,16.5032],[-104.7525,16.5006],[-104.7471,16.4981],[-104.7415,16.4957],[-104.736,16.4934],[-104.7303,16.4911],[-104.7247,16.489],[-104.719,16.487],[-104.7133,16.485],[-104.7075,16.4832],[-104.7017,16.4814],[-104.6959,16.4798],[-104.6901,16.4782],[-104.6842,16.4768],[-104.6783,16.4754],[-104.6723,16.4742],[-104.6664,16.473],[-104.6604,16.472],[-104.6544,16.471],[-104.6484,16.4701],[-104.6424,16.4694],[-104.6364,16.4687],[-104.6303,16.4682],[-104.6243,16.4677],[-104.6182,16.4673],[-104.6121,16.4671],[-104.6061,16.4669],[-104.6,16.4669],[-104.6,16.3003],[-104.5909,16.3004],[-104.5818,16.3006],[-104.5727,16.301],[-104.5636,16.3016],[-104.5545,16.3022],[-104.5454,16.3031],[-104.5364,16.3041],[-104.5274,16.3052],[-104.5184,16.3065],[-104.5094,16.3079],[-104.5004,16.3095],[-104.4915,16.3113],[-104.4826,16.3131],[-104.4737,16.3152],[-104.4649,16.3174],[-104.4561,16.3197],[-104.4474,16.3222],[-104.4387,16.3248],[-104.4301,16.3276],[-104.4215,16.3305],[-104.413,16.3335],[-104.4045,16.3367],[-104.3961,16.3401],[-104.3877,16.3435],[-104.3794,16.3472],[-104.3712,16.3509],[-104.363,16.3548],[-104.355,16.3588],[-104.347,16.363],[-104.339,16.3673],[-104.3312,16.3717],[-104.3234,16.3763],[-104.3157,16.3809],[-104.3081,16.3858],[-104.3006,16.3907],[-104.2932,16.3958],[-104.2859,16.401],[-104.2787,16.4063],[-104.2715,16.4117],[-104.2645,16.4172],[-104.2576,16.4229],[-104.2508,16.4287],[-104.244,16.4346],[-104.2374,16.4406],[-104.2309,16.4467],[-104.2245,16.4529],[-104.2183,16.4592],[-104.2121,16.4657],[-104.2061,16.4722],[-104.2002,16.4788],[-104.1944,16.4856],[-104.1887,16.4924],[-104.1832,16.4993],[-104.1777,16.5063],[-104.1725,16.5134],[-104.1673,16.5206],[-104.1623,16.5279],[-104.1574,16.5352],[-104.1526,16.5427],[-104.148,16.5502],[-104.1435,16.5578],[-104.1392,16.5654],[-104.1349,16.5732],[-104.1309,16.581],[-104.127,16.5888],[-104.1232,16.5968],[-104.1196,16.6048],[-104.1161,16.6128],[-104.1127,16.6209],[-104.1095,16.6291],[-104.1065,16.6373],[-104.1036,16.6456],[-104.1009,16.6539],[-104.0983,16.6623],[-104.0958,16.6707],[-104.0936,16.6791],[-104.0914,16.6876],[-104.0895,16.6961],[-104.0876,16.7047],[-104.086,16.7132],[-104.0845,16.7218],[-104.0831,16.7305],[-104.082,16.7391],[-104.0809,16.7478],[-104.08,16.7565],[-104.0793,16.7651],[-104.0788,16.7738],[-104.0784,16.7826],[-104.0781,16.7913],[-104.0781,16.8],[-104.252,16.8],[-104.2521,16.8058],[-104.2523,16.8116],[-104.2525,16.8174],[-104.2529,16.8232],[-104.2534,16.829],[-104.2539,16.8348],[-104.2546,16.8406],[-104.2554,16.8464],[-104.2563,16.8521],[-104.2573,16.8578],[-104.2584,16.8636],[-104.2596,16.8693],[-104.261,16.8749],[-104.2624,16.8806],[-104.2639,16.8862],[-104.2655,16.8918],[-104.2672,16.8974],[-104.2691,16.9029],[-104.271,16.9084],[-104.273,16.9139],[-104.2752,16.9194],[-104.2774,16.9248],[-104.2797,16.9302],[-104.2821,16.9355],[-104.2846,16.9408],[-104.2873,16.946],[-104.29,16.9512],[-104.2928,16.9564],[-104.2957,16.9615],[-104.2987,16.9666],[-104.3017,16.9716],[-104.3049,16.9765],[-104.3082,16.9814],[-104.3115,16.9863],[-104.315,16.9911],[-104.3185,16.9958],[-104.3221,17.0005],[-104.3258,17.0051],[-104.3296,17.0096],[-104.3334,17.0141],[-104.3374,17.0185],[-104.3414,17.0229],[-104.3455,17.0272],[-104.3497,17.0314],[-104.354,17.0355],[-104.3583,17.0396],[-104.3627,17.0436],[-104.3672,17.0475],[-104.3717,17.0514],[-104.3763,17.0552],[-104.381,17.0589],[-104.3858,17.0625],[-104.3906,17.066],[-104.3955,17.0695],[-104.4004,17.0729],[-104.4054,17.0762],[-104.4105,17.0794],[-104.4156,17.0825],[-104.4208,17.0855],[-104.426,17.0885],[-104.4313,17.0913],[-104.4366,17.0941],[-104.442,17.0968],[-104.4475,17.0994],[-104.4529,17.1019],[-104.4585,17.1043],[-104.464,17.1066],[-104.4697,17.1089],[-104.4753,17.111],[-104.481,17.113],[-104.4867,17.115],[-104.4925,17.1168],[-104.4983,17.1186],[-104.5041,17.1202],[-104.5099,17.1218],[-104.5158,17.1232],[-104.5217,17.1246],[-104.5277,17.1258],[-104.5336,17.127],[-104.5396,17.128],[-104.5456,17.129],[-104.5516,17.1299],[-104.5576,17.1306],[-104.5636,17.1313],[-104.5697,17.1318],[-104.5757,17.1323],[-104.5818,17.1327],[-104.5879,17.1329],[-104.5939,17.1331],[-104.6,17.1331]]]},"properties":{"storm_name":"SIMON-26","fuente":"GDACS","alertlevel":"Red","url":"https://www.gdacs.org/report.aspx?eventid=1001335&episodeid=11&eventtype=TC","paises":"Mexico","layer":"storm_track","kind":"wind_radii_forecast","wind_kt":34}},{"type":"Feature","geometry":{"type":"Polygon","coordinates":[[[-104.6,16.9666],[-104.6,16.9666],[-104.603,16.9665],[-104.6061,16.9665],[-104.6091,16.9663],[-104.6121,16.9661],[-104.6152,16.9659],[-104.6182,16.9656],[-104.6212,16.9653],[-104.6242,16.9649],[-104.6272,16.9645],[-104.6302,16.964],[-104.6332,16.9635],[-104.6362,16.9629],[-104.6391,16.9623],[-104.6421,16.9616],[-104.645,16.9609],[-104.648,16.9601],[-104.6509,16.9593],[-104.6538,16.9584],[-104.6566,16.9575],[-104.6595,16.9565],[-104.6623,16.9555],[-104.6652,16.9544],[-104.668,16.9533],[-104.6708,16.9522],[-104.6735,16.9509],[-104.6763,16.9497],[-104.679,16.9484],[-104.6817,16.9471],[-104.6843,16.9457],[-104.687,16.9442],[-104.6896,16.9428],[-104.6922,16.9412],[-104.6948,16.9397],[-104.6973,16.9381],[-104.6998,16.9364],[-104.7023,16.9347],[-104.7047,16.933],[-104.7071,16.9312],[-104.7095,16.9294],[-104.7118,16.9276],[-104.7141,16.9257],[-104.7164,16.9238],[-104.7187,16.9218],[-104.7209,16.9198],[-104.723,16.9178],[-104.7252,16.9157],[-104.7272,16.9136],[-104.7293,16.9114],[-104.7313,16.9093],[-104.7333,16.9071],[-104.7352,16.9048],[-104.7371,16.9025],[-104.7389,16.9002],[-104.7408,16.8979],[-104.7425,16.8955],[-104.7442,16.8931],[-104.7459,16.8907],[-104.7475,16.8883],[-104.7491,16.8858],[-104.7507,16.8833],[-104.7522,16.8807],[-104.7536,16.8782],[-104.755,16.8756],[-104.7564,16.873],[-104.7577,16.8704],[-104.7589,16.8677],[-104.7601,16.8651],[-104.7613,16.8624],[-104.7624,16.8597],[-104.7635,16.857],[-104.7645,16.8542],[-104.7655,16.8515],[-104.7664,16.8487],[-104.7672,16.8459],[-104.7681,16.8431],[-104.7688,16.8403],[-104.7695,16.8375],[-104.7702,16.8346],[-104.7708,16.8318],[-104.7713,16.8289],[-104.7718,16.8261],[-104.7723,16.8232],[-104.7727,16.8203],[-104.773,16.8174],[-104.7733,16.8145],[-104.7736,16.8116],[-104.7737,16.8087],[-104.7739,16.8058],[-104.774,16.8029],[-104.774,16.8],[-104.774,16.8],[-104.774,16.7971],[-104.7739,16.7942],[-104.7737,16.7913],[-104.7736,16.7884],[-104.7733,16.7855],[-104.773,16.7826],[-104.7727,16.7797],[-104.7723,16.7768],[-104.7718,16.7739],[-104.7713,16.7711],[-104.7708,16.7682],[-104.7702,16.7654],[-104.7695,16.7625],[-104.7688,16.7597],[-104.7681,16.7569],[-104.7672,16.7541],[-104.7664,16.7513],[-104.7655,16.7485],[-104.7645,16.7458],[-104.7635,16.743],[-104.7624,16.7403],[-104.7613,16.7376],[-104.7601,16.7349],[-104.7589,16.7323],[-104.7577,16.7296],[-104.7564,16.727],[-104.755,16.7244],[-104.7536,16.7218],[-104.7522,16.7193],[-104.7507,16.7167],[-104.7491,16.7142],[-104.7475,16.7117],[-104.7459,16.7093],[-104.7442,16.7069],[-104.7425,16.7045],[-104.7408,16.7021],[-104.7389,16.6998],[-104.7371,16.6975],[-104.7352,16.6952],[-104.7333,16.6929],[-104.7313,16.6907],[-104.7293,16.6886],[-104.7272,16.6864],[-104.7252,16.6843],[-104.723,16.6822],[-104.7209,16.6802],[-104.7187,16.6782],[-104.7164,16.6762],[-104.7141,16.6743],[-104.7118,16.6724],[-104.7095,16.6706],[-104.7071,16.6688],[-104.7047,16.667],[-104.7023,16.6653],[-104.6998,16.6636],[-104.6973,16.6619],[-104.6948,16.6603],[-104.6922,16.6588],[-104.6896,16.6572],[-104.687,16.6558],[-104.6843,16.6543],[-104.6817,16.6529],[-104.679,16.6516],[-104.6763,16.6503],[-104.6735,16.6491],[-104.6708,16.6478],[-104.668,16.6467],[-104.6652,16.6456],[-104.6623,16.6445],[-104.6595,16.6435],[-104.6566,16.6425],[-104.6538,16.6416],[-104.6509,16.6407],[-104.648,16.6399],[-104.645,16.6391],[-104.6421,16.6384],[-104.6391,16.6377],[-104.6362,16.6371],[-104.6332,16.6365],[-104.6302,16.636],[-104.6272,16.6355],[-104.6242,16.6351],[-104.6212,16.6347],[-104.6182,16.6344],[-104.6152,16.6341],[-104.6121,16.6339],[-104.6091,16.6337],[-104.6061,16.6335],[-104.603,16.6335],[-104.6,16.6334],[-104.6,16.5502],[-104.5954,16.5502],[-104.5909,16.5503],[-104.5863,16.5505],[-104.5818,16.5508],[-104.5773,16.5511],[-104.5727,16.5515],[-104.5682,16.552],[-104.5637,16.5526],[-104.5592,16.5532],[-104.5547,16.554],[-104.5502,16.5548],[-104.5457,16.5556],[-104.5413,16.5566],[-104.5369,16.5576],[-104.5325,16.5587],[-104.5281,16.5598],[-104.5237,16.5611],[-104.5194,16.5624],[-104.515,16.5638],[-104.5107,16.5652],[-104.5065,16.5668],[-104.5022,16.5684],[-104.498,16.57],[-104.4939,16.5718],[-104.4897,16.5736],[-104.4856,16.5755],[-104.4815,16.5774],[-104.4775,16.5794],[-104.4735,16.5815],[-104.4695,16.5836],[-104.4656,16.5859],[-104.4617,16.5881],[-104.4579,16.5905],[-104.4541,16.5929],[-104.4503,16.5953],[-104.4466,16.5979],[-104.4429,16.6005],[-104.4393,16.6031],[-104.4358,16.6058],[-104.4323,16.6086],[-104.4288,16.6114],[-104.4254,16.6143],[-104.422,16.6173],[-104.4187,16.6203],[-104.4155,16.6233],[-104.4123,16.6265],[-104.4091,16.6296],[-104.4061,16.6328],[-104.403,16.6361],[-104.4001,16.6394],[-104.3972,16.6428],[-104.3944,16.6462],[-104.3916,16.6496],[-104.3889,16.6532],[-104.3862,16.6567],[-104.3836,16.6603],[-104.3811,16.6639],[-104.3787,16.6676],[-104.3763,16.6713],[-104.374,16.6751],[-104.3718,16.6789],[-104.3696,16.6827],[-104.3675,16.6866],[-104.3654,16.6905],[-104.3635,16.6944],[-104.3616,16.6984],[-104.3598,16.7024],[-104.358,16.7064],[-104.3564,16.7105],[-104.3548,16.7146],[-104.3532,16.7187],[-104.3518,16.7228],[-104.3504,16.727],[-104.3491,16.7311],[-104.3479,16.7353],[-104.3468,16.7396],[-104.3457,16.7438],[-104.3447,16.7481],[-104.3438,16.7523],[-104.343,16.7566],[-104.3422,16.7609],[-104.3416,16.7652],[-104.341,16.7696],[-104.3405,16.7739],[-104.34,16.7782],[-104.3397,16.7826],[-104.3394,16.7869],[-104.3392,16.7913],[-104.3391,16.7956],[-104.339,16.8],[-104.426,16.8],[-104.426,16.8029],[-104.4261,16.8058],[-104.4263,16.8087],[-104.4264,16.8116],[-104.4267,16.8145],[-104.427,16.8174],[-104.4273,16.8203],[-104.4277,16.8232],[-104.4282,16.8261],[-104.4287,16.8289],[-104.4292,16.8318],[-104.4298,16.8346],[-104.4305,16.8375],[-104.4312,16.8403],[-104.4319,16.8431],[-104.4328,16.8459],[-104.4336,16.8487],[-104.4345,16.8515],[-104.4355,16.8542],[-104.4365,16.857],[-104.4376,16.8597],[-104.4387,16.8624],[-104.4399,16.8651],[-104.4411,16.8677],[-104.4423,16.8704],[-104.4436,16.873],[-104.445,16.8756],[-104.4464,16.8782],[-104.4478,16.8807],[-104.4493,16.8833],[-104.4509,16.8858],[-104.4525,16.8883],[-104.4541,16.8907],[-104.4558,16.8931],[-104.4575,16.8955],[-104.4592,16.8979],[-104.4611,16.9002],[-104.4629,16.9025],[-104.4648,16.9048],[-104.4667,16.9071],[-104.4687,16.9093],[-104.4707,16.9114],[-104.4728,16.9136],[-104.4748,16.9157],[-104.477,16.9178],[-104.4791,16.9198],[-104.4813,16.9218],[-104.4836,16.9238],[-104.4859,16.9257],[-104.4882,16.9276],[-104.4905,16.9294],[-104.4929,16.9312],[-104.4953,16.933],[-104.4977,16.9347],[-104.5002,16.9364],[-104.5027,16.9381],[-104.5052,16.9397],[-104.5078,16.9412],[-104.5104,16.9428],[-104.513,16.9442],[-104.5157,16.9457],[-104.5183,16.9471],[-104.521,16.9484],[-104.5237,16.9497],[-104.5265,16.9509],[-104.5292,16.9522],[-104.532,16.9533],[-104.5348,16.9544],[-104.5377,16.9555],[-104.5405,16.9565],[-104.5434,16.9575],[-104.5462,16.9584],[-104.5491,16.9593],[-104.552,16.9601],[-104.555,16.9609],[-104.5579,16.9616],[-104.5609,16.9623],[-104.5638,16.9629],[-104.5668,16.9635],[-104.5698,16.964],[-104.5728,16.9645],[-104.5758,16.9649],[-104.5788,16.9653],[-104.5818,16.9656],[-104.5848,16.9659],[-104.5879,16.9661],[-104.5909,16.9663],[-104.5939,16.9665],[-104.597,16.9665],[-104.6,16.9666]]]},"properties":{"storm_name":"SIMON-26","fuente":"GDACS","alertlevel":"Red","url":"https://www.gdacs.org/report.aspx?eventid=1001335&episodeid=11&eventtype=TC","paises":"Mexico","layer":"storm_track","kind":"wind_radii_forecast","wind_kt":34}},{"type":"Feature","geometry":{"type":"Polygon","coordinates":[[[-104.7,18.3993],[-104.7,18.3993],[-104.7183,18.3992],[-104.7365,18.3987],[-104.7548,18.398],[-104.7731,18.3969],[-104.7913,18.3955],[-104.8095,18.3939],[-104.8276,18.3919],[-104.8457,18.3896],[-104.8638,18.387],[-104.8819,18.3841],[-104.8998,18.381],[-104.9177,18.3775],[-104.9356,18.3737],[-104.9534,18.3696],[-104.971,18.3653],[-104.9887,18.3606],[-105.0062,18.3557],[-105.0236,18.3504],[-105.041,18.3449],[-105.0582,18.3391],[-105.0753,18.333],[-105.0923,18.3266],[-105.1092,18.3199],[-105.126,18.3129],[-105.1426,18.3057],[-105.1591,18.2982],[-105.1754,18.2904],[-105.1917,18.2824],[-105.2077,18.274],[-105.2236,18.2654],[-105.2394,18.2566],[-105.255,18.2475],[-105.2704,18.2381],[-105.2856,18.2285],[-105.3007,18.2186],[-105.3156,18.2085],[-105.3302,18.1981],[-105.3448,18.1875],[-105.3591,18.1766],[-105.3732,18.1655],[-105.3871,18.1542],[-105.4007,18.1426],[-105.4142,18.1309],[-105.4275,18.1189],[-105.4405,18.1066],[-105.4533,18.0942],[-105.4659,18.0815],[-105.4783,18.0687],[-105.4904,18.0556],[-105.5022,18.0424],[-105.5139,18.0289],[-105.5252,18.0152],[-105.5364,18.0014],[-105.5472,17.9874],[-105.5579,17.9732],[-105.5682,17.9588],[-105.5783,17.9443],[-105.5881,17.9296],[-105.5977,17.9147],[-105.6069,17.8997],[-105.6159,17.8845],[-105.6247,17.8692],[-105.6331,17.8537],[-105.6413,17.8381],[-105.6491,17.8223],[-105.6567,17.8065],[-105.664,17.7905],[-105.671,17.7744],[-105.6777,17.7581],[-105.6841,17.7418],[-105.6902,17.7253],[-105.696,17.7088],[-105.7015,17.6922],[-105.7067,17.6755],[-105.7116,17.6586],[-105.7161,17.6418],[-105.7204,17.6248],[-105.7244,17.6078],[-105.728,17.5907],[-105.7313,17.5735],[-105.7344,17.5563],[-105.7371,17.5391],[-105.7394,17.5218],[-105.7415,17.5045],[-105.7433,17.4871],[-105.7447,17.4697],[-105.7458,17.4523],[-105.7466,17.4349],[-105.7471,17.4174],[-105.7472,17.4],[-105.9218,17.4],[-105.9216,17.3797],[-105.921,17.3593],[-105.9201,17.339],[-105.9188,17.3187],[-105.9171,17.2984],[-105.9151,17.2781],[-105.9127,17.2579],[-105.9099,17.2377],[-105.9067,17.2176],[-105.9032,17.1975],[-105.8993,17.1775],[-105.8951,17.1576],[-105.8905,17.1377],[-105.8855,17.1179],[-105.8802,17.0982],[-105.8745,17.0786],[-105.8684,17.0591],[-105.862,17.0397],[-105.8552,17.0204],[-105.8481,17.0012],[-105.8406,16.9822],[-105.8328,16.9633],[-105.8247,16.9445],[-105.8162,16.9258],[-105.8073,16.9073],[-105.7981,16.8889],[-105.7886,16.8707],[-105.7788,16.8527],[-105.7686,16.8348],[-105.7581,16.8171],[-105.7473,16.7995],[-105.7361,16.7822],[-105.7247,16.765],[-105.7129,16.748],[-105.7008,16.7313],[-105.6884,16.7147],[-105.6758,16.6984],[-105.6628,16.6822],[-105.6495,16.6663],[-105.6359,16.6506],[-105.6221,16.6351],[-105.608,16.6199],[-105.5936,16.6049],[-105.5789,16.5901],[-105.5639,16.5756],[-105.5487,16.5613],[-105.5333,16.5473],[-105.5175,16.5336],[-105.5016,16.5201],[-105.4854,16.5069],[-105.4689,16.4939],[-105.4522,16.4813],[-105.4353,16.4689],[-105.4181,16.4568],[-105.4008,16.445],[-105.3832,16.4334],[-105.3654,16.4222],[-105.3474,16.4113],[-105.3293,16.4006],[-105.3109,16.3903],[-105.2923,16.3803],[-105.2736,16.3706],[-105.2547,16.3612],[-105.2356,16.3521],[-105.2164,16.3434],[-105.1969,16.3349],[-105.1774,16.3268],[-105.1577,16.319],[-105.1379,16.3116],[-105.1179,16.3044],[-105.0978,16.2976],[-105.0776,16.2912],[-105.0572,16.2851],[-105.0368,16.2793],[-105.0162,16.2738],[-104.9956,16.2688],[-104.9748,16.264],[-104.954,16.2596],[-104.9331,16.2555],[-104.9122,16.2518],[-104.8911,16.2485],[-104.87,16.2455],[-104.8489,16.2428],[-104.8277,16.2405],[-104.8065,16.2386],[-104.7852,16.237],[-104.7639,16.2357],[-104.7426,16.2348],[-104.7213,16.2343],[-104.7,16.2341],[-104.7,16.2341],[-104.6787,16.2343],[-104.6574,16.2348],[-104.6361,16.2357],[-104.6148,16.237],[-104.5935,16.2386],[-104.5723,16.2405],[-104.5511,16.2428],[-104.53,16.2455],[-104.5089,16.2485],[-104.4878,16.2518],[-104.4669,16.2555],[-104.446,16.2596],[-104.4252,16.264],[-104.4044,16.2688],[-104.3838,16.2738],[-104.3632,16.2793],[-104.3428,16.2851],[-104.3224,16.2912],[-104.3022,16.2976],[-104.2821,16.3044],[-104.2621,16.3116],[-104.2423,16.319],[-104.2226,16.3268],[-104.2031,16.3349],[-104.1836,16.3434],[-104.1644,16.3521],[-104.1453,16.3612],[-104.1264,16.3706],[-104.1077,16.3803],[-104.0891,16.3903],[-104.0707,16.4006],[-104.0526,16.4113],[-104.0346,16.4222],[-104.0168,16.4334],[-103.9992,16.445],[-103.9819,16.4568],[-103.9647,16.4689],[-103.9478,16.4813],[-103.9311,16.4939],[-103.9146,16.5069],[-103.8984,16.5201],[-103.8825,16.5336],[-103.8667,16.5473],[-103.8513,16.5613],[-103.8361,16.5756],[-103.8211,16.5901],[-103.8064,16.6049],[-103.792,16.6199],[-103.7779,16.6351],[-103.7641,16.6506],[-103.7505,16.6663],[-103.7372,16.6822],[-103.7242,16.6984],[-103.7116,16.7147],[-103.6992,16.7313],[-103.6871,16.748],[-103.6753,16.765],[-103.6639,16.7822],[-103.6527,16.7995],[-103.6419,16.8171],[-103.6314,16.8348],[-103.6212,16.8527],[-103.6114,16.8707],[-103.6019,16.8889],[-103.5927,16.9073],[-103.5838,16.9258],[-103.5753,16.9445],[-103.5672,16.9633],[-103.5594,16.9822],[-103.5519,17.0012],[-103.5448,17.0204],[-103.538,17.0397],[-103.5316,17.0591],[-103.5255,17.0786],[-103.5198,17.0982],[-103.5145,17.1179],[-103.5095,17.1377],[-103.5049,17.1576],[-103.5007,17.1775],[-103.4968,17.1975],[-103.4933,17.2176],[-103.4901,17.2377],[-103.4873,17.2579],[-103.4849,17.2781],[-103.4829,17.2984],[-103.4812,17.3187],[-103.4799,17.339],[-103.479,17.3593],[-103.4784,17.3797],[-103.4782,17.4],[-103.6528,17.4],[-103.6529,17.4174],[-103.6534,17.4349],[-103.6542,17.4523],[-103.6553,17.4697],[-103.6567,17.4871],[-103.6585,17.5045],[-103.6606,17.5218],[-103.6629,17.5391],[-103.6656,17.5563],[-103.6687,17.5735],[-103.672,17.5907],[-103.6756,17.6078],[-103.6796,17.6248],[-103.6839,17.6418],[-103.6884,17.6586],[-103.6933,17.6755],[-103.6985,17.6922],[-103.704,17.7088],[-103.7098,17.7253],[-103.7159,17.7418],[-103.7223,17.7581],[-103.729,17.7744],[-103.736,17.7905],[-103.7433,17.8065],[-103.7509,17.8223],[-103.7587,17.8381],[-103.7669,17.8537],[-103.7753,17.8692],[-103.7841,17.8845],[-103.7931,17.8997],[-103.8023,17.9147],[-103.8119,17.9296],[-103.8217,17.9443],[-103.8318,17.9588],[-103.8421,17.9732],[-103.8528,17.9874],[-103.8636,18.0014],[-103.8748,18.0152],[-103.8861,18.0289],[-103.8978,18.0424],[-103.9096,18.0556],[-103.9217,18.0687],[-103.9341,18.0815],[-103.9467,18.0942],[-103.9595,18.1066],[-103.9725,18.1189],[-103.9858,18.1309],[-103.9993,18.1426],[-104.0129,18.1542],[-104.0268,18.1655],[-104.0409,18.1766],[-104.0552,18.1875],[-104.0698,18.1981],[-104.0844,18.2085],[-104.0993,18.2186],[-104.1144,18.2285],[-104.1296,18.2381],[-104.145,18.2475],[-104.1606,18.2566],[-104.1764,18.2654],[-104.1923,18.274],[-104.2083,18.2824],[-104.2246,18.2904],[-104.2409,18.2982],[-104.2574,18.3057],[-104.274,18.3129],[-104.2908,18.3199],[-104.3077,18.3266],[-104.3247,18.333],[-104.3418,18.3391],[-104.359,18.3449],[-104.3764,18.3504],[-104.3938,18.3557],[-104.4113,18.3606],[-104.429,18.3653],[-104.4466,18.3696],[-104.4644,18.3737],[-104.4823,18.3775],[-104.5002,18.381],[-104.5181,18.3841],[-104.5362,18.387],[-104.5543,18.3896],[-104.5724,18.3919],[-104.5905,18.3939],[-104.6087,18.3955],[-104.6269,18.3969],[-104.6452,18.398],[-104.6635,18.3987],[-104.6817,18.3992],[-104.7,18.3993]]]},"properties":{"storm_name":"SIMON-26","fuente":"GDACS","alertlevel":"Red","url":"https://www.gdacs.org/report.aspx?eventid=1001335&episodeid=11&eventtype=TC","paises":"Mexico","layer":"storm_track","kind":"wind_radii_forecast","wind_kt":34}},{"type":"Feature","geometry":{"type":"Polygon","coordinates":[[[-104.7,17.7331],[-104.7,17.7331],[-104.7061,17.7331],[-104.7122,17.7329],[-104.7183,17.7327],[-104.7244,17.7323],[-104.7304,17.7318],[-104.7365,17.7313],[-104.7425,17.7306],[-104.7486,17.7299],[-104.7546,17.729],[-104.7606,17.728],[-104.7666,17.727],[-104.7726,17.7258],[-104.7785,17.7246],[-104.7845,17.7232],[-104.7903,17.7218],[-104.7962,17.7202],[-104.8021,17.7186],[-104.8079,17.7168],[-104.8137,17.715],[-104.8194,17.713],[-104.8251,17.711],[-104.8308,17.7089],[-104.8364,17.7066],[-104.842,17.7043],[-104.8475,17.7019],[-104.853,17.6994],[-104.8585,17.6968],[-104.8639,17.6941],[-104.8692,17.6913],[-104.8745,17.6885],[-104.8798,17.6855],[-104.885,17.6825],[-104.8901,17.6794],[-104.8952,17.6762],[-104.9002,17.6729],[-104.9052,17.6695],[-104.9101,17.666],[-104.9149,17.6625],[-104.9197,17.6589],[-104.9244,17.6552],[-104.929,17.6514],[-104.9336,17.6475],[-104.9381,17.6436],[-104.9425,17.6396],[-104.9468,17.6355],[-104.9511,17.6314],[-104.9553,17.6272],[-104.9594,17.6229],[-104.9635,17.6185],[-104.9674,17.6141],[-104.9713,17.6096],[-104.9751,17.6051],[-104.9788,17.6005],[-104.9824,17.5958],[-104.986,17.5911],[-104.9894,17.5863],[-104.9928,17.5814],[-104.996,17.5765],[-104.9992,17.5716],[-105.0023,17.5666],[-105.0053,17.5615],[-105.0082,17.5564],[-105.011,17.5512],[-105.0138,17.546],[-105.0164,17.5408],[-105.0189,17.5355],[-105.0213,17.5302],[-105.0237,17.5248],[-105.0259,17.5194],[-105.028,17.5139],[-105.0301,17.5084],[-105.032,17.5029],[-105.0338,17.4974],[-105.0356,17.4918],[-105.0372,17.4862],[-105.0387,17.4806],[-105.0401,17.4749],[-105.0415,17.4693],[-105.0427,17.4636],[-105.0438,17.4578],[-105.0448,17.4521],[-105.0457,17.4464],[-105.0465,17.4406],[-105.0472,17.4348],[-105.0478,17.429],[-105.0482,17.4232],[-105.0486,17.4174],[-105.0489,17.4116],[-105.049,17.4058],[-105.0491,17.4],[-105.0491,17.4],[-105.049,17.3942],[-105.0489,17.3884],[-105.0486,17.3826],[-105.0482,17.3768],[-105.0478,17.371],[-105.0472,17.3652],[-105.0465,17.3594],[-105.0457,17.3536],[-105.0448,17.3479],[-105.0438,17.3422],[-105.0427,17.3364],[-105.0415,17.3307],[-105.0401,17.3251],[-105.0387,17.3194],[-105.0372,17.3138],[-105.0356,17.3082],[-105.0338,17.3026],[-105.032,17.2971],[-105.0301,17.2916],[-105.028,17.2861],[-105.0259,17.2806],[-105.0237,17.2752],[-105.0213,17.2698],[-105.0189,17.2645],[-105.0164,17.2592],[-105.0138,17.254],[-105.011,17.2488],[-105.0082,17.2436],[-105.0053,17.2385],[-105.0023,17.2334],[-104.9992,17.2284],[-104.996,17.2235],[-104.9928,17.2186],[-104.9894,17.2137],[-104.986,17.2089],[-104.9824,17.2042],[-104.9788,17.1995],[-104.9751,17.1949],[-104.9713,17.1904],[-104.9674,17.1859],[-104.9635,17.1815],[-104.9594,17.1771],[-104.9553,17.1728],[-104.9511,17.1686],[-104.9468,17.1645],[-104.9425,17.1604],[-104.9381,17.1564],[-104.9336,17.1525],[-104.929,17.1486],[-104.9244,17.1448],[-104.9197,17.1411],[-104.9149,17.1375],[-104.9101,17.134],[-104.9052,17.1305],[-104.9002,17.1271],[-104.8952,17.1238],[-104.8901,17.1206],[-104.885,17.1175],[-104.8798,17.1145],[-104.8745,17.1115],[-104.8692,17.1087],[-104.8639,17.1059],[-104.8585,17.1032],[-104.853,17.1006],[-104.8475,17.0981],[-104.842,17.0957],[-104.8364,17.0934],[-104.8308,17.0911],[-104.8251,17.089],[-104.8194,17.087],[-104.8137,17.085],[-104.8079,17.0832],[-104.8021,17.0814],[-104.7962,17.0798],[-104.7903,17.0782],[-104.7845,17.0768],[-104.7785,17.0754],[-104.7726,17.0742],[-104.7666,17.073],[-104.7606,17.072],[-104.7546,17.071],[-104.7486,17.0701],[-104.7425,17.0694],[-104.7365,17.0687],[-104.7304,17.0682],[-104.7244,17.0677],[-104.7183,17.0673],[-104.7122,17.0671],[-104.7061,17.0669],[-104.7,17.0669],[-104.7,16.9003],[-104.6909,16.9004],[-104.6817,16.9006],[-104.6726,16.901],[-104.6635,16.9016],[-104.6544,16.9022],[-104.6453,16.9031],[-104.6362,16.9041],[-104.6271,16.9052],[-104.6181,16.9065],[-104.6091,16.9079],[-104.6001,16.9095],[-104.5911,16.9113],[-104.5822,16.9131],[-104.5733,16.9152],[-104.5645,16.9174],[-104.5557,16.9197],[-104.5469,16.9222],[-104.5382,16.9248],[-104.5295,16.9276],[-104.5209,16.9305],[-104.5123,16.9335],[-104.5038,16.9367],[-104.4954,16.9401],[-104.487,16.9435],[-104.4787,16.9472],[-104.4705,16.9509],[-104.4623,16.9548],[-104.4542,16.9588],[-104.4461,16.963],[-104.4382,16.9673],[-104.4303,16.9717],[-104.4225,16.9763],[-104.4148,16.9809],[-104.4072,16.9858],[-104.3997,16.9907],[-104.3922,16.9958],[-104.3849,17.001],[-104.3776,17.0063],[-104.3705,17.0117],[-104.3634,17.0172],[-104.3565,17.0229],[-104.3496,17.0287],[-104.3429,17.0346],[-104.3363,17.0406],[-104.3297,17.0467],[-104.3233,17.0529],[-104.317,17.0592],[-104.3109,17.0657],[-104.3048,17.0722],[-104.2989,17.0788],[-104.2931,17.0856],[-104.2874,17.0924],[-104.2818,17.0993],[-104.2764,17.1063],[-104.2711,17.1134],[-104.2659,17.1206],[-104.2609,17.1279],[-104.2559,17.1352],[-104.2512,17.1427],[-104.2465,17.1502],[-104.242,17.1578],[-104.2377,17.1654],[-104.2334,17.1732],[-104.2294,17.181],[-104.2254,17.1888],[-104.2216,17.1968],[-104.218,17.2048],[-104.2145,17.2128],[-104.2112,17.2209],[-104.208,17.2291],[-104.2049,17.2373],[-104.202,17.2456],[-104.1993,17.2539],[-104.1967,17.2623],[-104.1942,17.2707],[-104.1919,17.2791],[-104.1898,17.2876],[-104.1878,17.2961],[-104.186,17.3047],[-104.1843,17.3132],[-104.1828,17.3218],[-104.1815,17.3305],[-104.1803,17.3391],[-104.1792,17.3478],[-104.1784,17.3565],[-104.1777,17.3651],[-104.1771,17.3738],[-104.1767,17.3826],[-104.1765,17.3913],[-104.1764,17.4],[-104.3509,17.4],[-104.351,17.4058],[-104.3511,17.4116],[-104.3514,17.4174],[-104.3518,17.4232],[-104.3522,17.429],[-104.3528,17.4348],[-104.3535,17.4406],[-104.3543,17.4464],[-104.3552,17.4521],[-104.3562,17.4578],[-104.3573,17.4636],[-104.3585,17.4693],[-104.3599,17.4749],[-104.3613,17.4806],[-104.3628,17.4862],[-104.3644,17.4918],[-104.3662,17.4974],[-104.368,17.5029],[-104.3699,17.5084],[-104.372,17.5139],[-104.3741,17.5194],[-104.3763,17.5248],[-104.3787,17.5302],[-104.3811,17.5355],[-104.3836,17.5408],[-104.3862,17.546],[-104.389,17.5512],[-104.3918,17.5564],[-104.3947,17.5615],[-104.3977,17.5666],[-104.4008,17.5716],[-104.404,17.5765],[-104.4072,17.5814],[-104.4106,17.5863],[-104.414,17.5911],[-104.4176,17.5958],[-104.4212,17.6005],[-104.4249,17.6051],[-104.4287,17.6096],[-104.4326,17.6141],[-104.4365,17.6185],[-104.4406,17.6229],[-104.4447,17.6272],[-104.4489,17.6314],[-104.4532,17.6355],[-104.4575,17.6396],[-104.4619,17.6436],[-104.4664,17.6475],[-104.471,17.6514],[-104.4756,17.6552],[-104.4803,17.6589],[-104.4851,17.6625],[-104.4899,17.666],[-104.4948,17.6695],[-104.4998,17.6729],[-104.5048,17.6762],[-104.5099,17.6794],[-104.515,17.6825],[-104.5202,17.6855],[-104.5255,17.6885],[-104.5308,17.6913],[-104.5361,17.6941],[-104.5415,17.6968],[-104.547,17.6994],[-104.5525,17.7019],[-104.558,17.7043],[-104.5636,17.7066],[-104.5692,17.7089],[-104.5749,17.711],[-104.5806,17.713],[-104.5863,17.715],[-104.5921,17.7168],[-104.5979,17.7186],[-104.6038,17.7202],[-104.6097,17.7218],[-104.6155,17.7232],[-104.6215,17.7246],[-104.6274,17.7258],[-104.6334,17.727],[-104.6394,17.728],[-104.6454,17.729],[-104.6514,17.7299],[-104.6575,17.7306],[-104.6635,17.7313],[-104.6696,17.7318],[-104.6756,17.7323],[-104.6817,17.7327],[-104.6878,17.7329],[-104.6939,17.7331],[-104.7,17.7331]]]},"properties":{"storm_name":"SIMON-26","fuente":"GDACS","alertlevel":"Red","url":"https://www.gdacs.org/report.aspx?eventid=1001335&episodeid=11&eventtype=TC","paises":"Mexico","layer":"storm_track","kind":"wind_radii_forecast","wind_kt":34}},{"type":"Feature","geometry":{"type":"Polygon","coordinates":[[[-104.7,17.5666],[-104.7,17.5666],[-104.703,17.5665],[-104.7061,17.5665],[-104.7091,17.5663],[-104.7122,17.5661],[-104.7152,17.5659],[-104.7182,17.5656],[-104.7213,17.5653],[-104.7243,17.5649],[-104.7273,17.5645],[-104.7303,17.564],[-104.7333,17.5635],[-104.7363,17.5629],[-104.7393,17.5623],[-104.7422,17.5616],[-104.7452,17.5609],[-104.7481,17.5601],[-104.751,17.5593],[-104.7539,17.5584],[-104.7568,17.5575],[-104.7597,17.5565],[-104.7626,17.5555],[-104.7654,17.5544],[-104.7682,17.5533],[-104.771,17.5522],[-104.7738,17.5509],[-104.7765,17.5497],[-104.7792,17.5484],[-104.7819,17.5471],[-104.7846,17.5457],[-104.7873,17.5442],[-104.7899,17.5428],[-104.7925,17.5412],[-104.7951,17.5397],[-104.7976,17.5381],[-104.8001,17.5364],[-104.8026,17.5347],[-104.805,17.533],[-104.8075,17.5312],[-104.8098,17.5294],[-104.8122,17.5276],[-104.8145,17.5257],[-104.8168,17.5238],[-104.819,17.5218],[-104.8212,17.5198],[-104.8234,17.5178],[-104.8256,17.5157],[-104.8277,17.5136],[-104.8297,17.5114],[-104.8317,17.5093],[-104.8337,17.5071],[-104.8356,17.5048],[-104.8375,17.5025],[-104.8394,17.5002],[-104.8412,17.4979],[-104.843,17.4955],[-104.8447,17.4931],[-104.8464,17.4907],[-104.848,17.4883],[-104.8496,17.4858],[-104.8512,17.4833],[-104.8527,17.4807],[-104.8541,17.4782],[-104.8555,17.4756],[-104.8569,17.473],[-104.8582,17.4704],[-104.8595,17.4677],[-104.8607,17.4651],[-104.8618,17.4624],[-104.8629,17.4597],[-104.864,17.457],[-104.865,17.4542],[-104.866,17.4515],[-104.8669,17.4487],[-104.8678,17.4459],[-104.8686,17.4431],[-104.8694,17.4403],[-104.8701,17.4375],[-104.8707,17.4346],[-104.8713,17.4318],[-104.8719,17.4289],[-104.8724,17.4261],[-104.8728,17.4232],[-104.8732,17.4203],[-104.8736,17.4174],[-104.8739,17.4145],[-104.8741,17.4116],[-104.8743,17.4087],[-104.8744,17.4058],[-104.8745,17.4029],[-104.8745,17.4],[-104.8745,17.4],[-104.8745,17.3971],[-104.8744,17.3942],[-104.8743,17.3913],[-104.8741,17.3884],[-104.8739,17.3855],[-104.8736,17.3826],[-104.8732,17.3797],[-104.8728,17.3768],[-104.8724,17.3739],[-104.8719,17.3711],[-104.8713,17.3682],[-104.8707,17.3654],[-104.8701,17.3625],[-104.8694,17.3597],[-104.8686,17.3569],[-104.8678,17.3541],[-104.8669,17.3513],[-104.866,17.3485],[-104.865,17.3458],[-104.864,17.343],[-104.8629,17.3403],[-104.8618,17.3376],[-104.8607,17.3349],[-104.8595,17.3323],[-104.8582,17.3296],[-104.8569,17.327],[-104.8555,17.3244],[-104.8541,17.3218],[-104.8527,17.3193],[-104.8512,17.3167],[-104.8496,17.3142],[-104.848,17.3117],[-104.8464,17.3093],[-104.8447,17.3069],[-104.843,17.3045],[-104.8412,17.3021],[-104.8394,17.2998],[-104.8375,17.2975],[-104.8356,17.2952],[-104.8337,17.2929],[-104.8317,17.2907],[-104.8297,17.2886],[-104.8277,17.2864],[-104.8256,17.2843],[-104.8234,17.2822],[-104.8212,17.2802],[-104.819,17.2782],[-104.8168,17.2762],[-104.8145,17.2743],[-104.8122,17.2724],[-104.8098,17.2706],[-104.8075,17.2688],[-104.805,17.267],[-104.8026,17.2653],[-104.8001,17.2636],[-104.7976,17.2619],[-104.7951,17.2603],[-104.7925,17.2588],[-104.7899,17.2572],[-104.7873,17.2558],[-104.7846,17.2543],[-104.7819,17.2529],[-104.7792,17.2516],[-104.7765,17.2503],[-104.7738,17.2491],[-104.771,17.2478],[-104.7682,17.2467],[-104.7654,17.2456],[-104.7626,17.2445],[-104.7597,17.2435],[-104.7568,17.2425],[-104.7539,17.2416],[-104.751,17.2407],[-104.7481,17.2399],[-104.7452,17.2391],[-104.7422,17.2384],[-104.7393,17.2377],[-104.7363,17.2371],[-104.7333,17.2365],[-104.7303,17.236],[-104.7273,17.2355],[-104.7243,17.2351],[-104.7213,17.2347],[-104.7182,17.2344],[-104.7152,17.2341],[-104.7122,17.2339],[-104.7091,17.2337],[-104.7061,17.2335],[-104.703,17.2335],[-104.7,17.2334],[-104.7,17.1502],[-104.6954,17.1502],[-104.6909,17.1503],[-104.6863,17.1505],[-104.6817,17.1508],[-104.6772,17.1511],[-104.6726,17.1515],[-104.6681,17.152],[-104.6636,17.1526],[-104.659,17.1532],[-104.6545,17.154],[-104.65,17.1548],[-104.6456,17.1556],[-104.6411,17.1566],[-104.6367,17.1576],[-104.6322,17.1587],[-104.6278,17.1598],[-104.6235,17.1611],[-104.6191,17.1624],[-104.6148,17.1638],[-104.6105,17.1652],[-104.6062,17.1668],[-104.6019,17.1684],[-104.5977,17.17],[-104.5935,17.1718],[-104.5894,17.1736],[-104.5852,17.1755],[-104.5811,17.1774],[-104.5771,17.1794],[-104.5731,17.1815],[-104.5691,17.1836],[-104.5652,17.1859],[-104.5613,17.1881],[-104.5574,17.1905],[-104.5536,17.1929],[-104.5498,17.1953],[-104.5461,17.1979],[-104.5424,17.2005],[-104.5388,17.2031],[-104.5352,17.2058],[-104.5317,17.2086],[-104.5282,17.2114],[-104.5248,17.2143],[-104.5214,17.2173],[-104.5181,17.2203],[-104.5149,17.2233],[-104.5117,17.2265],[-104.5085,17.2296],[-104.5054,17.2328],[-104.5024,17.2361],[-104.4994,17.2394],[-104.4965,17.2428],[-104.4937,17.2462],[-104.4909,17.2496],[-104.4882,17.2532],[-104.4855,17.2567],[-104.4829,17.2603],[-104.4804,17.2639],[-104.478,17.2676],[-104.4756,17.2713],[-104.4733,17.2751],[-104.471,17.2789],[-104.4688,17.2827],[-104.4667,17.2866],[-104.4647,17.2905],[-104.4627,17.2944],[-104.4608,17.2984],[-104.459,17.3024],[-104.4573,17.3064],[-104.4556,17.3105],[-104.454,17.3146],[-104.4525,17.3187],[-104.451,17.3228],[-104.4496,17.327],[-104.4483,17.3311],[-104.4471,17.3353],[-104.446,17.3396],[-104.4449,17.3438],[-104.4439,17.3481],[-104.443,17.3523],[-104.4422,17.3566],[-104.4414,17.3609],[-104.4407,17.3652],[-104.4401,17.3696],[-104.4396,17.3739],[-104.4392,17.3782],[-104.4388,17.3826],[-104.4385,17.3869],[-104.4383,17.3913],[-104.4382,17.3956],[-104.4382,17.4],[-104.5255,17.4],[-104.5255,17.4029],[-104.5256,17.4058],[-104.5257,17.4087],[-104.5259,17.4116],[-104.5261,17.4145],[-104.5264,17.4174],[-104.5268,17.4203],[-104.5272,17.4232],[-104.5276,17.4261],[-104.5281,17.4289],[-104.5287,17.4318],[-104.5293,17.4346],[-104.5299,17.4375],[-104.5306,17.4403],[-104.5314,17.4431],[-104.5322,17.4459],[-104.5331,17.4487],[-104.534,17.4515],[-104.535,17.4542],[-104.536,17.457],[-104.5371,17.4597],[-104.5382,17.4624],[-104.5393,17.4651],[-104.5405,17.4677],[-104.5418,17.4704],[-104.5431,17.473],[-104.5445,17.4756],[-104.5459,17.4782],[-104.5473,17.4807],[-104.5488,17.4833],[-104.5504,17.4858],[-104.552,17.4883],[-104.5536,17.4907],[-104.5553,17.4931],[-104.557,17.4955],[-104.5588,17.4979],[-104.5606,17.5002],[-104.5625,17.5025],[-104.5644,17.5048],[-104.5663,17.5071],[-104.5683,17.5093],[-104.5703,17.5114],[-104.5723,17.5136],[-104.5744,17.5157],[-104.5766,17.5178],[-104.5788,17.5198],[-104.581,17.5218],[-104.5832,17.5238],[-104.5855,17.5257],[-104.5878,17.5276],[-104.5902,17.5294],[-104.5925,17.5312],[-104.595,17.533],[-104.5974,17.5347],[-104.5999,17.5364],[-104.6024,17.5381],[-104.6049,17.5397],[-104.6075,17.5412],[-104.6101,17.5428],[-104.6127,17.5442],[-104.6154,17.5457],[-104.6181,17.5471],[-104.6208,17.5484],[-104.6235,17.5497],[-104.6262,17.5509],[-104.629,17.5522],[-104.6318,17.5533],[-104.6346,17.5544],[-104.6374,17.5555],[-104.6403,17.5565],[-104.6432,17.5575],[-104.6461,17.5584],[-104.649,17.5593],[-104.6519,17.5601],[-104.6548,17.5609],[-104.6578,17.5616],[-104.6607,17.5623],[-104.6637,17.5629],[-104.6667,17.5635],[-104.6697,17.564],[-104.6727,17.5645],[-104.6757,17.5649],[-104.6787,17.5653],[-104.6818,17.5656],[-104.6848,17.5659],[-104.6878,17.5661],[-104.6909,17.5663],[-104.6939,17.5665],[-104.697,17.5665],[-104.7,17.5666]]]},"properties":{"storm_name":"SIMON-26","fuente":"GDACS","alertlevel":"Red","url":"https://www.gdacs.org/report.aspx?eventid=1001335&episodeid=11&eventtype=TC","paises":"Mexico","layer":"storm_track","kind":"wind_radii_forecast","wind_kt":34}},{"type":"Feature","geometry":{"type":"Polygon","coordinates":[[[-104.9,19.5324],[-104.9,19.3659],[-104.9214,19.3657],[-104.9428,19.3652],[-104.9642,19.3643],[-104.9856,19.363],[-105.007,19.3614],[-105.0283,19.3595],[-105.0496,19.3572],[-105.0708,19.3545],[-105.092,19.3515],[-105.1131,19.3482],[-105.1342,19.3445],[-105.1552,19.3404],[-105.1761,19.336],[-105.1969,19.3312],[-105.2176,19.3262],[-105.2383,19.3207],[-105.2588,19.3149],[-105.2793,19.3088],[-105.2996,19.3024],[-105.3198,19.2956],[-105.3398,19.2884],[-105.3597,19.281],[-105.3795,19.2732],[-105.3992,19.2651],[-105.4187,19.2566],[-105.438,19.2479],[-105.4572,19.2388],[-105.4762,19.2294],[-105.495,19.2197],[-105.5136,19.2097],[-105.5321,19.1994],[-105.5504,19.1887],[-105.5684,19.1778],[-105.5863,19.1666],[-105.6039,19.155],[-105.6214,19.1432],[-105.6386,19.1311],[-105.6556,19.1187],[-105.6724,19.1061],[-105.6889,19.0931],[-105.7052,19.0799],[-105.7212,19.0664],[-105.737,19.0527],[-105.7525,19.0387],[-105.7678,19.0244],[-105.7828,19.0099],[-105.7976,18.9951],[-105.812,18.9801],[-105.8262,18.9649],[-105.8402,18.9494],[-105.8538,18.9337],[-105.8671,18.9178],[-105.8801,18.9016],[-105.8929,18.8853],[-105.9053,18.8687],[-105.9175,18.852],[-105.9293,18.835],[-105.9408,18.8178],[-105.952,18.8005],[-105.9629,18.7829],[-105.9734,18.7652],[-105.9836,18.7473],[-105.9935,18.7293],[-106.0031,18.7111],[-106.0123,18.6927],[-106.0212,18.6742],[-106.0297,18.6555],[-106.0379,18.6367],[-106.0458,18.6178],[-106.0533,18.5988],[-106.0604,18.5796],[-106.0672,18.5603],[-106.0737,18.5409],[-106.0797,18.5214],[-106.0855,18.5018],[-106.0908,18.4821],[-106.0958,18.4623],[-106.1005,18.4424],[-106.1047,18.4225],[-106.1086,18.4025],[-106.1122,18.3824],[-106.1153,18.3623],[-106.1181,18.3421],[-106.1206,18.3219],[-106.1226,18.3016],[-106.1243,18.2813],[-106.1256,18.261],[-106.1265,18.2407],[-106.1271,18.2203],[-106.1273,18.2],[-105.952,18.2],[-105.9518,18.1826],[-105.9513,18.1651],[-105.9505,18.1477],[-105.9494,18.1303],[-105.948,18.1129],[-105.9462,18.0955],[-105.9441,18.0782],[-105.9417,18.0609],[-105.939,18.0437],[-105.936,18.0265],[-105.9326,18.0093],[-105.929,17.9922],[-105.925,17.9752],[-105.9207,17.9582],[-105.9161,17.9414],[-105.9112,17.9245],[-105.906,17.9078],[-105.9005,17.8912],[-105.8946,17.8747],[-105.8885,17.8582],[-105.8821,17.8419],[-105.8754,17.8256],[-105.8683,17.8095],[-105.861,17.7935],[-105.8534,17.7777],[-105.8455,17.7619],[-105.8373,17.7463],[-105.8288,17.7308],[-105.8201,17.7155],[-105.811,17.7003],[-105.8017,17.6853],[-105.7921,17.6704],[-105.7822,17.6557],[-105.7721,17.6412],[-105.7617,17.6268],[-105.751,17.6126],[-105.7401,17.5986],[-105.729,17.5848],[-105.7175,17.5711],[-105.7058,17.5576],[-105.6939,17.5444],[-105.6818,17.5313],[-105.6694,17.5185],[-105.6567,17.5058],[-105.6438,17.4934],[-105.6307,17.4811],[-105.6174,17.4691],[-105.6039,17.4574],[-105.5901,17.4458],[-105.5762,17.4345],[-105.562,17.4234],[-105.5476,17.4125],[-105.5331,17.4019],[-105.5183,17.3915],[-105.5034,17.3814],[-105.4882,17.3715],[-105.4729,17.3619],[-105.4575,17.3525],[-105.4418,17.3434],[-105.426,17.3346],[-105.41,17.326],[-105.3939,17.3176],[-105.3776,17.3096],[-105.3611,17.3018],[-105.3446,17.2943],[-105.3279,17.2871],[-105.311,17.2801],[-105.2941,17.2734],[-105.277,17.267],[-105.2598,17.2609],[-105.2425,17.2551],[-105.2251,17.2496],[-105.2076,17.2443],[-105.19,17.2394],[-105.1723,17.2347],[-105.1545,17.2304],[-105.1366,17.2263],[-105.1187,17.2225],[-105.1007,17.219],[-105.0827,17.2159],[-105.0646,17.213],[-105.0464,17.2104],[-105.0282,17.2081],[-105.01,17.2061],[-104.9917,17.2045],[-104.9734,17.2031],[-104.9551,17.202],[-104.9367,17.2013],[-104.9184,17.2008],[-104.9,17.2007],[-104.9,16.8676],[-104.8755,16.8678],[-104.851,16.8684],[-104.8266,16.8694],[-104.8022,16.8708],[-104.7778,16.8726],[-104.7534,16.8749],[-104.7291,16.8775],[-104.7048,16.8805],[-104.6806,16.884],[-104.6564,16.8878],[-104.6324,16.892],[-104.6084,16.8967],[-104.5845,16.9017],[-104.5607,16.9071],[-104.537,16.913],[-104.5134,16.9192],[-104.4899,16.9258],[-104.4666,16.9328],[-104.4434,16.9402],[-104.4203,16.9479],[-104.3974,16.9561],[-104.3746,16.9646],[-104.352,16.9735],[-104.3295,16.9828],[-104.3072,16.9924],[-104.2851,17.0024],[-104.2632,17.0128],[-104.2415,17.0235],[-104.22,17.0346],[-104.1987,17.0461],[-104.1776,17.0579],[-104.1567,17.07],[-104.1361,17.0825],[-104.1157,17.0954],[-104.0955,17.1085],[-104.0756,17.122],[-104.0559,17.1359],[-104.0365,17.15],[-104.0173,17.1645],[-103.9984,17.1793],[-103.9798,17.1944],[-103.9615,17.2098],[-103.9434,17.2255],[-103.9257,17.2415],[-103.9082,17.2578],[-103.8911,17.2744],[-103.8742,17.2913],[-103.8577,17.3084],[-103.8414,17.3258],[-103.8255,17.3435],[-103.81,17.3615],[-103.7947,17.3797],[-103.7798,17.3981],[-103.7653,17.4168],[-103.7511,17.4357],[-103.7372,17.4549],[-103.7237,17.4743],[-103.7105,17.4939],[-103.6977,17.5137],[-103.6853,17.5338],[-103.6733,17.554],[-103.6616,17.5745],[-103.6503,17.5951],[-103.6393,17.6159],[-103.6288,17.6369],[-103.6187,17.658],[-103.6089,17.6794],[-103.5995,17.7009],[-103.5906,17.7225],[-103.582,17.7443],[-103.5738,17.7662],[-103.566,17.7883],[-103.5587,17.8104],[-103.5517,17.8327],[-103.5452,17.8551],[-103.5391,17.8777],[-103.5333,17.9003],[-103.528,17.923],[-103.5232,17.9458],[-103.5187,17.9686],[-103.5147,17.9916],[-103.511,18.0146],[-103.5079,18.0376],[-103.5051,18.0607],[-103.5027,18.0839],[-103.5008,18.1071],[-103.4993,18.1303],[-103.4982,18.1535],[-103.4976,18.1767],[-103.4974,18.2],[-103.4974,18.2],[-103.4976,18.2233],[-103.4982,18.2465],[-103.4993,18.2697],[-103.5008,18.2929],[-103.5027,18.3161],[-103.5051,18.3393],[-103.5079,18.3624],[-103.511,18.3854],[-103.5147,18.4084],[-103.5187,18.4314],[-103.5232,18.4542],[-103.528,18.477],[-103.5333,18.4997],[-103.5391,18.5223],[-103.5452,18.5449],[-103.5517,18.5673],[-103.5587,18.5896],[-103.566,18.6117],[-103.5738,18.6338],[-103.582,18.6557],[-103.5906,18.6775],[-103.5995,18.6991],[-103.6089,18.7206],[-103.6187,18.742],[-103.6288,18.7631],[-103.6393,18.7841],[-103.6503,18.8049],[-103.6616,18.8255],[-103.6733,18.846],[-103.6853,18.8662],[-103.6977,18.8863],[-103.7105,18.9061],[-103.7237,18.9257],[-103.7372,18.9451],[-103.7511,18.9643],[-103.7653,18.9832],[-103.7798,19.0019],[-103.7947,19.0203],[-103.81,19.0385],[-103.8255,19.0565],[-103.8414,19.0742],[-103.8577,19.0916],[-103.8742,19.1087],[-103.8911,19.1256],[-103.9082,19.1422],[-103.9257,19.1585],[-103.9434,19.1745],[-103.9615,19.1902],[-103.9798,19.2056],[-103.9984,19.2207],[-104.0173,19.2355],[-104.0365,19.25],[-104.0559,19.2641],[-104.0756,19.278],[-104.0955,19.2915],[-104.1157,19.3046],[-104.1361,19.3175],[-104.1567,19.33],[-104.1776,19.3421],[-104.1987,19.3539],[-104.22,19.3654],[-104.2415,19.3765],[-104.2632,19.3872],[-104.2851,19.3976],[-104.3072,19.4076],[-104.3295,19.4172],[-104.352,19.4265],[-104.3746,19.4354],[-104.3974,19.4439],[-104.4203,19.4521],[-104.4434,19.4598],[-104.4666,19.4672],[-104.4899,19.4742],[-104.5134,19.4808],[-104.537,19.487],[-104.5607,19.4929],[-104.5845,19.4983],[-104.6084,19.5033],[-104.6324,19.508],[-104.6564,19.5122],[-104.6806,19.516],[-104.7048,19.5195],[-104.7291,19.5225],[-104.7534,19.5251],[-104.7778,19.5274],[-104.8022,19.5292],[-104.8266,19.5306],[-104.851,19.5316],[-104.8755,19.5322],[-104.9,19.5324]]]},"properties":{"storm_name":"SIMON-26","fuente":"GDACS","alertlevel":"Red","url":"https://www.gdacs.org/report.aspx?eventid=1001335&episodeid=11&eventtype=TC","paises":"Mexico","layer":"storm_track","kind":"wind_radii_forecast","wind_kt":34}},{"type":"Feature","geometry":{"type":"Polygon","coordinates":[[[-104.9,18.8662],[-104.9,18.8662],[-104.9122,18.8661],[-104.9245,18.8658],[-104.9367,18.8653],[-104.9489,18.8646],[-104.9611,18.8637],[-104.9733,18.8626],[-104.9855,18.8613],[-104.9976,18.8597],[-105.0097,18.858],[-105.0218,18.8561],[-105.0338,18.854],[-105.0458,18.8517],[-105.0578,18.8491],[-105.0697,18.8464],[-105.0815,18.8435],[-105.0933,18.8404],[-105.105,18.8371],[-105.1167,18.8336],[-105.1283,18.8299],[-105.1399,18.826],[-105.1513,18.822],[-105.1627,18.8177],[-105.174,18.8133],[-105.1852,18.8086],[-105.1964,18.8038],[-105.2074,18.7988],[-105.2184,18.7936],[-105.2292,18.7882],[-105.24,18.7827],[-105.2507,18.777],[-105.2612,18.7711],[-105.2716,18.765],[-105.282,18.7587],[-105.2922,18.7523],[-105.3023,18.7457],[-105.3122,18.739],[-105.3221,18.7321],[-105.3318,18.725],[-105.3413,18.7177],[-105.3508,18.7104],[-105.3601,18.7028],[-105.3693,18.6951],[-105.3783,18.6872],[-105.3872,18.6792],[-105.3959,18.6711],[-105.4045,18.6628],[-105.4129,18.6544],[-105.4212,18.6458],[-105.4293,18.6371],[-105.4372,18.6282],[-105.445,18.6193],[-105.4526,18.6102],[-105.4601,18.6009],[-105.4674,18.5916],[-105.4745,18.5821],[-105.4814,18.5725],[-105.4882,18.5628],[-105.4947,18.553],[-105.5011,18.5431],[-105.5073,18.5331],[-105.5134,18.523],[-105.5192,18.5128],[-105.5249,18.5025],[-105.5303,18.4921],[-105.5356,18.4816],[-105.5407,18.471],[-105.5456,18.4603],[-105.5502,18.4496],[-105.5547,18.4388],[-105.559,18.4279],[-105.5631,18.4169],[-105.567,18.4059],[-105.5707,18.3948],[-105.5741,18.3836],[-105.5774,18.3724],[-105.5805,18.3612],[-105.5833,18.3499],[-105.586,18.3385],[-105.5884,18.3271],[-105.5906,18.3157],[-105.5927,18.3042],[-105.5945,18.2927],[-105.5961,18.2812],[-105.5975,18.2696],[-105.5986,18.2581],[-105.5996,18.2465],[-105.6003,18.2349],[-105.6009,18.2233],[-105.6012,18.2116],[-105.6013,18.2],[-105.426,18.2],[-105.4259,18.1913],[-105.4257,18.1826],[-105.4253,18.1738],[-105.4247,18.1651],[-105.424,18.1565],[-105.4231,18.1478],[-105.4221,18.1391],[-105.4209,18.1305],[-105.4195,18.1218],[-105.418,18.1132],[-105.4163,18.1047],[-105.4145,18.0961],[-105.4125,18.0876],[-105.4104,18.0791],[-105.4081,18.0707],[-105.4056,18.0623],[-105.403,18.0539],[-105.4002,18.0456],[-105.3973,18.0373],[-105.3943,18.0291],[-105.391,18.0209],[-105.3877,18.0128],[-105.3842,18.0048],[-105.3805,17.9968],[-105.3767,17.9888],[-105.3727,17.981],[-105.3686,17.9732],[-105.3644,17.9654],[-105.36,17.9578],[-105.3555,17.9502],[-105.3509,17.9427],[-105.3461,17.9352],[-105.3411,17.9279],[-105.3361,17.9206],[-105.3309,17.9134],[-105.3255,17.9063],[-105.3201,17.8993],[-105.3145,17.8924],[-105.3088,17.8856],[-105.3029,17.8788],[-105.297,17.8722],[-105.2909,17.8657],[-105.2847,17.8592],[-105.2784,17.8529],[-105.2719,17.8467],[-105.2654,17.8406],[-105.2587,17.8346],[-105.2519,17.8287],[-105.2451,17.8229],[-105.2381,17.8172],[-105.231,17.8117],[-105.2238,17.8063],[-105.2165,17.801],[-105.2092,17.7958],[-105.2017,17.7907],[-105.1941,17.7858],[-105.1865,17.7809],[-105.1787,17.7763],[-105.1709,17.7717],[-105.163,17.7673],[-105.155,17.763],[-105.1469,17.7588],[-105.1388,17.7548],[-105.1306,17.7509],[-105.1223,17.7472],[-105.1139,17.7435],[-105.1055,17.7401],[-105.097,17.7367],[-105.0885,17.7335],[-105.0799,17.7305],[-105.0712,17.7276],[-105.0625,17.7248],[-105.0538,17.7222],[-105.045,17.7197],[-105.0361,17.7174],[-105.0272,17.7152],[-105.0183,17.7131],[-105.0094,17.7113],[-105.0004,17.7095],[-104.9913,17.7079],[-104.9823,17.7065],[-104.9732,17.7052],[-104.9641,17.7041],[-104.955,17.7031],[-104.9458,17.7022],[-104.9367,17.7016],[-104.9275,17.701],[-104.9184,17.7006],[-104.9092,17.7004],[-104.9,17.7003],[-104.9,17.5338],[-104.8878,17.5339],[-104.8755,17.5342],[-104.8633,17.5347],[-104.8511,17.5354],[-104.8389,17.5363],[-104.8267,17.5374],[-104.8145,17.5387],[-104.8024,17.5403],[-104.7903,17.542],[-104.7782,17.5439],[-104.7662,17.546],[-104.7542,17.5483],[-104.7422,17.5509],[-104.7303,17.5536],[-104.7185,17.5565],[-104.7067,17.5596],[-104.695,17.5629],[-104.6833,17.5664],[-104.6717,17.5701],[-104.6601,17.574],[-104.6487,17.578],[-104.6373,17.5823],[-104.626,17.5867],[-104.6148,17.5914],[-104.6036,17.5962],[-104.5926,17.6012],[-104.5816,17.6064],[-104.5708,17.6118],[-104.56,17.6173],[-104.5493,17.623],[-104.5388,17.6289],[-104.5284,17.635],[-104.518,17.6413],[-104.5078,17.6477],[-104.4977,17.6543],[-104.4878,17.661],[-104.4779,17.6679],[-104.4682,17.675],[-104.4587,17.6823],[-104.4492,17.6896],[-104.4399,17.6972],[-104.4307,17.7049],[-104.4217,17.7128],[-104.4128,17.7208],[-104.4041,17.7289],[-104.3955,17.7372],[-104.3871,17.7456],[-104.3788,17.7542],[-104.3707,17.7629],[-104.3628,17.7718],[-104.355,17.7807],[-104.3474,17.7898],[-104.3399,17.7991],[-104.3326,17.8084],[-104.3255,17.8179],[-104.3186,17.8275],[-104.3118,17.8372],[-104.3053,17.847],[-104.2989,17.8569],[-104.2927,17.8669],[-104.2866,17.877],[-104.2808,17.8872],[-104.2751,17.8975],[-104.2697,17.9079],[-104.2644,17.9184],[-104.2593,17.929],[-104.2544,17.9397],[-104.2498,17.9504],[-104.2453,17.9612],[-104.241,17.9721],[-104.2369,17.9831],[-104.233,17.9941],[-104.2293,18.0052],[-104.2259,18.0164],[-104.2226,18.0276],[-104.2195,18.0388],[-104.2167,18.0501],[-104.214,18.0615],[-104.2116,18.0729],[-104.2094,18.0843],[-104.2073,18.0958],[-104.2055,18.1073],[-104.2039,18.1188],[-104.2025,18.1304],[-104.2014,18.1419],[-104.2004,18.1535],[-104.1997,18.1651],[-104.1991,18.1767],[-104.1988,18.1884],[-104.1987,18.2],[-104.1987,18.2],[-104.1988,18.2116],[-104.1991,18.2233],[-104.1997,18.2349],[-104.2004,18.2465],[-104.2014,18.2581],[-104.2025,18.2696],[-104.2039,18.2812],[-104.2055,18.2927],[-104.2073,18.3042],[-104.2094,18.3157],[-104.2116,18.3271],[-104.214,18.3385],[-104.2167,18.3499],[-104.2195,18.3612],[-104.2226,18.3724],[-104.2259,18.3836],[-104.2293,18.3948],[-104.233,18.4059],[-104.2369,18.4169],[-104.241,18.4279],[-104.2453,18.4388],[-104.2498,18.4496],[-104.2544,18.4603],[-104.2593,18.471],[-104.2644,18.4816],[-104.2697,18.4921],[-104.2751,18.5025],[-104.2808,18.5128],[-104.2866,18.523],[-104.2927,18.5331],[-104.2989,18.5431],[-104.3053,18.553],[-104.3118,18.5628],[-104.3186,18.5725],[-104.3255,18.5821],[-104.3326,18.5916],[-104.3399,18.6009],[-104.3474,18.6102],[-104.355,18.6193],[-104.3628,18.6282],[-104.3707,18.6371],[-104.3788,18.6458],[-104.3871,18.6544],[-104.3955,18.6628],[-104.4041,18.6711],[-104.4128,18.6792],[-104.4217,18.6872],[-104.4307,18.6951],[-104.4399,18.7028],[-104.4492,18.7104],[-104.4587,18.7177],[-104.4682,18.725],[-104.4779,18.7321],[-104.4878,18.739],[-104.4977,18.7457],[-104.5078,18.7523],[-104.518,18.7587],[-104.5284,18.765],[-104.5388,18.7711],[-104.5493,18.777],[-104.56,18.7827],[-104.5708,18.7882],[-104.5816,18.7936],[-104.5926,18.7988],[-104.6036,18.8038],[-104.6148,18.8086],[-104.626,18.8133],[-104.6373,18.8177],[-104.6487,18.822],[-104.6601,18.826],[-104.6717,18.8299],[-104.6833,18.8336],[-104.695,18.8371],[-104.7067,18.8404],[-104.7185,18.8435],[-104.7303,18.8464],[-104.7422,18.8491],[-104.7542,18.8517],[-104.7662,18.854],[-104.7782,18.8561],[-104.7903,18.858],[-104.8024,18.8597],[-104.8145,18.8613],[-104.8267,18.8626],[-104.8389,18.8637],[-104.8511,18.8646],[-104.8633,18.8653],[-104.8755,18.8658],[-104.8878,18.8661],[-104.9,18.8662]]]},"properties":{"storm_name":"SIMON-26","fuente":"GDACS","alertlevel":"Red","url":"https://www.gdacs.org/report.aspx?eventid=1001335&episodeid=11&eventtype=TC","paises":"Mexico","layer":"storm_track","kind":"wind_radii_forecast","wind_kt":34}},{"type":"Feature","geometry":{"type":"Polygon","coordinates":[[[-104.9,18.5331],[-104.9,18.5331],[-104.9061,18.5331],[-104.9122,18.5329],[-104.9184,18.5327],[-104.9245,18.5323],[-104.9306,18.5318],[-104.9367,18.5313],[-104.9427,18.5306],[-104.9488,18.5299],[-104.9549,18.529],[-104.9609,18.528],[-104.9669,18.527],[-104.9729,18.5258],[-104.9789,18.5246],[-104.9848,18.5232],[-104.9908,18.5218],[-104.9967,18.5202],[-105.0025,18.5186],[-105.0084,18.5168],[-105.0142,18.515],[-105.0199,18.513],[-105.0257,18.511],[-105.0314,18.5089],[-105.037,18.5066],[-105.0426,18.5043],[-105.0482,18.5019],[-105.0537,18.4994],[-105.0592,18.4968],[-105.0646,18.4941],[-105.07,18.4913],[-105.0753,18.4885],[-105.0806,18.4855],[-105.0858,18.4825],[-105.091,18.4794],[-105.0961,18.4762],[-105.1011,18.4729],[-105.1061,18.4695],[-105.111,18.466],[-105.1159,18.4625],[-105.1207,18.4589],[-105.1254,18.4552],[-105.13,18.4514],[-105.1346,18.4475],[-105.1391,18.4436],[-105.1436,18.4396],[-105.1479,18.4355],[-105.1522,18.4314],[-105.1565,18.4272],[-105.1606,18.4229],[-105.1646,18.4185],[-105.1686,18.4141],[-105.1725,18.4096],[-105.1763,18.4051],[-105.18,18.4005],[-105.1837,18.3958],[-105.1872,18.3911],[-105.1907,18.3863],[-105.1941,18.3814],[-105.1974,18.3765],[-105.2006,18.3716],[-105.2037,18.3666],[-105.2067,18.3615],[-105.2096,18.3564],[-105.2124,18.3512],[-105.2152,18.346],[-105.2178,18.3408],[-105.2203,18.3355],[-105.2228,18.3302],[-105.2251,18.3248],[-105.2274,18.3194],[-105.2295,18.3139],[-105.2315,18.3084],[-105.2335,18.3029],[-105.2353,18.2974],[-105.2371,18.2918],[-105.2387,18.2862],[-105.2402,18.2806],[-105.2417,18.2749],[-105.243,18.2693],[-105.2442,18.2636],[-105.2453,18.2578],[-105.2463,18.2521],[-105.2472,18.2464],[-105.248,18.2406],[-105.2487,18.2348],[-105.2493,18.229],[-105.2498,18.2232],[-105.2502,18.2174],[-105.2504,18.2116],[-105.2506,18.2058],[-105.2507,18.2],[-105.163,18.2],[-105.1629,18.1956],[-105.1628,18.1913],[-105.1626,18.1869],[-105.1623,18.1826],[-105.162,18.1782],[-105.1615,18.1739],[-105.161,18.1696],[-105.1604,18.1652],[-105.1598,18.1609],[-105.159,18.1566],[-105.1582,18.1523],[-105.1572,18.1481],[-105.1562,18.1438],[-105.1552,18.1396],[-105.154,18.1353],[-105.1528,18.1311],[-105.1515,18.127],[-105.1501,18.1228],[-105.1487,18.1187],[-105.1471,18.1146],[-105.1455,18.1105],[-105.1438,18.1064],[-105.1421,18.1024],[-105.1403,18.0984],[-105.1383,18.0944],[-105.1364,18.0905],[-105.1343,18.0866],[-105.1322,18.0827],[-105.13,18.0789],[-105.1278,18.0751],[-105.1254,18.0713],[-105.123,18.0676],[-105.1206,18.0639],[-105.118,18.0603],[-105.1154,18.0567],[-105.1128,18.0532],[-105.11,18.0496],[-105.1072,18.0462],[-105.1044,18.0428],[-105.1015,18.0394],[-105.0985,18.0361],[-105.0954,18.0328],[-105.0923,18.0296],[-105.0892,18.0265],[-105.086,18.0233],[-105.0827,18.0203],[-105.0794,18.0173],[-105.076,18.0143],[-105.0725,18.0114],[-105.069,18.0086],[-105.0655,18.0058],[-105.0619,18.0031],[-105.0583,18.0005],[-105.0546,17.9979],[-105.0508,17.9953],[-105.0471,17.9929],[-105.0432,17.9905],[-105.0394,17.9881],[-105.0354,17.9859],[-105.0315,17.9836],[-105.0275,17.9815],[-105.0235,17.9794],[-105.0194,17.9774],[-105.0153,17.9755],[-105.0111,17.9736],[-105.007,17.9718],[-105.0028,17.97],[-104.9985,17.9684],[-104.9942,17.9668],[-104.9899,17.9652],[-104.9856,17.9638],[-104.9813,17.9624],[-104.9769,17.9611],[-104.9725,17.9598],[-104.9681,17.9587],[-104.9636,17.9576],[-104.9592,17.9566],[-104.9547,17.9556],[-104.9502,17.9548],[-104.9457,17.954],[-104.9411,17.9532],[-104.9366,17.9526],[-104.9321,17.952],[-104.9275,17.9515],[-104.9229,17.9511],[-104.9183,17.9508],[-104.9138,17.9505],[-104.9092,17.9503],[-104.9046,17.9502],[-104.9,17.9502],[-104.9,17.9502],[-104.8954,17.9502],[-104.8908,17.9503],[-104.8862,17.9505],[-104.8817,17.9508],[-104.8771,17.9511],[-104.8725,17.9515],[-104.8679,17.952],[-104.8634,17.9526],[-104.8589,17.9532],[-104.8543,17.954],[-104.8498,17.9548],[-104.8453,17.9556],[-104.8408,17.9566],[-104.8364,17.9576],[-104.8319,17.9587],[-104.8275,17.9598],[-104.8231,17.9611],[-104.8187,17.9624],[-104.8144,17.9638],[-104.8101,17.9652],[-104.8058,17.9668],[-104.8015,17.9684],[-104.7972,17.97],[-104.793,17.9718],[-104.7889,17.9736],[-104.7847,17.9755],[-104.7806,17.9774],[-104.7765,17.9794],[-104.7725,17.9815],[-104.7685,17.9836],[-104.7646,17.9859],[-104.7606,17.9881],[-104.7568,17.9905],[-104.7529,17.9929],[-104.7492,17.9953],[-104.7454,17.9979],[-104.7417,18.0005],[-104.7381,18.0031],[-104.7345,18.0058],[-104.731,18.0086],[-104.7275,18.0114],[-104.724,18.0143],[-104.7206,18.0173],[-104.7173,18.0203],[-104.714,18.0233],[-104.7108,18.0265],[-104.7077,18.0296],[-104.7046,18.0328],[-104.7015,18.0361],[-104.6985,18.0394],[-104.6956,18.0428],[-104.6928,18.0462],[-104.69,18.0496],[-104.6872,18.0532],[-104.6846,18.0567],[-104.682,18.0603],[-104.6794,18.0639],[-104.677,18.0676],[-104.6746,18.0713],[-104.6722,18.0751],[-104.67,18.0789],[-104.6678,18.0827],[-104.6657,18.0866],[-104.6636,18.0905],[-104.6617,18.0944],[-104.6597,18.0984],[-104.6579,18.1024],[-104.6562,18.1064],[-104.6545,18.1105],[-104.6529,18.1146],[-104.6513,18.1187],[-104.6499,18.1228],[-104.6485,18.127],[-104.6472,18.1311],[-104.646,18.1353],[-104.6448,18.1396],[-104.6438,18.1438],[-104.6428,18.1481],[-104.6418,18.1523],[-104.641,18.1566],[-104.6402,18.1609],[-104.6396,18.1652],[-104.639,18.1696],[-104.6385,18.1739],[-104.638,18.1782],[-104.6377,18.1826],[-104.6374,18.1869],[-104.6372,18.1913],[-104.6371,18.1956],[-104.637,18.2],[-104.5493,18.2],[-104.5494,18.2058],[-104.5496,18.2116],[-104.5498,18.2174],[-104.5502,18.2232],[-104.5507,18.229],[-104.5513,18.2348],[-104.552,18.2406],[-104.5528,18.2464],[-104.5537,18.2521],[-104.5547,18.2578],[-104.5558,18.2636],[-104.557,18.2693],[-104.5583,18.2749],[-104.5598,18.2806],[-104.5613,18.2862],[-104.5629,18.2918],[-104.5647,18.2974],[-104.5665,18.3029],[-104.5685,18.3084],[-104.5705,18.3139],[-104.5726,18.3194],[-104.5749,18.3248],[-104.5772,18.3302],[-104.5797,18.3355],[-104.5822,18.3408],[-104.5848,18.346],[-104.5876,18.3512],[-104.5904,18.3564],[-104.5933,18.3615],[-104.5963,18.3666],[-104.5994,18.3716],[-104.6026,18.3765],[-104.6059,18.3814],[-104.6093,18.3863],[-104.6128,18.3911],[-104.6163,18.3958],[-104.62,18.4005],[-104.6237,18.4051],[-104.6275,18.4096],[-104.6314,18.4141],[-104.6354,18.4185],[-104.6394,18.4229],[-104.6435,18.4272],[-104.6478,18.4314],[-104.6521,18.4355],[-104.6564,18.4396],[-104.6609,18.4436],[-104.6654,18.4475],[-104.67,18.4514],[-104.6746,18.4552],[-104.6793,18.4589],[-104.6841,18.4625],[-104.689,18.466],[-104.6939,18.4695],[-104.6989,18.4729],[-104.7039,18.4762],[-104.709,18.4794],[-104.7142,18.4825],[-104.7194,18.4855],[-104.7247,18.4885],[-104.73,18.4913],[-104.7354,18.4941],[-104.7408,18.4968],[-104.7463,18.4994],[-104.7518,18.5019],[-104.7574,18.5043],[-104.763,18.5066],[-104.7686,18.5089],[-104.7743,18.511],[-104.7801,18.513],[-104.7858,18.515],[-104.7916,18.5168],[-104.7975,18.5186],[-104.8033,18.5202],[-104.8092,18.5218],[-104.8152,18.5232],[-104.8211,18.5246],[-104.8271,18.5258],[-104.8331,18.527],[-104.8391,18.528],[-104.8451,18.529],[-104.8512,18.5299],[-104.8573,18.5306],[-104.8633,18.5313],[-104.8694,18.5318],[-104.8755,18.5323],[-104.8816,18.5327],[-104.8878,18.5329],[-104.8939,18.5331],[-104.9,18.5331]]]},"properties":{"storm_name":"SIMON-26","fuente":"GDACS","alertlevel":"Red","url":"https://www.gdacs.org/report.aspx?eventid=1001335&episodeid=11&eventtype=TC","paises":"Mexico","layer":"storm_track","kind":"wind_radii_forecast","wind_kt":34}},{"type":"Feature","geometry":{"type":"Polygon","coordinates":[[[-105.0,20.7659],[-105.0,20.7659],[-105.0216,20.7657],[-105.0432,20.7652],[-105.0648,20.7643],[-105.0863,20.763],[-105.1079,20.7614],[-105.1294,20.7595],[-105.1508,20.7572],[-105.1722,20.7545],[-105.1936,20.7515],[-105.2149,20.7482],[-105.2361,20.7445],[-105.2573,20.7404],[-105.2784,20.736],[-105.2994,20.7312],[-105.3203,20.7262],[-105.3411,20.7207],[-105.3618,20.7149],[-105.3824,20.7088],[-105.4029,20.7024],[-105.4233,20.6956],[-105.4435,20.6884],[-105.4636,20.681],[-105.4836,20.6732],[-105.5034,20.6651],[-105.523,20.6566],[-105.5425,20.6479],[-105.5619,20.6388],[-105.581,20.6294],[-105.6,20.6197],[-105.6188,20.6097],[-105.6374,20.5994],[-105.6558,20.5887],[-105.674,20.5778],[-105.6921,20.5666],[-105.7099,20.555],[-105.7274,20.5432],[-105.7448,20.5311],[-105.7619,20.5187],[-105.7788,20.5061],[-105.7955,20.4931],[-105.8119,20.4799],[-105.8281,20.4664],[-105.844,20.4527],[-105.8597,20.4387],[-105.8751,20.4244],[-105.8902,20.4099],[-105.9051,20.3951],[-105.9197,20.3801],[-105.934,20.3649],[-105.948,20.3494],[-105.9618,20.3337],[-105.9752,20.3178],[-105.9884,20.3016],[-106.0012,20.2853],[-106.0138,20.2687],[-106.026,20.252],[-106.0379,20.235],[-106.0495,20.2178],[-106.0608,20.2005],[-106.0718,20.1829],[-106.0824,20.1652],[-106.0927,20.1473],[-106.1027,20.1293],[-106.1123,20.1111],[-106.1216,20.0927],[-106.1306,20.0742],[-106.1392,20.0555],[-106.1475,20.0367],[-106.1554,20.0178],[-106.163,19.9988],[-106.1702,19.9796],[-106.177,19.9603],[-106.1835,19.9409],[-106.1896,19.9214],[-106.1954,19.9018],[-106.2008,19.8821],[-106.2059,19.8623],[-106.2105,19.8424],[-106.2149,19.8225],[-106.2188,19.8025],[-106.2224,19.7824],[-106.2255,19.7623],[-106.2284,19.7421],[-106.2308,19.7219],[-106.2329,19.7016],[-106.2346,19.6813],[-106.2359,19.661],[-106.2368,19.6407],[-106.2374,19.6203],[-106.2376,19.6],[-106.0608,19.6],[-106.0606,19.5826],[-106.0601,19.5651],[-106.0593,19.5477],[-106.0582,19.5303],[-106.0568,19.5129],[-106.055,19.4955],[-106.0529,19.4782],[-106.0505,19.4609],[-106.0477,19.4437],[-106.0447,19.4265],[-106.0413,19.4093],[-106.0376,19.3922],[-106.0336,19.3752],[-106.0293,19.3582],[-106.0246,19.3414],[-106.0197,19.3245],[-106.0144,19.3078],[-106.0089,19.2912],[-106.003,19.2747],[-105.9968,19.2582],[-105.9903,19.2419],[-105.9835,19.2256],[-105.9765,19.2095],[-105.9691,19.1935],[-105.9614,19.1777],[-105.9534,19.1619],[-105.9452,19.1463],[-105.9366,19.1308],[-105.9278,19.1155],[-105.9187,19.1003],[-105.9093,19.0853],[-105.8996,19.0704],[-105.8897,19.0557],[-105.8794,19.0412],[-105.8689,19.0268],[-105.8582,19.0126],[-105.8472,18.9986],[-105.8359,18.9848],[-105.8244,18.9711],[-105.8126,18.9576],[-105.8006,18.9444],[-105.7883,18.9313],[-105.7758,18.9185],[-105.7631,18.9058],[-105.7501,18.8934],[-105.7369,18.8811],[-105.7235,18.8691],[-105.7098,18.8574],[-105.6959,18.8458],[-105.6819,18.8345],[-105.6676,18.8234],[-105.6531,18.8125],[-105.6384,18.8019],[-105.6235,18.7915],[-105.6084,18.7814],[-105.5932,18.7715],[-105.5777,18.7619],[-105.5621,18.7525],[-105.5463,18.7434],[-105.5304,18.7346],[-105.5143,18.726],[-105.498,18.7176],[-105.4816,18.7096],[-105.465,18.7018],[-105.4483,18.6943],[-105.4315,18.6871],[-105.4145,18.6801],[-105.3974,18.6734],[-105.3802,18.667],[-105.3628,18.6609],[-105.3454,18.6551],[-105.3278,18.6496],[-105.3101,18.6443],[-105.2924,18.6394],[-105.2746,18.6347],[-105.2566,18.6304],[-105.2386,18.6263],[-105.2206,18.6225],[-105.2024,18.619],[-105.1842,18.6159],[-105.1659,18.613],[-105.1476,18.6104],[-105.1293,18.6081],[-105.1109,18.6061],[-105.0925,18.6045],[-105.074,18.6031],[-105.0555,18.602],[-105.037,18.6013],[-105.0185,18.6008],[-105.0,18.6007],[-105.0,18.2676],[-104.9753,18.2678],[-104.9506,18.2684],[-104.926,18.2694],[-104.9013,18.2708],[-104.8767,18.2726],[-104.8522,18.2749],[-104.8276,18.2775],[-104.8032,18.2805],[-104.7787,18.284],[-104.7544,18.2878],[-104.7301,18.292],[-104.7059,18.2967],[-104.6818,18.3017],[-104.6578,18.3071],[-104.6339,18.313],[-104.6101,18.3192],[-104.5865,18.3258],[-104.5629,18.3328],[-104.5395,18.3402],[-104.5163,18.3479],[-104.4931,18.3561],[-104.4702,18.3646],[-104.4474,18.3735],[-104.4247,18.3828],[-104.4023,18.3924],[-104.38,18.4024],[-104.3579,18.4128],[-104.336,18.4235],[-104.3143,18.4346],[-104.2928,18.4461],[-104.2715,18.4579],[-104.2505,18.47],[-104.2297,18.4825],[-104.2091,18.4954],[-104.1887,18.5085],[-104.1686,18.522],[-104.1488,18.5359],[-104.1292,18.55],[-104.1099,18.5645],[-104.0908,18.5793],[-104.0721,18.5944],[-104.0536,18.6098],[-104.0354,18.6255],[-104.0175,18.6415],[-103.9999,18.6578],[-103.9826,18.6744],[-103.9656,18.6913],[-103.9489,18.7084],[-103.9325,18.7258],[-103.9165,18.7435],[-103.9008,18.7615],[-103.8854,18.7797],[-103.8704,18.7981],[-103.8557,18.8168],[-103.8414,18.8357],[-103.8274,18.8549],[-103.8138,18.8743],[-103.8005,18.8939],[-103.7876,18.9137],[-103.7751,18.9338],[-103.7629,18.954],[-103.7512,18.9745],[-103.7398,18.9951],[-103.7288,19.0159],[-103.7181,19.0369],[-103.7079,19.058],[-103.698,19.0794],[-103.6886,19.1009],[-103.6796,19.1225],[-103.6709,19.1443],[-103.6627,19.1662],[-103.6548,19.1883],[-103.6474,19.2104],[-103.6404,19.2327],[-103.6338,19.2551],[-103.6276,19.2777],[-103.6219,19.3003],[-103.6165,19.323],[-103.6116,19.3458],[-103.6071,19.3686],[-103.603,19.3916],[-103.5994,19.4146],[-103.5962,19.4376],[-103.5934,19.4607],[-103.591,19.4839],[-103.5891,19.5071],[-103.5875,19.5303],[-103.5865,19.5535],[-103.5858,19.5767],[-103.5856,19.6],[-103.7624,19.6],[-103.7626,19.6203],[-103.7632,19.6407],[-103.7641,19.661],[-103.7654,19.6813],[-103.7671,19.7016],[-103.7692,19.7219],[-103.7716,19.7421],[-103.7745,19.7623],[-103.7776,19.7824],[-103.7812,19.8025],[-103.7851,19.8225],[-103.7895,19.8424],[-103.7941,19.8623],[-103.7992,19.8821],[-103.8046,19.9018],[-103.8104,19.9214],[-103.8165,19.9409],[-103.823,19.9603],[-103.8298,19.9796],[-103.837,19.9988],[-103.8446,20.0178],[-103.8525,20.0367],[-103.8608,20.0555],[-103.8694,20.0742],[-103.8784,20.0927],[-103.8877,20.1111],[-103.8973,20.1293],[-103.9073,20.1473],[-103.9176,20.1652],[-103.9282,20.1829],[-103.9392,20.2005],[-103.9505,20.2178],[-103.9621,20.235],[-103.974,20.252],[-103.9862,20.2687],[-103.9988,20.2853],[-104.0116,20.3016],[-104.0248,20.3178],[-104.0382,20.3337],[-104.052,20.3494],[-104.066,20.3649],[-104.0803,20.3801],[-104.0949,20.3951],[-104.1098,20.4099],[-104.1249,20.4244],[-104.1403,20.4387],[-104.156,20.4527],[-104.1719,20.4664],[-104.1881,20.4799],[-104.2045,20.4931],[-104.2212,20.5061],[-104.2381,20.5187],[-104.2552,20.5311],[-104.2726,20.5432],[-104.2901,20.555],[-104.3079,20.5666],[-104.326,20.5778],[-104.3442,20.5887],[-104.3626,20.5994],[-104.3812,20.6097],[-104.4,20.6197],[-104.419,20.6294],[-104.4381,20.6388],[-104.4575,20.6479],[-104.477,20.6566],[-104.4966,20.6651],[-104.5164,20.6732],[-104.5364,20.681],[-104.5565,20.6884],[-104.5767,20.6956],[-104.5971,20.7024],[-104.6176,20.7088],[-104.6382,20.7149],[-104.6589,20.7207],[-104.6797,20.7262],[-104.7006,20.7312],[-104.7216,20.736],[-104.7427,20.7404],[-104.7639,20.7445],[-104.7851,20.7482],[-104.8064,20.7515],[-104.8278,20.7545],[-104.8492,20.7572],[-104.8706,20.7595],[-104.8921,20.7614],[-104.9137,20.763],[-104.9352,20.7643],[-104.9568,20.7652],[-104.9784,20.7657],[-105.0,20.7659]]]},"properties":{"storm_name":"SIMON-26","fuente":"GDACS","alertlevel":"Red","url":"https://www.gdacs.org/report.aspx?eventid=1001335&episodeid=11&eventtype=TC","paises":"Mexico","layer":"storm_track","kind":"wind_radii_forecast","wind_kt":34}},{"type":"Feature","geometry":{"type":"Polygon","coordinates":[[[-105.0,20.2662],[-105.0,20.2662],[-105.0123,20.2661],[-105.0247,20.2658],[-105.037,20.2653],[-105.0493,20.2646],[-105.0616,20.2637],[-105.0739,20.2626],[-105.0862,20.2613],[-105.0984,20.2597],[-105.1106,20.258],[-105.1228,20.2561],[-105.1349,20.254],[-105.147,20.2517],[-105.1591,20.2491],[-105.1711,20.2464],[-105.183,20.2435],[-105.1949,20.2404],[-105.2068,20.2371],[-105.2185,20.2336],[-105.2302,20.2299],[-105.2419,20.226],[-105.2534,20.222],[-105.2649,20.2177],[-105.2763,20.2133],[-105.2876,20.2086],[-105.2989,20.2038],[-105.31,20.1988],[-105.3211,20.1936],[-105.332,20.1882],[-105.3429,20.1827],[-105.3536,20.177],[-105.3642,20.1711],[-105.3748,20.165],[-105.3852,20.1587],[-105.3955,20.1523],[-105.4056,20.1457],[-105.4157,20.139],[-105.4256,20.1321],[-105.4354,20.125],[-105.4451,20.1177],[-105.4546,20.1104],[-105.464,20.1028],[-105.4732,20.0951],[-105.4823,20.0872],[-105.4913,20.0792],[-105.5001,20.0711],[-105.5087,20.0628],[-105.5172,20.0544],[-105.5255,20.0458],[-105.5337,20.0371],[-105.5417,20.0282],[-105.5496,20.0193],[-105.5573,20.0102],[-105.5648,20.0009],[-105.5721,19.9916],[-105.5793,19.9821],[-105.5863,19.9725],[-105.5931,19.9628],[-105.5997,19.953],[-105.6062,19.9431],[-105.6124,19.9331],[-105.6185,19.923],[-105.6244,19.9128],[-105.6301,19.9025],[-105.6356,19.8921],[-105.6409,19.8816],[-105.6461,19.871],[-105.651,19.8603],[-105.6557,19.8496],[-105.6602,19.8388],[-105.6645,19.8279],[-105.6687,19.8169],[-105.6726,19.8059],[-105.6763,19.7948],[-105.6798,19.7836],[-105.6831,19.7724],[-105.6862,19.7612],[-105.6891,19.7499],[-105.6917,19.7385],[-105.6942,19.7271],[-105.6965,19.7157],[-105.6985,19.7042],[-105.7003,19.6927],[-105.7019,19.6812],[-105.7033,19.6696],[-105.7045,19.6581],[-105.7055,19.6465],[-105.7062,19.6349],[-105.7068,19.6233],[-105.7071,19.6116],[-105.7072,19.6],[-105.5304,19.6],[-105.5303,19.5913],[-105.5301,19.5826],[-105.5297,19.5738],[-105.5291,19.5651],[-105.5284,19.5565],[-105.5275,19.5478],[-105.5264,19.5391],[-105.5252,19.5305],[-105.5239,19.5218],[-105.5223,19.5132],[-105.5207,19.5047],[-105.5188,19.4961],[-105.5168,19.4876],[-105.5146,19.4791],[-105.5123,19.4707],[-105.5098,19.4623],[-105.5072,19.4539],[-105.5044,19.4456],[-105.5015,19.4373],[-105.4984,19.4291],[-105.4952,19.4209],[-105.4918,19.4128],[-105.4882,19.4048],[-105.4845,19.3968],[-105.4807,19.3888],[-105.4767,19.381],[-105.4726,19.3732],[-105.4683,19.3654],[-105.4639,19.3578],[-105.4593,19.3502],[-105.4546,19.3427],[-105.4498,19.3352],[-105.4448,19.3279],[-105.4397,19.3206],[-105.4345,19.3134],[-105.4291,19.3063],[-105.4236,19.2993],[-105.418,19.2924],[-105.4122,19.2856],[-105.4063,19.2788],[-105.4003,19.2722],[-105.3942,19.2657],[-105.3879,19.2592],[-105.3815,19.2529],[-105.375,19.2467],[-105.3684,19.2406],[-105.3617,19.2346],[-105.3549,19.2287],[-105.348,19.2229],[-105.3409,19.2172],[-105.3338,19.2117],[-105.3265,19.2063],[-105.3192,19.201],[-105.3118,19.1958],[-105.3042,19.1907],[-105.2966,19.1858],[-105.2889,19.1809],[-105.2811,19.1763],[-105.2732,19.1717],[-105.2652,19.1673],[-105.2571,19.163],[-105.249,19.1588],[-105.2408,19.1548],[-105.2325,19.1509],[-105.2242,19.1472],[-105.2157,19.1435],[-105.2072,19.1401],[-105.1987,19.1367],[-105.1901,19.1335],[-105.1814,19.1305],[-105.1727,19.1276],[-105.1639,19.1248],[-105.1551,19.1222],[-105.1462,19.1197],[-105.1373,19.1174],[-105.1283,19.1152],[-105.1193,19.1131],[-105.1103,19.1113],[-105.1012,19.1095],[-105.0921,19.1079],[-105.083,19.1065],[-105.0738,19.1052],[-105.0646,19.1041],[-105.0554,19.1031],[-105.0462,19.1022],[-105.037,19.1016],[-105.0278,19.101],[-105.0185,19.1006],[-105.0093,19.1004],[-105.0,19.1003],[-105.0,18.9338],[-104.9877,18.9339],[-104.9753,18.9342],[-104.963,18.9347],[-104.9507,18.9354],[-104.9384,18.9363],[-104.9261,18.9374],[-104.9138,18.9387],[-104.9016,18.9403],[-104.8894,18.942],[-104.8772,18.9439],[-104.8651,18.946],[-104.853,18.9483],[-104.8409,18.9509],[-104.8289,18.9536],[-104.817,18.9565],[-104.8051,18.9596],[-104.7932,18.9629],[-104.7815,18.9664],[-104.7698,18.9701],[-104.7581,18.974],[-104.7466,18.978],[-104.7351,18.9823],[-104.7237,18.9867],[-104.7124,18.9914],[-104.7011,18.9962],[-104.69,19.0012],[-104.6789,19.0064],[-104.668,19.0118],[-104.6571,19.0173],[-104.6464,19.023],[-104.6358,19.0289],[-104.6252,19.035],[-104.6148,19.0413],[-104.6045,19.0477],[-104.5944,19.0543],[-104.5843,19.061],[-104.5744,19.0679],[-104.5646,19.075],[-104.5549,19.0823],[-104.5454,19.0896],[-104.536,19.0972],[-104.5268,19.1049],[-104.5177,19.1128],[-104.5087,19.1208],[-104.4999,19.1289],[-104.4913,19.1372],[-104.4828,19.1456],[-104.4745,19.1542],[-104.4663,19.1629],[-104.4583,19.1718],[-104.4504,19.1807],[-104.4427,19.1898],[-104.4352,19.1991],[-104.4279,19.2084],[-104.4207,19.2179],[-104.4137,19.2275],[-104.4069,19.2372],[-104.4003,19.247],[-104.3938,19.2569],[-104.3876,19.2669],[-104.3815,19.277],[-104.3756,19.2872],[-104.3699,19.2975],[-104.3644,19.3079],[-104.3591,19.3184],[-104.3539,19.329],[-104.349,19.3397],[-104.3443,19.3504],[-104.3398,19.3612],[-104.3355,19.3721],[-104.3313,19.3831],[-104.3274,19.3941],[-104.3237,19.4052],[-104.3202,19.4164],[-104.3169,19.4276],[-104.3138,19.4388],[-104.3109,19.4501],[-104.3083,19.4615],[-104.3058,19.4729],[-104.3035,19.4843],[-104.3015,19.4958],[-104.2997,19.5073],[-104.2981,19.5188],[-104.2967,19.5304],[-104.2955,19.5419],[-104.2945,19.5535],[-104.2938,19.5651],[-104.2932,19.5767],[-104.2929,19.5884],[-104.2928,19.6],[-104.2928,19.6],[-104.2929,19.6116],[-104.2932,19.6233],[-104.2938,19.6349],[-104.2945,19.6465],[-104.2955,19.6581],[-104.2967,19.6696],[-104.2981,19.6812],[-104.2997,19.6927],[-104.3015,19.7042],[-104.3035,19.7157],[-104.3058,19.7271],[-104.3083,19.7385],[-104.3109,19.7499],[-104.3138,19.7612],[-104.3169,19.7724],[-104.3202,19.7836],[-104.3237,19.7948],[-104.3274,19.8059],[-104.3313,19.8169],[-104.3355,19.8279],[-104.3398,19.8388],[-104.3443,19.8496],[-104.349,19.8603],[-104.3539,19.871],[-104.3591,19.8816],[-104.3644,19.8921],[-104.3699,19.9025],[-104.3756,19.9128],[-104.3815,19.923],[-104.3876,19.9331],[-104.3938,19.9431],[-104.4003,19.953],[-104.4069,19.9628],[-104.4137,19.9725],[-104.4207,19.9821],[-104.4279,19.9916],[-104.4352,20.0009],[-104.4427,20.0102],[-104.4504,20.0193],[-104.4583,20.0282],[-104.4663,20.0371],[-104.4745,20.0458],[-104.4828,20.0544],[-104.4913,20.0628],[-104.4999,20.0711],[-104.5087,20.0792],[-104.5177,20.0872],[-104.5268,20.0951],[-104.536,20.1028],[-104.5454,20.1104],[-104.5549,20.1177],[-104.5646,20.125],[-104.5744,20.1321],[-104.5843,20.139],[-104.5944,20.1457],[-104.6045,20.1523],[-104.6148,20.1587],[-104.6252,20.165],[-104.6358,20.1711],[-104.6464,20.177],[-104.6571,20.1827],[-104.668,20.1882],[-104.6789,20.1936],[-104.69,20.1988],[-104.7011,20.2038],[-104.7124,20.2086],[-104.7237,20.2133],[-104.7351,20.2177],[-104.7466,20.222],[-104.7581,20.226],[-104.7698,20.2299],[-104.7815,20.2336],[-104.7932,20.2371],[-104.8051,20.2404],[-104.817,20.2435],[-104.8289,20.2464],[-104.8409,20.2491],[-104.853,20.2517],[-104.8651,20.254],[-104.8772,20.2561],[-104.8894,20.258],[-104.9016,20.2597],[-104.9138,20.2613],[-104.9261,20.2626],[-104.9384,20.2637],[-104.9507,20.2646],[-104.963,20.2653],[-104.9753,20.2658],[-104.9877,20.2661],[-105.0,20.2662]]]},"properties":{"storm_name":"SIMON-26","fuente":"GDACS","alertlevel":"Red","url":"https://www.gdacs.org/report.aspx?eventid=1001335&episodeid=11&eventtype=TC","paises":"Mexico","layer":"storm_track","kind":"wind_radii_forecast","wind_kt":34}},{"type":"Feature","geometry":{"type":"Polygon","coordinates":[[[-105.0,19.9331],[-105.0,19.9331],[-105.0062,19.9331],[-105.0123,19.9329],[-105.0185,19.9327],[-105.0247,19.9323],[-105.0308,19.9318],[-105.037,19.9313],[-105.0431,19.9306],[-105.0492,19.9299],[-105.0553,19.929],[-105.0614,19.928],[-105.0675,19.927],[-105.0735,19.9258],[-105.0795,19.9246],[-105.0855,19.9232],[-105.0915,19.9218],[-105.0975,19.9202],[-105.1034,19.9186],[-105.1093,19.9168],[-105.1151,19.915],[-105.1209,19.913],[-105.1267,19.911],[-105.1325,19.9089],[-105.1382,19.9066],[-105.1438,19.9043],[-105.1494,19.9019],[-105.155,19.8994],[-105.1605,19.8968],[-105.166,19.8941],[-105.1714,19.8913],[-105.1768,19.8885],[-105.1821,19.8855],[-105.1874,19.8825],[-105.1926,19.8794],[-105.1977,19.8762],[-105.2028,19.8729],[-105.2078,19.8695],[-105.2128,19.866],[-105.2177,19.8625],[-105.2225,19.8589],[-105.2273,19.8552],[-105.232,19.8514],[-105.2366,19.8475],[-105.2412,19.8436],[-105.2456,19.8396],[-105.25,19.8355],[-105.2544,19.8314],[-105.2586,19.8272],[-105.2628,19.8229],[-105.2669,19.8185],[-105.2709,19.8141],[-105.2748,19.8096],[-105.2786,19.8051],[-105.2824,19.8005],[-105.2861,19.7958],[-105.2896,19.7911],[-105.2931,19.7863],[-105.2966,19.7814],[-105.2999,19.7765],[-105.3031,19.7716],[-105.3062,19.7666],[-105.3093,19.7615],[-105.3122,19.7564],[-105.3151,19.7512],[-105.3178,19.746],[-105.3205,19.7408],[-105.323,19.7355],[-105.3255,19.7302],[-105.3278,19.7248],[-105.3301,19.7194],[-105.3323,19.7139],[-105.3343,19.7084],[-105.3363,19.7029],[-105.3381,19.6974],[-105.3399,19.6918],[-105.3415,19.6862],[-105.3431,19.6806],[-105.3445,19.6749],[-105.3459,19.6693],[-105.3471,19.6636],[-105.3482,19.6578],[-105.3492,19.6521],[-105.3502,19.6464],[-105.351,19.6406],[-105.3517,19.6348],[-105.3523,19.629],[-105.3527,19.6232],[-105.3531,19.6174],[-105.3534,19.6116],[-105.3535,19.6058],[-105.3536,19.6],[-105.3536,19.6],[-105.3535,19.5942],[-105.3534,19.5884],[-105.3531,19.5826],[-105.3527,19.5768],[-105.3523,19.571],[-105.3517,19.5652],[-105.351,19.5594],[-105.3502,19.5536],[-105.3492,19.5479],[-105.3482,19.5422],[-105.3471,19.5364],[-105.3459,19.5307],[-105.3445,19.5251],[-105.3431,19.5194],[-105.3415,19.5138],[-105.3399,19.5082],[-105.3381,19.5026],[-105.3363,19.4971],[-105.3343,19.4916],[-105.3323,19.4861],[-105.3301,19.4806],[-105.3278,19.4752],[-105.3255,19.4698],[-105.323,19.4645],[-105.3205,19.4592],[-105.3178,19.454],[-105.3151,19.4488],[-105.3122,19.4436],[-105.3093,19.4385],[-105.3062,19.4334],[-105.3031,19.4284],[-105.2999,19.4235],[-105.2966,19.4186],[-105.2931,19.4137],[-105.2896,19.4089],[-105.2861,19.4042],[-105.2824,19.3995],[-105.2786,19.3949],[-105.2748,19.3904],[-105.2709,19.3859],[-105.2669,19.3815],[-105.2628,19.3771],[-105.2586,19.3728],[-105.2544,19.3686],[-105.25,19.3645],[-105.2456,19.3604],[-105.2412,19.3564],[-105.2366,19.3525],[-105.232,19.3486],[-105.2273,19.3448],[-105.2225,19.3411],[-105.2177,19.3375],[-105.2128,19.334],[-105.2078,19.3305],[-105.2028,19.3271],[-105.1977,19.3238],[-105.1926,19.3206],[-105.1874,19.3175],[-105.1821,19.3145],[-105.1768,19.3115],[-105.1714,19.3087],[-105.166,19.3059],[-105.1605,19.3032],[-105.155,19.3006],[-105.1494,19.2981],[-105.1438,19.2957],[-105.1382,19.2934],[-105.1325,19.2911],[-105.1267,19.289],[-105.1209,19.287],[-105.1151,19.285],[-105.1093,19.2832],[-105.1034,19.2814],[-105.0975,19.2798],[-105.0915,19.2782],[-105.0855,19.2768],[-105.0795,19.2754],[-105.0735,19.2742],[-105.0675,19.273],[-105.0614,19.272],[-105.0553,19.271],[-105.0492,19.2701],[-105.0431,19.2694],[-105.037,19.2687],[-105.0308,19.2682],[-105.0247,19.2677],[-105.0185,19.2673],[-105.0123,19.2671],[-105.0062,19.2669],[-105.0,19.2669],[-105.0,19.2669],[-104.9938,19.2669],[-104.9877,19.2671],[-104.9815,19.2673],[-104.9753,19.2677],[-104.9692,19.2682],[-104.963,19.2687],[-104.9569,19.2694],[-104.9508,19.2701],[-104.9447,19.271],[-104.9386,19.272],[-104.9325,19.273],[-104.9265,19.2742],[-104.9205,19.2754],[-104.9145,19.2768],[-104.9085,19.2782],[-104.9025,19.2798],[-104.8966,19.2814],[-104.8907,19.2832],[-104.8849,19.285],[-104.8791,19.287],[-104.8733,19.289],[-104.8675,19.2911],[-104.8618,19.2934],[-104.8562,19.2957],[-104.8506,19.2981],[-104.845,19.3006],[-104.8395,19.3032],[-104.834,19.3059],[-104.8286,19.3087],[-104.8232,19.3115],[-104.8179,19.3145],[-104.8126,19.3175],[-104.8074,19.3206],[-104.8023,19.3238],[-104.7972,19.3271],[-104.7922,19.3305],[-104.7872,19.334],[-104.7823,19.3375],[-104.7775,19.3411],[-104.7727,19.3448],[-104.768,19.3486],[-104.7634,19.3525],[-104.7588,19.3564],[-104.7544,19.3604],[-104.75,19.3645],[-104.7456,19.3686],[-104.7414,19.3728],[-104.7372,19.3771],[-104.7331,19.3815],[-104.7291,19.3859],[-104.7252,19.3904],[-104.7214,19.3949],[-104.7176,19.3995],[-104.7139,19.4042],[-104.7104,19.4089],[-104.7069,19.4137],[-104.7034,19.4186],[-104.7001,19.4235],[-104.6969,19.4284],[-104.6938,19.4334],[-104.6907,19.4385],[-104.6878,19.4436],[-104.6849,19.4488],[-104.6822,19.454],[-104.6795,19.4592],[-104.677,19.4645],[-104.6745,19.4698],[-104.6722,19.4752],[-104.6699,19.4806],[-104.6677,19.4861],[-104.6657,19.4916],[-104.6637,19.4971],[-104.6619,19.5026],[-104.6601,19.5082],[-104.6585,19.5138],[-104.6569,19.5194],[-104.6555,19.5251],[-104.6541,19.5307],[-104.6529,19.5364],[-104.6518,19.5422],[-104.6508,19.5479],[-104.6498,19.5536],[-104.649,19.5594],[-104.6483,19.5652],[-104.6477,19.571],[-104.6473,19.5768],[-104.6469,19.5826],[-104.6466,19.5884],[-104.6465,19.5942],[-104.6464,19.6],[-104.6464,19.6],[-104.6465,19.6058],[-104.6466,19.6116],[-104.6469,19.6174],[-104.6473,19.6232],[-104.6477,19.629],[-104.6483,19.6348],[-104.649,19.6406],[-104.6498,19.6464],[-104.6508,19.6521],[-104.6518,19.6578],[-104.6529,19.6636],[-104.6541,19.6693],[-104.6555,19.6749],[-104.6569,19.6806],[-104.6585,19.6862],[-104.6601,19.6918],[-104.6619,19.6974],[-104.6637,19.7029],[-104.6657,19.7084],[-104.6677,19.7139],[-104.6699,19.7194],[-104.6722,19.7248],[-104.6745,19.7302],[-104.677,19.7355],[-104.6795,19.7408],[-104.6822,19.746],[-104.6849,19.7512],[-104.6878,19.7564],[-104.6907,19.7615],[-104.6938,19.7666],[-104.6969,19.7716],[-104.7001,19.7765],[-104.7034,19.7814],[-104.7069,19.7863],[-104.7104,19.7911],[-104.7139,19.7958],[-104.7176,19.8005],[-104.7214,19.8051],[-104.7252,19.8096],[-104.7291,19.8141],[-104.7331,19.8185],[-104.7372,19.8229],[-104.7414,19.8272],[-104.7456,19.8314],[-104.75,19.8355],[-104.7544,19.8396],[-104.7588,19.8436],[-104.7634,19.8475],[-104.768,19.8514],[-104.7727,19.8552],[-104.7775,19.8589],[-104.7823,19.8625],[-104.7872,19.866],[-104.7922,19.8695],[-104.7972,19.8729],[-104.8023,19.8762],[-104.8074,19.8794],[-104.8126,19.8825],[-104.8179,19.8855],[-104.8232,19.8885],[-104.8286,19.8913],[-104.834,19.8941],[-104.8395,19.8968],[-104.845,19.8994],[-104.8506,19.9019],[-104.8562,19.9043],[-104.8618,19.9066],[-104.8675,19.9089],[-104.8733,19.911],[-104.8791,19.913],[-104.8849,19.915],[-104.8907,19.9168],[-104.8966,19.9186],[-104.9025,19.9202],[-104.9085,19.9218],[-104.9145,19.9232],[-104.9205,19.9246],[-104.9265,19.9258],[-104.9325,19.927],[-104.9386,19.928],[-104.9447,19.929],[-104.9508,19.9299],[-104.9569,19.9306],[-104.963,19.9313],[-104.9692,19.9318],[-104.9753,19.9323],[-104.9815,19.9327],[-104.9877,19.9329],[-104.9938,19.9331],[-105.0,19.9331]]]},"properties":{"storm_name":"SIMON-26","fuente":"GDACS","alertlevel":"Red","url":"https://www.gdacs.org/report.aspx?eventid=1001335&episodeid=11&eventtype=TC","paises":"Mexico","layer":"storm_track","kind":"wind_radii_forecast","wind_kt":34}},{"type":"Feature","geometry":{"type":"Polygon","coordinates":[[[-105.1,21.6662],[-105.1,22.1659],[-105.1218,22.1657],[-105.1436,22.1652],[-105.1654,22.1643],[-105.1871,22.163],[-105.2088,22.1614],[-105.2305,22.1595],[-105.2522,22.1572],[-105.2738,22.1545],[-105.2954,22.1515],[-105.3169,22.1482],[-105.3383,22.1445],[-105.3596,22.1404],[-105.3809,22.136],[-105.4021,22.1312],[-105.4232,22.1262],[-105.4442,22.1207],[-105.4651,22.1149],[-105.4859,22.1088],[-105.5066,22.1024],[-105.5271,22.0956],[-105.5475,22.0884],[-105.5678,22.081],[-105.588,22.0732],[-105.6079,22.0651],[-105.6278,22.0566],[-105.6474,22.0479],[-105.667,22.0388],[-105.6863,22.0294],[-105.7054,22.0197],[-105.7244,22.0097],[-105.7432,21.9994],[-105.7618,21.9887],[-105.7802,21.9778],[-105.7983,21.9666],[-105.8163,21.955],[-105.834,21.9432],[-105.8516,21.9311],[-105.8689,21.9187],[-105.8859,21.9061],[-105.9027,21.8931],[-105.9193,21.8799],[-105.9356,21.8664],[-105.9517,21.8527],[-105.9675,21.8387],[-105.9831,21.8244],[-105.9983,21.8099],[-106.0133,21.7951],[-106.0281,21.7801],[-106.0425,21.7649],[-106.0567,21.7494],[-106.0705,21.7337],[-106.0841,21.7178],[-106.0974,21.7016],[-106.1103,21.6853],[-106.123,21.6687],[-106.1353,21.652],[-106.1474,21.635],[-106.1591,21.6178],[-106.1705,21.6005],[-106.1815,21.5829],[-106.1922,21.5652],[-106.2026,21.5473],[-106.2127,21.5293],[-106.2224,21.5111],[-106.2318,21.4927],[-106.2409,21.4742],[-106.2496,21.4555],[-106.2579,21.4367],[-106.2659,21.4178],[-106.2735,21.3988],[-106.2808,21.3796],[-106.2877,21.3603],[-106.2943,21.3409],[-106.3004,21.3214],[-106.3063,21.3018],[-106.3117,21.2821],[-106.3168,21.2623],[-106.3215,21.2424],[-106.3259,21.2225],[-106.3299,21.2025],[-106.3335,21.1824],[-106.3367,21.1623],[-106.3395,21.1421],[-106.342,21.1219],[-106.3441,21.1016],[-106.3458,21.0813],[-106.3471,21.061],[-106.3481,21.0407],[-106.3486,21.0203],[-106.3488,21.0],[-106.1704,21.0],[-106.1703,20.9826],[-106.1698,20.9651],[-106.169,20.9477],[-106.1678,20.9303],[-106.1664,20.9129],[-106.1646,20.8955],[-106.1624,20.8782],[-106.16,20.8609],[-106.1572,20.8437],[-106.1542,20.8265],[-106.1508,20.8093],[-106.147,20.7922],[-106.143,20.7752],[-106.1386,20.7582],[-106.1339,20.7414],[-106.129,20.7245],[-106.1237,20.7078],[-106.118,20.6912],[-106.1121,20.6747],[-106.1059,20.6582],[-106.0993,20.6419],[-106.0925,20.6256],[-106.0853,20.6095],[-106.0779,20.5935],[-106.0701,20.5777],[-106.0621,20.5619],[-106.0538,20.5463],[-106.0451,20.5308],[-106.0362,20.5155],[-106.027,20.5003],[-106.0175,20.4853],[-106.0078,20.4704],[-105.9977,20.4557],[-105.9874,20.4412],[-105.9768,20.4268],[-105.966,20.4126],[-105.9549,20.3986],[-105.9435,20.3848],[-105.9319,20.3711],[-105.92,20.3576],[-105.9079,20.3444],[-105.8955,20.3313],[-105.8829,20.3185],[-105.87,20.3058],[-105.8569,20.2934],[-105.8436,20.2811],[-105.83,20.2691],[-105.8163,20.2574],[-105.8023,20.2458],[-105.7881,20.2345],[-105.7736,20.2234],[-105.759,20.2125],[-105.7442,20.2019],[-105.7292,20.1915],[-105.714,20.1814],[-105.6986,20.1715],[-105.683,20.1619],[-105.6672,20.1525],[-105.6513,20.1434],[-105.6352,20.1346],[-105.619,20.126],[-105.6025,20.1176],[-105.586,20.1096],[-105.5692,20.1018],[-105.5524,20.0943],[-105.5354,20.0871],[-105.5182,20.0801],[-105.501,20.0734],[-105.4836,20.067],[-105.4661,20.0609],[-105.4485,20.0551],[-105.4308,20.0496],[-105.413,20.0443],[-105.395,20.0394],[-105.377,20.0347],[-105.359,20.0304],[-105.3408,20.0263],[-105.3226,20.0225],[-105.3042,20.019],[-105.2859,20.0159],[-105.2675,20.013],[-105.249,20.0104],[-105.2305,20.0081],[-105.2119,20.0061],[-105.1933,20.0045],[-105.1747,20.0031],[-105.156,20.002],[-105.1374,20.0013],[-105.1187,20.0008],[-105.1,20.0007],[-105.1,20.3338],[-105.0875,20.3339],[-105.0751,20.3342],[-105.0627,20.3347],[-105.0502,20.3354],[-105.0378,20.3363],[-105.0254,20.3374],[-105.013,20.3387],[-105.0007,20.3403],[-104.9884,20.342],[-104.9761,20.3439],[-104.9638,20.346],[-104.9516,20.3483],[-104.9395,20.3509],[-104.9274,20.3536],[-104.9153,20.3565],[-104.9033,20.3596],[-104.8914,20.3629],[-104.8795,20.3664],[-104.8677,20.3701],[-104.8559,20.374],[-104.8443,20.378],[-104.8327,20.3823],[-104.8212,20.3867],[-104.8097,20.3914],[-104.7984,20.3962],[-104.7872,20.4012],[-104.776,20.4064],[-104.765,20.4118],[-104.754,20.4173],[-104.7432,20.423],[-104.7325,20.4289],[-104.7218,20.435],[-104.7113,20.4413],[-104.701,20.4477],[-104.6907,20.4543],[-104.6805,20.461],[-104.6705,20.4679],[-104.6607,20.475],[-104.6509,20.4823],[-104.6413,20.4896],[-104.6318,20.4972],[-104.6225,20.5049],[-104.6133,20.5128],[-104.6043,20.5208],[-104.5954,20.5289],[-104.5867,20.5372],[-104.5781,20.5456],[-104.5697,20.5542],[-104.5614,20.5629],[-104.5533,20.5718],[-104.5454,20.5807],[-104.5377,20.5898],[-104.5301,20.5991],[-104.5227,20.6084],[-104.5154,20.6179],[-104.5084,20.6275],[-104.5015,20.6372],[-104.4948,20.647],[-104.4883,20.6569],[-104.482,20.6669],[-104.4759,20.677],[-104.4699,20.6872],[-104.4642,20.6975],[-104.4586,20.7079],[-104.4532,20.7184],[-104.4481,20.729],[-104.4431,20.7397],[-104.4383,20.7504],[-104.4338,20.7612],[-104.4294,20.7721],[-104.4253,20.7831],[-104.4213,20.7941],[-104.4176,20.8052],[-104.414,20.8164],[-104.4107,20.8276],[-104.4076,20.8388],[-104.4047,20.8501],[-104.402,20.8615],[-104.3995,20.8729],[-104.3972,20.8843],[-104.3952,20.8958],[-104.3933,20.9073],[-104.3917,20.9188],[-104.3903,20.9304],[-104.3891,20.9419],[-104.3881,20.9535],[-104.3874,20.9651],[-104.3868,20.9767],[-104.3865,20.9884],[-104.3864,21.0],[-104.3864,21.0],[-104.3865,21.0116],[-104.3868,21.0233],[-104.3874,21.0349],[-104.3881,21.0465],[-104.3891,21.0581],[-104.3903,21.0696],[-104.3917,21.0812],[-104.3933,21.0927],[-104.3952,21.1042],[-104.3972,21.1157],[-104.3995,21.1271],[-104.402,21.1385],[-104.4047,21.1499],[-104.4076,21.1612],[-104.4107,21.1724],[-104.414,21.1836],[-104.4176,21.1948],[-104.4213,21.2059],[-104.4253,21.2169],[-104.4294,21.2279],[-104.4338,21.2388],[-104.4383,21.2496],[-104.4431,21.2603],[-104.4481,21.271],[-104.4532,21.2816],[-104.4586,21.2921],[-104.4642,21.3025],[-104.4699,21.3128],[-104.4759,21.323],[-104.482,21.3331],[-104.4883,21.3431],[-104.4948,21.353],[-104.5015,21.3628],[-104.5084,21.3725],[-104.5154,21.3821],[-104.5227,21.3916],[-104.5301,21.4009],[-104.5377,21.4102],[-104.5454,21.4193],[-104.5533,21.4282],[-104.5614,21.4371],[-104.5697,21.4458],[-104.5781,21.4544],[-104.5867,21.4628],[-104.5954,21.4711],[-104.6043,21.4792],[-104.6133,21.4872],[-104.6225,21.4951],[-104.6318,21.5028],[-104.6413,21.5104],[-104.6509,21.5177],[-104.6607,21.525],[-104.6705,21.5321],[-104.6805,21.539],[-104.6907,21.5457],[-104.701,21.5523],[-104.7113,21.5587],[-104.7218,21.565],[-104.7325,21.5711],[-104.7432,21.577],[-104.754,21.5827],[-104.765,21.5882],[-104.776,21.5936],[-104.7872,21.5988],[-104.7984,21.6038],[-104.8097,21.6086],[-104.8212,21.6133],[-104.8327,21.6177],[-104.8443,21.622],[-104.8559,21.626],[-104.8677,21.6299],[-104.8795,21.6336],[-104.8914,21.6371],[-104.9033,21.6404],[-104.9153,21.6435],[-104.9274,21.6464],[-104.9395,21.6491],[-104.9516,21.6517],[-104.9638,21.654],[-104.9761,21.6561],[-104.9884,21.658],[-105.0007,21.6597],[-105.013,21.6613],[-105.0254,21.6626],[-105.0378,21.6637],[-105.0502,21.6646],[-105.0627,21.6653],[-105.0751,21.6658],[-105.0875,21.6661],[-105.1,21.6662]]]},"properties":{"storm_name":"SIMON-26","fuente":"GDACS","alertlevel":"Red","url":"https://www.gdacs.org/report.aspx?eventid=1001335&episodeid=11&eventtype=TC","paises":"Mexico","layer":"storm_track","kind":"wind_radii_forecast","wind_kt":34}},{"type":"Feature","geometry":{"type":"Polygon","coordinates":[[[-105.1,21.4997],[-105.1,21.4997],[-105.1093,21.4996],[-105.1187,21.4994],[-105.128,21.499],[-105.1373,21.4984],[-105.1466,21.4978],[-105.1559,21.4969],[-105.1652,21.4959],[-105.1745,21.4948],[-105.1837,21.4935],[-105.1929,21.4921],[-105.2021,21.4905],[-105.2113,21.4887],[-105.2204,21.4869],[-105.2295,21.4848],[-105.2385,21.4826],[-105.2475,21.4803],[-105.2565,21.4778],[-105.2654,21.4752],[-105.2742,21.4724],[-105.2831,21.4695],[-105.2918,21.4665],[-105.3005,21.4633],[-105.3091,21.4599],[-105.3177,21.4565],[-105.3262,21.4528],[-105.3346,21.4491],[-105.343,21.4452],[-105.3513,21.4412],[-105.3595,21.437],[-105.3676,21.4327],[-105.3757,21.4283],[-105.3836,21.4237],[-105.3915,21.4191],[-105.3993,21.4142],[-105.407,21.4093],[-105.4146,21.4042],[-105.4221,21.399],[-105.4295,21.3937],[-105.4368,21.3883],[-105.444,21.3828],[-105.4511,21.3771],[-105.4581,21.3713],[-105.465,21.3654],[-105.4718,21.3594],[-105.4785,21.3533],[-105.485,21.3471],[-105.4914,21.3408],[-105.4977,21.3343],[-105.5039,21.3278],[-105.51,21.3212],[-105.5159,21.3144],[-105.5218,21.3076],[-105.5274,21.3007],[-105.533,21.2937],[-105.5384,21.2866],[-105.5437,21.2794],[-105.5489,21.2721],[-105.5539,21.2648],[-105.5588,21.2573],[-105.5635,21.2498],[-105.5681,21.2422],[-105.5726,21.2346],[-105.5769,21.2268],[-105.581,21.219],[-105.5851,21.2112],[-105.5889,21.2032],[-105.5927,21.1952],[-105.5962,21.1872],[-105.5997,21.1791],[-105.6029,21.1709],[-105.6061,21.1627],[-105.609,21.1544],[-105.6118,21.1461],[-105.6145,21.1377],[-105.617,21.1293],[-105.6193,21.1209],[-105.6215,21.1124],[-105.6235,21.1039],[-105.6254,21.0953],[-105.6271,21.0868],[-105.6286,21.0782],[-105.63,21.0695],[-105.6312,21.0609],[-105.6323,21.0522],[-105.6332,21.0435],[-105.6339,21.0349],[-105.6345,21.0262],[-105.6349,21.0174],[-105.6351,21.0087],[-105.6352,21.0],[-105.6352,21.0],[-105.6351,20.9913],[-105.6349,20.9826],[-105.6345,20.9738],[-105.6339,20.9651],[-105.6332,20.9565],[-105.6323,20.9478],[-105.6312,20.9391],[-105.63,20.9305],[-105.6286,20.9218],[-105.6271,20.9132],[-105.6254,20.9047],[-105.6235,20.8961],[-105.6215,20.8876],[-105.6193,20.8791],[-105.617,20.8707],[-105.6145,20.8623],[-105.6118,20.8539],[-105.609,20.8456],[-105.6061,20.8373],[-105.6029,20.8291],[-105.5997,20.8209],[-105.5962,20.8128],[-105.5927,20.8048],[-105.5889,20.7968],[-105.5851,20.7888],[-105.581,20.781],[-105.5769,20.7732],[-105.5726,20.7654],[-105.5681,20.7578],[-105.5635,20.7502],[-105.5588,20.7427],[-105.5539,20.7352],[-105.5489,20.7279],[-105.5437,20.7206],[-105.5384,20.7134],[-105.533,20.7063],[-105.5274,20.6993],[-105.5218,20.6924],[-105.5159,20.6856],[-105.51,20.6788],[-105.5039,20.6722],[-105.4977,20.6657],[-105.4914,20.6592],[-105.485,20.6529],[-105.4785,20.6467],[-105.4718,20.6406],[-105.465,20.6346],[-105.4581,20.6287],[-105.4511,20.6229],[-105.444,20.6172],[-105.4368,20.6117],[-105.4295,20.6063],[-105.4221,20.601],[-105.4146,20.5958],[-105.407,20.5907],[-105.3993,20.5858],[-105.3915,20.5809],[-105.3836,20.5763],[-105.3757,20.5717],[-105.3676,20.5673],[-105.3595,20.563],[-105.3513,20.5588],[-105.343,20.5548],[-105.3346,20.5509],[-105.3262,20.5472],[-105.3177,20.5435],[-105.3091,20.5401],[-105.3005,20.5367],[-105.2918,20.5335],[-105.2831,20.5305],[-105.2742,20.5276],[-105.2654,20.5248],[-105.2565,20.5222],[-105.2475,20.5197],[-105.2385,20.5174],[-105.2295,20.5152],[-105.2204,20.5131],[-105.2113,20.5113],[-105.2021,20.5095],[-105.1929,20.5079],[-105.1837,20.5065],[-105.1745,20.5052],[-105.1652,20.5041],[-105.1559,20.5031],[-105.1466,20.5022],[-105.1373,20.5016],[-105.128,20.501],[-105.1187,20.5006],[-105.1093,20.5004],[-105.1,20.5003],[-105.1,20.5003],[-105.0907,20.5004],[-105.0813,20.5006],[-105.072,20.501],[-105.0627,20.5016],[-105.0534,20.5022],[-105.0441,20.5031],[-105.0348,20.5041],[-105.0255,20.5052],[-105.0163,20.5065],[-105.0071,20.5079],[-104.9979,20.5095],[-104.9887,20.5113],[-104.9796,20.5131],[-104.9705,20.5152],[-104.9615,20.5174],[-104.9525,20.5197],[-104.9435,20.5222],[-104.9346,20.5248],[-104.9258,20.5276],[-104.9169,20.5305],[-104.9082,20.5335],[-104.8995,20.5367],[-104.8909,20.5401],[-104.8823,20.5435],[-104.8738,20.5472],[-104.8654,20.5509],[-104.857,20.5548],[-104.8487,20.5588],[-104.8405,20.563],[-104.8324,20.5673],[-104.8243,20.5717],[-104.8164,20.5763],[-104.8085,20.5809],[-104.8007,20.5858],[-104.793,20.5907],[-104.7854,20.5958],[-104.7779,20.601],[-104.7705,20.6063],[-104.7632,20.6117],[-104.756,20.6172],[-104.7489,20.6229],[-104.7419,20.6287],[-104.735,20.6346],[-104.7282,20.6406],[-104.7215,20.6467],[-104.715,20.6529],[-104.7086,20.6592],[-104.7023,20.6657],[-104.6961,20.6722],[-104.69,20.6788],[-104.6841,20.6856],[-104.6782,20.6924],[-104.6726,20.6993],[-104.667,20.7063],[-104.6616,20.7134],[-104.6563,20.7206],[-104.6511,20.7279],[-104.6461,20.7352],[-104.6412,20.7427],[-104.6365,20.7502],[-104.6319,20.7578],[-104.6274,20.7654],[-104.6231,20.7732],[-104.619,20.781],[-104.6149,20.7888],[-104.6111,20.7968],[-104.6073,20.8048],[-104.6038,20.8128],[-104.6003,20.8209],[-104.5971,20.8291],[-104.5939,20.8373],[-104.591,20.8456],[-104.5882,20.8539],[-104.5855,20.8623],[-104.583,20.8707],[-104.5807,20.8791],[-104.5785,20.8876],[-104.5765,20.8961],[-104.5746,20.9047],[-104.5729,20.9132],[-104.5714,20.9218],[-104.57,20.9305],[-104.5688,20.9391],[-104.5677,20.9478],[-104.5668,20.9565],[-104.5661,20.9651],[-104.5655,20.9738],[-104.5651,20.9826],[-104.5649,20.9913],[-104.5648,21.0],[-104.5648,21.0],[-104.5649,21.0087],[-104.5651,21.0174],[-104.5655,21.0262],[-104.5661,21.0349],[-104.5668,21.0435],[-104.5677,21.0522],[-104.5688,21.0609],[-104.57,21.0695],[-104.5714,21.0782],[-104.5729,21.0868],[-104.5746,21.0953],[-104.5765,21.1039],[-104.5785,21.1124],[-104.5807,21.1209],[-104.583,21.1293],[-104.5855,21.1377],[-104.5882,21.1461],[-104.591,21.1544],[-104.5939,21.1627],[-104.5971,21.1709],[-104.6003,21.1791],[-104.6038,21.1872],[-104.6073,21.1952],[-104.6111,21.2032],[-104.6149,21.2112],[-104.619,21.219],[-104.6231,21.2268],[-104.6274,21.2346],[-104.6319,21.2422],[-104.6365,21.2498],[-104.6412,21.2573],[-104.6461,21.2648],[-104.6511,21.2721],[-104.6563,21.2794],[-104.6616,21.2866],[-104.667,21.2937],[-104.6726,21.3007],[-104.6782,21.3076],[-104.6841,21.3144],[-104.69,21.3212],[-104.6961,21.3278],[-104.7023,21.3343],[-104.7086,21.3408],[-104.715,21.3471],[-104.7215,21.3533],[-104.7282,21.3594],[-104.735,21.3654],[-104.7419,21.3713],[-104.7489,21.3771],[-104.756,21.3828],[-104.7632,21.3883],[-104.7705,21.3937],[-104.7779,21.399],[-104.7854,21.4042],[-104.793,21.4093],[-104.8007,21.4142],[-104.8085,21.4191],[-104.8164,21.4237],[-104.8243,21.4283],[-104.8324,21.4327],[-104.8405,21.437],[-104.8487,21.4412],[-104.857,21.4452],[-104.8654,21.4491],[-104.8738,21.4528],[-104.8823,21.4565],[-104.8909,21.4599],[-104.8995,21.4633],[-104.9082,21.4665],[-104.9169,21.4695],[-104.9258,21.4724],[-104.9346,21.4752],[-104.9435,21.4778],[-104.9525,21.4803],[-104.9615,21.4826],[-104.9705,21.4848],[-104.9796,21.4869],[-104.9887,21.4887],[-104.9979,21.4905],[-105.0071,21.4921],[-105.0163,21.4935],[-105.0255,21.4948],[-105.0348,21.4959],[-105.0441,21.4969],[-105.0534,21.4978],[-105.0627,21.4984],[-105.072,21.499],[-105.0813,21.4994],[-105.0907,21.4996],[-105.1,21.4997]]]},"properties":{"storm_name":"SIMON-26","fuente":"GDACS","alertlevel":"Red","url":"https://www.gdacs.org/report.aspx?eventid=1001335&episodeid=11&eventtype=TC","paises":"Mexico","layer":"storm_track","kind":"wind_radii_forecast","wind_kt":34}},{"type":"Feature","geometry":{"type":"Polygon","coordinates":[[[-105.1,21.0],[-105.1,21.1666],[-105.1031,21.1665],[-105.1062,21.1665],[-105.1093,21.1663],[-105.1124,21.1661],[-105.1155,21.1659],[-105.1186,21.1656],[-105.1217,21.1653],[-105.1248,21.1649],[-105.1279,21.1645],[-105.131,21.164],[-105.134,21.1635],[-105.1371,21.1629],[-105.1401,21.1623],[-105.1432,21.1616],[-105.1462,21.1609],[-105.1492,21.1601],[-105.1522,21.1593],[-105.1551,21.1584],[-105.1581,21.1575],[-105.161,21.1565],[-105.1639,21.1555],[-105.1668,21.1544],[-105.1697,21.1533],[-105.1726,21.1522],[-105.1754,21.1509],[-105.1782,21.1497],[-105.181,21.1484],[-105.1838,21.1471],[-105.1865,21.1457],[-105.1892,21.1442],[-105.1919,21.1428],[-105.1945,21.1412],[-105.1972,21.1397],[-105.1998,21.1381],[-105.2023,21.1364],[-105.2049,21.1347],[-105.2074,21.133],[-105.2098,21.1312],[-105.2123,21.1294],[-105.2147,21.1276],[-105.217,21.1257],[-105.2194,21.1238],[-105.2217,21.1218],[-105.2239,21.1198],[-105.2262,21.1178],[-105.2283,21.1157],[-105.2305,21.1136],[-105.2326,21.1114],[-105.2346,21.1093],[-105.2367,21.1071],[-105.2386,21.1048],[-105.2406,21.1025],[-105.2425,21.1002],[-105.2443,21.0979],[-105.2461,21.0955],[-105.2479,21.0931],[-105.2496,21.0907],[-105.2513,21.0883],[-105.2529,21.0858],[-105.2545,21.0833],[-105.256,21.0807],[-105.2575,21.0782],[-105.259,21.0756],[-105.2603,21.073],[-105.2617,21.0704],[-105.263,21.0677],[-105.2642,21.0651],[-105.2654,21.0624],[-105.2666,21.0597],[-105.2676,21.057],[-105.2687,21.0542],[-105.2697,21.0515],[-105.2706,21.0487],[-105.2715,21.0459],[-105.2723,21.0431],[-105.2731,21.0403],[-105.2738,21.0375],[-105.2745,21.0346],[-105.2751,21.0318],[-105.2757,21.0289],[-105.2762,21.0261],[-105.2767,21.0232],[-105.2771,21.0203],[-105.2774,21.0174],[-105.2777,21.0145],[-105.278,21.0116],[-105.2782,21.0087],[-105.2783,21.0058],[-105.2784,21.0029],[-105.2784,21.0],[-105.2784,21.0],[-105.2784,20.9971],[-105.2783,20.9942],[-105.2782,20.9913],[-105.278,20.9884],[-105.2777,20.9855],[-105.2774,20.9826],[-105.2771,20.9797],[-105.2767,20.9768],[-105.2762,20.9739],[-105.2757,20.9711],[-105.2751,20.9682],[-105.2745,20.9654],[-105.2738,20.9625],[-105.2731,20.9597],[-105.2723,20.9569],[-105.2715,20.9541],[-105.2706,20.9513],[-105.2697,20.9485],[-105.2687,20.9458],[-105.2676,20.943],[-105.2666,20.9403],[-105.2654,20.9376],[-105.2642,20.9349],[-105.263,20.9323],[-105.2617,20.9296],[-105.2603,20.927],[-105.259,20.9244],[-105.2575,20.9218],[-105.256,20.9193],[-105.2545,20.9167],[-105.2529,20.9142],[-105.2513,20.9117],[-105.2496,20.9093],[-105.2479,20.9069],[-105.2461,20.9045],[-105.2443,20.9021],[-105.2425,20.8998],[-105.2406,20.8975],[-105.2386,20.8952],[-105.2367,20.8929],[-105.2346,20.8907],[-105.2326,20.8886],[-105.2305,20.8864],[-105.2283,20.8843],[-105.2262,20.8822],[-105.2239,20.8802],[-105.2217,20.8782],[-105.2194,20.8762],[-105.217,20.8743],[-105.2147,20.8724],[-105.2123,20.8706],[-105.2098,20.8688],[-105.2074,20.867],[-105.2049,20.8653],[-105.2023,20.8636],[-105.1998,20.8619],[-105.1972,20.8603],[-105.1945,20.8588],[-105.1919,20.8572],[-105.1892,20.8558],[-105.1865,20.8543],[-105.1838,20.8529],[-105.181,20.8516],[-105.1782,20.8503],[-105.1754,20.8491],[-105.1726,20.8478],[-105.1697,20.8467],[-105.1668,20.8456],[-105.1639,20.8445],[-105.161,20.8435],[-105.1581,20.8425],[-105.1551,20.8416],[-105.1522,20.8407],[-105.1492,20.8399],[-105.1462,20.8391],[-105.1432,20.8384],[-105.1401,20.8377],[-105.1371,20.8371],[-105.134,20.8365],[-105.131,20.836],[-105.1279,20.8355],[-105.1248,20.8351],[-105.1217,20.8347],[-105.1186,20.8344],[-105.1155,20.8341],[-105.1124,20.8339],[-105.1093,20.8337],[-105.1062,20.8335],[-105.1031,20.8335],[-105.1,20.8334],[-105.1,21.0],[-105.1,21.0],[-105.1,21.0],[-105.1,21.0],[-105.1,21.0],[-105.1,21.0],[-105.1,21.0],[-105.1,21.0],[-105.1,21.0],[-105.1,21.0],[-105.1,21.0],[-105.1,21.0],[-105.1,21.0],[-105.1,21.0],[-105.1,21.0],[-105.1,21.0],[-105.1,21.0],[-105.1,21.0],[-105.1,21.0],[-105.1,21.0],[-105.1,21.0],[-105.1,21.0],[-105.1,21.0],[-105.1,21.0],[-105.1,21.0],[-105.1,21.0],[-105.1,21.0],[-105.1,21.0],[-105.1,21.0],[-105.1,21.0],[-105.1,21.0],[-105.1,21.0],[-105.1,21.0],[-105.1,21.0],[-105.1,21.0],[-105.1,21.0],[-105.1,21.0],[-105.1,21.0],[-105.1,21.0],[-105.1,21.0],[-105.1,21.0],[-105.1,21.0],[-105.1,21.0],[-105.1,21.0],[-105.1,21.0],[-105.1,21.0],[-105.1,21.0],[-105.1,21.0],[-105.1,21.0],[-105.1,21.0],[-105.1,21.0],[-105.1,21.0],[-105.1,21.0],[-105.1,21.0],[-105.1,21.0],[-105.1,21.0],[-105.1,21.0],[-105.1,21.0],[-105.1,21.0],[-105.1,21.0],[-105.1,21.0],[-105.1,21.0],[-105.1,21.0],[-105.1,21.0],[-105.1,21.0],[-105.1,21.0],[-105.1,21.0],[-105.1,21.0],[-105.1,21.0],[-105.1,21.0],[-105.1,21.0],[-105.1,21.0],[-105.1,21.0],[-105.1,21.0],[-105.1,21.0],[-105.1,21.0],[-105.1,21.0],[-105.1,21.0],[-105.1,21.0],[-105.1,21.0],[-105.1,21.0],[-105.1,21.0],[-105.1,21.0],[-105.1,21.0],[-105.1,21.0],[-105.1,21.0],[-105.1,21.0],[-105.1,21.0],[-105.1,21.0],[-105.1,21.0],[-105.1,21.0],[-105.1,21.0],[-105.1,21.0],[-105.1,21.0],[-105.1,21.0],[-105.1,21.0],[-105.1,21.0],[-105.1,21.0],[-105.1,21.0],[-105.1,21.0],[-105.1,21.0],[-105.1,21.0],[-105.1,21.0],[-105.1,21.0],[-105.1,21.0],[-105.1,21.0],[-105.1,21.0],[-105.1,21.0],[-105.1,21.0],[-105.1,21.0],[-105.1,21.0],[-105.1,21.0],[-105.1,21.0],[-105.1,21.0],[-105.1,21.0],[-105.1,21.0],[-105.1,21.0],[-105.1,21.0],[-105.1,21.0],[-105.1,21.0],[-105.1,21.0],[-105.1,21.0],[-105.1,21.0],[-105.1,21.0],[-105.1,21.0],[-105.1,21.0],[-105.1,21.0],[-105.1,21.0],[-105.1,21.0],[-105.1,21.0],[-105.1,21.0],[-105.1,21.0],[-105.1,21.0],[-105.1,21.0],[-105.1,21.0],[-105.1,21.0],[-105.1,21.0],[-105.1,21.0],[-105.1,21.0],[-105.1,21.0],[-105.1,21.0],[-105.1,21.0],[-105.1,21.0],[-105.1,21.0],[-105.1,21.0],[-105.1,21.0],[-105.1,21.0],[-105.1,21.0],[-105.1,21.0],[-105.1,21.0],[-105.1,21.0],[-105.1,21.0],[-105.1,21.0],[-105.1,21.0],[-105.1,21.0],[-105.1,21.0],[-105.1,21.0],[-105.1,21.0],[-105.1,21.0],[-105.1,21.0],[-105.1,21.0],[-105.1,21.0],[-105.1,21.0],[-105.1,21.0],[-105.1,21.0],[-105.1,21.0],[-105.1,21.0],[-105.1,21.0],[-105.1,21.0],[-105.1,21.0],[-105.1,21.0],[-105.1,21.0],[-105.1,21.0],[-105.1,21.0],[-105.1,21.0],[-105.1,21.0],[-105.1,21.0],[-105.1,21.0],[-105.1,21.0],[-105.1,21.0],[-105.1,21.0],[-105.1,21.0]]]},"properties":{"storm_name":"SIMON-26","fuente":"GDACS","alertlevel":"Red","url":"https://www.gdacs.org/report.aspx?eventid=1001335&episodeid=11&eventtype=TC","paises":"Mexico","layer":"storm_track","kind":"wind_radii_forecast","wind_kt":34}},{"type":"Feature","geometry":{"type":"Polygon","coordinates":[[[-105.4,22.4],[-105.4,22.4],[-105.4,22.4],[-105.4,22.4],[-105.4,22.4],[-105.4,22.4],[-105.4,22.4],[-105.4,22.4],[-105.4,22.4],[-105.4,22.4],[-105.4,22.4],[-105.4,22.4],[-105.4,22.4],[-105.4,22.4],[-105.4,22.4],[-105.4,22.4],[-105.4,22.4],[-105.4,22.4],[-105.4,22.4],[-105.4,22.4],[-105.4,22.4],[-105.4,22.4],[-105.4,22.4],[-105.4,22.4],[-105.4,22.4],[-105.4,22.4],[-105.4,22.4],[-105.4,22.4],[-105.4,22.4],[-105.4,22.4],[-105.4,22.4],[-105.4,22.4],[-105.4,22.4],[-105.4,22.4],[-105.4,22.4],[-105.4,22.4],[-105.4,22.4],[-105.4,22.4],[-105.4,22.4],[-105.4,22.4],[-105.4,22.4],[-105.4,22.4],[-105.4,22.4],[-105.4,22.4],[-105.4,22.4],[-105.4,22.4],[-105.4,22.4],[-105.4,22.4],[-105.4,22.4],[-105.4,22.4],[-105.4,22.4],[-105.4,22.4],[-105.4,22.4],[-105.4,22.4],[-105.4,22.4],[-105.4,22.4],[-105.4,22.4],[-105.4,22.4],[-105.4,22.4],[-105.4,22.4],[-105.4,22.4],[-105.4,22.4],[-105.4,22.4],[-105.4,22.4],[-105.4,22.4],[-105.4,22.4],[-105.4,22.4],[-105.4,22.4],[-105.4,22.4],[-105.4,22.4],[-105.4,22.4],[-105.4,22.4],[-105.4,22.4],[-105.4,22.4],[-105.4,22.4],[-105.4,22.4],[-105.4,22.4],[-105.4,22.4],[-105.4,22.4],[-105.4,22.4],[-105.4,22.4],[-105.4,22.4],[-105.4,22.4],[-105.4,22.4],[-105.4,22.4],[-105.4,22.4],[-105.4,22.4],[-105.4,22.4],[-105.4,22.4],[-105.4,22.4],[-105.4,22.4],[-105.4,22.4],[-105.4,22.4],[-105.4,22.4],[-105.4,22.4],[-105.4,22.4],[-105.4,22.4],[-105.4,22.4],[-105.4,22.4],[-105.4,22.4],[-105.4,22.4],[-105.4,22.4],[-105.4,22.4],[-105.4,22.4],[-105.4,22.4],[-105.4,22.4],[-105.4,22.4],[-105.4,22.4],[-105.4,22.4],[-105.4,22.4],[-105.4,22.4],[-105.4,22.4],[-105.4,22.4],[-105.4,22.4],[-105.4,22.4],[-105.4,22.4],[-105.4,22.4],[-105.4,22.4],[-105.4,22.4],[-105.4,22.4],[-105.4,22.4],[-105.4,22.4],[-105.4,22.4],[-105.4,22.4],[-105.4,22.4],[-105.4,22.4],[-105.4,22.4],[-105.4,22.4],[-105.4,22.4],[-105.4,22.4],[-105.4,22.4],[-105.4,22.4],[-105.4,22.4],[-105.4,22.4],[-105.4,22.4],[-105.4,22.4],[-105.4,22.4],[-105.4,22.4],[-105.4,22.4],[-105.4,22.4],[-105.4,22.4],[-105.4,22.4],[-105.4,22.4],[-105.4,22.4],[-105.4,22.4],[-105.4,22.4],[-105.4,22.4],[-105.4,22.4],[-105.4,22.4],[-105.4,22.4],[-105.4,22.4],[-105.4,22.4],[-105.4,22.4],[-105.4,22.4],[-105.4,22.4],[-105.4,22.4],[-105.4,22.4],[-105.4,22.4],[-105.4,22.4],[-105.4,22.4],[-105.4,22.4],[-105.4,22.4],[-105.4,22.4],[-105.4,22.4],[-105.4,22.4],[-105.4,22.4],[-105.4,22.4],[-105.4,22.4],[-105.4,22.4],[-105.4,22.4],[-105.4,22.4],[-105.4,22.4],[-105.4,22.4],[-105.4,22.4],[-105.4,22.4],[-105.4,22.4],[-105.4,22.4],[-105.4,22.4],[-105.4,22.4],[-105.4,22.4],[-105.4,22.4],[-105.4,22.4],[-105.4,22.4],[-105.4,22.4],[-105.4,22.4],[-105.4,22.4],[-105.4,22.4],[-105.4,22.4],[-105.4,22.4],[-105.4,22.4],[-105.4,22.4],[-105.4,22.4],[-105.4,22.4],[-105.4,22.4],[-105.4,22.4],[-105.4,22.4],[-105.4,22.4],[-105.4,22.4],[-105.4,22.4],[-105.4,22.4],[-105.4,22.4],[-105.4,22.4],[-105.4,22.4],[-105.4,22.4],[-105.4,22.4],[-105.4,22.4],[-105.4,22.4],[-105.4,22.4],[-105.4,22.4],[-105.4,22.4],[-105.4,22.4],[-105.4,22.4],[-105.4,22.4],[-105.4,22.4],[-105.4,22.4],[-105.4,22.4],[-105.4,22.4],[-105.4,22.4],[-105.4,22.4],[-105.4,22.4],[-105.4,22.4],[-105.4,22.4],[-105.4,22.4],[-105.4,22.4],[-105.4,22.4],[-105.4,22.4],[-105.4,22.4],[-105.4,22.4],[-105.4,22.4],[-105.4,22.4],[-105.4,22.4],[-105.4,22.4],[-105.4,22.4],[-105.4,22.4],[-105.4,22.4],[-105.4,22.4],[-105.4,22.4],[-105.4,22.4],[-105.4,22.4],[-105.4,22.4],[-105.4,22.4],[-105.4,22.4],[-105.4,22.4],[-105.4,22.4],[-105.4,22.4],[-105.4,22.4],[-105.4,22.4],[-105.4,22.4],[-105.4,22.4],[-105.4,22.4],[-105.4,22.4],[-105.4,22.4],[-105.4,22.4],[-105.4,22.4],[-105.4,22.4],[-105.4,22.4],[-105.4,22.4],[-105.4,22.4],[-105.4,22.4],[-105.4,22.4],[-105.4,22.4],[-105.4,22.4],[-105.4,22.4],[-105.4,22.4],[-105.4,22.4],[-105.4,22.4],[-105.4,22.4],[-105.4,22.4],[-105.4,22.4],[-105.4,22.4],[-105.4,22.4],[-105.4,22.4],[-105.4,22.4],[-105.4,22.4],[-105.4,22.4],[-105.4,22.4],[-105.4,22.4],[-105.4,22.4],[-105.4,22.4],[-105.4,22.4],[-105.4,22.4],[-105.4,22.4],[-105.4,22.4],[-105.4,22.4],[-105.4,22.4],[-105.4,22.4],[-105.4,22.4],[-105.4,22.4],[-105.4,22.4],[-105.4,22.4],[-105.4,22.4],[-105.4,22.4],[-105.4,22.4],[-105.4,22.4],[-105.4,22.4],[-105.4,22.4],[-105.4,22.4],[-105.4,22.4],[-105.4,22.4],[-105.4,22.4],[-105.4,22.4],[-105.4,22.4],[-105.4,22.4],[-105.4,22.4],[-105.4,22.4],[-105.4,22.4],[-105.4,22.4],[-105.4,22.4],[-105.4,22.4],[-105.4,22.4],[-105.4,22.4],[-105.4,22.4],[-105.4,22.4],[-105.4,22.4],[-105.4,22.4],[-105.4,22.4],[-105.4,22.4],[-105.4,22.4],[-105.4,22.4],[-105.4,22.4],[-105.4,22.4],[-105.4,22.4],[-105.4,22.4],[-105.4,22.4],[-105.4,22.4],[-105.4,22.4],[-105.4,22.4],[-105.4,22.4],[-105.4,22.4],[-105.4,22.4],[-105.4,22.4],[-105.4,22.4],[-105.4,22.4],[-105.4,22.4],[-105.4,22.4],[-105.4,22.4],[-105.4,22.4],[-105.4,22.4],[-105.4,22.4],[-105.4,22.4],[-105.4,22.4],[-105.4,22.4],[-105.4,22.4],[-105.4,22.4],[-105.4,22.4],[-105.4,22.4],[-105.4,22.4],[-105.4,22.4],[-105.4,22.4],[-105.4,22.4],[-105.4,22.4],[-105.4,22.4],[-105.4,22.4],[-105.4,22.4],[-105.4,22.4],[-105.4,22.4],[-105.4,22.4],[-105.4,22.4],[-105.4,22.4],[-105.4,22.4],[-105.4,22.4],[-105.4,22.4],[-105.4,22.4],[-105.4,22.4],[-105.4,22.4]]]},"properties":{"storm_name":"SIMON-26","fuente":"GDACS","alertlevel":"Red","url":"https://www.gdacs.org/report.aspx?eventid=1001335&episodeid=11&eventtype=TC","paises":"Mexico","layer":"storm_track","kind":"wind_radii_forecast","wind_kt":34}},{"type":"Feature","geometry":{"type":"Polygon","coordinates":[[[-105.4,22.4],[-105.4,22.4],[-105.4,22.4],[-105.4,22.4],[-105.4,22.4],[-105.4,22.4],[-105.4,22.4],[-105.4,22.4],[-105.4,22.4],[-105.4,22.4],[-105.4,22.4],[-105.4,22.4],[-105.4,22.4],[-105.4,22.4],[-105.4,22.4],[-105.4,22.4],[-105.4,22.4],[-105.4,22.4],[-105.4,22.4],[-105.4,22.4],[-105.4,22.4],[-105.4,22.4],[-105.4,22.4],[-105.4,22.4],[-105.4,22.4],[-105.4,22.4],[-105.4,22.4],[-105.4,22.4],[-105.4,22.4],[-105.4,22.4],[-105.4,22.4],[-105.4,22.4],[-105.4,22.4],[-105.4,22.4],[-105.4,22.4],[-105.4,22.4],[-105.4,22.4],[-105.4,22.4],[-105.4,22.4],[-105.4,22.4],[-105.4,22.4],[-105.4,22.4],[-105.4,22.4],[-105.4,22.4],[-105.4,22.4],[-105.4,22.4],[-105.4,22.4],[-105.4,22.4],[-105.4,22.4],[-105.4,22.4],[-105.4,22.4],[-105.4,22.4],[-105.4,22.4],[-105.4,22.4],[-105.4,22.4],[-105.4,22.4],[-105.4,22.4],[-105.4,22.4],[-105.4,22.4],[-105.4,22.4],[-105.4,22.4],[-105.4,22.4],[-105.4,22.4],[-105.4,22.4],[-105.4,22.4],[-105.4,22.4],[-105.4,22.4],[-105.4,22.4],[-105.4,22.4],[-105.4,22.4],[-105.4,22.4],[-105.4,22.4],[-105.4,22.4],[-105.4,22.4],[-105.4,22.4],[-105.4,22.4],[-105.4,22.4],[-105.4,22.4],[-105.4,22.4],[-105.4,22.4],[-105.4,22.4],[-105.4,22.4],[-105.4,22.4],[-105.4,22.4],[-105.4,22.4],[-105.4,22.4],[-105.4,22.4],[-105.4,22.4],[-105.4,22.4],[-105.4,22.4],[-105.4,22.4],[-105.4,22.4],[-105.4,22.4],[-105.4,22.4],[-105.4,22.4],[-105.4,22.4],[-105.4,22.4],[-105.4,22.4],[-105.4,22.4],[-105.4,22.4],[-105.4,22.4],[-105.4,22.4],[-105.4,22.4],[-105.4,22.4],[-105.4,22.4],[-105.4,22.4],[-105.4,22.4],[-105.4,22.4],[-105.4,22.4],[-105.4,22.4],[-105.4,22.4],[-105.4,22.4],[-105.4,22.4],[-105.4,22.4],[-105.4,22.4],[-105.4,22.4],[-105.4,22.4],[-105.4,22.4],[-105.4,22.4],[-105.4,22.4],[-105.4,22.4],[-105.4,22.4],[-105.4,22.4],[-105.4,22.4],[-105.4,22.4],[-105.4,22.4],[-105.4,22.4],[-105.4,22.4],[-105.4,22.4],[-105.4,22.4],[-105.4,22.4],[-105.4,22.4],[-105.4,22.4],[-105.4,22.4],[-105.4,22.4],[-105.4,22.4],[-105.4,22.4],[-105.4,22.4],[-105.4,22.4],[-105.4,22.4],[-105.4,22.4],[-105.4,22.4],[-105.4,22.4],[-105.4,22.4],[-105.4,22.4],[-105.4,22.4],[-105.4,22.4],[-105.4,22.4],[-105.4,22.4],[-105.4,22.4],[-105.4,22.4],[-105.4,22.4],[-105.4,22.4],[-105.4,22.4],[-105.4,22.4],[-105.4,22.4],[-105.4,22.4],[-105.4,22.4],[-105.4,22.4],[-105.4,22.4],[-105.4,22.4],[-105.4,22.4],[-105.4,22.4],[-105.4,22.4],[-105.4,22.4],[-105.4,22.4],[-105.4,22.4],[-105.4,22.4],[-105.4,22.4],[-105.4,22.4],[-105.4,22.4],[-105.4,22.4],[-105.4,22.4],[-105.4,22.4],[-105.4,22.4],[-105.4,22.4],[-105.4,22.4],[-105.4,22.4],[-105.4,22.4],[-105.4,22.4],[-105.4,22.4],[-105.4,22.4],[-105.4,22.4],[-105.4,22.4],[-105.4,22.4],[-105.4,22.4],[-105.4,22.4],[-105.4,22.4],[-105.4,22.4],[-105.4,22.4],[-105.4,22.4],[-105.4,22.4],[-105.4,22.4],[-105.4,22.4],[-105.4,22.4],[-105.4,22.4],[-105.4,22.4],[-105.4,22.4],[-105.4,22.4],[-105.4,22.4],[-105.4,22.4],[-105.4,22.4],[-105.4,22.4],[-105.4,22.4],[-105.4,22.4],[-105.4,22.4],[-105.4,22.4],[-105.4,22.4],[-105.4,22.4],[-105.4,22.4],[-105.4,22.4],[-105.4,22.4],[-105.4,22.4],[-105.4,22.4],[-105.4,22.4],[-105.4,22.4],[-105.4,22.4],[-105.4,22.4],[-105.4,22.4],[-105.4,22.4],[-105.4,22.4],[-105.4,22.4],[-105.4,22.4],[-105.4,22.4],[-105.4,22.4],[-105.4,22.4],[-105.4,22.4],[-105.4,22.4],[-105.4,22.4],[-105.4,22.4],[-105.4,22.4],[-105.4,22.4],[-105.4,22.4],[-105.4,22.4],[-105.4,22.4],[-105.4,22.4],[-105.4,22.4],[-105.4,22.4],[-105.4,22.4],[-105.4,22.4],[-105.4,22.4],[-105.4,22.4],[-105.4,22.4],[-105.4,22.4],[-105.4,22.4],[-105.4,22.4],[-105.4,22.4],[-105.4,22.4],[-105.4,22.4],[-105.4,22.4],[-105.4,22.4],[-105.4,22.4],[-105.4,22.4],[-105.4,22.4],[-105.4,22.4],[-105.4,22.4],[-105.4,22.4],[-105.4,22.4],[-105.4,22.4],[-105.4,22.4],[-105.4,22.4],[-105.4,22.4],[-105.4,22.4],[-105.4,22.4],[-105.4,22.4],[-105.4,22.4],[-105.4,22.4],[-105.4,22.4],[-105.4,22.4],[-105.4,22.4],[-105.4,22.4],[-105.4,22.4],[-105.4,22.4],[-105.4,22.4],[-105.4,22.4],[-105.4,22.4],[-105.4,22.4],[-105.4,22.4],[-105.4,22.4],[-105.4,22.4],[-105.4,22.4],[-105.4,22.4],[-105.4,22.4],[-105.4,22.4],[-105.4,22.4],[-105.4,22.4],[-105.4,22.4],[-105.4,22.4],[-105.4,22.4],[-105.4,22.4],[-105.4,22.4],[-105.4,22.4],[-105.4,22.4],[-105.4,22.4],[-105.4,22.4],[-105.4,22.4],[-105.4,22.4],[-105.4,22.4],[-105.4,22.4],[-105.4,22.4],[-105.4,22.4],[-105.4,22.4],[-105.4,22.4],[-105.4,22.4],[-105.4,22.4],[-105.4,22.4],[-105.4,22.4],[-105.4,22.4],[-105.4,22.4],[-105.4,22.4],[-105.4,22.4],[-105.4,22.4],[-105.4,22.4],[-105.4,22.4],[-105.4,22.4],[-105.4,22.4],[-105.4,22.4],[-105.4,22.4],[-105.4,22.4],[-105.4,22.4],[-105.4,22.4],[-105.4,22.4],[-105.4,22.4],[-105.4,22.4],[-105.4,22.4],[-105.4,22.4],[-105.4,22.4],[-105.4,22.4],[-105.4,22.4],[-105.4,22.4],[-105.4,22.4],[-105.4,22.4],[-105.4,22.4],[-105.4,22.4],[-105.4,22.4],[-105.4,22.4],[-105.4,22.4],[-105.4,22.4],[-105.4,22.4],[-105.4,22.4],[-105.4,22.4],[-105.4,22.4],[-105.4,22.4],[-105.4,22.4],[-105.4,22.4],[-105.4,22.4],[-105.4,22.4],[-105.4,22.4],[-105.4,22.4],[-105.4,22.4],[-105.4,22.4],[-105.4,22.4],[-105.4,22.4],[-105.4,22.4],[-105.4,22.4],[-105.4,22.4],[-105.4,22.4],[-105.4,22.4],[-105.4,22.4],[-105.4,22.4],[-105.4,22.4],[-105.4,22.4],[-105.4,22.4],[-105.4,22.4],[-105.4,22.4]]]},"properties":{"storm_name":"SIMON-26","fuente":"GDACS","alertlevel":"Red","url":"https://www.gdacs.org/report.aspx?eventid=1001335&episodeid=11&eventtype=TC","paises":"Mexico","layer":"storm_track","kind":"wind_radii_forecast","wind_kt":34}},{"type":"Feature","geometry":{"type":"Polygon","coordinates":[[[-105.4,22.4],[-105.4,22.4],[-105.4,22.4],[-105.4,22.4],[-105.4,22.4],[-105.4,22.4],[-105.4,22.4],[-105.4,22.4],[-105.4,22.4],[-105.4,22.4],[-105.4,22.4],[-105.4,22.4],[-105.4,22.4],[-105.4,22.4],[-105.4,22.4],[-105.4,22.4],[-105.4,22.4],[-105.4,22.4],[-105.4,22.4],[-105.4,22.4],[-105.4,22.4],[-105.4,22.4],[-105.4,22.4],[-105.4,22.4],[-105.4,22.4],[-105.4,22.4],[-105.4,22.4],[-105.4,22.4],[-105.4,22.4],[-105.4,22.4],[-105.4,22.4],[-105.4,22.4],[-105.4,22.4],[-105.4,22.4],[-105.4,22.4],[-105.4,22.4],[-105.4,22.4],[-105.4,22.4],[-105.4,22.4],[-105.4,22.4],[-105.4,22.4],[-105.4,22.4],[-105.4,22.4],[-105.4,22.4],[-105.4,22.4],[-105.4,22.4],[-105.4,22.4],[-105.4,22.4],[-105.4,22.4],[-105.4,22.4],[-105.4,22.4],[-105.4,22.4],[-105.4,22.4],[-105.4,22.4],[-105.4,22.4],[-105.4,22.4],[-105.4,22.4],[-105.4,22.4],[-105.4,22.4],[-105.4,22.4],[-105.4,22.4],[-105.4,22.4],[-105.4,22.4],[-105.4,22.4],[-105.4,22.4],[-105.4,22.4],[-105.4,22.4],[-105.4,22.4],[-105.4,22.4],[-105.4,22.4],[-105.4,22.4],[-105.4,22.4],[-105.4,22.4],[-105.4,22.4],[-105.4,22.4],[-105.4,22.4],[-105.4,22.4],[-105.4,22.4],[-105.4,22.4],[-105.4,22.4],[-105.4,22.4],[-105.4,22.4],[-105.4,22.4],[-105.4,22.4],[-105.4,22.4],[-105.4,22.4],[-105.4,22.4],[-105.4,22.4],[-105.4,22.4],[-105.4,22.4],[-105.4,22.4],[-105.4,22.4],[-105.4,22.4],[-105.4,22.4],[-105.4,22.4],[-105.4,22.4],[-105.4,22.4],[-105.4,22.4],[-105.4,22.4],[-105.4,22.4],[-105.4,22.4],[-105.4,22.4],[-105.4,22.4],[-105.4,22.4],[-105.4,22.4],[-105.4,22.4],[-105.4,22.4],[-105.4,22.4],[-105.4,22.4],[-105.4,22.4],[-105.4,22.4],[-105.4,22.4],[-105.4,22.4],[-105.4,22.4],[-105.4,22.4],[-105.4,22.4],[-105.4,22.4],[-105.4,22.4],[-105.4,22.4],[-105.4,22.4],[-105.4,22.4],[-105.4,22.4],[-105.4,22.4],[-105.4,22.4],[-105.4,22.4],[-105.4,22.4],[-105.4,22.4],[-105.4,22.4],[-105.4,22.4],[-105.4,22.4],[-105.4,22.4],[-105.4,22.4],[-105.4,22.4],[-105.4,22.4],[-105.4,22.4],[-105.4,22.4],[-105.4,22.4],[-105.4,22.4],[-105.4,22.4],[-105.4,22.4],[-105.4,22.4],[-105.4,22.4],[-105.4,22.4],[-105.4,22.4],[-105.4,22.4],[-105.4,22.4],[-105.4,22.4],[-105.4,22.4],[-105.4,22.4],[-105.4,22.4],[-105.4,22.4],[-105.4,22.4],[-105.4,22.4],[-105.4,22.4],[-105.4,22.4],[-105.4,22.4],[-105.4,22.4],[-105.4,22.4],[-105.4,22.4],[-105.4,22.4],[-105.4,22.4],[-105.4,22.4],[-105.4,22.4],[-105.4,22.4],[-105.4,22.4],[-105.4,22.4],[-105.4,22.4],[-105.4,22.4],[-105.4,22.4],[-105.4,22.4],[-105.4,22.4],[-105.4,22.4],[-105.4,22.4],[-105.4,22.4],[-105.4,22.4],[-105.4,22.4],[-105.4,22.4],[-105.4,22.4],[-105.4,22.4],[-105.4,22.4],[-105.4,22.4],[-105.4,22.4],[-105.4,22.4],[-105.4,22.4],[-105.4,22.4],[-105.4,22.4],[-105.4,22.4],[-105.4,22.4],[-105.4,22.4],[-105.4,22.4],[-105.4,22.4],[-105.4,22.4],[-105.4,22.4],[-105.4,22.4],[-105.4,22.4],[-105.4,22.4],[-105.4,22.4],[-105.4,22.4],[-105.4,22.4],[-105.4,22.4],[-105.4,22.4],[-105.4,22.4],[-105.4,22.4],[-105.4,22.4],[-105.4,22.4],[-105.4,22.4],[-105.4,22.4],[-105.4,22.4],[-105.4,22.4],[-105.4,22.4],[-105.4,22.4],[-105.4,22.4],[-105.4,22.4],[-105.4,22.4],[-105.4,22.4],[-105.4,22.4],[-105.4,22.4],[-105.4,22.4],[-105.4,22.4],[-105.4,22.4],[-105.4,22.4],[-105.4,22.4],[-105.4,22.4],[-105.4,22.4],[-105.4,22.4],[-105.4,22.4],[-105.4,22.4],[-105.4,22.4],[-105.4,22.4],[-105.4,22.4],[-105.4,22.4],[-105.4,22.4],[-105.4,22.4],[-105.4,22.4],[-105.4,22.4],[-105.4,22.4],[-105.4,22.4],[-105.4,22.4],[-105.4,22.4],[-105.4,22.4],[-105.4,22.4],[-105.4,22.4],[-105.4,22.4],[-105.4,22.4],[-105.4,22.4],[-105.4,22.4],[-105.4,22.4],[-105.4,22.4],[-105.4,22.4],[-105.4,22.4],[-105.4,22.4],[-105.4,22.4],[-105.4,22.4],[-105.4,22.4],[-105.4,22.4],[-105.4,22.4],[-105.4,22.4],[-105.4,22.4],[-105.4,22.4],[-105.4,22.4],[-105.4,22.4],[-105.4,22.4],[-105.4,22.4],[-105.4,22.4],[-105.4,22.4],[-105.4,22.4],[-105.4,22.4],[-105.4,22.4],[-105.4,22.4],[-105.4,22.4],[-105.4,22.4],[-105.4,22.4],[-105.4,22.4],[-105.4,22.4],[-105.4,22.4],[-105.4,22.4],[-105.4,22.4],[-105.4,22.4],[-105.4,22.4],[-105.4,22.4],[-105.4,22.4],[-105.4,22.4],[-105.4,22.4],[-105.4,22.4],[-105.4,22.4],[-105.4,22.4],[-105.4,22.4],[-105.4,22.4],[-105.4,22.4],[-105.4,22.4],[-105.4,22.4],[-105.4,22.4],[-105.4,22.4],[-105.4,22.4],[-105.4,22.4],[-105.4,22.4],[-105.4,22.4],[-105.4,22.4],[-105.4,22.4],[-105.4,22.4],[-105.4,22.4],[-105.4,22.4],[-105.4,22.4],[-105.4,22.4],[-105.4,22.4],[-105.4,22.4],[-105.4,22.4],[-105.4,22.4],[-105.4,22.4],[-105.4,22.4],[-105.4,22.4],[-105.4,22.4],[-105.4,22.4],[-105.4,22.4],[-105.4,22.4],[-105.4,22.4],[-105.4,22.4],[-105.4,22.4],[-105.4,22.4],[-105.4,22.4],[-105.4,22.4],[-105.4,22.4],[-105.4,22.4],[-105.4,22.4],[-105.4,22.4],[-105.4,22.4],[-105.4,22.4],[-105.4,22.4],[-105.4,22.4],[-105.4,22.4],[-105.4,22.4],[-105.4,22.4],[-105.4,22.4],[-105.4,22.4],[-105.4,22.4],[-105.4,22.4],[-105.4,22.4],[-105.4,22.4],[-105.4,22.4],[-105.4,22.4],[-105.4,22.4],[-105.4,22.4],[-105.4,22.4],[-105.4,22.4],[-105.4,22.4],[-105.4,22.4],[-105.4,22.4],[-105.4,22.4],[-105.4,22.4],[-105.4,22.4],[-105.4,22.4],[-105.4,22.4],[-105.4,22.4],[-105.4,22.4],[-105.4,22.4],[-105.4,22.4],[-105.4,22.4],[-105.4,22.4],[-105.4,22.4],[-105.4,22.4],[-105.4,22.4],[-105.4,22.4],[-105.4,22.4],[-105.4,22.4],[-105.4,22.4]]]},"properties":{"storm_name":"SIMON-26","fuente":"GDACS","alertlevel":"Red","url":"https://www.gdacs.org/report.aspx?eventid=1001335&episodeid=11&eventtype=TC","paises":"Mexico","layer":"storm_track","kind":"wind_radii_forecast","wind_kt":34}},{"type":"Feature","geometry":{"type":"LineString","coordinates":[[-103.9,15.7],[-104.6,15.6]]},"properties":{"storm_name":"SIMON-26","fuente":"GDACS","alertlevel":"Red","url":"https://www.gdacs.org/report.aspx?eventid=1001335&episodeid=11&eventtype=TC","paises":"Mexico","layer":"storm_track","kind":"forecast"}},{"type":"Feature","geometry":{"type":"LineString","coordinates":[[-104.5,15.8],[-104.7,16.0]]},"properties":{"storm_name":"SIMON-26","fuente":"GDACS","alertlevel":"Red","url":"https://www.gdacs.org/report.aspx?eventid=1001335&episodeid=11&eventtype=TC","paises":"Mexico","layer":"storm_track","kind":"forecast"}},{"type":"Feature","geometry":{"type":"LineString","coordinates":[[-104.6,15.6],[-104.5,15.8]]},"properties":{"storm_name":"SIMON-26","fuente":"GDACS","alertlevel":"Red","url":"https://www.gdacs.org/report.aspx?eventid=1001335&episodeid=11&eventtype=TC","paises":"Mexico","layer":"storm_track","kind":"forecast"}},{"type":"Feature","geometry":{"type":"LineString","coordinates":[[-104.6,16.8],[-104.7,17.4]]},"properties":{"storm_name":"SIMON-26","fuente":"GDACS","alertlevel":"Red","url":"https://www.gdacs.org/report.aspx?eventid=1001335&episodeid=11&eventtype=TC","paises":"Mexico","layer":"storm_track","kind":"forecast"}},{"type":"Feature","geometry":{"type":"LineString","coordinates":[[-104.7,16.0],[-104.7,16.2]]},"properties":{"storm_name":"SIMON-26","fuente":"GDACS","alertlevel":"Red","url":"https://www.gdacs.org/report.aspx?eventid=1001335&episodeid=11&eventtype=TC","paises":"Mexico","layer":"storm_track","kind":"forecast"}},{"type":"Feature","geometry":{"type":"LineString","coordinates":[[-104.7,16.2],[-104.6,16.8]]},"properties":{"storm_name":"SIMON-26","fuente":"GDACS","alertlevel":"Red","url":"https://www.gdacs.org/report.aspx?eventid=1001335&episodeid=11&eventtype=TC","paises":"Mexico","layer":"storm_track","kind":"forecast"}},{"type":"Feature","geometry":{"type":"LineString","coordinates":[[-104.7,17.4],[-104.9,18.2]]},"properties":{"storm_name":"SIMON-26","fuente":"GDACS","alertlevel":"Red","url":"https://www.gdacs.org/report.aspx?eventid=1001335&episodeid=11&eventtype=TC","paises":"Mexico","layer":"storm_track","kind":"forecast"}},{"type":"Feature","geometry":{"type":"LineString","coordinates":[[-104.9,18.2],[-105.0,19.6]]},"properties":{"storm_name":"SIMON-26","fuente":"GDACS","alertlevel":"Red","url":"https://www.gdacs.org/report.aspx?eventid=1001335&episodeid=11&eventtype=TC","paises":"Mexico","layer":"storm_track","kind":"forecast"}},{"type":"Feature","geometry":{"type":"LineString","coordinates":[[-105.0,19.6],[-105.1,21.0]]},"properties":{"storm_name":"SIMON-26","fuente":"GDACS","alertlevel":"Red","url":"https://www.gdacs.org/report.aspx?eventid=1001335&episodeid=11&eventtype=TC","paises":"Mexico","layer":"storm_track","kind":"forecast"}},{"type":"Feature","geometry":{"type":"LineString","coordinates":[[-105.1,21.0],[-105.4,22.4]]},"properties":{"storm_name":"SIMON-26","fuente":"GDACS","alertlevel":"Red","url":"https://www.gdacs.org/report.aspx?eventid=1001335&episodeid=11&eventtype=TC","paises":"Mexico","layer":"storm_track","kind":"forecast"}},{"type":"Feature","geometry":{"type":"LineString","coordinates":[[-100.9,14.1],[-101.6,15.5]]},"properties":{"storm_name":"SIMON-26","fuente":"GDACS","alertlevel":"Red","url":"https://www.gdacs.org/report.aspx?eventid=1001335&episodeid=11&eventtype=TC","paises":"Mexico","layer":"storm_track","kind":"forecast"}},{"type":"Feature","geometry":{"type":"LineString","coordinates":[[-101.6,15.5],[-102.5,15.6]]},"properties":{"storm_name":"SIMON-26","fuente":"GDACS","alertlevel":"Red","url":"https://www.gdacs.org/report.aspx?eventid=1001335&episodeid=11&eventtype=TC","paises":"Mexico","layer":"storm_track","kind":"forecast"}},{"type":"Feature","geometry":{"type":"LineString","coordinates":[[-102.5,15.6],[-103.1,15.4]]},"properties":{"storm_name":"SIMON-26","fuente":"GDACS","alertlevel":"Red","url":"https://www.gdacs.org/report.aspx?eventid=1001335&episodeid=11&eventtype=TC","paises":"Mexico","layer":"storm_track","kind":"forecast"}},{"type":"Feature","geometry":{"type":"LineString","coordinates":[[-103.1,15.4],[-103.3,15.4]]},"properties":{"storm_name":"SIMON-26","fuente":"GDACS","alertlevel":"Red","url":"https://www.gdacs.org/report.aspx?eventid=1001335&episodeid=11&eventtype=TC","paises":"Mexico","layer":"storm_track","kind":"forecast"}},{"type":"Feature","geometry":{"type":"LineString","coordinates":[[-103.3,15.4],[-103.9,15.7]]},"properties":{"storm_name":"SIMON-26","fuente":"GDACS","alertlevel":"Red","url":"https://www.gdacs.org/report.aspx?eventid=1001335&episodeid=11&eventtype=TC","paises":"Mexico","layer":"storm_track","kind":"forecast"}},{"type":"Feature","geometry":{"type":"Polygon","coordinates":[[[-100.9,14.07],[-100.8985,14.07],[-100.8971,14.0701],[-100.8956,14.0703],[-100.8941,14.0706],[-100.8927,14.0709],[-100.8913,14.0713],[-100.8899,14.0718],[-100.8885,14.0723],[-100.8872,14.0729],[-100.8859,14.0735],[-100.8846,14.0743],[-100.8833,14.0751],[-100.8821,14.0759],[-100.881,14.0768],[-100.8799,14.0778],[-100.8788,14.0788],[-100.8778,14.0799],[-100.8768,14.081],[-100.8759,14.0821],[-100.8751,14.0833],[-100.8743,14.0846],[-100.8735,14.0859],[-100.8729,14.0872],[-100.8723,14.0885],[-100.8718,14.0899],[-100.8713,14.0913],[-100.8709,14.0927],[-100.8706,14.0941],[-100.8703,14.0956],[-100.8701,14.0971],[-100.87,14.0985],[-100.87,14.1],[-100.87,14.1015],[-100.8701,14.1029],[-100.8703,14.1044],[-100.8706,14.1059],[-100.8709,14.1073],[-100.8713,14.1087],[-100.8718,14.1101],[-100.8723,14.1115],[-100.8729,14.1128],[-100.8735,14.1141],[-100.8743,14.1154],[-100.8751,14.1167],[-100.8759,14.1179],[-100.8768,14.119],[-100.8778,14.1201],[-100.8788,14.1212],[-100.8799,14.1222],[-100.881,14.1232],[-100.8821,14.1241],[-100.8833,14.1249],[-100.8846,14.1257],[-100.8859,14.1265],[-100.8872,14.1271],[-100.8885,14.1277],[-100.8899,14.1282],[-100.8913,14.1287],[-100.8927,14.1291],[-100.8941,14.1294],[-100.8956,14.1297],[-100.8971,14.1299],[-100.8985,14.13],[-100.9,14.13],[-100.9015,14.13],[-100.9029,14.1299],[-100.9044,14.1297],[-100.9059,14.1294],[-100.9073,14.1291],[-100.9087,14.1287],[-100.9101,14.1282],[-100.9115,14.1277],[-100.9128,14.1271],[-100.9141,14.1265],[-100.9154,14.1257],[-100.9167,14.1249],[-100.9179,14.1241],[-100.919,14.1232],[-100.9201,14.1222],[-100.9212,14.1212],[-100.9222,14.1201],[-100.9232,14.119],[-100.9241,14.1179],[-100.9249,14.1167],[-100.9257,14.1154],[-100.9265,14.1141],[-100.9271,14.1128],[-100.9277,14.1115],[-100.9282,14.1101],[-100.9287,14.1087],[-100.9291,14.1073],[-100.9294,14.1059],[-100.9297,14.1044],[-100.9299,14.1029],[-100.93,14.1015],[-100.93,14.1],[-100.93,14.0985],[-100.9299,14.0971],[-100.9297,14.0956],[-100.9294,14.0941],[-100.9291,14.0927],[-100.9287,14.0913],[-100.9282,14.0899],[-100.9277,14.0885],[-100.9271,14.0872],[-100.9265,14.0859],[-100.9257,14.0846],[-100.9249,14.0833],[-100.9241,14.0821],[-100.9232,14.081],[-100.9222,14.0799],[-100.9212,14.0788],[-100.9201,14.0778],[-100.919,14.0768],[-100.9179,14.0759],[-100.9167,14.0751],[-100.9154,14.0743],[-100.9141,14.0735],[-100.9128,14.0729],[-100.9115,14.0723],[-100.9101,14.0718],[-100.9087,14.0713],[-100.9073,14.0709],[-100.9059,14.0706],[-100.9044,14.0703],[-100.9029,14.0701],[-100.9015,14.07],[-100.9,14.07]]]},"properties":{"storm_name":"SIMON-26","fuente":"GDACS","alertlevel":"Red","url":"https://www.gdacs.org/report.aspx?eventid=1001335&episodeid=11&eventtype=TC","paises":"Mexico","layer":"storm_track","kind":"wind_radii_forecast","wind_kt":34}},{"type":"Feature","geometry":{"type":"Polygon","coordinates":[[[-101.6,15.47],[-101.5985,15.47],[-101.5971,15.4701],[-101.5956,15.4703],[-101.5941,15.4706],[-101.5927,15.4709],[-101.5913,15.4713],[-101.5899,15.4718],[-101.5885,15.4723],[-101.5872,15.4729],[-101.5859,15.4735],[-101.5846,15.4743],[-101.5833,15.4751],[-101.5821,15.4759],[-101.581,15.4768],[-101.5799,15.4778],[-101.5788,15.4788],[-101.5778,15.4799],[-101.5768,15.481],[-101.5759,15.4821],[-101.5751,15.4833],[-101.5743,15.4846],[-101.5735,15.4859],[-101.5729,15.4872],[-101.5723,15.4885],[-101.5718,15.4899],[-101.5713,15.4913],[-101.5709,15.4927],[-101.5706,15.4941],[-101.5703,15.4956],[-101.5701,15.4971],[-101.57,15.4985],[-101.57,15.5],[-101.57,15.5015],[-101.5701,15.5029],[-101.5703,15.5044],[-101.5706,15.5059],[-101.5709,15.5073],[-101.5713,15.5087],[-101.5718,15.5101],[-101.5723,15.5115],[-101.5729,15.5128],[-101.5735,15.5141],[-101.5743,15.5154],[-101.5751,15.5167],[-101.5759,15.5179],[-101.5768,15.519],[-101.5778,15.5201],[-101.5788,15.5212],[-101.5799,15.5222],[-101.581,15.5232],[-101.5821,15.5241],[-101.5833,15.5249],[-101.5846,15.5257],[-101.5859,15.5265],[-101.5872,15.5271],[-101.5885,15.5277],[-101.5899,15.5282],[-101.5913,15.5287],[-101.5927,15.5291],[-101.5941,15.5294],[-101.5956,15.5297],[-101.5971,15.5299],[-101.5985,15.53],[-101.6,15.53],[-101.6015,15.53],[-101.6029,15.5299],[-101.6044,15.5297],[-101.6059,15.5294],[-101.6073,15.5291],[-101.6087,15.5287],[-101.6101,15.5282],[-101.6115,15.5277],[-101.6128,15.5271],[-101.6141,15.5265],[-101.6154,15.5257],[-101.6167,15.5249],[-101.6179,15.5241],[-101.619,15.5232],[-101.6201,15.5222],[-101.6212,15.5212],[-101.6222,15.5201],[-101.6232,15.519],[-101.6241,15.5179],[-101.6249,15.5167],[-101.6257,15.5154],[-101.6265,15.5141],[-101.6271,15.5128],[-101.6277,15.5115],[-101.6282,15.5101],[-101.6287,15.5087],[-101.6291,15.5073],[-101.6294,15.5059],[-101.6297,15.5044],[-101.6299,15.5029],[-101.63,15.5015],[-101.63,15.5],[-101.63,15.4985],[-101.6299,15.4971],[-101.6297,15.4956],[-101.6294,15.4941],[-101.6291,15.4927],[-101.6287,15.4913],[-101.6282,15.4899],[-101.6277,15.4885],[-101.6271,15.4872],[-101.6265,15.4859],[-101.6257,15.4846],[-101.6249,15.4833],[-101.6241,15.4821],[-101.6232,15.481],[-101.6222,15.4799],[-101.6212,15.4788],[-101.6201,15.4778],[-101.619,15.4768],[-101.6179,15.4759],[-101.6167,15.4751],[-101.6154,15.4743],[-101.6141,15.4735],[-101.6128,15.4729],[-101.6115,15.4723],[-101.6101,15.4718],[-101.6087,15.4713],[-101.6073,15.4709],[-101.6059,15.4706],[-101.6044,15.4703],[-101.6029,15.4701],[-101.6015,15.47],[-101.6,15.47]]]},"properties":{"storm_name":"SIMON-26","fuente":"GDACS","alertlevel":"Red","url":"https://www.gdacs.org/report.aspx?eventid=1001335&episodeid=11&eventtype=TC","paises":"Mexico","layer":"storm_track","kind":"wind_radii_forecast","wind_kt":34}},{"type":"Feature","geometry":{"type":"Polygon","coordinates":[[[-102.5,15.57],[-102.4985,15.57],[-102.4971,15.5701],[-102.4956,15.5703],[-102.4941,15.5706],[-102.4927,15.5709],[-102.4913,15.5713],[-102.4899,15.5718],[-102.4885,15.5723],[-102.4872,15.5729],[-102.4859,15.5735],[-102.4846,15.5743],[-102.4833,15.5751],[-102.4821,15.5759],[-102.481,15.5768],[-102.4799,15.5778],[-102.4788,15.5788],[-102.4778,15.5799],[-102.4768,15.581],[-102.4759,15.5821],[-102.4751,15.5833],[-102.4743,15.5846],[-102.4735,15.5859],[-102.4729,15.5872],[-102.4723,15.5885],[-102.4718,15.5899],[-102.4713,15.5913],[-102.4709,15.5927],[-102.4706,15.5941],[-102.4703,15.5956],[-102.4701,15.5971],[-102.47,15.5985],[-102.47,15.6],[-102.47,15.6015],[-102.4701,15.6029],[-102.4703,15.6044],[-102.4706,15.6059],[-102.4709,15.6073],[-102.4713,15.6087],[-102.4718,15.6101],[-102.4723,15.6115],[-102.4729,15.6128],[-102.4735,15.6141],[-102.4743,15.6154],[-102.4751,15.6167],[-102.4759,15.6179],[-102.4768,15.619],[-102.4778,15.6201],[-102.4788,15.6212],[-102.4799,15.6222],[-102.481,15.6232],[-102.4821,15.6241],[-102.4833,15.6249],[-102.4846,15.6257],[-102.4859,15.6265],[-102.4872,15.6271],[-102.4885,15.6277],[-102.4899,15.6282],[-102.4913,15.6287],[-102.4927,15.6291],[-102.4941,15.6294],[-102.4956,15.6297],[-102.4971,15.6299],[-102.4985,15.63],[-102.5,15.63],[-102.5015,15.63],[-102.5029,15.6299],[-102.5044,15.6297],[-102.5059,15.6294],[-102.5073,15.6291],[-102.5087,15.6287],[-102.5101,15.6282],[-102.5115,15.6277],[-102.5128,15.6271],[-102.5141,15.6265],[-102.5154,15.6257],[-102.5167,15.6249],[-102.5179,15.6241],[-102.519,15.6232],[-102.5201,15.6222],[-102.5212,15.6212],[-102.5222,15.6201],[-102.5232,15.619],[-102.5241,15.6179],[-102.5249,15.6167],[-102.5257,15.6154],[-102.5265,15.6141],[-102.5271,15.6128],[-102.5277,15.6115],[-102.5282,15.6101],[-102.5287,15.6087],[-102.5291,15.6073],[-102.5294,15.6059],[-102.5297,15.6044],[-102.5299,15.6029],[-102.53,15.6015],[-102.53,15.6],[-102.53,15.5985],[-102.5299,15.5971],[-102.5297,15.5956],[-102.5294,15.5941],[-102.5291,15.5927],[-102.5287,15.5913],[-102.5282,15.5899],[-102.5277,15.5885],[-102.5271,15.5872],[-102.5265,15.5859],[-102.5257,15.5846],[-102.5249,15.5833],[-102.5241,15.5821],[-102.5232,15.581],[-102.5222,15.5799],[-102.5212,15.5788],[-102.5201,15.5778],[-102.519,15.5768],[-102.5179,15.5759],[-102.5167,15.5751],[-102.5154,15.5743],[-102.5141,15.5735],[-102.5128,15.5729],[-102.5115,15.5723],[-102.5101,15.5718],[-102.5087,15.5713],[-102.5073,15.5709],[-102.5059,15.5706],[-102.5044,15.5703],[-102.5029,15.5701],[-102.5015,15.57],[-102.5,15.57]]]},"properties":{"storm_name":"SIMON-26","fuente":"GDACS","alertlevel":"Red","url":"https://www.gdacs.org/report.aspx?eventid=1001335&episodeid=11&eventtype=TC","paises":"Mexico","layer":"storm_track","kind":"wind_radii_forecast","wind_kt":34}},{"type":"Feature","geometry":{"type":"Polygon","coordinates":[[[-103.1,15.37],[-103.0985,15.37],[-103.0971,15.3701],[-103.0956,15.3703],[-103.0941,15.3706],[-103.0927,15.3709],[-103.0913,15.3713],[-103.0899,15.3718],[-103.0885,15.3723],[-103.0872,15.3729],[-103.0859,15.3735],[-103.0846,15.3743],[-103.0833,15.3751],[-103.0821,15.3759],[-103.081,15.3768],[-103.0799,15.3778],[-103.0788,15.3788],[-103.0778,15.3799],[-103.0768,15.381],[-103.0759,15.3821],[-103.0751,15.3833],[-103.0743,15.3846],[-103.0735,15.3859],[-103.0729,15.3872],[-103.0723,15.3885],[-103.0718,15.3899],[-103.0713,15.3913],[-103.0709,15.3927],[-103.0706,15.3941],[-103.0703,15.3956],[-103.0701,15.3971],[-103.07,15.3985],[-103.07,15.4],[-103.07,15.4015],[-103.0701,15.4029],[-103.0703,15.4044],[-103.0706,15.4059],[-103.0709,15.4073],[-103.0713,15.4087],[-103.0718,15.4101],[-103.0723,15.4115],[-103.0729,15.4128],[-103.0735,15.4141],[-103.0743,15.4154],[-103.0751,15.4167],[-103.0759,15.4179],[-103.0768,15.419],[-103.0778,15.4201],[-103.0788,15.4212],[-103.0799,15.4222],[-103.081,15.4232],[-103.0821,15.4241],[-103.0833,15.4249],[-103.0846,15.4257],[-103.0859,15.4265],[-103.0872,15.4271],[-103.0885,15.4277],[-103.0899,15.4282],[-103.0913,15.4287],[-103.0927,15.4291],[-103.0941,15.4294],[-103.0956,15.4297],[-103.0971,15.4299],[-103.0985,15.43],[-103.1,15.43],[-103.1015,15.43],[-103.1029,15.4299],[-103.1044,15.4297],[-103.1059,15.4294],[-103.1073,15.4291],[-103.1087,15.4287],[-103.1101,15.4282],[-103.1115,15.4277],[-103.1128,15.4271],[-103.1141,15.4265],[-103.1154,15.4257],[-103.1167,15.4249],[-103.1179,15.4241],[-103.119,15.4232],[-103.1201,15.4222],[-103.1212,15.4212],[-103.1222,15.4201],[-103.1232,15.419],[-103.1241,15.4179],[-103.1249,15.4167],[-103.1257,15.4154],[-103.1265,15.4141],[-103.1271,15.4128],[-103.1277,15.4115],[-103.1282,15.4101],[-103.1287,15.4087],[-103.1291,15.4073],[-103.1294,15.4059],[-103.1297,15.4044],[-103.1299,15.4029],[-103.13,15.4015],[-103.13,15.4],[-103.13,15.3985],[-103.1299,15.3971],[-103.1297,15.3956],[-103.1294,15.3941],[-103.1291,15.3927],[-103.1287,15.3913],[-103.1282,15.3899],[-103.1277,15.3885],[-103.1271,15.3872],[-103.1265,15.3859],[-103.1257,15.3846],[-103.1249,15.3833],[-103.1241,15.3821],[-103.1232,15.381],[-103.1222,15.3799],[-103.1212,15.3788],[-103.1201,15.3778],[-103.119,15.3768],[-103.1179,15.3759],[-103.1167,15.3751],[-103.1154,15.3743],[-103.1141,15.3735],[-103.1128,15.3729],[-103.1115,15.3723],[-103.1101,15.3718],[-103.1087,15.3713],[-103.1073,15.3709],[-103.1059,15.3706],[-103.1044,15.3703],[-103.1029,15.3701],[-103.1015,15.37],[-103.1,15.37]]]},"properties":{"storm_name":"SIMON-26","fuente":"GDACS","alertlevel":"Red","url":"https://www.gdacs.org/report.aspx?eventid=1001335&episodeid=11&eventtype=TC","paises":"Mexico","layer":"storm_track","kind":"wind_radii_forecast","wind_kt":34}},{"type":"Feature","geometry":{"type":"Polygon","coordinates":[[[-103.3,15.37],[-103.2985,15.37],[-103.2971,15.3701],[-103.2956,15.3703],[-103.2941,15.3706],[-103.2927,15.3709],[-103.2913,15.3713],[-103.2899,15.3718],[-103.2885,15.3723],[-103.2872,15.3729],[-103.2859,15.3735],[-103.2846,15.3743],[-103.2833,15.3751],[-103.2821,15.3759],[-103.281,15.3768],[-103.2799,15.3778],[-103.2788,15.3788],[-103.2778,15.3799],[-103.2768,15.381],[-103.2759,15.3821],[-103.2751,15.3833],[-103.2743,15.3846],[-103.2735,15.3859],[-103.2729,15.3872],[-103.2723,15.3885],[-103.2718,15.3899],[-103.2713,15.3913],[-103.2709,15.3927],[-103.2706,15.3941],[-103.2703,15.3956],[-103.2701,15.3971],[-103.27,15.3985],[-103.27,15.4],[-103.27,15.4015],[-103.2701,15.4029],[-103.2703,15.4044],[-103.2706,15.4059],[-103.2709,15.4073],[-103.2713,15.4087],[-103.2718,15.4101],[-103.2723,15.4115],[-103.2729,15.4128],[-103.2735,15.4141],[-103.2743,15.4154],[-103.2751,15.4167],[-103.2759,15.4179],[-103.2768,15.419],[-103.2778,15.4201],[-103.2788,15.4212],[-103.2799,15.4222],[-103.281,15.4232],[-103.2821,15.4241],[-103.2833,15.4249],[-103.2846,15.4257],[-103.2859,15.4265],[-103.2872,15.4271],[-103.2885,15.4277],[-103.2899,15.4282],[-103.2913,15.4287],[-103.2927,15.4291],[-103.2941,15.4294],[-103.2956,15.4297],[-103.2971,15.4299],[-103.2985,15.43],[-103.3,15.43],[-103.3015,15.43],[-103.3029,15.4299],[-103.3044,15.4297],[-103.3059,15.4294],[-103.3073,15.4291],[-103.3087,15.4287],[-103.3101,15.4282],[-103.3115,15.4277],[-103.3128,15.4271],[-103.3141,15.4265],[-103.3154,15.4257],[-103.3167,15.4249],[-103.3179,15.4241],[-103.319,15.4232],[-103.3201,15.4222],[-103.3212,15.4212],[-103.3222,15.4201],[-103.3232,15.419],[-103.3241,15.4179],[-103.3249,15.4167],[-103.3257,15.4154],[-103.3265,15.4141],[-103.3271,15.4128],[-103.3277,15.4115],[-103.3282,15.4101],[-103.3287,15.4087],[-103.3291,15.4073],[-103.3294,15.4059],[-103.3297,15.4044],[-103.3299,15.4029],[-103.33,15.4015],[-103.33,15.4],[-103.33,15.3985],[-103.3299,15.3971],[-103.3297,15.3956],[-103.3294,15.3941],[-103.3291,15.3927],[-103.3287,15.3913],[-103.3282,15.3899],[-103.3277,15.3885],[-103.3271,15.3872],[-103.3265,15.3859],[-103.3257,15.3846],[-103.3249,15.3833],[-103.3241,15.3821],[-103.3232,15.381],[-103.3222,15.3799],[-103.3212,15.3788],[-103.3201,15.3778],[-103.319,15.3768],[-103.3179,15.3759],[-103.3167,15.3751],[-103.3154,15.3743],[-103.3141,15.3735],[-103.3128,15.3729],[-103.3115,15.3723],[-103.3101,15.3718],[-103.3087,15.3713],[-103.3073,15.3709],[-103.3059,15.3706],[-103.3044,15.3703],[-103.3029,15.3701],[-103.3015,15.37],[-103.3,15.37]]]},"properties":{"storm_name":"SIMON-26","fuente":"GDACS","alertlevel":"Red","url":"https://www.gdacs.org/report.aspx?eventid=1001335&episodeid=11&eventtype=TC","paises":"Mexico","layer":"storm_track","kind":"wind_radii_forecast","wind_kt":34}},{"type":"Feature","geometry":{"type":"Polygon","coordinates":[[[-103.9,15.67],[-103.8985,15.67],[-103.8971,15.6701],[-103.8956,15.6703],[-103.8941,15.6706],[-103.8927,15.6709],[-103.8913,15.6713],[-103.8899,15.6718],[-103.8885,15.6723],[-103.8872,15.6729],[-103.8859,15.6735],[-103.8846,15.6743],[-103.8833,15.6751],[-103.8821,15.6759],[-103.881,15.6768],[-103.8799,15.6778],[-103.8788,15.6788],[-103.8778,15.6799],[-103.8768,15.681],[-103.8759,15.6821],[-103.8751,15.6833],[-103.8743,15.6846],[-103.8735,15.6859],[-103.8729,15.6872],[-103.8723,15.6885],[-103.8718,15.6899],[-103.8713,15.6913],[-103.8709,15.6927],[-103.8706,15.6941],[-103.8703,15.6956],[-103.8701,15.6971],[-103.87,15.6985],[-103.87,15.7],[-103.87,15.7015],[-103.8701,15.7029],[-103.8703,15.7044],[-103.8706,15.7059],[-103.8709,15.7073],[-103.8713,15.7087],[-103.8718,15.7101],[-103.8723,15.7115],[-103.8729,15.7128],[-103.8735,15.7141],[-103.8743,15.7154],[-103.8751,15.7167],[-103.8759,15.7179],[-103.8768,15.719],[-103.8778,15.7201],[-103.8788,15.7212],[-103.8799,15.7222],[-103.881,15.7232],[-103.8821,15.7241],[-103.8833,15.7249],[-103.8846,15.7257],[-103.8859,15.7265],[-103.8872,15.7271],[-103.8885,15.7277],[-103.8899,15.7282],[-103.8913,15.7287],[-103.8927,15.7291],[-103.8941,15.7294],[-103.8956,15.7297],[-103.8971,15.7299],[-103.8985,15.73],[-103.9,15.73],[-103.9015,15.73],[-103.9029,15.7299],[-103.9044,15.7297],[-103.9059,15.7294],[-103.9073,15.7291],[-103.9087,15.7287],[-103.9101,15.7282],[-103.9115,15.7277],[-103.9128,15.7271],[-103.9141,15.7265],[-103.9154,15.7257],[-103.9167,15.7249],[-103.9179,15.7241],[-103.919,15.7232],[-103.9201,15.7222],[-103.9212,15.7212],[-103.9222,15.7201],[-103.9232,15.719],[-103.9241,15.7179],[-103.9249,15.7167],[-103.9257,15.7154],[-103.9265,15.7141],[-103.9271,15.7128],[-103.9277,15.7115],[-103.9282,15.7101],[-103.9287,15.7087],[-103.9291,15.7073],[-103.9294,15.7059],[-103.9297,15.7044],[-103.9299,15.7029],[-103.93,15.7015],[-103.93,15.7],[-103.93,15.6985],[-103.9299,15.6971],[-103.9297,15.6956],[-103.9294,15.6941],[-103.9291,15.6927],[-103.9287,15.6913],[-103.9282,15.6899],[-103.9277,15.6885],[-103.9271,15.6872],[-103.9265,15.6859],[-103.9257,15.6846],[-103.9249,15.6833],[-103.9241,15.6821],[-103.9232,15.681],[-103.9222,15.6799],[-103.9212,15.6788],[-103.9201,15.6778],[-103.919,15.6768],[-103.9179,15.6759],[-103.9167,15.6751],[-103.9154,15.6743],[-103.9141,15.6735],[-103.9128,15.6729],[-103.9115,15.6723],[-103.9101,15.6718],[-103.9087,15.6713],[-103.9073,15.6709],[-103.9059,15.6706],[-103.9044,15.6703],[-103.9029,15.6701],[-103.9015,15.67],[-103.9,15.67]]]},"properties":{"storm_name":"SIMON-26","fuente":"GDACS","alertlevel":"Red","url":"https://www.gdacs.org/report.aspx?eventid=1001335&episodeid=11&eventtype=TC","paises":"Mexico","layer":"storm_track","kind":"wind_radii_forecast","wind_kt":34}},{"type":"Feature","geometry":{"type":"Polygon","coordinates":[[[-104.6,15.57],[-104.5985,15.57],[-104.5971,15.5701],[-104.5956,15.5703],[-104.5941,15.5706],[-104.5927,15.5709],[-104.5913,15.5713],[-104.5899,15.5718],[-104.5885,15.5723],[-104.5872,15.5729],[-104.5859,15.5735],[-104.5846,15.5743],[-104.5833,15.5751],[-104.5821,15.5759],[-104.581,15.5768],[-104.5799,15.5778],[-104.5788,15.5788],[-104.5778,15.5799],[-104.5768,15.581],[-104.5759,15.5821],[-104.5751,15.5833],[-104.5743,15.5846],[-104.5735,15.5859],[-104.5729,15.5872],[-104.5723,15.5885],[-104.5718,15.5899],[-104.5713,15.5913],[-104.5709,15.5927],[-104.5706,15.5941],[-104.5703,15.5956],[-104.5701,15.5971],[-104.57,15.5985],[-104.57,15.6],[-104.57,15.6015],[-104.5701,15.6029],[-104.5703,15.6044],[-104.5706,15.6059],[-104.5709,15.6073],[-104.5713,15.6087],[-104.5718,15.6101],[-104.5723,15.6115],[-104.5729,15.6128],[-104.5735,15.6141],[-104.5743,15.6154],[-104.5751,15.6167],[-104.5759,15.6179],[-104.5768,15.619],[-104.5778,15.6201],[-104.5788,15.6212],[-104.5799,15.6222],[-104.581,15.6232],[-104.5821,15.6241],[-104.5833,15.6249],[-104.5846,15.6257],[-104.5859,15.6265],[-104.5872,15.6271],[-104.5885,15.6277],[-104.5899,15.6282],[-104.5913,15.6287],[-104.5927,15.6291],[-104.5941,15.6294],[-104.5956,15.6297],[-104.5971,15.6299],[-104.5985,15.63],[-104.6,15.63],[-104.6015,15.63],[-104.6029,15.6299],[-104.6044,15.6297],[-104.6059,15.6294],[-104.6073,15.6291],[-104.6087,15.6287],[-104.6101,15.6282],[-104.6115,15.6277],[-104.6128,15.6271],[-104.6141,15.6265],[-104.6154,15.6257],[-104.6167,15.6249],[-104.6179,15.6241],[-104.619,15.6232],[-104.6201,15.6222],[-104.6212,15.6212],[-104.6222,15.6201],[-104.6232,15.619],[-104.6241,15.6179],[-104.6249,15.6167],[-104.6257,15.6154],[-104.6265,15.6141],[-104.6271,15.6128],[-104.6277,15.6115],[-104.6282,15.6101],[-104.6287,15.6087],[-104.6291,15.6073],[-104.6294,15.6059],[-104.6297,15.6044],[-104.6299,15.6029],[-104.63,15.6015],[-104.63,15.6],[-104.63,15.5985],[-104.6299,15.5971],[-104.6297,15.5956],[-104.6294,15.5941],[-104.6291,15.5927],[-104.6287,15.5913],[-104.6282,15.5899],[-104.6277,15.5885],[-104.6271,15.5872],[-104.6265,15.5859],[-104.6257,15.5846],[-104.6249,15.5833],[-104.6241,15.5821],[-104.6232,15.581],[-104.6222,15.5799],[-104.6212,15.5788],[-104.6201,15.5778],[-104.619,15.5768],[-104.6179,15.5759],[-104.6167,15.5751],[-104.6154,15.5743],[-104.6141,15.5735],[-104.6128,15.5729],[-104.6115,15.5723],[-104.6101,15.5718],[-104.6087,15.5713],[-104.6073,15.5709],[-104.6059,15.5706],[-104.6044,15.5703],[-104.6029,15.5701],[-104.6015,15.57],[-104.6,15.57]]]},"properties":{"storm_name":"SIMON-26","fuente":"GDACS","alertlevel":"Red","url":"https://www.gdacs.org/report.aspx?eventid=1001335&episodeid=11&eventtype=TC","paises":"Mexico","layer":"storm_track","kind":"wind_radii_forecast","wind_kt":34}},{"type":"Feature","geometry":{"type":"Polygon","coordinates":[[[-104.5,15.77],[-104.4985,15.77],[-104.4971,15.7701],[-104.4956,15.7703],[-104.4941,15.7706],[-104.4927,15.7709],[-104.4913,15.7713],[-104.4899,15.7718],[-104.4885,15.7723],[-104.4872,15.7729],[-104.4859,15.7735],[-104.4846,15.7743],[-104.4833,15.7751],[-104.4821,15.7759],[-104.481,15.7768],[-104.4799,15.7778],[-104.4788,15.7788],[-104.4778,15.7799],[-104.4768,15.781],[-104.4759,15.7821],[-104.4751,15.7833],[-104.4743,15.7846],[-104.4735,15.7859],[-104.4729,15.7872],[-104.4723,15.7885],[-104.4718,15.7899],[-104.4713,15.7913],[-104.4709,15.7927],[-104.4706,15.7941],[-104.4703,15.7956],[-104.4701,15.7971],[-104.47,15.7985],[-104.47,15.8],[-104.47,15.8015],[-104.4701,15.8029],[-104.4703,15.8044],[-104.4706,15.8059],[-104.4709,15.8073],[-104.4713,15.8087],[-104.4718,15.8101],[-104.4723,15.8115],[-104.4729,15.8128],[-104.4735,15.8141],[-104.4743,15.8154],[-104.4751,15.8167],[-104.4759,15.8179],[-104.4768,15.819],[-104.4778,15.8201],[-104.4788,15.8212],[-104.4799,15.8222],[-104.481,15.8232],[-104.4821,15.8241],[-104.4833,15.8249],[-104.4846,15.8257],[-104.4859,15.8265],[-104.4872,15.8271],[-104.4885,15.8277],[-104.4899,15.8282],[-104.4913,15.8287],[-104.4927,15.8291],[-104.4941,15.8294],[-104.4956,15.8297],[-104.4971,15.8299],[-104.4985,15.83],[-104.5,15.83],[-104.5015,15.83],[-104.5029,15.8299],[-104.5044,15.8297],[-104.5059,15.8294],[-104.5073,15.8291],[-104.5087,15.8287],[-104.5101,15.8282],[-104.5115,15.8277],[-104.5128,15.8271],[-104.5141,15.8265],[-104.5154,15.8257],[-104.5167,15.8249],[-104.5179,15.8241],[-104.519,15.8232],[-104.5201,15.8222],[-104.5212,15.8212],[-104.5222,15.8201],[-104.5232,15.819],[-104.5241,15.8179],[-104.5249,15.8167],[-104.5257,15.8154],[-104.5265,15.8141],[-104.5271,15.8128],[-104.5277,15.8115],[-104.5282,15.8101],[-104.5287,15.8087],[-104.5291,15.8073],[-104.5294,15.8059],[-104.5297,15.8044],[-104.5299,15.8029],[-104.53,15.8015],[-104.53,15.8],[-104.53,15.7985],[-104.5299,15.7971],[-104.5297,15.7956],[-104.5294,15.7941],[-104.5291,15.7927],[-104.5287,15.7913],[-104.5282,15.7899],[-104.5277,15.7885],[-104.5271,15.7872],[-104.5265,15.7859],[-104.5257,15.7846],[-104.5249,15.7833],[-104.5241,15.7821],[-104.5232,15.781],[-104.5222,15.7799],[-104.5212,15.7788],[-104.5201,15.7778],[-104.519,15.7768],[-104.5179,15.7759],[-104.5167,15.7751],[-104.5154,15.7743],[-104.5141,15.7735],[-104.5128,15.7729],[-104.5115,15.7723],[-104.5101,15.7718],[-104.5087,15.7713],[-104.5073,15.7709],[-104.5059,15.7706],[-104.5044,15.7703],[-104.5029,15.7701],[-104.5015,15.77],[-104.5,15.77]]]},"properties":{"storm_name":"SIMON-26","fuente":"GDACS","alertlevel":"Red","url":"https://www.gdacs.org/report.aspx?eventid=1001335&episodeid=11&eventtype=TC","paises":"Mexico","layer":"storm_track","kind":"wind_radii_forecast","wind_kt":34}},{"type":"Feature","geometry":{"type":"Polygon","coordinates":[[[-104.7,15.97],[-104.6985,15.97],[-104.6971,15.9701],[-104.6956,15.9703],[-104.6941,15.9706],[-104.6927,15.9709],[-104.6913,15.9713],[-104.6899,15.9718],[-104.6885,15.9723],[-104.6872,15.9729],[-104.6859,15.9735],[-104.6846,15.9743],[-104.6833,15.9751],[-104.6821,15.9759],[-104.681,15.9768],[-104.6799,15.9778],[-104.6788,15.9788],[-104.6778,15.9799],[-104.6768,15.981],[-104.6759,15.9821],[-104.6751,15.9833],[-104.6743,15.9846],[-104.6735,15.9859],[-104.6729,15.9872],[-104.6723,15.9885],[-104.6718,15.9899],[-104.6713,15.9913],[-104.6709,15.9927],[-104.6706,15.9941],[-104.6703,15.9956],[-104.6701,15.9971],[-104.67,15.9985],[-104.67,16.0],[-104.67,16.0015],[-104.6701,16.0029],[-104.6703,16.0044],[-104.6706,16.0059],[-104.6709,16.0073],[-104.6713,16.0087],[-104.6718,16.0101],[-104.6723,16.0115],[-104.6729,16.0128],[-104.6735,16.0141],[-104.6743,16.0154],[-104.6751,16.0167],[-104.6759,16.0179],[-104.6768,16.019],[-104.6778,16.0201],[-104.6788,16.0212],[-104.6799,16.0222],[-104.681,16.0232],[-104.6821,16.0241],[-104.6833,16.0249],[-104.6846,16.0257],[-104.6859,16.0265],[-104.6872,16.0271],[-104.6885,16.0277],[-104.6899,16.0282],[-104.6913,16.0287],[-104.6927,16.0291],[-104.6941,16.0294],[-104.6956,16.0297],[-104.6971,16.0299],[-104.6985,16.03],[-104.7,16.03],[-104.7015,16.03],[-104.7029,16.0299],[-104.7044,16.0297],[-104.7059,16.0294],[-104.7073,16.0291],[-104.7087,16.0287],[-104.7101,16.0282],[-104.7115,16.0277],[-104.7128,16.0271],[-104.7141,16.0265],[-104.7154,16.0257],[-104.7167,16.0249],[-104.7179,16.0241],[-104.719,16.0232],[-104.7201,16.0222],[-104.7212,16.0212],[-104.7222,16.0201],[-104.7232,16.019],[-104.7241,16.0179],[-104.7249,16.0167],[-104.7257,16.0154],[-104.7265,16.0141],[-104.7271,16.0128],[-104.7277,16.0115],[-104.7282,16.0101],[-104.7287,16.0087],[-104.7291,16.0073],[-104.7294,16.0059],[-104.7297,16.0044],[-104.7299,16.0029],[-104.73,16.0015],[-104.73,16.0],[-104.73,15.9985],[-104.7299,15.9971],[-104.7297,15.9956],[-104.7294,15.9941],[-104.7291,15.9927],[-104.7287,15.9913],[-104.7282,15.9899],[-104.7277,15.9885],[-104.7271,15.9872],[-104.7265,15.9859],[-104.7257,15.9846],[-104.7249,15.9833],[-104.7241,15.9821],[-104.7232,15.981],[-104.7222,15.9799],[-104.7212,15.9788],[-104.7201,15.9778],[-104.719,15.9768],[-104.7179,15.9759],[-104.7167,15.9751],[-104.7154,15.9743],[-104.7141,15.9735],[-104.7128,15.9729],[-104.7115,15.9723],[-104.7101,15.9718],[-104.7087,15.9713],[-104.7073,15.9709],[-104.7059,15.9706],[-104.7044,15.9703],[-104.7029,15.9701],[-104.7015,15.97],[-104.7,15.97]]]},"properties":{"storm_name":"SIMON-26","fuente":"GDACS","alertlevel":"Red","url":"https://www.gdacs.org/report.aspx?eventid=1001335&episodeid=11&eventtype=TC","paises":"Mexico","layer":"storm_track","kind":"wind_radii_forecast","wind_kt":34}},{"type":"Feature","geometry":{"type":"Polygon","coordinates":[[[-104.7,16.17],[-104.6985,16.17],[-104.6971,16.1701],[-104.6956,16.1703],[-104.6941,16.1706],[-104.6927,16.1709],[-104.6913,16.1713],[-104.6899,16.1718],[-104.6885,16.1723],[-104.6872,16.1729],[-104.6859,16.1735],[-104.6846,16.1743],[-104.6833,16.1751],[-104.6821,16.1759],[-104.681,16.1768],[-104.6799,16.1778],[-104.6788,16.1788],[-104.6778,16.1799],[-104.6768,16.181],[-104.6759,16.1821],[-104.6751,16.1833],[-104.6743,16.1846],[-104.6735,16.1859],[-104.6729,16.1872],[-104.6723,16.1885],[-104.6718,16.1899],[-104.6713,16.1913],[-104.6709,16.1927],[-104.6706,16.1941],[-104.6703,16.1956],[-104.6701,16.1971],[-104.67,16.1985],[-104.67,16.2],[-104.67,16.2015],[-104.6701,16.2029],[-104.6703,16.2044],[-104.6706,16.2059],[-104.6709,16.2073],[-104.6713,16.2087],[-104.6718,16.2101],[-104.6723,16.2115],[-104.6729,16.2128],[-104.6735,16.2141],[-104.6743,16.2154],[-104.6751,16.2167],[-104.6759,16.2179],[-104.6768,16.219],[-104.6778,16.2201],[-104.6788,16.2212],[-104.6799,16.2222],[-104.681,16.2232],[-104.6821,16.2241],[-104.6833,16.2249],[-104.6846,16.2257],[-104.6859,16.2265],[-104.6872,16.2271],[-104.6885,16.2277],[-104.6899,16.2282],[-104.6913,16.2287],[-104.6927,16.2291],[-104.6941,16.2294],[-104.6956,16.2297],[-104.6971,16.2299],[-104.6985,16.23],[-104.7,16.23],[-104.7015,16.23],[-104.7029,16.2299],[-104.7044,16.2297],[-104.7059,16.2294],[-104.7073,16.2291],[-104.7087,16.2287],[-104.7101,16.2282],[-104.7115,16.2277],[-104.7128,16.2271],[-104.7141,16.2265],[-104.7154,16.2257],[-104.7167,16.2249],[-104.7179,16.2241],[-104.719,16.2232],[-104.7201,16.2222],[-104.7212,16.2212],[-104.7222,16.2201],[-104.7232,16.219],[-104.7241,16.2179],[-104.7249,16.2167],[-104.7257,16.2154],[-104.7265,16.2141],[-104.7271,16.2128],[-104.7277,16.2115],[-104.7282,16.2101],[-104.7287,16.2087],[-104.7291,16.2073],[-104.7294,16.2059],[-104.7297,16.2044],[-104.7299,16.2029],[-104.73,16.2015],[-104.73,16.2],[-104.73,16.1985],[-104.7299,16.1971],[-104.7297,16.1956],[-104.7294,16.1941],[-104.7291,16.1927],[-104.7287,16.1913],[-104.7282,16.1899],[-104.7277,16.1885],[-104.7271,16.1872],[-104.7265,16.1859],[-104.7257,16.1846],[-104.7249,16.1833],[-104.7241,16.1821],[-104.7232,16.181],[-104.7222,16.1799],[-104.7212,16.1788],[-104.7201,16.1778],[-104.719,16.1768],[-104.7179,16.1759],[-104.7167,16.1751],[-104.7154,16.1743],[-104.7141,16.1735],[-104.7128,16.1729],[-104.7115,16.1723],[-104.7101,16.1718],[-104.7087,16.1713],[-104.7073,16.1709],[-104.7059,16.1706],[-104.7044,16.1703],[-104.7029,16.1701],[-104.7015,16.17],[-104.7,16.17]]]},"properties":{"storm_name":"SIMON-26","fuente":"GDACS","alertlevel":"Red","url":"https://www.gdacs.org/report.aspx?eventid=1001335&episodeid=11&eventtype=TC","paises":"Mexico","layer":"storm_track","kind":"wind_radii_forecast","wind_kt":34}},{"type":"Feature","geometry":{"type":"Polygon","coordinates":[[[-104.6,16.77],[-104.5985,16.77],[-104.5971,16.7701],[-104.5956,16.7703],[-104.5941,16.7706],[-104.5927,16.7709],[-104.5913,16.7713],[-104.5899,16.7718],[-104.5885,16.7723],[-104.5872,16.7729],[-104.5859,16.7735],[-104.5846,16.7743],[-104.5833,16.7751],[-104.5821,16.7759],[-104.581,16.7768],[-104.5799,16.7778],[-104.5788,16.7788],[-104.5778,16.7799],[-104.5768,16.781],[-104.5759,16.7821],[-104.5751,16.7833],[-104.5743,16.7846],[-104.5735,16.7859],[-104.5729,16.7872],[-104.5723,16.7885],[-104.5718,16.7899],[-104.5713,16.7913],[-104.5709,16.7927],[-104.5706,16.7941],[-104.5703,16.7956],[-104.5701,16.7971],[-104.57,16.7985],[-104.57,16.8],[-104.57,16.8015],[-104.5701,16.8029],[-104.5703,16.8044],[-104.5706,16.8059],[-104.5709,16.8073],[-104.5713,16.8087],[-104.5718,16.8101],[-104.5723,16.8115],[-104.5729,16.8128],[-104.5735,16.8141],[-104.5743,16.8154],[-104.5751,16.8167],[-104.5759,16.8179],[-104.5768,16.819],[-104.5778,16.8201],[-104.5788,16.8212],[-104.5799,16.8222],[-104.581,16.8232],[-104.5821,16.8241],[-104.5833,16.8249],[-104.5846,16.8257],[-104.5859,16.8265],[-104.5872,16.8271],[-104.5885,16.8277],[-104.5899,16.8282],[-104.5913,16.8287],[-104.5927,16.8291],[-104.5941,16.8294],[-104.5956,16.8297],[-104.5971,16.8299],[-104.5985,16.83],[-104.6,16.83],[-104.6015,16.83],[-104.6029,16.8299],[-104.6044,16.8297],[-104.6059,16.8294],[-104.6073,16.8291],[-104.6087,16.8287],[-104.6101,16.8282],[-104.6115,16.8277],[-104.6128,16.8271],[-104.6141,16.8265],[-104.6154,16.8257],[-104.6167,16.8249],[-104.6179,16.8241],[-104.619,16.8232],[-104.6201,16.8222],[-104.6212,16.8212],[-104.6222,16.8201],[-104.6232,16.819],[-104.6241,16.8179],[-104.6249,16.8167],[-104.6257,16.8154],[-104.6265,16.8141],[-104.6271,16.8128],[-104.6277,16.8115],[-104.6282,16.8101],[-104.6287,16.8087],[-104.6291,16.8073],[-104.6294,16.8059],[-104.6297,16.8044],[-104.6299,16.8029],[-104.63,16.8015],[-104.63,16.8],[-104.63,16.7985],[-104.6299,16.7971],[-104.6297,16.7956],[-104.6294,16.7941],[-104.6291,16.7927],[-104.6287,16.7913],[-104.6282,16.7899],[-104.6277,16.7885],[-104.6271,16.7872],[-104.6265,16.7859],[-104.6257,16.7846],[-104.6249,16.7833],[-104.6241,16.7821],[-104.6232,16.781],[-104.6222,16.7799],[-104.6212,16.7788],[-104.6201,16.7778],[-104.619,16.7768],[-104.6179,16.7759],[-104.6167,16.7751],[-104.6154,16.7743],[-104.6141,16.7735],[-104.6128,16.7729],[-104.6115,16.7723],[-104.6101,16.7718],[-104.6087,16.7713],[-104.6073,16.7709],[-104.6059,16.7706],[-104.6044,16.7703],[-104.6029,16.7701],[-104.6015,16.77],[-104.6,16.77]]]},"properties":{"storm_name":"SIMON-26","fuente":"GDACS","alertlevel":"Red","url":"https://www.gdacs.org/report.aspx?eventid=1001335&episodeid=11&eventtype=TC","paises":"Mexico","layer":"storm_track","kind":"wind_radii_forecast","wind_kt":34}},{"type":"Feature","geometry":{"type":"Polygon","coordinates":[[[-104.7,17.37],[-104.6985,17.37],[-104.6971,17.3701],[-104.6956,17.3703],[-104.6941,17.3706],[-104.6927,17.3709],[-104.6913,17.3713],[-104.6899,17.3718],[-104.6885,17.3723],[-104.6872,17.3729],[-104.6859,17.3735],[-104.6846,17.3743],[-104.6833,17.3751],[-104.6821,17.3759],[-104.681,17.3768],[-104.6799,17.3778],[-104.6788,17.3788],[-104.6778,17.3799],[-104.6768,17.381],[-104.6759,17.3821],[-104.6751,17.3833],[-104.6743,17.3846],[-104.6735,17.3859],[-104.6729,17.3872],[-104.6723,17.3885],[-104.6718,17.3899],[-104.6713,17.3913],[-104.6709,17.3927],[-104.6706,17.3941],[-104.6703,17.3956],[-104.6701,17.3971],[-104.67,17.3985],[-104.67,17.4],[-104.67,17.4015],[-104.6701,17.4029],[-104.6703,17.4044],[-104.6706,17.4059],[-104.6709,17.4073],[-104.6713,17.4087],[-104.6718,17.4101],[-104.6723,17.4115],[-104.6729,17.4128],[-104.6735,17.4141],[-104.6743,17.4154],[-104.6751,17.4167],[-104.6759,17.4179],[-104.6768,17.419],[-104.6778,17.4201],[-104.6788,17.4212],[-104.6799,17.4222],[-104.681,17.4232],[-104.6821,17.4241],[-104.6833,17.4249],[-104.6846,17.4257],[-104.6859,17.4265],[-104.6872,17.4271],[-104.6885,17.4277],[-104.6899,17.4282],[-104.6913,17.4287],[-104.6927,17.4291],[-104.6941,17.4294],[-104.6956,17.4297],[-104.6971,17.4299],[-104.6985,17.43],[-104.7,17.43],[-104.7015,17.43],[-104.7029,17.4299],[-104.7044,17.4297],[-104.7059,17.4294],[-104.7073,17.4291],[-104.7087,17.4287],[-104.7101,17.4282],[-104.7115,17.4277],[-104.7128,17.4271],[-104.7141,17.4265],[-104.7154,17.4257],[-104.7167,17.4249],[-104.7179,17.4241],[-104.719,17.4232],[-104.7201,17.4222],[-104.7212,17.4212],[-104.7222,17.4201],[-104.7232,17.419],[-104.7241,17.4179],[-104.7249,17.4167],[-104.7257,17.4154],[-104.7265,17.4141],[-104.7271,17.4128],[-104.7277,17.4115],[-104.7282,17.4101],[-104.7287,17.4087],[-104.7291,17.4073],[-104.7294,17.4059],[-104.7297,17.4044],[-104.7299,17.4029],[-104.73,17.4015],[-104.73,17.4],[-104.73,17.3985],[-104.7299,17.3971],[-104.7297,17.3956],[-104.7294,17.3941],[-104.7291,17.3927],[-104.7287,17.3913],[-104.7282,17.3899],[-104.7277,17.3885],[-104.7271,17.3872],[-104.7265,17.3859],[-104.7257,17.3846],[-104.7249,17.3833],[-104.7241,17.3821],[-104.7232,17.381],[-104.7222,17.3799],[-104.7212,17.3788],[-104.7201,17.3778],[-104.719,17.3768],[-104.7179,17.3759],[-104.7167,17.3751],[-104.7154,17.3743],[-104.7141,17.3735],[-104.7128,17.3729],[-104.7115,17.3723],[-104.7101,17.3718],[-104.7087,17.3713],[-104.7073,17.3709],[-104.7059,17.3706],[-104.7044,17.3703],[-104.7029,17.3701],[-104.7015,17.37],[-104.7,17.37]]]},"properties":{"storm_name":"SIMON-26","fuente":"GDACS","alertlevel":"Red","url":"https://www.gdacs.org/report.aspx?eventid=1001335&episodeid=11&eventtype=TC","paises":"Mexico","layer":"storm_track","kind":"wind_radii_forecast","wind_kt":34}},{"type":"Feature","geometry":{"type":"Polygon","coordinates":[[[-104.9,18.17],[-104.8985,18.17],[-104.8971,18.1701],[-104.8956,18.1703],[-104.8941,18.1706],[-104.8927,18.1709],[-104.8913,18.1713],[-104.8899,18.1718],[-104.8885,18.1723],[-104.8872,18.1729],[-104.8859,18.1735],[-104.8846,18.1743],[-104.8833,18.1751],[-104.8821,18.1759],[-104.881,18.1768],[-104.8799,18.1778],[-104.8788,18.1788],[-104.8778,18.1799],[-104.8768,18.181],[-104.8759,18.1821],[-104.8751,18.1833],[-104.8743,18.1846],[-104.8735,18.1859],[-104.8729,18.1872],[-104.8723,18.1885],[-104.8718,18.1899],[-104.8713,18.1913],[-104.8709,18.1927],[-104.8706,18.1941],[-104.8703,18.1956],[-104.8701,18.1971],[-104.87,18.1985],[-104.87,18.2],[-104.87,18.2015],[-104.8701,18.2029],[-104.8703,18.2044],[-104.8706,18.2059],[-104.8709,18.2073],[-104.8713,18.2087],[-104.8718,18.2101],[-104.8723,18.2115],[-104.8729,18.2128],[-104.8735,18.2141],[-104.8743,18.2154],[-104.8751,18.2167],[-104.8759,18.2179],[-104.8768,18.219],[-104.8778,18.2201],[-104.8788,18.2212],[-104.8799,18.2222],[-104.881,18.2232],[-104.8821,18.2241],[-104.8833,18.2249],[-104.8846,18.2257],[-104.8859,18.2265],[-104.8872,18.2271],[-104.8885,18.2277],[-104.8899,18.2282],[-104.8913,18.2287],[-104.8927,18.2291],[-104.8941,18.2294],[-104.8956,18.2297],[-104.8971,18.2299],[-104.8985,18.23],[-104.9,18.23],[-104.9015,18.23],[-104.9029,18.2299],[-104.9044,18.2297],[-104.9059,18.2294],[-104.9073,18.2291],[-104.9087,18.2287],[-104.9101,18.2282],[-104.9115,18.2277],[-104.9128,18.2271],[-104.9141,18.2265],[-104.9154,18.2257],[-104.9167,18.2249],[-104.9179,18.2241],[-104.919,18.2232],[-104.9201,18.2222],[-104.9212,18.2212],[-104.9222,18.2201],[-104.9232,18.219],[-104.9241,18.2179],[-104.9249,18.2167],[-104.9257,18.2154],[-104.9265,18.2141],[-104.9271,18.2128],[-104.9277,18.2115],[-104.9282,18.2101],[-104.9287,18.2087],[-104.9291,18.2073],[-104.9294,18.2059],[-104.9297,18.2044],[-104.9299,18.2029],[-104.93,18.2015],[-104.93,18.2],[-104.93,18.1985],[-104.9299,18.1971],[-104.9297,18.1956],[-104.9294,18.1941],[-104.9291,18.1927],[-104.9287,18.1913],[-104.9282,18.1899],[-104.9277,18.1885],[-104.9271,18.1872],[-104.9265,18.1859],[-104.9257,18.1846],[-104.9249,18.1833],[-104.9241,18.1821],[-104.9232,18.181],[-104.9222,18.1799],[-104.9212,18.1788],[-104.9201,18.1778],[-104.919,18.1768],[-104.9179,18.1759],[-104.9167,18.1751],[-104.9154,18.1743],[-104.9141,18.1735],[-104.9128,18.1729],[-104.9115,18.1723],[-104.9101,18.1718],[-104.9087,18.1713],[-104.9073,18.1709],[-104.9059,18.1706],[-104.9044,18.1703],[-104.9029,18.1701],[-104.9015,18.17],[-104.9,18.17]]]},"properties":{"storm_name":"SIMON-26","fuente":"GDACS","alertlevel":"Red","url":"https://www.gdacs.org/report.aspx?eventid=1001335&episodeid=11&eventtype=TC","paises":"Mexico","layer":"storm_track","kind":"wind_radii_forecast","wind_kt":34}},{"type":"Feature","geometry":{"type":"Polygon","coordinates":[[[-105.0,19.57],[-104.9985,19.57],[-104.9971,19.5701],[-104.9956,19.5703],[-104.9941,19.5706],[-104.9927,19.5709],[-104.9913,19.5713],[-104.9899,19.5718],[-104.9885,19.5723],[-104.9872,19.5729],[-104.9859,19.5735],[-104.9846,19.5743],[-104.9833,19.5751],[-104.9821,19.5759],[-104.981,19.5768],[-104.9799,19.5778],[-104.9788,19.5788],[-104.9778,19.5799],[-104.9768,19.581],[-104.9759,19.5821],[-104.9751,19.5833],[-104.9743,19.5846],[-104.9735,19.5859],[-104.9729,19.5872],[-104.9723,19.5885],[-104.9718,19.5899],[-104.9713,19.5913],[-104.9709,19.5927],[-104.9706,19.5941],[-104.9703,19.5956],[-104.9701,19.5971],[-104.97,19.5985],[-104.97,19.6],[-104.97,19.6015],[-104.9701,19.6029],[-104.9703,19.6044],[-104.9706,19.6059],[-104.9709,19.6073],[-104.9713,19.6087],[-104.9718,19.6101],[-104.9723,19.6115],[-104.9729,19.6128],[-104.9735,19.6141],[-104.9743,19.6154],[-104.9751,19.6167],[-104.9759,19.6179],[-104.9768,19.619],[-104.9778,19.6201],[-104.9788,19.6212],[-104.9799,19.6222],[-104.981,19.6232],[-104.9821,19.6241],[-104.9833,19.6249],[-104.9846,19.6257],[-104.9859,19.6265],[-104.9872,19.6271],[-104.9885,19.6277],[-104.9899,19.6282],[-104.9913,19.6287],[-104.9927,19.6291],[-104.9941,19.6294],[-104.9956,19.6297],[-104.9971,19.6299],[-104.9985,19.63],[-105.0,19.63],[-105.0015,19.63],[-105.0029,19.6299],[-105.0044,19.6297],[-105.0059,19.6294],[-105.0073,19.6291],[-105.0087,19.6287],[-105.0101,19.6282],[-105.0115,19.6277],[-105.0128,19.6271],[-105.0141,19.6265],[-105.0154,19.6257],[-105.0167,19.6249],[-105.0179,19.6241],[-105.019,19.6232],[-105.0201,19.6222],[-105.0212,19.6212],[-105.0222,19.6201],[-105.0232,19.619],[-105.0241,19.6179],[-105.0249,19.6167],[-105.0257,19.6154],[-105.0265,19.6141],[-105.0271,19.6128],[-105.0277,19.6115],[-105.0282,19.6101],[-105.0287,19.6087],[-105.0291,19.6073],[-105.0294,19.6059],[-105.0297,19.6044],[-105.0299,19.6029],[-105.03,19.6015],[-105.03,19.6],[-105.03,19.5985],[-105.0299,19.5971],[-105.0297,19.5956],[-105.0294,19.5941],[-105.0291,19.5927],[-105.0287,19.5913],[-105.0282,19.5899],[-105.0277,19.5885],[-105.0271,19.5872],[-105.0265,19.5859],[-105.0257,19.5846],[-105.0249,19.5833],[-105.0241,19.5821],[-105.0232,19.581],[-105.0222,19.5799],[-105.0212,19.5788],[-105.0201,19.5778],[-105.019,19.5768],[-105.0179,19.5759],[-105.0167,19.5751],[-105.0154,19.5743],[-105.0141,19.5735],[-105.0128,19.5729],[-105.0115,19.5723],[-105.0101,19.5718],[-105.0087,19.5713],[-105.0073,19.5709],[-105.0059,19.5706],[-105.0044,19.5703],[-105.0029,19.5701],[-105.0015,19.57],[-105.0,19.57]]]},"properties":{"storm_name":"SIMON-26","fuente":"GDACS","alertlevel":"Red","url":"https://www.gdacs.org/report.aspx?eventid=1001335&episodeid=11&eventtype=TC","paises":"Mexico","layer":"storm_track","kind":"wind_radii_forecast","wind_kt":34}},{"type":"Feature","geometry":{"type":"Polygon","coordinates":[[[-105.1,20.97],[-105.0985,20.97],[-105.0971,20.9701],[-105.0956,20.9703],[-105.0941,20.9706],[-105.0927,20.9709],[-105.0913,20.9713],[-105.0899,20.9718],[-105.0885,20.9723],[-105.0872,20.9729],[-105.0859,20.9735],[-105.0846,20.9743],[-105.0833,20.9751],[-105.0821,20.9759],[-105.081,20.9768],[-105.0799,20.9778],[-105.0788,20.9788],[-105.0778,20.9799],[-105.0768,20.981],[-105.0759,20.9821],[-105.0751,20.9833],[-105.0743,20.9846],[-105.0735,20.9859],[-105.0729,20.9872],[-105.0723,20.9885],[-105.0718,20.9899],[-105.0713,20.9913],[-105.0709,20.9927],[-105.0706,20.9941],[-105.0703,20.9956],[-105.0701,20.9971],[-105.07,20.9985],[-105.07,21.0],[-105.07,21.0015],[-105.0701,21.0029],[-105.0703,21.0044],[-105.0706,21.0059],[-105.0709,21.0073],[-105.0713,21.0087],[-105.0718,21.0101],[-105.0723,21.0115],[-105.0729,21.0128],[-105.0735,21.0141],[-105.0743,21.0154],[-105.0751,21.0167],[-105.0759,21.0179],[-105.0768,21.019],[-105.0778,21.0201],[-105.0788,21.0212],[-105.0799,21.0222],[-105.081,21.0232],[-105.0821,21.0241],[-105.0833,21.0249],[-105.0846,21.0257],[-105.0859,21.0265],[-105.0872,21.0271],[-105.0885,21.0277],[-105.0899,21.0282],[-105.0913,21.0287],[-105.0927,21.0291],[-105.0941,21.0294],[-105.0956,21.0297],[-105.0971,21.0299],[-105.0985,21.03],[-105.1,21.03],[-105.1015,21.03],[-105.1029,21.0299],[-105.1044,21.0297],[-105.1059,21.0294],[-105.1073,21.0291],[-105.1087,21.0287],[-105.1101,21.0282],[-105.1115,21.0277],[-105.1128,21.0271],[-105.1141,21.0265],[-105.1154,21.0257],[-105.1167,21.0249],[-105.1179,21.0241],[-105.119,21.0232],[-105.1201,21.0222],[-105.1212,21.0212],[-105.1222,21.0201],[-105.1232,21.019],[-105.1241,21.0179],[-105.1249,21.0167],[-105.1257,21.0154],[-105.1265,21.0141],[-105.1271,21.0128],[-105.1277,21.0115],[-105.1282,21.0101],[-105.1287,21.0087],[-105.1291,21.0073],[-105.1294,21.0059],[-105.1297,21.0044],[-105.1299,21.0029],[-105.13,21.0015],[-105.13,21.0],[-105.13,20.9985],[-105.1299,20.9971],[-105.1297,20.9956],[-105.1294,20.9941],[-105.1291,20.9927],[-105.1287,20.9913],[-105.1282,20.9899],[-105.1277,20.9885],[-105.1271,20.9872],[-105.1265,20.9859],[-105.1257,20.9846],[-105.1249,20.9833],[-105.1241,20.9821],[-105.1232,20.981],[-105.1222,20.9799],[-105.1212,20.9788],[-105.1201,20.9778],[-105.119,20.9768],[-105.1179,20.9759],[-105.1167,20.9751],[-105.1154,20.9743],[-105.1141,20.9735],[-105.1128,20.9729],[-105.1115,20.9723],[-105.1101,20.9718],[-105.1087,20.9713],[-105.1073,20.9709],[-105.1059,20.9706],[-105.1044,20.9703],[-105.1029,20.9701],[-105.1015,20.97],[-105.1,20.97]]]},"properties":{"storm_name":"SIMON-26","fuente":"GDACS","alertlevel":"Red","url":"https://www.gdacs.org/report.aspx?eventid=1001335&episodeid=11&eventtype=TC","paises":"Mexico","layer":"storm_track","kind":"wind_radii_forecast","wind_kt":34}},{"type":"Feature","geometry":{"type":"Polygon","coordinates":[[[-105.4,22.37],[-105.3985,22.37],[-105.3971,22.3701],[-105.3956,22.3703],[-105.3941,22.3706],[-105.3927,22.3709],[-105.3913,22.3713],[-105.3899,22.3718],[-105.3885,22.3723],[-105.3872,22.3729],[-105.3859,22.3735],[-105.3846,22.3743],[-105.3833,22.3751],[-105.3821,22.3759],[-105.381,22.3768],[-105.3799,22.3778],[-105.3788,22.3788],[-105.3778,22.3799],[-105.3768,22.381],[-105.3759,22.3821],[-105.3751,22.3833],[-105.3743,22.3846],[-105.3735,22.3859],[-105.3729,22.3872],[-105.3723,22.3885],[-105.3718,22.3899],[-105.3713,22.3913],[-105.3709,22.3927],[-105.3706,22.3941],[-105.3703,22.3956],[-105.3701,22.3971],[-105.37,22.3985],[-105.37,22.4],[-105.37,22.4015],[-105.3701,22.4029],[-105.3703,22.4044],[-105.3706,22.4059],[-105.3709,22.4073],[-105.3713,22.4087],[-105.3718,22.4101],[-105.3723,22.4115],[-105.3729,22.4128],[-105.3735,22.4141],[-105.3743,22.4154],[-105.3751,22.4167],[-105.3759,22.4179],[-105.3768,22.419],[-105.3778,22.4201],[-105.3788,22.4212],[-105.3799,22.4222],[-105.381,22.4232],[-105.3821,22.4241],[-105.3833,22.4249],[-105.3846,22.4257],[-105.3859,22.4265],[-105.3872,22.4271],[-105.3885,22.4277],[-105.3899,22.4282],[-105.3913,22.4287],[-105.3927,22.4291],[-105.3941,22.4294],[-105.3956,22.4297],[-105.3971,22.4299],[-105.3985,22.43],[-105.4,22.43],[-105.4015,22.43],[-105.4029,22.4299],[-105.4044,22.4297],[-105.4059,22.4294],[-105.4073,22.4291],[-105.4087,22.4287],[-105.4101,22.4282],[-105.4115,22.4277],[-105.4128,22.4271],[-105.4141,22.4265],[-105.4154,22.4257],[-105.4167,22.4249],[-105.4179,22.4241],[-105.419,22.4232],[-105.4201,22.4222],[-105.4212,22.4212],[-105.4222,22.4201],[-105.4232,22.419],[-105.4241,22.4179],[-105.4249,22.4167],[-105.4257,22.4154],[-105.4265,22.4141],[-105.4271,22.4128],[-105.4277,22.4115],[-105.4282,22.4101],[-105.4287,22.4087],[-105.4291,22.4073],[-105.4294,22.4059],[-105.4297,22.4044],[-105.4299,22.4029],[-105.43,22.4015],[-105.43,22.4],[-105.43,22.3985],[-105.4299,22.3971],[-105.4297,22.3956],[-105.4294,22.3941],[-105.4291,22.3927],[-105.4287,22.3913],[-105.4282,22.3899],[-105.4277,22.3885],[-105.4271,22.3872],[-105.4265,22.3859],[-105.4257,22.3846],[-105.4249,22.3833],[-105.4241,22.3821],[-105.4232,22.381],[-105.4222,22.3799],[-105.4212,22.3788],[-105.4201,22.3778],[-105.419,22.3768],[-105.4179,22.3759],[-105.4167,22.3751],[-105.4154,22.3743],[-105.4141,22.3735],[-105.4128,22.3729],[-105.4115,22.3723],[-105.4101,22.3718],[-105.4087,22.3713],[-105.4073,22.3709],[-105.4059,22.3706],[-105.4044,22.3703],[-105.4029,22.3701],[-105.4015,22.37],[-105.4,22.37]]]},"properties":{"storm_name":"SIMON-26","fuente":"GDACS","alertlevel":"Red","url":"https://www.gdacs.org/report.aspx?eventid=1001335&episodeid=11&eventtype=TC","paises":"Mexico","layer":"storm_track","kind":"wind_radii_forecast","wind_kt":34}},{"type":"Feature","geometry":{"type":"Polygon","coordinates":[[[-104.6,16.55],[-104.5909,16.5502],[-104.5818,16.5506],[-104.5727,16.5514],[-104.5637,16.5524],[-104.5547,16.5538],[-104.5457,16.5555],[-104.5368,16.5574],[-104.528,16.5597],[-104.5193,16.5622],[-104.5107,16.5651],[-104.5022,16.5682],[-104.4938,16.5716],[-104.4855,16.5753],[-104.4774,16.5793],[-104.4694,16.5835],[-104.4616,16.588],[-104.454,16.5927],[-104.4465,16.5977],[-104.4392,16.603],[-104.4321,16.6085],[-104.4253,16.6142],[-104.4186,16.6202],[-104.4121,16.6263],[-104.4059,16.6327],[-104.4,16.6393],[-104.3942,16.6461],[-104.3887,16.6531],[-104.3835,16.6602],[-104.3785,16.6675],[-104.3738,16.675],[-104.3694,16.6826],[-104.3653,16.6904],[-104.3614,16.6983],[-104.3579,16.7063],[-104.3546,16.7145],[-104.3516,16.7227],[-104.349,16.7311],[-104.3466,16.7395],[-104.3446,16.748],[-104.3428,16.7566],[-104.3414,16.7652],[-104.3403,16.7739],[-104.3395,16.7826],[-104.339,16.7913],[-104.3073,17.3869],[-104.291,18.174],[-104.1967,19.5407],[-104.0603,20.898],[-104.0571,20.9319],[-104.0552,20.9659],[-104.0546,21.0],[-104.0552,21.0341],[-104.0571,21.0681],[-104.0603,21.102],[-104.0647,21.1358],[-104.2925,22.5439],[-104.2986,22.5796],[-104.3061,22.615],[-104.3148,22.6501],[-104.3249,22.685],[-104.3364,22.7195],[-104.3491,22.7536],[-104.363,22.7873],[-104.3783,22.8206],[-104.3948,22.8533],[-104.4125,22.8854],[-104.4314,22.917],[-104.4516,22.9479],[-104.4728,22.9782],[-104.4952,23.0078],[-104.5187,23.0366],[-104.5433,23.0646],[-104.5689,23.0919],[-104.5955,23.1183],[-104.6231,23.1438],[-104.6517,23.1684],[-104.6811,23.1921],[-104.7115,23.2148],[-104.7426,23.2365],[-104.7746,23.2572],[-104.8073,23.2769],[-104.8408,23.2955],[-104.8749,23.313],[-104.9097,23.3294],[-104.9451,23.3446],[-104.981,23.3587],[-105.0175,23.3716],[-105.0544,23.3834],[-105.0917,23.3939],[-105.1294,23.4033],[-105.1675,23.4114],[-105.2058,23.4183],[-105.2444,23.4239],[-105.2831,23.4283],[-105.322,23.4315],[-105.361,23.4334],[-105.4,23.434],[-105.439,23.4334],[-105.478,23.4315],[-105.5169,23.4283],[-105.5556,23.4239],[-105.5942,23.4183],[-105.6325,23.4114],[-105.6706,23.4033],[-105.7083,23.3939],[-105.7456,23.3834],[-105.7825,23.3716],[-105.819,23.3587],[-105.8549,23.3446],[-105.8903,23.3294],[-105.9251,23.313],[-105.9592,23.2955],[-105.9927,23.2769],[-106.0254,23.2572],[-106.0574,23.2365],[-106.0885,23.2148],[-106.1189,23.1921],[-106.1483,23.1684],[-106.1769,23.1438],[-106.2045,23.1183],[-106.2311,23.0919],[-106.2567,23.0646],[-106.2813,23.0366],[-106.3048,23.0078],[-106.3272,22.9782],[-106.3484,22.9479],[-106.3686,22.917],[-106.3875,22.8854],[-106.4052,22.8533],[-106.4217,22.8206],[-106.437,22.7873],[-106.4509,22.7536],[-106.4636,22.7195],[-106.4751,22.685],[-106.4852,22.6501],[-106.4939,22.615],[-106.5014,22.5796],[-106.5075,22.5439],[-106.5123,22.5081],[-106.5157,22.4721],[-106.5177,22.4361],[-106.5184,22.4],[-106.5177,22.3639],[-106.5157,22.3279],[-106.5123,22.2919],[-106.5075,22.2561],[-106.5014,22.2204],[-106.4939,22.185],[-106.4852,22.1499],[-106.1146,20.7646],[-105.7878,19.4408],[-105.4962,18.0796],[-105.4914,18.0599],[-105.4859,18.0404],[-105.4797,18.0211],[-105.4727,18.002],[-105.4651,17.9831],[-105.4568,17.9645],[-105.4478,17.9462],[-105.4381,17.9282],[-105.0582,17.2441],[-104.8421,16.7063],[-104.8386,16.6983],[-104.8347,16.6904],[-104.8306,16.6826],[-104.8262,16.675],[-104.8215,16.6675],[-104.8165,16.6602],[-104.8113,16.6531],[-104.8058,16.6461],[-104.8,16.6393],[-104.7941,16.6327],[-104.7879,16.6263],[-104.7814,16.6202],[-104.7747,16.6142],[-104.7679,16.6085],[-104.7608,16.603],[-104.7535,16.5977],[-104.746,16.5927],[-104.7384,16.588],[-104.7306,16.5835],[-104.7226,16.5793],[-104.7145,16.5753],[-104.7062,16.5716],[-104.6978,16.5682],[-104.6893,16.5651],[-104.6807,16.5622],[-104.672,16.5597],[-104.6632,16.5574],[-104.6543,16.5555],[-104.6453,16.5538],[-104.6363,16.5524],[-104.6273,16.5514],[-104.6182,16.5506],[-104.6091,16.5502],[-104.6,16.55]]]},"properties":{"storm_name":"SIMON-26","fuente":"GDACS","alertlevel":"Red","url":"https://www.gdacs.org/report.aspx?eventid=1001335&episodeid=11&eventtype=TC","paises":"Mexico","layer":"storm_track","kind":"wind_radii_forecast","wind_kt":34}},{"type":"Feature","geometry":{"type":"Point","coordinates":[-104.6,16.8]},"properties":{"storm_name":"SIMON-26","fuente":"GDACS","alertlevel":"Red","url":"https://www.gdacs.org/report.aspx?eventid=1001335&episodeid=11&eventtype=TC","paises":"Mexico","layer":"storm","name":"SIMON-26","intensity_kt":135,"class_label":"Categoría 4","last_update":"2026-10-10T03:00:00","basin":"Mexico"}},{"type":"Feature","geometry":{"type":"Point","coordinates":[-86.5,30.8]},"properties":{"storm_name":"ISAIAS-26","fuente":"GDACS","alertlevel":"Orange","url":"https://www.gdacs.org/report.aspx?eventid=1001334&episodeid=14&eventtype=TC","paises":"United States","layer":"storm_track","kind":"forecast_point"}},{"type":"Feature","geometry":{"type":"Polygon","coordinates":[[[-94.1,21.333],[-94.0749,21.3334],[-94.0498,21.3346],[-94.0248,21.3367],[-93.9999,21.3395],[-93.9751,21.3431],[-93.9504,21.3476],[-93.926,21.3528],[-93.9017,21.3588],[-93.8777,21.3656],[-93.854,21.3732],[-93.8305,21.3816],[-93.8074,21.3907],[-93.7846,21.4005],[-93.7623,21.4111],[-93.7403,21.4224],[-93.7188,21.4344],[-93.6977,21.447],[-93.6772,21.4604],[-93.6571,21.4744],[-93.6376,21.489],[-93.2723,21.7805],[-92.712,21.8842],[-91.8771,22.0512],[-91.4522,21.9863],[-91.4021,21.979],[-91.3518,21.9733],[-91.3013,21.9692],[-91.2507,21.9668],[-91.2,21.966],[-91.1493,21.9668],[-91.0987,21.9692],[-91.0482,21.9733],[-90.9979,21.979],[-90.9478,21.9863],[-90.898,21.9952],[-90.8486,22.0056],[-90.7996,22.0177],[-90.7512,22.0313],[-90.7032,22.0465],[-90.6559,22.0631],[-90.6092,22.0813],[-89.7441,22.4268],[-88.8811,22.6051],[-88.8125,22.6195],[-88.7446,22.6361],[-88.6773,22.6548],[-88.6108,22.6757],[-88.5452,22.6986],[-88.4804,22.7236],[-88.4167,22.7507],[-88.354,22.7798],[-88.2925,22.8108],[-88.2322,22.8438],[-88.1732,22.8787],[-88.1156,22.9155],[-88.0595,22.954],[-88.0048,22.9943],[-87.9517,23.0363],[-87.9003,23.08],[-87.8506,23.1253],[-87.8026,23.1721],[-87.7564,23.2205],[-87.2058,23.8238],[-87.0792,23.8616],[-86.9809,23.892],[-86.8838,23.9253],[-86.788,23.9617],[-86.6938,24.0011],[-86.6011,24.0434],[-86.5101,24.0886],[-86.421,24.1366],[-86.3337,24.1873],[-86.2485,24.2407],[-86.1655,24.2968],[-86.0847,24.3554],[-86.0062,24.4165],[-85.9301,24.4801],[-85.8565,24.546],[-85.7856,24.6141],[-85.7174,24.6844],[-84.7018,25.7697],[-84.6273,25.8512],[-84.556,25.9349],[-84.4881,26.0207],[-84.4237,26.1087],[-84.3627,26.1985],[-84.3053,26.2902],[-84.2515,26.3836],[-84.2015,26.4786],[-84.1553,26.5751],[-84.1128,26.6729],[-84.0743,26.772],[-84.0397,26.8723],[-84.009,26.9735],[-83.9824,27.0756],[-83.635,28.5756],[-83.6121,28.6785],[-83.5933,28.7821],[-83.5787,28.8861],[-83.5682,28.9905],[-83.5619,29.0952],[-83.5598,29.2],[-83.5619,29.3048],[-83.5682,29.4095],[-83.5787,29.5139],[-83.5933,29.6179],[-83.7965,31.0441],[-83.8081,31.125],[-83.8229,31.2055],[-83.841,31.2855],[-83.8623,31.3649],[-83.8869,31.4436],[-83.9146,31.5216],[-83.9455,31.5986],[-83.9795,31.6747],[-84.0166,31.7497],[-84.0567,31.8236],[-84.0998,31.8962],[-84.1458,31.9675],[-84.1947,32.0374],[-84.2463,32.1057],[-84.3008,32.1725],[-84.3579,32.2376],[-84.4176,32.3009],[-84.4798,32.3624],[-84.5445,32.422],[-84.6116,32.4797],[-84.681,32.5352],[-84.7526,32.5887],[-85.6111,33.2263],[-85.9813,34.8042],[-85.9861,34.8247],[-85.9919,34.8452],[-85.9985,34.8654],[-86.0059,34.8854],[-86.0142,34.9052],[-86.0233,34.9248],[-86.0333,34.944],[-86.0441,34.963],[-86.0556,34.9817],[-86.068,35.0],[-86.0811,35.018],[-86.095,35.0355],[-86.1096,35.0527],[-86.1249,35.0694],[-86.1409,35.0857],[-86.1577,35.1015],[-86.175,35.1168],[-86.193,35.1316],[-86.2117,35.1459],[-86.2309,35.1596],[-86.2507,35.1728],[-86.271,35.1854],[-86.2919,35.1974],[-86.3133,35.2088],[-86.3351,35.2196],[-86.3574,35.2298],[-86.3801,35.2393],[-86.4032,35.2481],[-86.4266,35.2563],[-86.4504,35.2638],[-86.4745,35.2706],[-86.4988,35.2768],[-86.5234,35.2822],[-86.5483,35.2869],[-86.5733,35.2909],[-86.5984,35.2942],[-86.6237,35.2967],[-86.6491,35.2985],[-86.6745,35.2996],[-86.7,35.3],[-86.7255,35.2996],[-86.7509,35.2985],[-86.7763,35.2967],[-86.8016,35.2942],[-86.8267,35.2909],[-86.8517,35.2869],[-86.8766,35.2822],[-86.9012,35.2768],[-86.9255,35.2706],[-86.9496,35.2638],[-86.9734,35.2563],[-86.9968,35.2481],[-87.0199,35.2393],[-87.0426,35.2298],[-87.0649,35.2196],[-87.0867,35.2088],[-87.1081,35.1974],[-87.129,35.1854],[-87.1493,35.1728],[-87.1691,35.1596],[-87.1883,35.1459],[-87.207,35.1316],[-87.225,35.1168],[-87.2423,35.1015],[-87.2591,35.0857],[-87.2751,35.0694],[-87.2904,35.0527],[-87.305,35.0355],[-87.3189,35.018],[-87.332,35.0],[-87.3444,34.9817],[-87.3559,34.963],[-87.3667,34.944],[-87.3767,34.9248],[-87.3858,34.9052],[-87.3941,34.8854],[-87.4015,34.8654],[-87.4081,34.8452],[-87.4139,34.8247],[-87.4187,34.8042],[-87.8117,33.1291],[-88.6421,32.2376],[-89.7109,31.0488],[-89.7832,30.9651],[-89.852,30.8793],[-89.9174,30.7913],[-89.9793,30.7015],[-90.0375,30.6098],[-90.092,30.5164],[-90.1428,30.4214],[-90.1897,30.3249],[-90.2327,30.2271],[-90.2718,30.128],[-90.3069,30.0277],[-90.338,29.9265],[-90.365,29.8244],[-90.3879,29.7215],[-90.4067,29.6179],[-90.6452,28.1983],[-90.9345,26.8635],[-90.9508,26.7715],[-90.9634,26.679],[-90.9725,26.5862],[-90.9779,26.4931],[-90.9798,26.4],[-90.9779,26.3069],[-90.9725,26.2138],[-90.9634,26.121],[-90.9508,26.0285],[-90.9345,25.9365],[-90.9146,25.8451],[-90.8912,25.7543],[-90.8643,25.6643],[-90.8377,25.5863],[-90.8878,25.5297],[-90.9301,25.4786],[-90.9705,25.4261],[-91.0088,25.3724],[-91.045,25.3175],[-91.0791,25.2615],[-91.111,25.2044],[-91.1408,25.1464],[-91.1682,25.0874],[-91.3346,24.7015],[-91.7908,24.5187],[-91.8367,24.499],[-91.8819,24.4779],[-91.9262,24.4553],[-91.9697,24.4313],[-92.0122,24.4059],[-92.0537,24.3792],[-92.0942,24.3512],[-92.1336,24.3219],[-92.1719,24.2914],[-92.209,24.2596],[-92.2448,24.2267],[-92.2794,24.1926],[-92.3126,24.1575],[-92.3445,24.1213],[-92.3751,24.0841],[-92.4041,24.046],[-92.4317,24.0069],[-92.4579,23.967],[-92.4824,23.9263],[-92.5055,23.8848],[-92.5269,23.8426],[-92.5467,23.7997],[-92.5649,23.7563],[-92.5814,23.7122],[-92.5962,23.6677],[-92.6147,23.6104],[-93.088,23.5158],[-93.1187,23.5092],[-93.1492,23.5017],[-93.1794,23.4932],[-93.2092,23.4837],[-93.2387,23.4733],[-93.2677,23.4619],[-93.2963,23.4496],[-93.3244,23.4364],[-93.352,23.4223],[-93.3791,23.4073],[-93.4055,23.3914],[-93.4314,23.3747],[-93.4566,23.3572],[-94.0442,22.9256],[-94.0637,22.911],[-94.5624,22.511],[-94.5814,22.4957],[-94.5997,22.4798],[-94.6175,22.4633],[-94.6346,22.4463],[-94.6511,22.4287],[-94.6669,22.4106],[-94.682,22.3921],[-94.6964,22.373],[-94.7101,22.3535],[-94.723,22.3335],[-94.7352,22.3131],[-94.7466,22.2924],[-94.7572,22.2713],[-94.767,22.2499],[-94.776,22.2281],[-94.7842,22.2061],[-94.7915,22.1839],[-94.798,22.1614],[-94.8037,22.1387],[-94.8085,22.1158],[-94.8124,22.0928],[-94.8154,22.0697],[-94.8176,22.0465],[-94.8189,22.0233],[-94.8194,22.0],[-94.8189,21.9767],[-94.8176,21.9535],[-94.8154,21.9303],[-94.8124,21.9072],[-94.8085,21.8842],[-94.8037,21.8613],[-94.798,21.8386],[-94.7915,21.8161],[-94.7842,21.7939],[-94.776,21.7719],[-94.767,21.7501],[-94.7572,21.7287],[-94.7466,21.7076],[-94.7352,21.6869],[-94.723,21.6665],[-94.7101,21.6465],[-94.6964,21.627],[-94.682,21.6079],[-94.6669,21.5894],[-94.6511,21.5713],[-94.6346,21.5537],[-94.6175,21.5367],[-94.5997,21.5202],[-94.5814,21.5043],[-94.5624,21.489],[-94.5429,21.4744],[-94.5228,21.4604],[-94.5023,21.447],[-94.4812,21.4344],[-94.4597,21.4224],[-94.4377,21.4111],[-94.4154,21.4005],[-94.3926,21.3907],[-94.3695,21.3816],[-94.346,21.3732],[-94.3223,21.3656],[-94.2983,21.3588],[-94.274,21.3528],[-94.2496,21.3476],[-94.2249,21.3431],[-94.2001,21.3395],[-94.1752,21.3367],[-94.1502,21.3346],[-94.1251,21.3334],[-94.1,21.333]]]},"properties":{"storm_name":"ISAIAS-26","fuente":"GDACS","alertlevel":"Orange","url":"https://www.gdacs.org/report.aspx?eventid=1001334&episodeid=14&eventtype=TC","paises":"United States","layer":"storm_track","kind":"wind_radii_forecast","wind_kt":34}},{"type":"Feature","geometry":{"type":"Polygon","coordinates":[[[-92.9,22.367],[-92.8874,22.3672],[-92.8748,22.3678],[-92.8623,22.3688],[-92.8498,22.3702],[-92.8373,22.3721],[-92.825,22.3743],[-91.8248,22.5743],[-91.8125,22.5769],[-91.8004,22.5799],[-91.7883,22.5833],[-91.7764,22.5871],[-91.0138,22.8302],[-90.9961,22.8364],[-90.9786,22.8432],[-89.9779,23.2432],[-89.9606,23.2506],[-89.9436,23.2585],[-89.927,23.267],[-89.9106,23.276],[-88.9119,23.8344],[-88.8904,23.847],[-88.8695,23.8604],[-88.8491,23.8744],[-88.8292,23.889],[-88.8099,23.9043],[-88.7912,23.9202],[-88.7731,23.9367],[-88.7557,23.9537],[-88.7389,23.9713],[-87.8344,24.9713],[-87.8182,24.9894],[-87.1194,25.7837],[-87.0959,25.8116],[-87.0735,25.8402],[-87.0523,25.8696],[-86.1822,27.0816],[-86.1585,27.1165],[-86.1362,27.1521],[-86.1153,27.1884],[-86.0959,27.2253],[-86.0779,27.2628],[-86.0614,27.3009],[-86.0465,27.3394],[-86.033,27.3783],[-86.0211,27.4177],[-86.0107,27.4574],[-86.002,27.4974],[-85.6971,28.9331],[-85.194,30.4783],[-85.1817,30.5177],[-85.1711,30.5574],[-85.162,30.5974],[-85.1546,30.6376],[-85.1488,30.678],[-85.1447,30.7186],[-85.1422,30.7593],[-85.1414,30.8],[-85.1422,30.8407],[-85.1447,30.8814],[-85.1488,30.922],[-85.1546,30.9624],[-85.162,31.0026],[-85.1711,31.0426],[-85.1817,31.0823],[-85.194,31.1217],[-85.2079,31.1606],[-85.2233,31.1991],[-85.2403,31.2372],[-85.2588,31.2747],[-85.2789,31.3116],[-86.1572,32.9034],[-86.166,32.9192],[-86.1754,32.9347],[-86.1854,32.95],[-86.1961,32.965],[-86.2074,32.9796],[-86.2193,32.9939],[-86.2318,33.0078],[-86.2448,33.0214],[-86.2584,33.0346],[-86.2726,33.0473],[-86.2873,33.0597],[-86.3024,33.0716],[-86.3181,33.083],[-86.3342,33.094],[-86.3508,33.1045],[-86.3677,33.1145],[-86.3851,33.124],[-86.4029,33.133],[-86.4211,33.1415],[-86.4395,33.1494],[-86.4583,33.1568],[-86.4774,33.1636],[-86.4968,33.1698],[-86.5164,33.1755],[-86.5362,33.1806],[-86.5563,33.1851],[-86.5765,33.1891],[-86.5968,33.1924],[-86.6173,33.1951],[-86.6379,33.1973],[-86.6586,33.1988],[-86.6793,33.1997],[-86.7,33.2],[-86.7207,33.1997],[-86.7414,33.1988],[-86.7621,33.1973],[-86.7827,33.1951],[-86.8032,33.1924],[-86.8235,33.1891],[-86.8437,33.1851],[-86.8638,33.1806],[-86.8836,33.1755],[-86.9032,33.1698],[-86.9226,33.1636],[-86.9417,33.1568],[-86.9605,33.1494],[-86.9789,33.1415],[-86.9971,33.133],[-87.0149,33.124],[-87.0323,33.1145],[-87.0492,33.1045],[-87.0658,33.094],[-87.0819,33.083],[-87.0976,33.0716],[-87.1127,33.0597],[-87.1274,33.0473],[-87.1416,33.0346],[-87.1552,33.0214],[-87.1682,33.0078],[-87.1807,32.9939],[-87.1926,32.9796],[-87.2039,32.965],[-87.2146,32.95],[-87.2246,32.9347],[-87.234,32.9192],[-87.2428,32.9034],[-87.2509,32.8873],[-87.2583,32.871],[-87.2651,32.8545],[-87.2712,32.8378],[-87.2765,32.821],[-87.8183,31.0823],[-88.2972,29.4823],[-88.3077,29.4426],[-88.3166,29.4026],[-88.5831,27.9822],[-89.0629,26.7093],[-89.0743,26.6759],[-89.0844,26.6422],[-89.0931,26.6081],[-89.1006,26.5738],[-89.1067,26.5393],[-89.1114,26.5046],[-89.1148,26.4698],[-89.1169,26.4349],[-89.1334,25.6414],[-89.8611,24.8287],[-90.5329,24.1124],[-91.4214,23.7568],[-91.4386,23.7494],[-91.4556,23.7415],[-91.4722,23.733],[-91.4885,23.724],[-91.5044,23.7145],[-91.52,23.7045],[-91.5352,23.694],[-91.5499,23.683],[-91.5643,23.6716],[-91.5782,23.6597],[-92.0791,23.2049],[-92.975,23.0257],[-92.9873,23.0231],[-92.9995,23.0201],[-93.0115,23.0167],[-93.0235,23.0129],[-93.0352,23.0088],[-93.0468,23.0042],[-93.0582,22.9993],[-93.0695,22.994],[-93.0805,22.9884],[-93.0913,22.9824],[-93.1018,22.9761],[-93.1122,22.9694],[-93.1222,22.9624],[-93.132,22.9551],[-93.1415,22.9475],[-93.1507,22.9395],[-93.1597,22.9313],[-93.1682,22.9228],[-93.1765,22.914],[-93.1844,22.905],[-93.192,22.8957],[-93.1992,22.8862],[-93.2061,22.8765],[-93.2126,22.8665],[-93.2187,22.8563],[-93.2244,22.846],[-93.2298,22.8354],[-93.2347,22.8247],[-93.2392,22.8139],[-93.2433,22.8029],[-93.247,22.7918],[-93.2502,22.7806],[-93.2531,22.7692],[-93.2555,22.7578],[-93.2574,22.7463],[-93.259,22.7348],[-93.2601,22.7232],[-93.2607,22.7116],[-93.261,22.7],[-93.2607,22.6884],[-93.2601,22.6768],[-93.259,22.6652],[-93.2574,22.6537],[-93.2555,22.6422],[-93.2531,22.6308],[-93.2502,22.6194],[-93.247,22.6082],[-93.2433,22.5971],[-93.2392,22.5861],[-93.2347,22.5753],[-93.2298,22.5646],[-93.2244,22.554],[-93.2187,22.5437],[-93.2126,22.5335],[-93.2061,22.5235],[-93.1992,22.5138],[-93.192,22.5043],[-93.1844,22.495],[-93.1765,22.486],[-93.1682,22.4772],[-93.1597,22.4687],[-93.1507,22.4605],[-93.1415,22.4525],[-93.132,22.4449],[-93.1222,22.4376],[-93.1122,22.4306],[-93.1018,22.4239],[-93.0913,22.4176],[-93.0805,22.4116],[-93.0695,22.406],[-93.0582,22.4007],[-93.0468,22.3958],[-93.0352,22.3912],[-93.0235,22.3871],[-93.0115,22.3833],[-92.9995,22.3799],[-92.9873,22.3769],[-92.975,22.3743],[-92.9627,22.3721],[-92.9502,22.3702],[-92.9377,22.3688],[-92.9252,22.3678],[-92.9126,22.3672],[-92.9,22.367]]]},"properties":{"storm_name":"ISAIAS-26","fuente":"GDACS","alertlevel":"Orange","url":"https://www.gdacs.org/report.aspx?eventid=1001334&episodeid=14&eventtype=TC","paises":"United States","layer":"storm_track","kind":"wind_radii_forecast","wind_kt":34}},{"type":"Feature","geometry":{"type":"Polygon","coordinates":[[[-91.2,23.05],[-91.1905,23.0502],[-91.181,23.0506],[-91.1715,23.0514],[-91.1621,23.0524],[-91.1527,23.0538],[-91.1434,23.0555],[-91.1341,23.0574],[-91.125,23.0597],[-91.1159,23.0622],[-91.1069,23.0651],[-91.098,23.0682],[-91.0893,23.0716],[-90.089,23.4716],[-90.0803,23.4753],[-90.0718,23.4793],[-90.0635,23.4835],[-90.0553,23.488],[-90.0473,23.4927],[-90.0395,23.4977],[-90.0319,23.503],[-90.0245,23.5085],[-89.1235,24.2085],[-89.1163,24.2142],[-89.1093,24.2202],[-89.1025,24.2263],[-88.1261,25.1772],[-88.1176,25.186],[-88.1095,25.195],[-88.1018,25.2043],[-88.0944,25.2138],[-88.0874,25.2235],[-88.0808,25.2335],[-88.0745,25.2437],[-88.0687,25.254],[-88.0632,25.2646],[-87.5839,26.2122],[-86.8014,27.4653],[-86.7924,27.4808],[-86.7841,27.4966],[-86.7764,27.5127],[-86.7693,27.529],[-86.7629,27.5455],[-86.7572,27.5622],[-86.7521,27.579],[-86.7476,27.596],[-86.7439,27.6132],[-86.4409,29.0889],[-85.9405,30.6622],[-85.9352,30.679],[-85.9306,30.696],[-85.9267,30.7132],[-85.9236,30.7304],[-85.9211,30.7477],[-85.9193,30.7651],[-85.9183,30.7826],[-85.9179,30.8],[-85.9183,30.8174],[-85.9193,30.8349],[-85.9211,30.8523],[-85.9236,30.8696],[-85.9267,30.8868],[-86.3349,32.7542],[-86.3373,32.7649],[-86.3403,32.7755],[-86.3436,32.786],[-86.3474,32.7964],[-86.3516,32.8067],[-86.3562,32.8169],[-86.3613,32.8269],[-86.3668,32.8368],[-86.3726,32.8465],[-86.3789,32.856],[-86.3856,32.8653],[-86.3926,32.8745],[-86.4,32.8834],[-86.4078,32.8921],[-86.416,32.9005],[-86.4245,32.9088],[-86.4333,32.9167],[-86.4424,32.9244],[-86.4519,32.9319],[-86.4617,32.939],[-86.4717,32.9459],[-86.4821,32.9524],[-86.4927,32.9587],[-86.5035,32.9646],[-86.5146,32.9702],[-86.5259,32.9755],[-86.5375,32.9804],[-86.5492,32.985],[-86.5611,32.9893],[-86.5732,32.9932],[-86.5854,32.9967],[-86.5978,32.9999],[-86.6103,33.0027],[-86.6229,33.0052],[-86.6356,33.0073],[-86.6484,33.009],[-86.6612,33.0103],[-86.6741,33.0112],[-86.6871,33.0118],[-86.7,33.012],[-86.7129,33.0118],[-86.7259,33.0112],[-86.7388,33.0103],[-86.7516,33.009],[-86.7644,33.0073],[-86.7771,33.0052],[-86.7897,33.0027],[-86.8022,32.9999],[-86.8146,32.9967],[-86.8268,32.9932],[-86.8389,32.9893],[-86.8508,32.985],[-86.8625,32.9804],[-86.8741,32.9755],[-86.8854,32.9702],[-86.8965,32.9646],[-86.9073,32.9587],[-86.9179,32.9524],[-86.9283,32.9459],[-86.9383,32.939],[-86.9481,32.9319],[-86.9576,32.9244],[-86.9667,32.9167],[-86.9755,32.9088],[-86.984,32.9005],[-86.9922,32.8921],[-87.0,32.8834],[-87.0074,32.8745],[-87.0144,32.8653],[-87.0211,32.856],[-87.0274,32.8465],[-87.0332,32.8368],[-87.0387,32.8269],[-87.0438,32.8169],[-87.0484,32.8067],[-87.0526,32.7964],[-87.0564,32.786],[-87.0597,32.7755],[-87.0627,32.7649],[-87.0651,32.7542],[-87.0672,32.7434],[-87.0687,32.7326],[-87.0699,32.7218],[-87.0705,32.7109],[-87.0708,32.7],[-87.0817,30.8659],[-87.5558,29.321],[-87.5603,29.304],[-87.5641,29.2868],[-87.8462,27.8378],[-88.4317,26.5562],[-88.4375,26.5426],[-88.4428,26.5289],[-88.4475,26.5149],[-88.7386,25.5444],[-89.5038,24.5702],[-90.3462,23.9143],[-91.3107,23.5284],[-91.3193,23.5247],[-91.3278,23.5207],[-91.3361,23.5165],[-91.3442,23.512],[-91.3522,23.5073],[-91.36,23.5023],[-91.3676,23.497],[-91.375,23.4915],[-91.3821,23.4858],[-91.3891,23.4798],[-91.3958,23.4737],[-91.4023,23.4673],[-91.4085,23.4607],[-91.4145,23.4539],[-91.4202,23.4469],[-91.4257,23.4398],[-91.4308,23.4325],[-91.4357,23.425],[-91.4403,23.4174],[-91.4447,23.4096],[-91.4487,23.4017],[-91.4524,23.3937],[-91.4558,23.3855],[-91.4589,23.3773],[-91.4617,23.3689],[-91.4641,23.3605],[-91.4663,23.352],[-91.4681,23.3434],[-91.4695,23.3348],[-91.4707,23.3261],[-91.4715,23.3174],[-91.472,23.3087],[-91.4722,23.3],[-91.472,23.2913],[-91.4715,23.2826],[-91.4707,23.2739],[-91.4695,23.2652],[-91.4681,23.2566],[-91.4663,23.248],[-91.4641,23.2395],[-91.4617,23.2311],[-91.4589,23.2227],[-91.4558,23.2145],[-91.4524,23.2063],[-91.4487,23.1983],[-91.4447,23.1904],[-91.4403,23.1826],[-91.4357,23.175],[-91.4308,23.1675],[-91.4257,23.1602],[-91.4202,23.1531],[-91.4145,23.1461],[-91.4085,23.1393],[-91.4023,23.1327],[-91.3958,23.1263],[-91.3891,23.1202],[-91.3821,23.1142],[-91.375,23.1085],[-91.3676,23.103],[-91.36,23.0977],[-91.3522,23.0927],[-91.3442,23.088],[-91.3361,23.0835],[-91.3278,23.0793],[-91.3193,23.0753],[-91.3107,23.0716],[-91.302,23.0682],[-91.2931,23.0651],[-91.2841,23.0622],[-91.275,23.0597],[-91.2659,23.0574],[-91.2566,23.0555],[-91.2473,23.0538],[-91.2379,23.0524],[-91.2285,23.0514],[-91.219,23.0506],[-91.2095,23.0502],[-91.2,23.05]]]},"properties":{"storm_name":"ISAIAS-26","fuente":"GDACS","alertlevel":"Orange","url":"https://www.gdacs.org/report.aspx?eventid=1001334&episodeid=14&eventtype=TC","paises":"United States","layer":"storm_track","kind":"wind_radii_forecast","wind_kt":34}},{"type":"Feature","geometry":{"type":"Polygon","coordinates":[[[-86.5,32.4655],[-86.5,32.4655],[-86.5338,32.4653],[-86.5677,32.4645],[-86.6015,32.4633],[-86.6353,32.4615],[-86.669,32.4592],[-86.7027,32.4564],[-86.7363,32.4531],[-86.7699,32.4493],[-86.8033,32.445],[-86.8367,32.4402],[-86.87,32.4349],[-86.9031,32.4291],[-86.9362,32.4229],[-86.9691,32.4161],[-87.0019,32.4088],[-87.0345,32.401],[-87.0669,32.3928],[-87.0992,32.384],[-87.1313,32.3748],[-87.1632,32.3651],[-87.1949,32.3549],[-87.2264,32.3443],[-87.2576,32.3331],[-87.2887,32.3216],[-87.3195,32.3095],[-87.35,32.297],[-87.3803,32.284],[-87.4103,32.2706],[-87.4401,32.2567],[-87.4695,32.2424],[-87.4987,32.2276],[-87.5275,32.2125],[-87.5561,32.1968],[-87.5843,32.1808],[-87.6122,32.1643],[-87.6397,32.1475],[-87.6669,32.1302],[-87.6938,32.1125],[-87.7203,32.0944],[-87.7464,32.0759],[-87.7721,32.057],[-87.7975,32.0377],[-87.8224,32.0181],[-87.847,31.9981],[-87.8711,31.9777],[-87.8948,31.957],[-87.9181,31.9359],[-87.941,31.9145],[-87.9634,31.8927],[-87.9854,31.8706],[-88.0069,31.8482],[-88.028,31.8254],[-88.0486,31.8023],[-88.0687,31.779],[-88.0884,31.7553],[-88.1075,31.7314],[-88.1262,31.7071],[-88.1444,31.6826],[-88.1621,31.6578],[-88.1792,31.6328],[-88.1959,31.6075],[-88.2121,31.5819],[-88.2277,31.5561],[-88.2428,31.5301],[-88.2574,31.5039],[-88.2714,31.4774],[-88.2849,31.4508],[-88.2978,31.4239],[-88.3102,31.3969],[-88.3221,31.3696],[-88.3334,31.3422],[-88.3441,31.3147],[-88.3543,31.287],[-88.3639,31.2591],[-88.373,31.2311],[-88.3814,31.2029],[-88.3893,31.1747],[-88.3967,31.1463],[-88.4034,31.1178],[-88.4096,31.0892],[-88.4152,31.0605],[-88.4202,31.0318],[-88.4246,31.003],[-88.4284,30.9741],[-88.4316,30.9452],[-88.4343,30.9162],[-88.4364,30.8872],[-88.4378,30.8581],[-88.4387,30.8291],[-88.439,30.8],[-88.2451,30.8],[-88.2449,30.7738],[-88.2441,30.7477],[-88.2427,30.7215],[-88.2409,30.6954],[-88.2385,30.6694],[-88.2356,30.6433],[-88.2321,30.6173],[-88.2281,30.5914],[-88.2236,30.5655],[-88.2186,30.5397],[-88.2131,30.514],[-88.207,30.4883],[-88.2004,30.4628],[-88.1933,30.4374],[-88.1857,30.412],[-88.1775,30.3868],[-88.1689,30.3617],[-88.1597,30.3368],[-88.15,30.312],[-88.1399,30.2873],[-88.1292,30.2628],[-88.118,30.2385],[-88.1064,30.2143],[-88.0942,30.1903],[-88.0816,30.1665],[-88.0685,30.1429],[-88.0549,30.1195],[-88.0409,30.0963],[-88.0263,30.0733],[-88.0113,30.0505],[-87.9959,30.028],[-87.9799,30.0057],[-87.9636,29.9836],[-87.9468,29.9618],[-87.9295,29.9402],[-87.9118,29.9189],[-87.8937,29.8979],[-87.8752,29.8771],[-87.8562,29.8567],[-87.8368,29.8365],[-87.8171,29.8166],[-87.7969,29.797],[-87.7763,29.7777],[-87.7553,29.7587],[-87.734,29.7401],[-87.7123,29.7217],[-87.6902,29.7037],[-87.6677,29.686],[-87.6449,29.6687],[-87.6217,29.6517],[-87.5982,29.6351],[-87.5744,29.6188],[-87.5502,29.6029],[-87.5258,29.5873],[-87.501,29.5721],[-87.4759,29.5573],[-87.4505,29.5428],[-87.4248,29.5288],[-87.3988,29.5151],[-87.3726,29.5018],[-87.3461,29.489],[-87.3193,29.4765],[-87.2923,29.4644],[-87.265,29.4527],[-87.2375,29.4415],[-87.2098,29.4306],[-87.1819,29.4202],[-87.1537,29.4102],[-87.1254,29.4006],[-87.0969,29.3914],[-87.0682,29.3827],[-87.0393,29.3744],[-87.0102,29.3665],[-86.981,29.3591],[-86.9517,29.3521],[-86.9222,29.3455],[-86.8926,29.3394],[-86.8628,29.3338],[-86.833,29.3286],[-86.803,29.3238],[-86.773,29.3195],[-86.7429,29.3156],[-86.7127,29.3122],[-86.6824,29.3092],[-86.6521,29.3067],[-86.6217,29.3047],[-86.5913,29.3031],[-86.5609,29.3019],[-86.5305,29.3012],[-86.5,29.301],[-86.5,28.4682],[-86.4526,28.4686],[-86.4053,28.4697],[-86.3579,28.4714],[-86.3106,28.4739],[-86.2634,28.4771],[-86.2162,28.481],[-86.1692,28.4856],[-86.1222,28.4909],[-86.0753,28.4969],[-86.0286,28.5037],[-85.982,28.5111],[-85.9356,28.5192],[-85.8893,28.528],[-85.8433,28.5375],[-85.7974,28.5477],[-85.7517,28.5586],[-85.7063,28.5701],[-85.6611,28.5824],[-85.6162,28.5953],[-85.5715,28.6089],[-85.5272,28.6231],[-85.4831,28.638],[-85.4393,28.6536],[-85.3959,28.6698],[-85.3527,28.6867],[-85.31,28.7042],[-85.2676,28.7224],[-85.2256,28.7412],[-85.1839,28.7606],[-85.1427,28.7806],[-85.1019,28.8013],[-85.0615,28.8226],[-85.0215,28.8444],[-84.982,28.8669],[-84.9429,28.8899],[-84.9044,28.9136],[-84.8663,28.9378],[-84.8287,28.9625],[-84.7916,28.9879],[-84.7551,29.0138],[-84.719,29.0402],[-84.6836,29.0672],[-84.6486,29.0947],[-84.6143,29.1227],[-84.5805,29.1512],[-84.5473,29.1802],[-84.5146,29.2097],[-84.4826,29.2397],[-84.4512,29.2702],[-84.4205,29.3012],[-84.3903,29.3326],[-84.3608,29.3644],[-84.332,29.3967],[-84.3038,29.4294],[-84.2763,29.4626],[-84.2495,29.4961],[-84.2233,29.53],[-84.1979,29.5644],[-84.1731,29.5991],[-84.1491,29.6341],[-84.1257,29.6695],[-84.1031,29.7053],[-84.0812,29.7414],[-84.0601,29.7778],[-84.0397,29.8146],[-84.0201,29.8516],[-84.0012,29.8889],[-83.983,29.9265],[-83.9657,29.9644],[-83.9491,30.0025],[-83.9333,30.0409],[-83.9182,30.0794],[-83.904,30.1183],[-83.8905,30.1573],[-83.8779,30.1965],[-83.866,30.2359],[-83.8549,30.2755],[-83.8447,30.3152],[-83.8352,30.3551],[-83.8266,30.3951],[-83.8188,30.4352],[-83.8118,30.4755],[-83.8056,30.5158],[-83.8002,30.5563],[-83.7957,30.5968],[-83.792,30.6373],[-83.7891,30.678],[-83.787,30.7186],[-83.7858,30.7593],[-83.7854,30.8],[-84.561,30.8],[-84.5613,30.8291],[-84.5622,30.8581],[-84.5636,30.8872],[-84.5657,30.9162],[-84.5684,30.9452],[-84.5716,30.9741],[-84.5754,31.003],[-84.5798,31.0318],[-84.5848,31.0605],[-84.5904,31.0892],[-84.5966,31.1178],[-84.6033,31.1463],[-84.6107,31.1747],[-84.6186,31.2029],[-84.627,31.2311],[-84.6361,31.2591],[-84.6457,31.287],[-84.6559,31.3147],[-84.6666,31.3422],[-84.6779,31.3696],[-84.6898,31.3969],[-84.7022,31.4239],[-84.7151,31.4508],[-84.7286,31.4774],[-84.7426,31.5039],[-84.7572,31.5301],[-84.7723,31.5561],[-84.7879,31.5819],[-84.8041,31.6075],[-84.8208,31.6328],[-84.8379,31.6578],[-84.8556,31.6826],[-84.8738,31.7071],[-84.8925,31.7314],[-84.9116,31.7553],[-84.9313,31.779],[-84.9514,31.8023],[-84.972,31.8254],[-84.9931,31.8482],[-85.0146,31.8706],[-85.0366,31.8927],[-85.059,31.9145],[-85.0819,31.9359],[-85.1052,31.957],[-85.1289,31.9777],[-85.153,31.9981],[-85.1776,32.0181],[-85.2025,32.0377],[-85.2279,32.057],[-85.2536,32.0759],[-85.2797,32.0944],[-85.3062,32.1125],[-85.3331,32.1302],[-85.3603,32.1475],[-85.3878,32.1643],[-85.4157,32.1808],[-85.4439,32.1968],[-85.4725,32.2125],[-85.5013,32.2276],[-85.5305,32.2424],[-85.5599,32.2567],[-85.5897,32.2706],[-85.6197,32.284],[-85.65,32.297],[-85.6805,32.3095],[-85.7113,32.3216],[-85.7424,32.3331],[-85.7736,32.3443],[-85.8051,32.3549],[-85.8368,32.3651],[-85.8687,32.3748],[-85.9008,32.384],[-85.9331,32.3928],[-85.9655,32.401],[-85.9981,32.4088],[-86.0309,32.4161],[-86.0638,32.4229],[-86.0969,32.4291],[-86.13,32.4349],[-86.1633,32.4402],[-86.1967,32.445],[-86.2301,32.4493],[-86.2637,32.4531],[-86.2973,32.4564],[-86.331,32.4592],[-86.3647,32.4615],[-86.3985,32.4633],[-86.4323,32.4645],[-86.4662,32.4653],[-86.5,32.4655]]]},"properties":{"storm_name":"ISAIAS-26","fuente":"GDACS","alertlevel":"Orange","url":"https://www.gdacs.org/report.aspx?eventid=1001334&episodeid=14&eventtype=TC","paises":"United States","layer":"storm_track","kind":"wind_radii_forecast","wind_kt":34}},{"type":"Feature","geometry":{"type":"Polygon","coordinates":[[[-86.5,31.7993],[-86.5,31.9659],[-86.5237,31.9657],[-86.5474,31.9652],[-86.571,31.9643],[-86.5947,31.963],[-86.6183,31.9614],[-86.6419,31.9595],[-86.6654,31.9572],[-86.6889,31.9545],[-86.7123,31.9515],[-86.7357,31.9482],[-86.759,31.9445],[-86.7822,31.9404],[-86.8053,31.936],[-86.8284,31.9312],[-86.8513,31.9262],[-86.8741,31.9207],[-86.8968,31.9149],[-86.9194,31.9088],[-86.9419,31.9024],[-86.9642,31.8956],[-86.9864,31.8884],[-87.0085,31.881],[-87.0303,31.8732],[-87.0521,31.8651],[-87.0736,31.8566],[-87.095,31.8479],[-87.1162,31.8388],[-87.1372,31.8294],[-87.158,31.8197],[-87.1787,31.8097],[-87.1991,31.7994],[-87.2193,31.7887],[-87.2392,31.7778],[-87.259,31.7666],[-87.2785,31.755],[-87.2978,31.7432],[-87.3169,31.7311],[-87.3356,31.7187],[-87.3542,31.7061],[-87.3725,31.6931],[-87.3905,31.6799],[-87.4082,31.6664],[-87.4257,31.6527],[-87.4429,31.6387],[-87.4598,31.6244],[-87.4764,31.6099],[-87.4927,31.5951],[-87.5087,31.5801],[-87.5244,31.5649],[-87.5398,31.5494],[-87.5548,31.5337],[-87.5696,31.5178],[-87.584,31.5016],[-87.5981,31.4853],[-87.6118,31.4687],[-87.6253,31.452],[-87.6383,31.435],[-87.6511,31.4178],[-87.6634,31.4005],[-87.6755,31.3829],[-87.6871,31.3652],[-87.6984,31.3473],[-87.7094,31.3293],[-87.7199,31.3111],[-87.7301,31.2927],[-87.74,31.2742],[-87.7494,31.2555],[-87.7585,31.2367],[-87.7672,31.2178],[-87.7755,31.1988],[-87.7834,31.1796],[-87.7909,31.1603],[-87.798,31.1409],[-87.8047,31.1214],[-87.8111,31.1018],[-87.817,31.0821],[-87.8225,31.0623],[-87.8277,31.0424],[-87.8324,31.0225],[-87.8367,31.0025],[-87.8406,30.9824],[-87.8441,30.9623],[-87.8472,30.9421],[-87.8499,30.9219],[-87.8522,30.9016],[-87.854,30.8813],[-87.8555,30.861],[-87.8565,30.8407],[-87.8571,30.8203],[-87.8573,30.8],[-87.4695,30.8],[-87.4694,30.7855],[-87.4689,30.7709],[-87.4682,30.7564],[-87.4672,30.7419],[-87.4658,30.7274],[-87.4642,30.713],[-87.4623,30.6985],[-87.4601,30.6841],[-87.4576,30.6697],[-87.4548,30.6554],[-87.4517,30.6411],[-87.4483,30.6269],[-87.4447,30.6127],[-87.4407,30.5985],[-87.4365,30.5845],[-87.432,30.5705],[-87.4271,30.5565],[-87.4221,30.5427],[-87.4167,30.5289],[-87.411,30.5152],[-87.4051,30.5016],[-87.3989,30.488],[-87.3924,30.4746],[-87.3857,30.4613],[-87.3787,30.4481],[-87.3714,30.4349],[-87.3638,30.4219],[-87.356,30.409],[-87.348,30.3963],[-87.3396,30.3836],[-87.331,30.3711],[-87.3222,30.3587],[-87.3131,30.3464],[-87.3038,30.3343],[-87.2942,30.3223],[-87.2844,30.3105],[-87.2743,30.2988],[-87.264,30.2873],[-87.2535,30.2759],[-87.2427,30.2647],[-87.2317,30.2537],[-87.2205,30.2428],[-87.2091,30.2321],[-87.1974,30.2215],[-87.1855,30.2111],[-87.1735,30.201],[-87.1612,30.1909],[-87.1487,30.1811],[-87.1361,30.1715],[-87.1232,30.1621],[-87.1101,30.1528],[-87.0969,30.1438],[-87.0835,30.1349],[-87.0699,30.1263],[-87.0561,30.1178],[-87.0421,30.1096],[-87.028,30.1016],[-87.0138,30.0938],[-86.9993,30.0862],[-86.9848,30.0788],[-86.97,30.0716],[-86.9552,30.0647],[-86.9401,30.058],[-86.925,30.0515],[-86.9097,30.0453],[-86.8943,30.0392],[-86.8788,30.0334],[-86.8632,30.0279],[-86.8474,30.0225],[-86.8316,30.0175],[-86.8156,30.0126],[-86.7996,30.008],[-86.7835,30.0036],[-86.7672,29.9995],[-86.7509,29.9956],[-86.7345,29.992],[-86.7181,29.9886],[-86.7016,29.9854],[-86.685,29.9825],[-86.6684,29.9799],[-86.6517,29.9775],[-86.6349,29.9753],[-86.6182,29.9734],[-86.6013,29.9718],[-86.5845,29.9704],[-86.5676,29.9693],[-86.5507,29.9684],[-86.5338,29.9677],[-86.5169,29.9674],[-86.5,29.9672],[-86.5,29.6341],[-86.4763,29.6343],[-86.4526,29.6348],[-86.429,29.6357],[-86.4053,29.637],[-86.3817,29.6386],[-86.3581,29.6405],[-86.3346,29.6428],[-86.3111,29.6455],[-86.2877,29.6485],[-86.2643,29.6518],[-86.241,29.6555],[-86.2178,29.6596],[-86.1947,29.664],[-86.1716,29.6688],[-86.1487,29.6738],[-86.1259,29.6793],[-86.1032,29.6851],[-86.0806,29.6912],[-86.0581,29.6976],[-86.0358,29.7044],[-86.0136,29.7116],[-85.9915,29.719],[-85.9697,29.7268],[-85.9479,29.7349],[-85.9264,29.7434],[-85.905,29.7521],[-85.8838,29.7612],[-85.8628,29.7706],[-85.842,29.7803],[-85.8213,29.7903],[-85.8009,29.8006],[-85.7807,29.8113],[-85.7608,29.8222],[-85.741,29.8334],[-85.7215,29.845],[-85.7022,29.8568],[-85.6831,29.8689],[-85.6644,29.8813],[-85.6458,29.8939],[-85.6275,29.9069],[-85.6095,29.9201],[-85.5918,29.9336],[-85.5743,29.9473],[-85.5571,29.9613],[-85.5402,29.9756],[-85.5236,29.9901],[-85.5073,30.0049],[-85.4913,30.0199],[-85.4756,30.0351],[-85.4602,30.0506],[-85.4452,30.0663],[-85.4304,30.0822],[-85.416,30.0984],[-85.4019,30.1147],[-85.3882,30.1313],[-85.3747,30.148],[-85.3617,30.165],[-85.3489,30.1822],[-85.3366,30.1995],[-85.3245,30.2171],[-85.3129,30.2348],[-85.3016,30.2527],[-85.2906,30.2707],[-85.2801,30.2889],[-85.2699,30.3073],[-85.26,30.3258],[-85.2506,30.3445],[-85.2415,30.3633],[-85.2328,30.3822],[-85.2245,30.4012],[-85.2166,30.4204],[-85.2091,30.4397],[-85.202,30.4591],[-85.1953,30.4786],[-85.1889,30.4982],[-85.183,30.5179],[-85.1775,30.5377],[-85.1723,30.5576],[-85.1676,30.5775],[-85.1633,30.5975],[-85.1594,30.6176],[-85.1559,30.6377],[-85.1528,30.6579],[-85.1501,30.6781],[-85.1478,30.6984],[-85.146,30.7187],[-85.1445,30.739],[-85.1435,30.7593],[-85.1429,30.7797],[-85.1427,30.8],[-85.3366,30.8],[-85.3368,30.8174],[-85.3373,30.8349],[-85.3382,30.8523],[-85.3394,30.8697],[-85.341,30.8871],[-85.343,30.9045],[-85.3453,30.9218],[-85.3479,30.9391],[-85.3509,30.9563],[-85.3543,30.9735],[-85.358,30.9907],[-85.362,31.0078],[-85.3664,31.0248],[-85.3711,31.0418],[-85.3762,31.0586],[-85.3817,31.0755],[-85.3874,31.0922],[-85.3935,31.1088],[-85.4,31.1253],[-85.4067,31.1418],[-85.4139,31.1581],[-85.4213,31.1744],[-85.4291,31.1905],[-85.4372,31.2065],[-85.4456,31.2223],[-85.4543,31.2381],[-85.4634,31.2537],[-85.4728,31.2692],[-85.4825,31.2845],[-85.4925,31.2997],[-85.5028,31.3147],[-85.5134,31.3296],[-85.5243,31.3443],[-85.5355,31.3588],[-85.547,31.3732],[-85.5588,31.3874],[-85.5709,31.4014],[-85.5832,31.4152],[-85.5959,31.4289],[-85.6088,31.4424],[-85.622,31.4556],[-85.6354,31.4687],[-85.6491,31.4815],[-85.6631,31.4942],[-85.6773,31.5066],[-85.6918,31.5189],[-85.7066,31.5309],[-85.7215,31.5426],[-85.7367,31.5542],[-85.7522,31.5655],[-85.7678,31.5766],[-85.7837,31.5875],[-85.7998,31.5981],[-85.8162,31.6085],[-85.8327,31.6186],[-85.8494,31.6285],[-85.8664,31.6381],[-85.8835,31.6475],[-85.9008,31.6566],[-85.9183,31.6654],[-85.936,31.674],[-85.9538,31.6824],[-85.9718,31.6904],[-85.99,31.6982],[-86.0083,31.7057],[-86.0268,31.7129],[-86.0454,31.7199],[-86.0642,31.7266],[-86.0831,31.733],[-86.1021,31.7391],[-86.1212,31.7449],[-86.1405,31.7504],[-86.1599,31.7557],[-86.1793,31.7606],[-86.1989,31.7653],[-86.2185,31.7696],[-86.2383,31.7737],[-86.2581,31.7775],[-86.278,31.781],[-86.298,31.7841],[-86.318,31.787],[-86.3381,31.7896],[-86.3582,31.7919],[-86.3784,31.7939],[-86.3986,31.7955],[-86.4188,31.7969],[-86.4391,31.798],[-86.4594,31.7987],[-86.4797,31.7992],[-86.5,31.7993]]]},"properties":{"storm_name":"ISAIAS-26","fuente":"GDACS","alertlevel":"Orange","url":"https://www.gdacs.org/report.aspx?eventid=1001334&episodeid=14&eventtype=TC","paises":"United States","layer":"storm_track","kind":"wind_radii_forecast","wind_kt":34}},{"type":"Feature","geometry":{"type":"Polygon","coordinates":[[[-86.5,31.2997],[-86.5,31.1331],[-86.5068,31.1331],[-86.5135,31.1329],[-86.5203,31.1327],[-86.5271,31.1323],[-86.5338,31.1318],[-86.5405,31.1313],[-86.5473,31.1306],[-86.554,31.1299],[-86.5607,31.129],[-86.5673,31.128],[-86.574,31.127],[-86.5806,31.1258],[-86.5872,31.1246],[-86.5938,31.1232],[-86.6004,31.1218],[-86.6069,31.1202],[-86.6134,31.1186],[-86.6198,31.1168],[-86.6263,31.115],[-86.6326,31.113],[-86.639,31.111],[-86.6453,31.1089],[-86.6515,31.1066],[-86.6577,31.1043],[-86.6639,31.1019],[-86.67,31.0994],[-86.6761,31.0968],[-86.6821,31.0941],[-86.688,31.0913],[-86.6939,31.0885],[-86.6997,31.0855],[-86.7055,31.0825],[-86.7112,31.0794],[-86.7169,31.0762],[-86.7224,31.0729],[-86.7279,31.0695],[-86.7334,31.066],[-86.7388,31.0625],[-86.7441,31.0589],[-86.7493,31.0552],[-86.7544,31.0514],[-86.7595,31.0475],[-86.7645,31.0436],[-86.7694,31.0396],[-86.7742,31.0355],[-86.779,31.0314],[-86.7836,31.0272],[-86.7882,31.0229],[-86.7927,31.0185],[-86.7971,31.0141],[-86.8014,31.0096],[-86.8056,31.0051],[-86.8097,31.0005],[-86.8137,30.9958],[-86.8177,30.9911],[-86.8215,30.9863],[-86.8252,30.9814],[-86.8289,30.9765],[-86.8324,30.9716],[-86.8358,30.9666],[-86.8392,30.9615],[-86.8424,30.9564],[-86.8455,30.9512],[-86.8486,30.946],[-86.8515,30.9408],[-86.8543,30.9355],[-86.857,30.9302],[-86.8596,30.9248],[-86.862,30.9194],[-86.8644,30.9139],[-86.8667,30.9084],[-86.8688,30.9029],[-86.8709,30.8974],[-86.8728,30.8918],[-86.8746,30.8862],[-86.8763,30.8806],[-86.8779,30.8749],[-86.8793,30.8693],[-86.8807,30.8636],[-86.8819,30.8578],[-86.883,30.8521],[-86.884,30.8464],[-86.8849,30.8406],[-86.8857,30.8348],[-86.8863,30.829],[-86.8869,30.8232],[-86.8873,30.8174],[-86.8876,30.8116],[-86.8877,30.8058],[-86.8878,30.8],[-86.9848,30.8],[-86.9847,30.7927],[-86.9845,30.7855],[-86.9841,30.7782],[-86.9836,30.771],[-86.9829,30.7637],[-86.9821,30.7565],[-86.9811,30.7493],[-86.98,30.7421],[-86.9788,30.7349],[-86.9774,30.7277],[-86.9758,30.7205],[-86.9742,30.7134],[-86.9723,30.7063],[-86.9704,30.6993],[-86.9682,30.6922],[-86.966,30.6852],[-86.9636,30.6783],[-86.961,30.6713],[-86.9583,30.6644],[-86.9555,30.6576],[-86.9526,30.6508],[-86.9495,30.644],[-86.9462,30.6373],[-86.9428,30.6306],[-86.9393,30.624],[-86.9357,30.6175],[-86.9319,30.611],[-86.928,30.6045],[-86.924,30.5981],[-86.9198,30.5918],[-86.9155,30.5855],[-86.9111,30.5793],[-86.9066,30.5732],[-86.9019,30.5672],[-86.8971,30.5612],[-86.8922,30.5553],[-86.8871,30.5494],[-86.882,30.5436],[-86.8767,30.538],[-86.8713,30.5324],[-86.8659,30.5268],[-86.8602,30.5214],[-86.8545,30.516],[-86.8487,30.5108],[-86.8428,30.5056],[-86.8367,30.5005],[-86.8306,30.4955],[-86.8244,30.4906],[-86.818,30.4857],[-86.8116,30.481],[-86.8051,30.4764],[-86.7984,30.4719],[-86.7917,30.4675],[-86.7849,30.4631],[-86.778,30.4589],[-86.7711,30.4548],[-86.764,30.4508],[-86.7569,30.4469],[-86.7497,30.4431],[-86.7424,30.4394],[-86.735,30.4358],[-86.7276,30.4324],[-86.7201,30.429],[-86.7125,30.4258],[-86.7049,30.4226],[-86.6972,30.4196],[-86.6894,30.4167],[-86.6816,30.4139],[-86.6737,30.4113],[-86.6658,30.4087],[-86.6578,30.4063],[-86.6498,30.404],[-86.6417,30.4018],[-86.6336,30.3997],[-86.6255,30.3978],[-86.6173,30.396],[-86.609,30.3943],[-86.6008,30.3927],[-86.5925,30.3913],[-86.5842,30.3899],[-86.5758,30.3887],[-86.5675,30.3877],[-86.5591,30.3867],[-86.5507,30.3859],[-86.5422,30.3852],[-86.5338,30.3846],[-86.5254,30.3842],[-86.5169,30.3839],[-86.5085,30.3837],[-86.5,30.3836],[-86.5,30.3003],[-86.4898,30.3004],[-86.4797,30.3006],[-86.4696,30.301],[-86.4594,30.3016],[-86.4493,30.3022],[-86.4392,30.3031],[-86.4291,30.3041],[-86.419,30.3052],[-86.409,30.3065],[-86.399,30.3079],[-86.389,30.3095],[-86.3791,30.3113],[-86.3691,30.3131],[-86.3593,30.3152],[-86.3494,30.3174],[-86.3397,30.3197],[-86.3299,30.3222],[-86.3202,30.3248],[-86.3106,30.3276],[-86.301,30.3305],[-86.2915,30.3335],[-86.2821,30.3367],[-86.2727,30.3401],[-86.2634,30.3435],[-86.2542,30.3472],[-86.245,30.3509],[-86.2359,30.3548],[-86.2269,30.3588],[-86.218,30.363],[-86.2091,30.3673],[-86.2004,30.3717],[-86.1917,30.3763],[-86.1832,30.3809],[-86.1747,30.3858],[-86.1663,30.3907],[-86.1581,30.3958],[-86.1499,30.401],[-86.1419,30.4063],[-86.1339,30.4117],[-86.1261,30.4172],[-86.1184,30.4229],[-86.1108,30.4287],[-86.1033,30.4346],[-86.0959,30.4406],[-86.0887,30.4467],[-86.0816,30.4529],[-86.0746,30.4592],[-86.0677,30.4657],[-86.061,30.4722],[-86.0544,30.4788],[-86.0479,30.4856],[-86.0416,30.4924],[-86.0354,30.4993],[-86.0294,30.5063],[-86.0235,30.5134],[-86.0177,30.5206],[-86.0121,30.5279],[-86.0067,30.5352],[-86.0014,30.5427],[-85.9962,30.5502],[-85.9912,30.5578],[-85.9864,30.5654],[-85.9817,30.5732],[-85.9772,30.581],[-85.9728,30.5888],[-85.9686,30.5968],[-85.9645,30.6048],[-85.9607,30.6128],[-85.9569,30.6209],[-85.9534,30.6291],[-85.95,30.6373],[-85.9468,30.6456],[-85.9437,30.6539],[-85.9408,30.6623],[-85.9381,30.6707],[-85.9356,30.6791],[-85.9332,30.6876],[-85.931,30.6961],[-85.929,30.7047],[-85.9271,30.7132],[-85.9255,30.7218],[-85.924,30.7305],[-85.9226,30.7391],[-85.9215,30.7478],[-85.9205,30.7565],[-85.9197,30.7651],[-85.9191,30.7738],[-85.9186,30.7826],[-85.9184,30.7913],[-85.9183,30.8],[-85.9183,30.8],[-85.9184,30.8087],[-85.9186,30.8174],[-85.9191,30.8262],[-85.9197,30.8349],[-85.9205,30.8435],[-85.9215,30.8522],[-85.9226,30.8609],[-85.924,30.8695],[-85.9255,30.8782],[-85.9271,30.8868],[-85.929,30.8953],[-85.931,30.9039],[-85.9332,30.9124],[-85.9356,30.9209],[-85.9381,30.9293],[-85.9408,30.9377],[-85.9437,30.9461],[-85.9468,30.9544],[-85.95,30.9627],[-85.9534,30.9709],[-85.9569,30.9791],[-85.9607,30.9872],[-85.9645,30.9952],[-85.9686,31.0032],[-85.9728,31.0112],[-85.9772,31.019],[-85.9817,31.0268],[-85.9864,31.0346],[-85.9912,31.0422],[-85.9962,31.0498],[-86.0014,31.0573],[-86.0067,31.0648],[-86.0121,31.0721],[-86.0177,31.0794],[-86.0235,31.0866],[-86.0294,31.0937],[-86.0354,31.1007],[-86.0416,31.1076],[-86.0479,31.1144],[-86.0544,31.1212],[-86.061,31.1278],[-86.0677,31.1343],[-86.0746,31.1408],[-86.0816,31.1471],[-86.0887,31.1533],[-86.0959,31.1594],[-86.1033,31.1654],[-86.1108,31.1713],[-86.1184,31.1771],[-86.1261,31.1828],[-86.1339,31.1883],[-86.1419,31.1937],[-86.1499,31.199],[-86.1581,31.2042],[-86.1663,31.2093],[-86.1747,31.2142],[-86.1832,31.2191],[-86.1917,31.2237],[-86.2004,31.2283],[-86.2091,31.2327],[-86.218,31.237],[-86.2269,31.2412],[-86.2359,31.2452],[-86.245,31.2491],[-86.2542,31.2528],[-86.2634,31.2565],[-86.2727,31.2599],[-86.2821,31.2633],[-86.2915,31.2665],[-86.301,31.2695],[-86.3106,31.2724],[-86.3202,31.2752],[-86.3299,31.2778],[-86.3397,31.2803],[-86.3494,31.2826],[-86.3593,31.2848],[-86.3691,31.2869],[-86.3791,31.2887],[-86.389,31.2905],[-86.399,31.2921],[-86.409,31.2935],[-86.419,31.2948],[-86.4291,31.2959],[-86.4392,31.2969],[-86.4493,31.2978],[-86.4594,31.2984],[-86.4696,31.299],[-86.4797,31.2994],[-86.4898,31.2996],[-86.5,31.2997]]]},"properties":{"storm_name":"ISAIAS-26","fuente":"GDACS","alertlevel":"Orange","url":"https://www.gdacs.org/report.aspx?eventid=1001334&episodeid=14&eventtype=TC","paises":"United States","layer":"storm_track","kind":"wind_radii_forecast","wind_kt":34}},{"type":"Feature","geometry":{"type":"Polygon","coordinates":[[[-86.7,33.5328],[-86.7,33.3662],[-86.7138,33.3661],[-86.7276,33.3658],[-86.7414,33.3653],[-86.7552,33.3646],[-86.769,33.3637],[-86.7828,33.3626],[-86.7965,33.3613],[-86.8102,33.3597],[-86.8238,33.358],[-86.8375,33.3561],[-86.8511,33.354],[-86.8646,33.3517],[-86.8781,33.3491],[-86.8915,33.3464],[-86.9049,33.3435],[-86.9182,33.3404],[-86.9315,33.3371],[-86.9446,33.3336],[-86.9577,33.3299],[-86.9708,33.326],[-86.9837,33.322],[-86.9966,33.3177],[-87.0093,33.3133],[-87.022,33.3086],[-87.0346,33.3038],[-87.0471,33.2988],[-87.0594,33.2936],[-87.0717,33.2882],[-87.0838,33.2827],[-87.0958,33.277],[-87.1078,33.2711],[-87.1195,33.265],[-87.1312,33.2587],[-87.1427,33.2523],[-87.1541,33.2457],[-87.1653,33.239],[-87.1765,33.2321],[-87.1874,33.225],[-87.1982,33.2177],[-87.2089,33.2104],[-87.2194,33.2028],[-87.2297,33.1951],[-87.2399,33.1872],[-87.25,33.1792],[-87.2598,33.1711],[-87.2695,33.1628],[-87.279,33.1544],[-87.2883,33.1458],[-87.2975,33.1371],[-87.3065,33.1282],[-87.3153,33.1193],[-87.3239,33.1102],[-87.3323,33.1009],[-87.3405,33.0916],[-87.3485,33.0821],[-87.3563,33.0725],[-87.364,33.0628],[-87.3714,33.053],[-87.3786,33.0431],[-87.3856,33.0331],[-87.3924,33.023],[-87.399,33.0128],[-87.4054,33.0025],[-87.4116,32.9921],[-87.4175,32.9816],[-87.4232,32.971],[-87.4288,32.9603],[-87.434,32.9496],[-87.4391,32.9388],[-87.4439,32.9279],[-87.4486,32.9169],[-87.4529,32.9059],[-87.4571,32.8948],[-87.461,32.8836],[-87.4647,32.8724],[-87.4682,32.8612],[-87.4714,32.8499],[-87.4744,32.8385],[-87.4771,32.8271],[-87.4797,32.8157],[-87.4819,32.8042],[-87.484,32.7927],[-87.4858,32.7812],[-87.4874,32.7696],[-87.4887,32.7581],[-87.4898,32.7465],[-87.4906,32.7349],[-87.4912,32.7233],[-87.4916,32.7116],[-87.4917,32.7],[-87.2938,32.7],[-87.2937,32.6913],[-87.2934,32.6826],[-87.293,32.6738],[-87.2923,32.6651],[-87.2915,32.6565],[-87.2905,32.6478],[-87.2893,32.6391],[-87.288,32.6305],[-87.2865,32.6218],[-87.2847,32.6132],[-87.2829,32.6047],[-87.2808,32.5961],[-87.2786,32.5876],[-87.2761,32.5791],[-87.2735,32.5707],[-87.2708,32.5623],[-87.2678,32.5539],[-87.2647,32.5456],[-87.2614,32.5373],[-87.258,32.5291],[-87.2543,32.5209],[-87.2505,32.5128],[-87.2466,32.5048],[-87.2424,32.4968],[-87.2381,32.4888],[-87.2337,32.481],[-87.2291,32.4732],[-87.2243,32.4654],[-87.2193,32.4578],[-87.2142,32.4502],[-87.209,32.4427],[-87.2035,32.4352],[-87.198,32.4279],[-87.1923,32.4206],[-87.1864,32.4134],[-87.1804,32.4063],[-87.1742,32.3993],[-87.1679,32.3924],[-87.1614,32.3856],[-87.1549,32.3788],[-87.1481,32.3722],[-87.1413,32.3657],[-87.1343,32.3592],[-87.1271,32.3529],[-87.1199,32.3467],[-87.1125,32.3406],[-87.1049,32.3346],[-87.0973,32.3287],[-87.0895,32.3229],[-87.0817,32.3172],[-87.0737,32.3117],[-87.0656,32.3063],[-87.0573,32.301],[-87.049,32.2958],[-87.0406,32.2907],[-87.032,32.2858],[-87.0234,32.2809],[-87.0146,32.2763],[-87.0058,32.2717],[-86.9969,32.2673],[-86.9879,32.263],[-86.9788,32.2588],[-86.9696,32.2548],[-86.9603,32.2509],[-86.9509,32.2472],[-86.9415,32.2435],[-86.932,32.2401],[-86.9224,32.2367],[-86.9128,32.2335],[-86.9031,32.2305],[-86.8933,32.2276],[-86.8835,32.2248],[-86.8736,32.2222],[-86.8637,32.2197],[-86.8537,32.2174],[-86.8436,32.2152],[-86.8336,32.2131],[-86.8235,32.2113],[-86.8133,32.2095],[-86.8031,32.2079],[-86.7929,32.2065],[-86.7826,32.2052],[-86.7724,32.2041],[-86.7621,32.2031],[-86.7518,32.2022],[-86.7414,32.2016],[-86.7311,32.201],[-86.7207,32.2006],[-86.7104,32.2004],[-86.7,32.2003],[-86.7,31.7007],[-86.6793,31.7008],[-86.6586,31.7013],[-86.6378,31.702],[-86.6172,31.7031],[-86.5965,31.7045],[-86.5759,31.7061],[-86.5553,31.7081],[-86.5347,31.7104],[-86.5142,31.713],[-86.4938,31.7159],[-86.4734,31.719],[-86.4531,31.7225],[-86.4329,31.7263],[-86.4127,31.7304],[-86.3926,31.7347],[-86.3727,31.7394],[-86.3528,31.7443],[-86.333,31.7496],[-86.3134,31.7551],[-86.2938,31.7609],[-86.2744,31.767],[-86.2551,31.7734],[-86.236,31.7801],[-86.217,31.7871],[-86.1981,31.7943],[-86.1794,31.8018],[-86.1609,31.8096],[-86.1425,31.8176],[-86.1243,31.826],[-86.1062,31.8346],[-86.0884,31.8434],[-86.0707,31.8525],[-86.0532,31.8619],[-86.0359,31.8715],[-86.0189,31.8814],[-86.002,31.8915],[-85.9853,31.9019],[-85.9689,31.9125],[-85.9527,31.9234],[-85.9367,31.9345],[-85.9209,31.9458],[-85.9054,31.9574],[-85.8901,31.9691],[-85.8751,31.9811],[-85.8603,31.9934],[-85.8458,32.0058],[-85.8315,32.0185],[-85.8175,32.0313],[-85.8038,32.0444],[-85.7903,32.0576],[-85.7771,32.0711],[-85.7642,32.0848],[-85.7516,32.0986],[-85.7393,32.1126],[-85.7272,32.1268],[-85.7155,32.1412],[-85.704,32.1557],[-85.6929,32.1704],[-85.6821,32.1853],[-85.6716,32.2003],[-85.6614,32.2155],[-85.6515,32.2308],[-85.6419,32.2463],[-85.6326,32.2619],[-85.6237,32.2777],[-85.6151,32.2935],[-85.6069,32.3095],[-85.5989,32.3256],[-85.5913,32.3419],[-85.5841,32.3582],[-85.5772,32.3747],[-85.5706,32.3912],[-85.5644,32.4078],[-85.5585,32.4245],[-85.5529,32.4414],[-85.5477,32.4582],[-85.5429,32.4752],[-85.5384,32.4922],[-85.5343,32.5093],[-85.5305,32.5265],[-85.5271,32.5437],[-85.524,32.5609],[-85.5213,32.5782],[-85.519,32.5955],[-85.517,32.6129],[-85.5154,32.6303],[-85.5141,32.6477],[-85.5132,32.6651],[-85.5126,32.6826],[-85.5125,32.7],[-85.7104,32.7],[-85.7105,32.7145],[-85.711,32.7291],[-85.7117,32.7436],[-85.7128,32.7581],[-85.7142,32.7726],[-85.7158,32.787],[-85.7178,32.8015],[-85.72,32.8159],[-85.7226,32.8303],[-85.7254,32.8446],[-85.7286,32.8589],[-85.732,32.8731],[-85.7357,32.8873],[-85.7398,32.9015],[-85.7441,32.9155],[-85.7487,32.9295],[-85.7536,32.9435],[-85.7588,32.9573],[-85.7643,32.9711],[-85.7701,32.9848],[-85.7761,32.9984],[-85.7824,33.012],[-85.7891,33.0254],[-85.7959,33.0387],[-85.8031,33.0519],[-85.8105,33.0651],[-85.8182,33.0781],[-85.8262,33.091],[-85.8345,33.1037],[-85.843,33.1164],[-85.8517,33.1289],[-85.8608,33.1413],[-85.87,33.1536],[-85.8796,33.1657],[-85.8894,33.1777],[-85.8994,33.1895],[-85.9097,33.2012],[-85.9202,33.2127],[-85.9309,33.2241],[-85.9419,33.2353],[-85.9531,33.2463],[-85.9646,33.2572],[-85.9762,33.2679],[-85.9881,33.2785],[-86.0002,33.2889],[-86.0126,33.299],[-86.0251,33.3091],[-86.0378,33.3189],[-86.0508,33.3285],[-86.0639,33.3379],[-86.0772,33.3472],[-86.0907,33.3562],[-86.1044,33.3651],[-86.1183,33.3737],[-86.1324,33.3822],[-86.1466,33.3904],[-86.161,33.3984],[-86.1756,33.4062],[-86.1903,33.4138],[-86.2052,33.4212],[-86.2202,33.4284],[-86.2354,33.4353],[-86.2507,33.442],[-86.2662,33.4485],[-86.2818,33.4547],[-86.2975,33.4608],[-86.3133,33.4666],[-86.3293,33.4721],[-86.3454,33.4775],[-86.3615,33.4825],[-86.3778,33.4874],[-86.3942,33.492],[-86.4107,33.4964],[-86.4272,33.5005],[-86.4439,33.5044],[-86.4606,33.508],[-86.4774,33.5114],[-86.4942,33.5146],[-86.5112,33.5175],[-86.5282,33.5201],[-86.5452,33.5225],[-86.5623,33.5247],[-86.5794,33.5266],[-86.5966,33.5282],[-86.6137,33.5296],[-86.631,33.5307],[-86.6482,33.5316],[-86.6655,33.5323],[-86.6827,33.5326],[-86.7,33.5328]]]},"properties":{"storm_name":"ISAIAS-26","fuente":"GDACS","alertlevel":"Orange","url":"https://www.gdacs.org/report.aspx?eventid=1001334&episodeid=14&eventtype=TC","paises":"United States","layer":"storm_track","kind":"wind_radii_forecast","wind_kt":34}},{"type":"Feature","geometry":{"type":"Polygon","coordinates":[[[-86.7,33.0331],[-86.7,32.7],[-86.7,32.7],[-86.7,32.7],[-86.7,32.7],[-86.7,32.7],[-86.7,32.7],[-86.7,32.7],[-86.7,32.7],[-86.7,32.7],[-86.7,32.7],[-86.7,32.7],[-86.7,32.7],[-86.7,32.7],[-86.7,32.7],[-86.7,32.7],[-86.7,32.7],[-86.7,32.7],[-86.7,32.7],[-86.7,32.7],[-86.7,32.7],[-86.7,32.7],[-86.7,32.7],[-86.7,32.7],[-86.7,32.7],[-86.7,32.7],[-86.7,32.7],[-86.7,32.7],[-86.7,32.7],[-86.7,32.7],[-86.7,32.7],[-86.7,32.7],[-86.7,32.7],[-86.7,32.7],[-86.7,32.7],[-86.7,32.7],[-86.7,32.7],[-86.7,32.7],[-86.7,32.7],[-86.7,32.7],[-86.7,32.7],[-86.7,32.7],[-86.7,32.7],[-86.7,32.7],[-86.7,32.7],[-86.7,32.7],[-86.7,32.7],[-86.7,32.7],[-86.7,32.7],[-86.7,32.7],[-86.7,32.7],[-86.7,32.7],[-86.7,32.7],[-86.7,32.7],[-86.7,32.7],[-86.7,32.7],[-86.7,32.7],[-86.7,32.7],[-86.7,32.7],[-86.7,32.7],[-86.7,32.7],[-86.7,32.7],[-86.7,32.7],[-86.7,32.7],[-86.7,32.7],[-86.7,32.7],[-86.7,32.7],[-86.7,32.7],[-86.7,32.7],[-86.7,32.7],[-86.7,32.7],[-86.7,32.7],[-86.7,32.7],[-86.7,32.7],[-86.7,32.7],[-86.7,32.7],[-86.7,32.7],[-86.7,32.7],[-86.7,32.7],[-86.7,32.7],[-86.7,32.7],[-86.7,32.7],[-86.7,32.7],[-86.7,32.7],[-86.7,32.7],[-86.7,32.7],[-86.7,32.7],[-86.7,32.7],[-86.7,32.7],[-86.7,32.7],[-86.7,32.7],[-86.7,32.7],[-86.7,32.7],[-86.7,32.7],[-86.7,32.7],[-86.7,32.7],[-86.7,32.7],[-86.7,32.7],[-86.7,32.7],[-86.7,32.7],[-86.7,32.7],[-86.7,32.7],[-86.7,32.7],[-86.7,32.7],[-86.7,32.7],[-86.7,32.7],[-86.7,32.7],[-86.7,32.7],[-86.7,32.7],[-86.7,32.7],[-86.7,32.7],[-86.7,32.7],[-86.7,32.7],[-86.7,32.7],[-86.7,32.7],[-86.7,32.7],[-86.7,32.7],[-86.7,32.7],[-86.7,32.7],[-86.7,32.7],[-86.7,32.7],[-86.7,32.7],[-86.7,32.7],[-86.7,32.7],[-86.7,32.7],[-86.7,32.7],[-86.7,32.7],[-86.7,32.7],[-86.7,32.7],[-86.7,32.7],[-86.7,32.7],[-86.7,32.7],[-86.7,32.7],[-86.7,32.7],[-86.7,32.7],[-86.7,32.7],[-86.7,32.7],[-86.7,32.7],[-86.7,32.7],[-86.7,32.7],[-86.7,32.7],[-86.7,32.7],[-86.7,32.7],[-86.7,32.7],[-86.7,32.7],[-86.7,32.7],[-86.7,32.7],[-86.7,32.7],[-86.7,32.7],[-86.7,32.7],[-86.7,32.7],[-86.7,32.7],[-86.7,32.7],[-86.7,32.7],[-86.7,32.7],[-86.7,32.7],[-86.7,32.7],[-86.7,32.7],[-86.7,32.7],[-86.7,32.7],[-86.7,32.7],[-86.7,32.7],[-86.7,32.7],[-86.7,32.7],[-86.7,32.7],[-86.7,32.7],[-86.7,32.7],[-86.7,32.7],[-86.7,32.7],[-86.7,32.7],[-86.7,32.7],[-86.7,32.7],[-86.7,32.7],[-86.7,32.7],[-86.7,32.7],[-86.7,32.7],[-86.7,32.7],[-86.7,32.7],[-86.7,32.7],[-86.7,32.7],[-86.7,32.7],[-86.7,32.7],[-86.7,32.7],[-86.7,32.2003],[-86.6896,32.2004],[-86.6793,32.2006],[-86.6689,32.201],[-86.6586,32.2016],[-86.6482,32.2022],[-86.6379,32.2031],[-86.6276,32.2041],[-86.6174,32.2052],[-86.6071,32.2065],[-86.5969,32.2079],[-86.5867,32.2095],[-86.5765,32.2113],[-86.5664,32.2131],[-86.5564,32.2152],[-86.5463,32.2174],[-86.5363,32.2197],[-86.5264,32.2222],[-86.5165,32.2248],[-86.5067,32.2276],[-86.4969,32.2305],[-86.4872,32.2335],[-86.4776,32.2367],[-86.468,32.2401],[-86.4585,32.2435],[-86.4491,32.2472],[-86.4397,32.2509],[-86.4304,32.2548],[-86.4212,32.2588],[-86.4121,32.263],[-86.4031,32.2673],[-86.3942,32.2717],[-86.3854,32.2763],[-86.3766,32.2809],[-86.368,32.2858],[-86.3594,32.2907],[-86.351,32.2958],[-86.3427,32.301],[-86.3344,32.3063],[-86.3263,32.3117],[-86.3183,32.3172],[-86.3105,32.3229],[-86.3027,32.3287],[-86.2951,32.3346],[-86.2875,32.3406],[-86.2801,32.3467],[-86.2729,32.3529],[-86.2657,32.3592],[-86.2587,32.3657],[-86.2519,32.3722],[-86.2451,32.3788],[-86.2386,32.3856],[-86.2321,32.3924],[-86.2258,32.3993],[-86.2196,32.4063],[-86.2136,32.4134],[-86.2077,32.4206],[-86.202,32.4279],[-86.1965,32.4352],[-86.191,32.4427],[-86.1858,32.4502],[-86.1807,32.4578],[-86.1757,32.4654],[-86.1709,32.4732],[-86.1663,32.481],[-86.1619,32.4888],[-86.1576,32.4968],[-86.1534,32.5048],[-86.1495,32.5128],[-86.1457,32.5209],[-86.142,32.5291],[-86.1386,32.5373],[-86.1353,32.5456],[-86.1322,32.5539],[-86.1292,32.5623],[-86.1265,32.5707],[-86.1239,32.5791],[-86.1214,32.5876],[-86.1192,32.5961],[-86.1171,32.6047],[-86.1153,32.6132],[-86.1135,32.6218],[-86.112,32.6305],[-86.1107,32.6391],[-86.1095,32.6478],[-86.1085,32.6565],[-86.1077,32.6651],[-86.107,32.6738],[-86.1066,32.6826],[-86.1063,32.6913],[-86.1062,32.7],[-86.3042,32.7],[-86.3042,32.7058],[-86.3044,32.7116],[-86.3047,32.7174],[-86.3051,32.7232],[-86.3057,32.729],[-86.3063,32.7348],[-86.3071,32.7406],[-86.308,32.7464],[-86.309,32.7521],[-86.3102,32.7578],[-86.3114,32.7636],[-86.3128,32.7693],[-86.3143,32.7749],[-86.3159,32.7806],[-86.3176,32.7862],[-86.3195,32.7918],[-86.3215,32.7974],[-86.3235,32.8029],[-86.3257,32.8084],[-86.328,32.8139],[-86.3304,32.8194],[-86.333,32.8248],[-86.3356,32.8302],[-86.3384,32.8355],[-86.3412,32.8408],[-86.3442,32.846],[-86.3473,32.8512],[-86.3505,32.8564],[-86.3538,32.8615],[-86.3572,32.8666],[-86.3607,32.8716],[-86.3643,32.8765],[-86.368,32.8814],[-86.3718,32.8863],[-86.3757,32.8911],[-86.3798,32.8958],[-86.3839,32.9005],[-86.3881,32.9051],[-86.3924,32.9096],[-86.3968,32.9141],[-86.4013,32.9185],[-86.4058,32.9229],[-86.4105,32.9272],[-86.4153,32.9314],[-86.4201,32.9355],[-86.425,32.9396],[-86.43,32.9436],[-86.4351,32.9475],[-86.4403,32.9514],[-86.4456,32.9552],[-86.4509,32.9589],[-86.4563,32.9625],[-86.4618,32.966],[-86.4673,32.9695],[-86.473,32.9729],[-86.4786,32.9762],[-86.4844,32.9794],[-86.4902,32.9825],[-86.4961,32.9855],[-86.5021,32.9885],[-86.5081,32.9913],[-86.5142,32.9941],[-86.5203,32.9968],[-86.5265,32.9994],[-86.5327,33.0019],[-86.539,33.0043],[-86.5453,33.0066],[-86.5517,33.0089],[-86.5581,33.011],[-86.5646,33.013],[-86.5711,33.015],[-86.5777,33.0168],[-86.5843,33.0186],[-86.5909,33.0202],[-86.5975,33.0218],[-86.6042,33.0232],[-86.611,33.0246],[-86.6177,33.0258],[-86.6245,33.027],[-86.6313,33.028],[-86.6381,33.029],[-86.6449,33.0299],[-86.6518,33.0306],[-86.6586,33.0313],[-86.6655,33.0318],[-86.6724,33.0323],[-86.6793,33.0327],[-86.6862,33.0329],[-86.6931,33.0331],[-86.7,33.0331]]]},"properties":{"storm_name":"ISAIAS-26","fuente":"GDACS","alertlevel":"Orange","url":"https://www.gdacs.org/report.aspx?eventid=1001334&episodeid=14&eventtype=TC","paises":"United States","layer":"storm_track","kind":"wind_radii_forecast","wind_kt":34}},{"type":"Feature","geometry":{"type":"Polygon","coordinates":[[[-86.7,32.7],[-86.7,32.7],[-86.7,32.7],[-86.7,32.7],[-86.7,32.7],[-86.7,32.7],[-86.7,32.7],[-86.7,32.7],[-86.7,32.7],[-86.7,32.7],[-86.7,32.7],[-86.7,32.7],[-86.7,32.7],[-86.7,32.7],[-86.7,32.7],[-86.7,32.7],[-86.7,32.7],[-86.7,32.7],[-86.7,32.7],[-86.7,32.7],[-86.7,32.7],[-86.7,32.7],[-86.7,32.7],[-86.7,32.7],[-86.7,32.7],[-86.7,32.7],[-86.7,32.7],[-86.7,32.7],[-86.7,32.7],[-86.7,32.7],[-86.7,32.7],[-86.7,32.7],[-86.7,32.7],[-86.7,32.7],[-86.7,32.7],[-86.7,32.7],[-86.7,32.7],[-86.7,32.7],[-86.7,32.7],[-86.7,32.7],[-86.7,32.7],[-86.7,32.7],[-86.7,32.7],[-86.7,32.7],[-86.7,32.7],[-86.7,32.7],[-86.7,32.7],[-86.7,32.7],[-86.7,32.7],[-86.7,32.7],[-86.7,32.7],[-86.7,32.7],[-86.7,32.7],[-86.7,32.7],[-86.7,32.7],[-86.7,32.7],[-86.7,32.7],[-86.7,32.7],[-86.7,32.7],[-86.7,32.7],[-86.7,32.7],[-86.7,32.7],[-86.7,32.7],[-86.7,32.7],[-86.7,32.7],[-86.7,32.7],[-86.7,32.7],[-86.7,32.7],[-86.7,32.7],[-86.7,32.7],[-86.7,32.7],[-86.7,32.7],[-86.7,32.7],[-86.7,32.7],[-86.7,32.7],[-86.7,32.7],[-86.7,32.7],[-86.7,32.7],[-86.7,32.7],[-86.7,32.7],[-86.7,32.7],[-86.7,32.7],[-86.7,32.7],[-86.7,32.7],[-86.7,32.7],[-86.7,32.7],[-86.7,32.7],[-86.7,32.7],[-86.7,32.7],[-86.7,32.7],[-86.7,32.7],[-86.7,32.7],[-86.7,32.7],[-86.7,32.7],[-86.7,32.7],[-86.7,32.7],[-86.7,32.7],[-86.7,32.7],[-86.7,32.7],[-86.7,32.7],[-86.7,32.7],[-86.7,32.7],[-86.7,32.7],[-86.7,32.7],[-86.7,32.7],[-86.7,32.7],[-86.7,32.7],[-86.7,32.7],[-86.7,32.7],[-86.7,32.7],[-86.7,32.7],[-86.7,32.7],[-86.7,32.7],[-86.7,32.7],[-86.7,32.7],[-86.7,32.7],[-86.7,32.7],[-86.7,32.7],[-86.7,32.7],[-86.7,32.7],[-86.7,32.7],[-86.7,32.7],[-86.7,32.7],[-86.7,32.7],[-86.7,32.7],[-86.7,32.7],[-86.7,32.7],[-86.7,32.7],[-86.7,32.7],[-86.7,32.7],[-86.7,32.7],[-86.7,32.7],[-86.7,32.7],[-86.7,32.7],[-86.7,32.7],[-86.7,32.7],[-86.7,32.7],[-86.7,32.7],[-86.7,32.7],[-86.7,32.7],[-86.7,32.7],[-86.7,32.7],[-86.7,32.7],[-86.7,32.7],[-86.7,32.7],[-86.7,32.7],[-86.7,32.7],[-86.7,32.7],[-86.7,32.7],[-86.7,32.7],[-86.7,32.7],[-86.7,32.7],[-86.7,32.7],[-86.7,32.7],[-86.7,32.7],[-86.7,32.7],[-86.7,32.7],[-86.7,32.7],[-86.7,32.7],[-86.7,32.7],[-86.7,32.7],[-86.7,32.7],[-86.7,32.7],[-86.7,32.7],[-86.7,32.7],[-86.7,32.7],[-86.7,32.7],[-86.7,32.7],[-86.7,32.7],[-86.7,32.7],[-86.7,32.7],[-86.7,32.7],[-86.7,32.7],[-86.7,32.7],[-86.7,32.7],[-86.7,32.7],[-86.7,32.7],[-86.7,32.7],[-86.7,32.7],[-86.7,32.7],[-86.7,32.7],[-86.7,32.7],[-86.7,32.7],[-86.7,32.7],[-86.7,32.7],[-86.7,32.7],[-86.7,32.7],[-86.7,32.7],[-86.7,32.7],[-86.7,32.7],[-86.7,32.7],[-86.7,32.7],[-86.7,32.7],[-86.7,32.7],[-86.7,32.7],[-86.7,32.7],[-86.7,32.7],[-86.7,32.7],[-86.7,32.7],[-86.7,32.7],[-86.7,32.7],[-86.7,32.7],[-86.7,32.7],[-86.7,32.7],[-86.7,32.7],[-86.7,32.7],[-86.7,32.7],[-86.7,32.7],[-86.7,32.7],[-86.7,32.7],[-86.7,32.7],[-86.7,32.7],[-86.7,32.7],[-86.7,32.7],[-86.7,32.7],[-86.7,32.7],[-86.7,32.7],[-86.7,32.7],[-86.7,32.7],[-86.7,32.7],[-86.7,32.7],[-86.7,32.7],[-86.7,32.7],[-86.7,32.7],[-86.7,32.7],[-86.7,32.7],[-86.7,32.7],[-86.7,32.7],[-86.7,32.7],[-86.7,32.7],[-86.7,32.7],[-86.7,32.7],[-86.7,32.7],[-86.7,32.7],[-86.7,32.7],[-86.7,32.7],[-86.7,32.7],[-86.7,32.7],[-86.7,32.7],[-86.7,32.7],[-86.7,32.7],[-86.7,32.7],[-86.7,32.7],[-86.7,32.7],[-86.7,32.7],[-86.7,32.7],[-86.7,32.7],[-86.7,32.7],[-86.7,32.7],[-86.7,32.7],[-86.7,32.7],[-86.7,32.7],[-86.7,32.7],[-86.7,32.7],[-86.7,32.7],[-86.7,32.7],[-86.7,32.7],[-86.7,32.7],[-86.7,32.7],[-86.7,32.7],[-86.7,32.7],[-86.7,32.7],[-86.7,32.7],[-86.7,32.7],[-86.7,32.7],[-86.7,32.7],[-86.7,32.7],[-86.7,32.7],[-86.7,32.7],[-86.7,32.7],[-86.7,32.7],[-86.7,32.7],[-86.7,32.7],[-86.7,32.7],[-86.7,32.7],[-86.7,32.7],[-86.7,32.7],[-86.7,32.7],[-86.7,32.7],[-86.7,32.7],[-86.7,32.7],[-86.7,32.7],[-86.7,32.7],[-86.7,32.7],[-86.7,32.7],[-86.7,32.7],[-86.7,32.7],[-86.7,32.7],[-86.7,32.7],[-86.7,32.7],[-86.7,32.7],[-86.7,32.7],[-86.7,32.7],[-86.7,32.7],[-86.7,32.7],[-86.7,32.7],[-86.7,32.7],[-86.7,32.7],[-86.7,32.7],[-86.7,32.7],[-86.7,32.7],[-86.7,32.7],[-86.7,32.7],[-86.7,32.7],[-86.7,32.7],[-86.7,32.7],[-86.7,32.7],[-86.7,32.7],[-86.7,32.7],[-86.7,32.7],[-86.7,32.7],[-86.7,32.7],[-86.7,32.7],[-86.7,32.7],[-86.7,32.7],[-86.7,32.7],[-86.7,32.7],[-86.7,32.7],[-86.7,32.7],[-86.7,32.7],[-86.7,32.7],[-86.7,32.7],[-86.7,32.7],[-86.7,32.7],[-86.7,32.7],[-86.7,32.7],[-86.7,32.7],[-86.7,32.7],[-86.7,32.7],[-86.7,32.7],[-86.7,32.7],[-86.7,32.7],[-86.7,32.7],[-86.7,32.7],[-86.7,32.7],[-86.7,32.7],[-86.7,32.7],[-86.7,32.7],[-86.7,32.7],[-86.7,32.7],[-86.7,32.7],[-86.7,32.7],[-86.7,32.7],[-86.7,32.7],[-86.7,32.7],[-86.7,32.7],[-86.7,32.7],[-86.7,32.7],[-86.7,32.7],[-86.7,32.7],[-86.7,32.7],[-86.7,32.7],[-86.7,32.7],[-86.7,32.7],[-86.7,32.7],[-86.7,32.7],[-86.7,32.7],[-86.7,32.7],[-86.7,32.7],[-86.7,32.7],[-86.7,32.7],[-86.7,32.7],[-86.7,32.7],[-86.7,32.7],[-86.7,32.7]]]},"properties":{"storm_name":"ISAIAS-26","fuente":"GDACS","alertlevel":"Orange","url":"https://www.gdacs.org/report.aspx?eventid=1001334&episodeid=14&eventtype=TC","paises":"United States","layer":"storm_track","kind":"wind_radii_forecast","wind_kt":34}},{"type":"Feature","geometry":{"type":"Polygon","coordinates":[[[-86.7,34.7],[-86.7,34.7],[-86.7,34.7],[-86.7,34.7],[-86.7,34.7],[-86.7,34.7],[-86.7,34.7],[-86.7,34.7],[-86.7,34.7],[-86.7,34.7],[-86.7,34.7],[-86.7,34.7],[-86.7,34.7],[-86.7,34.7],[-86.7,34.7],[-86.7,34.7],[-86.7,34.7],[-86.7,34.7],[-86.7,34.7],[-86.7,34.7],[-86.7,34.7],[-86.7,34.7],[-86.7,34.7],[-86.7,34.7],[-86.7,34.7],[-86.7,34.7],[-86.7,34.7],[-86.7,34.7],[-86.7,34.7],[-86.7,34.7],[-86.7,34.7],[-86.7,34.7],[-86.7,34.7],[-86.7,34.7],[-86.7,34.7],[-86.7,34.7],[-86.7,34.7],[-86.7,34.7],[-86.7,34.7],[-86.7,34.7],[-86.7,34.7],[-86.7,34.7],[-86.7,34.7],[-86.7,34.7],[-86.7,34.7],[-86.7,34.7],[-86.7,34.7],[-86.7,34.7],[-86.7,34.7],[-86.7,34.7],[-86.7,34.7],[-86.7,34.7],[-86.7,34.7],[-86.7,34.7],[-86.7,34.7],[-86.7,34.7],[-86.7,34.7],[-86.7,34.7],[-86.7,34.7],[-86.7,34.7],[-86.7,34.7],[-86.7,34.7],[-86.7,34.7],[-86.7,34.7],[-86.7,34.7],[-86.7,34.7],[-86.7,34.7],[-86.7,34.7],[-86.7,34.7],[-86.7,34.7],[-86.7,34.7],[-86.7,34.7],[-86.7,34.7],[-86.7,34.7],[-86.7,34.7],[-86.7,34.7],[-86.7,34.7],[-86.7,34.7],[-86.7,34.7],[-86.7,34.7],[-86.7,34.7],[-86.7,34.7],[-86.7,34.7],[-86.7,34.7],[-86.7,34.7],[-86.7,34.7],[-86.7,34.7],[-86.7,34.7],[-86.7,34.7],[-86.7,34.7],[-86.7,34.7],[-86.7,34.7],[-86.7,34.7],[-86.7,34.7],[-86.7,34.7],[-86.7,34.7],[-86.7,34.7],[-86.7,34.7],[-86.7,34.7],[-86.7,34.7],[-86.7,34.7],[-86.7,34.7],[-86.7,34.7],[-86.7,34.7],[-86.7,34.7],[-86.7,34.7],[-86.7,34.7],[-86.7,34.7],[-86.7,34.7],[-86.7,34.7],[-86.7,34.7],[-86.7,34.7],[-86.7,34.7],[-86.7,34.7],[-86.7,34.7],[-86.7,34.7],[-86.7,34.7],[-86.7,34.7],[-86.7,34.7],[-86.7,34.7],[-86.7,34.7],[-86.7,34.7],[-86.7,34.7],[-86.7,34.7],[-86.7,34.7],[-86.7,34.7],[-86.7,34.7],[-86.7,34.7],[-86.7,34.7],[-86.7,34.7],[-86.7,34.7],[-86.7,34.7],[-86.7,34.7],[-86.7,34.7],[-86.7,34.7],[-86.7,34.7],[-86.7,34.7],[-86.7,34.7],[-86.7,34.7],[-86.7,34.7],[-86.7,34.7],[-86.7,34.7],[-86.7,34.7],[-86.7,34.7],[-86.7,34.7],[-86.7,34.7],[-86.7,34.7],[-86.7,34.7],[-86.7,34.7],[-86.7,34.7],[-86.7,34.7],[-86.7,34.7],[-86.7,34.7],[-86.7,34.7],[-86.7,34.7],[-86.7,34.7],[-86.7,34.7],[-86.7,34.7],[-86.7,34.7],[-86.7,34.7],[-86.7,34.7],[-86.7,34.7],[-86.7,34.7],[-86.7,34.7],[-86.7,34.7],[-86.7,34.7],[-86.7,34.7],[-86.7,34.7],[-86.7,34.7],[-86.7,34.7],[-86.7,34.7],[-86.7,34.7],[-86.7,34.7],[-86.7,34.7],[-86.7,34.7],[-86.7,34.7],[-86.7,34.7],[-86.7,34.7],[-86.7,34.7],[-86.7,34.7],[-86.7,34.7],[-86.7,34.7],[-86.7,34.7],[-86.7,34.7],[-86.7,34.7],[-86.7,34.7],[-86.7,34.7],[-86.7,34.7],[-86.7,34.7],[-86.7,34.7],[-86.7,34.7],[-86.7,34.7],[-86.7,34.7],[-86.7,34.7],[-86.7,34.7],[-86.7,34.7],[-86.7,34.7],[-86.7,34.7],[-86.7,34.7],[-86.7,34.7],[-86.7,34.7],[-86.7,34.7],[-86.7,34.7],[-86.7,34.7],[-86.7,34.7],[-86.7,34.7],[-86.7,34.7],[-86.7,34.7],[-86.7,34.7],[-86.7,34.7],[-86.7,34.7],[-86.7,34.7],[-86.7,34.7],[-86.7,34.7],[-86.7,34.7],[-86.7,34.7],[-86.7,34.7],[-86.7,34.7],[-86.7,34.7],[-86.7,34.7],[-86.7,34.7],[-86.7,34.7],[-86.7,34.7],[-86.7,34.7],[-86.7,34.7],[-86.7,34.7],[-86.7,34.7],[-86.7,34.7],[-86.7,34.7],[-86.7,34.7],[-86.7,34.7],[-86.7,34.7],[-86.7,34.7],[-86.7,34.7],[-86.7,34.7],[-86.7,34.7],[-86.7,34.7],[-86.7,34.7],[-86.7,34.7],[-86.7,34.7],[-86.7,34.7],[-86.7,34.7],[-86.7,34.7],[-86.7,34.7],[-86.7,34.7],[-86.7,34.7],[-86.7,34.7],[-86.7,34.7],[-86.7,34.7],[-86.7,34.7],[-86.7,34.7],[-86.7,34.7],[-86.7,34.7],[-86.7,34.7],[-86.7,34.7],[-86.7,34.7],[-86.7,34.7],[-86.7,34.7],[-86.7,34.7],[-86.7,34.7],[-86.7,34.7],[-86.7,34.7],[-86.7,34.7],[-86.7,34.7],[-86.7,34.7],[-86.7,34.7],[-86.7,34.7],[-86.7,34.7],[-86.7,34.7],[-86.7,34.7],[-86.7,34.7],[-86.7,34.7],[-86.7,34.7],[-86.7,34.7],[-86.7,34.7],[-86.7,34.7],[-86.7,34.7],[-86.7,34.7],[-86.7,34.7],[-86.7,34.7],[-86.7,34.7],[-86.7,34.7],[-86.7,34.7],[-86.7,34.7],[-86.7,34.7],[-86.7,34.7],[-86.7,34.7],[-86.7,34.7],[-86.7,34.7],[-86.7,34.7],[-86.7,34.7],[-86.7,34.7],[-86.7,34.7],[-86.7,34.7],[-86.7,34.7],[-86.7,34.7],[-86.7,34.7],[-86.7,34.7],[-86.7,34.7],[-86.7,34.7],[-86.7,34.7],[-86.7,34.7],[-86.7,34.7],[-86.7,34.7],[-86.7,34.7],[-86.7,34.7],[-86.7,34.7],[-86.7,34.7],[-86.7,34.7],[-86.7,34.7],[-86.7,34.7],[-86.7,34.7],[-86.7,34.7],[-86.7,34.7],[-86.7,34.7],[-86.7,34.7],[-86.7,34.7],[-86.7,34.7],[-86.7,34.7],[-86.7,34.7],[-86.7,34.7],[-86.7,34.7],[-86.7,34.7],[-86.7,34.7],[-86.7,34.7],[-86.7,34.7],[-86.7,34.7],[-86.7,34.7],[-86.7,34.7],[-86.7,34.7],[-86.7,34.7],[-86.7,34.7],[-86.7,34.7],[-86.7,34.7],[-86.7,34.7],[-86.7,34.7],[-86.7,34.7],[-86.7,34.7],[-86.7,34.7],[-86.7,34.7],[-86.7,34.7],[-86.7,34.7],[-86.7,34.7],[-86.7,34.7],[-86.7,34.7],[-86.7,34.7],[-86.7,34.7],[-86.7,34.7],[-86.7,34.7],[-86.7,34.7],[-86.7,34.7],[-86.7,34.7],[-86.7,34.7],[-86.7,34.7],[-86.7,34.7],[-86.7,34.7],[-86.7,34.7],[-86.7,34.7],[-86.7,34.7],[-86.7,34.7],[-86.7,34.7],[-86.7,34.7],[-86.7,34.7],[-86.7,34.7],[-86.7,34.7]]]},"properties":{"storm_name":"ISAIAS-26","fuente":"GDACS","alertlevel":"Orange","url":"https://www.gdacs.org/report.aspx?eventid=1001334&episodeid=14&eventtype=TC","paises":"United States","layer":"storm_track","kind":"wind_radii_forecast","wind_kt":34}},{"type":"Feature","geometry":{"type":"Polygon","coordinates":[[[-86.7,34.7],[-86.7,34.7],[-86.7,34.7],[-86.7,34.7],[-86.7,34.7],[-86.7,34.7],[-86.7,34.7],[-86.7,34.7],[-86.7,34.7],[-86.7,34.7],[-86.7,34.7],[-86.7,34.7],[-86.7,34.7],[-86.7,34.7],[-86.7,34.7],[-86.7,34.7],[-86.7,34.7],[-86.7,34.7],[-86.7,34.7],[-86.7,34.7],[-86.7,34.7],[-86.7,34.7],[-86.7,34.7],[-86.7,34.7],[-86.7,34.7],[-86.7,34.7],[-86.7,34.7],[-86.7,34.7],[-86.7,34.7],[-86.7,34.7],[-86.7,34.7],[-86.7,34.7],[-86.7,34.7],[-86.7,34.7],[-86.7,34.7],[-86.7,34.7],[-86.7,34.7],[-86.7,34.7],[-86.7,34.7],[-86.7,34.7],[-86.7,34.7],[-86.7,34.7],[-86.7,34.7],[-86.7,34.7],[-86.7,34.7],[-86.7,34.7],[-86.7,34.7],[-86.7,34.7],[-86.7,34.7],[-86.7,34.7],[-86.7,34.7],[-86.7,34.7],[-86.7,34.7],[-86.7,34.7],[-86.7,34.7],[-86.7,34.7],[-86.7,34.7],[-86.7,34.7],[-86.7,34.7],[-86.7,34.7],[-86.7,34.7],[-86.7,34.7],[-86.7,34.7],[-86.7,34.7],[-86.7,34.7],[-86.7,34.7],[-86.7,34.7],[-86.7,34.7],[-86.7,34.7],[-86.7,34.7],[-86.7,34.7],[-86.7,34.7],[-86.7,34.7],[-86.7,34.7],[-86.7,34.7],[-86.7,34.7],[-86.7,34.7],[-86.7,34.7],[-86.7,34.7],[-86.7,34.7],[-86.7,34.7],[-86.7,34.7],[-86.7,34.7],[-86.7,34.7],[-86.7,34.7],[-86.7,34.7],[-86.7,34.7],[-86.7,34.7],[-86.7,34.7],[-86.7,34.7],[-86.7,34.7],[-86.7,34.7],[-86.7,34.7],[-86.7,34.7],[-86.7,34.7],[-86.7,34.7],[-86.7,34.7],[-86.7,34.7],[-86.7,34.7],[-86.7,34.7],[-86.7,34.7],[-86.7,34.7],[-86.7,34.7],[-86.7,34.7],[-86.7,34.7],[-86.7,34.7],[-86.7,34.7],[-86.7,34.7],[-86.7,34.7],[-86.7,34.7],[-86.7,34.7],[-86.7,34.7],[-86.7,34.7],[-86.7,34.7],[-86.7,34.7],[-86.7,34.7],[-86.7,34.7],[-86.7,34.7],[-86.7,34.7],[-86.7,34.7],[-86.7,34.7],[-86.7,34.7],[-86.7,34.7],[-86.7,34.7],[-86.7,34.7],[-86.7,34.7],[-86.7,34.7],[-86.7,34.7],[-86.7,34.7],[-86.7,34.7],[-86.7,34.7],[-86.7,34.7],[-86.7,34.7],[-86.7,34.7],[-86.7,34.7],[-86.7,34.7],[-86.7,34.7],[-86.7,34.7],[-86.7,34.7],[-86.7,34.7],[-86.7,34.7],[-86.7,34.7],[-86.7,34.7],[-86.7,34.7],[-86.7,34.7],[-86.7,34.7],[-86.7,34.7],[-86.7,34.7],[-86.7,34.7],[-86.7,34.7],[-86.7,34.7],[-86.7,34.7],[-86.7,34.7],[-86.7,34.7],[-86.7,34.7],[-86.7,34.7],[-86.7,34.7],[-86.7,34.7],[-86.7,34.7],[-86.7,34.7],[-86.7,34.7],[-86.7,34.7],[-86.7,34.7],[-86.7,34.7],[-86.7,34.7],[-86.7,34.7],[-86.7,34.7],[-86.7,34.7],[-86.7,34.7],[-86.7,34.7],[-86.7,34.7],[-86.7,34.7],[-86.7,34.7],[-86.7,34.7],[-86.7,34.7],[-86.7,34.7],[-86.7,34.7],[-86.7,34.7],[-86.7,34.7],[-86.7,34.7],[-86.7,34.7],[-86.7,34.7],[-86.7,34.7],[-86.7,34.7],[-86.7,34.7],[-86.7,34.7],[-86.7,34.7],[-86.7,34.7],[-86.7,34.7],[-86.7,34.7],[-86.7,34.7],[-86.7,34.7],[-86.7,34.7],[-86.7,34.7],[-86.7,34.7],[-86.7,34.7],[-86.7,34.7],[-86.7,34.7],[-86.7,34.7],[-86.7,34.7],[-86.7,34.7],[-86.7,34.7],[-86.7,34.7],[-86.7,34.7],[-86.7,34.7],[-86.7,34.7],[-86.7,34.7],[-86.7,34.7],[-86.7,34.7],[-86.7,34.7],[-86.7,34.7],[-86.7,34.7],[-86.7,34.7],[-86.7,34.7],[-86.7,34.7],[-86.7,34.7],[-86.7,34.7],[-86.7,34.7],[-86.7,34.7],[-86.7,34.7],[-86.7,34.7],[-86.7,34.7],[-86.7,34.7],[-86.7,34.7],[-86.7,34.7],[-86.7,34.7],[-86.7,34.7],[-86.7,34.7],[-86.7,34.7],[-86.7,34.7],[-86.7,34.7],[-86.7,34.7],[-86.7,34.7],[-86.7,34.7],[-86.7,34.7],[-86.7,34.7],[-86.7,34.7],[-86.7,34.7],[-86.7,34.7],[-86.7,34.7],[-86.7,34.7],[-86.7,34.7],[-86.7,34.7],[-86.7,34.7],[-86.7,34.7],[-86.7,34.7],[-86.7,34.7],[-86.7,34.7],[-86.7,34.7],[-86.7,34.7],[-86.7,34.7],[-86.7,34.7],[-86.7,34.7],[-86.7,34.7],[-86.7,34.7],[-86.7,34.7],[-86.7,34.7],[-86.7,34.7],[-86.7,34.7],[-86.7,34.7],[-86.7,34.7],[-86.7,34.7],[-86.7,34.7],[-86.7,34.7],[-86.7,34.7],[-86.7,34.7],[-86.7,34.7],[-86.7,34.7],[-86.7,34.7],[-86.7,34.7],[-86.7,34.7],[-86.7,34.7],[-86.7,34.7],[-86.7,34.7],[-86.7,34.7],[-86.7,34.7],[-86.7,34.7],[-86.7,34.7],[-86.7,34.7],[-86.7,34.7],[-86.7,34.7],[-86.7,34.7],[-86.7,34.7],[-86.7,34.7],[-86.7,34.7],[-86.7,34.7],[-86.7,34.7],[-86.7,34.7],[-86.7,34.7],[-86.7,34.7],[-86.7,34.7],[-86.7,34.7],[-86.7,34.7],[-86.7,34.7],[-86.7,34.7],[-86.7,34.7],[-86.7,34.7],[-86.7,34.7],[-86.7,34.7],[-86.7,34.7],[-86.7,34.7],[-86.7,34.7],[-86.7,34.7],[-86.7,34.7],[-86.7,34.7],[-86.7,34.7],[-86.7,34.7],[-86.7,34.7],[-86.7,34.7],[-86.7,34.7],[-86.7,34.7],[-86.7,34.7],[-86.7,34.7],[-86.7,34.7],[-86.7,34.7],[-86.7,34.7],[-86.7,34.7],[-86.7,34.7],[-86.7,34.7],[-86.7,34.7],[-86.7,34.7],[-86.7,34.7],[-86.7,34.7],[-86.7,34.7],[-86.7,34.7],[-86.7,34.7],[-86.7,34.7],[-86.7,34.7],[-86.7,34.7],[-86.7,34.7],[-86.7,34.7],[-86.7,34.7],[-86.7,34.7],[-86.7,34.7],[-86.7,34.7],[-86.7,34.7],[-86.7,34.7],[-86.7,34.7],[-86.7,34.7],[-86.7,34.7],[-86.7,34.7],[-86.7,34.7],[-86.7,34.7],[-86.7,34.7],[-86.7,34.7],[-86.7,34.7],[-86.7,34.7],[-86.7,34.7],[-86.7,34.7],[-86.7,34.7],[-86.7,34.7],[-86.7,34.7],[-86.7,34.7],[-86.7,34.7],[-86.7,34.7],[-86.7,34.7],[-86.7,34.7],[-86.7,34.7],[-86.7,34.7],[-86.7,34.7],[-86.7,34.7],[-86.7,34.7],[-86.7,34.7],[-86.7,34.7],[-86.7,34.7]]]},"properties":{"storm_name":"ISAIAS-26","fuente":"GDACS","alertlevel":"Orange","url":"https://www.gdacs.org/report.aspx?eventid=1001334&episodeid=14&eventtype=TC","paises":"United States","layer":"storm_track","kind":"wind_radii_forecast","wind_kt":34}},{"type":"Feature","geometry":{"type":"Polygon","coordinates":[[[-86.7,34.7],[-86.7,34.7],[-86.7,34.7],[-86.7,34.7],[-86.7,34.7],[-86.7,34.7],[-86.7,34.7],[-86.7,34.7],[-86.7,34.7],[-86.7,34.7],[-86.7,34.7],[-86.7,34.7],[-86.7,34.7],[-86.7,34.7],[-86.7,34.7],[-86.7,34.7],[-86.7,34.7],[-86.7,34.7],[-86.7,34.7],[-86.7,34.7],[-86.7,34.7],[-86.7,34.7],[-86.7,34.7],[-86.7,34.7],[-86.7,34.7],[-86.7,34.7],[-86.7,34.7],[-86.7,34.7],[-86.7,34.7],[-86.7,34.7],[-86.7,34.7],[-86.7,34.7],[-86.7,34.7],[-86.7,34.7],[-86.7,34.7],[-86.7,34.7],[-86.7,34.7],[-86.7,34.7],[-86.7,34.7],[-86.7,34.7],[-86.7,34.7],[-86.7,34.7],[-86.7,34.7],[-86.7,34.7],[-86.7,34.7],[-86.7,34.7],[-86.7,34.7],[-86.7,34.7],[-86.7,34.7],[-86.7,34.7],[-86.7,34.7],[-86.7,34.7],[-86.7,34.7],[-86.7,34.7],[-86.7,34.7],[-86.7,34.7],[-86.7,34.7],[-86.7,34.7],[-86.7,34.7],[-86.7,34.7],[-86.7,34.7],[-86.7,34.7],[-86.7,34.7],[-86.7,34.7],[-86.7,34.7],[-86.7,34.7],[-86.7,34.7],[-86.7,34.7],[-86.7,34.7],[-86.7,34.7],[-86.7,34.7],[-86.7,34.7],[-86.7,34.7],[-86.7,34.7],[-86.7,34.7],[-86.7,34.7],[-86.7,34.7],[-86.7,34.7],[-86.7,34.7],[-86.7,34.7],[-86.7,34.7],[-86.7,34.7],[-86.7,34.7],[-86.7,34.7],[-86.7,34.7],[-86.7,34.7],[-86.7,34.7],[-86.7,34.7],[-86.7,34.7],[-86.7,34.7],[-86.7,34.7],[-86.7,34.7],[-86.7,34.7],[-86.7,34.7],[-86.7,34.7],[-86.7,34.7],[-86.7,34.7],[-86.7,34.7],[-86.7,34.7],[-86.7,34.7],[-86.7,34.7],[-86.7,34.7],[-86.7,34.7],[-86.7,34.7],[-86.7,34.7],[-86.7,34.7],[-86.7,34.7],[-86.7,34.7],[-86.7,34.7],[-86.7,34.7],[-86.7,34.7],[-86.7,34.7],[-86.7,34.7],[-86.7,34.7],[-86.7,34.7],[-86.7,34.7],[-86.7,34.7],[-86.7,34.7],[-86.7,34.7],[-86.7,34.7],[-86.7,34.7],[-86.7,34.7],[-86.7,34.7],[-86.7,34.7],[-86.7,34.7],[-86.7,34.7],[-86.7,34.7],[-86.7,34.7],[-86.7,34.7],[-86.7,34.7],[-86.7,34.7],[-86.7,34.7],[-86.7,34.7],[-86.7,34.7],[-86.7,34.7],[-86.7,34.7],[-86.7,34.7],[-86.7,34.7],[-86.7,34.7],[-86.7,34.7],[-86.7,34.7],[-86.7,34.7],[-86.7,34.7],[-86.7,34.7],[-86.7,34.7],[-86.7,34.7],[-86.7,34.7],[-86.7,34.7],[-86.7,34.7],[-86.7,34.7],[-86.7,34.7],[-86.7,34.7],[-86.7,34.7],[-86.7,34.7],[-86.7,34.7],[-86.7,34.7],[-86.7,34.7],[-86.7,34.7],[-86.7,34.7],[-86.7,34.7],[-86.7,34.7],[-86.7,34.7],[-86.7,34.7],[-86.7,34.7],[-86.7,34.7],[-86.7,34.7],[-86.7,34.7],[-86.7,34.7],[-86.7,34.7],[-86.7,34.7],[-86.7,34.7],[-86.7,34.7],[-86.7,34.7],[-86.7,34.7],[-86.7,34.7],[-86.7,34.7],[-86.7,34.7],[-86.7,34.7],[-86.7,34.7],[-86.7,34.7],[-86.7,34.7],[-86.7,34.7],[-86.7,34.7],[-86.7,34.7],[-86.7,34.7],[-86.7,34.7],[-86.7,34.7],[-86.7,34.7],[-86.7,34.7],[-86.7,34.7],[-86.7,34.7],[-86.7,34.7],[-86.7,34.7],[-86.7,34.7],[-86.7,34.7],[-86.7,34.7],[-86.7,34.7],[-86.7,34.7],[-86.7,34.7],[-86.7,34.7],[-86.7,34.7],[-86.7,34.7],[-86.7,34.7],[-86.7,34.7],[-86.7,34.7],[-86.7,34.7],[-86.7,34.7],[-86.7,34.7],[-86.7,34.7],[-86.7,34.7],[-86.7,34.7],[-86.7,34.7],[-86.7,34.7],[-86.7,34.7],[-86.7,34.7],[-86.7,34.7],[-86.7,34.7],[-86.7,34.7],[-86.7,34.7],[-86.7,34.7],[-86.7,34.7],[-86.7,34.7],[-86.7,34.7],[-86.7,34.7],[-86.7,34.7],[-86.7,34.7],[-86.7,34.7],[-86.7,34.7],[-86.7,34.7],[-86.7,34.7],[-86.7,34.7],[-86.7,34.7],[-86.7,34.7],[-86.7,34.7],[-86.7,34.7],[-86.7,34.7],[-86.7,34.7],[-86.7,34.7],[-86.7,34.7],[-86.7,34.7],[-86.7,34.7],[-86.7,34.7],[-86.7,34.7],[-86.7,34.7],[-86.7,34.7],[-86.7,34.7],[-86.7,34.7],[-86.7,34.7],[-86.7,34.7],[-86.7,34.7],[-86.7,34.7],[-86.7,34.7],[-86.7,34.7],[-86.7,34.7],[-86.7,34.7],[-86.7,34.7],[-86.7,34.7],[-86.7,34.7],[-86.7,34.7],[-86.7,34.7],[-86.7,34.7],[-86.7,34.7],[-86.7,34.7],[-86.7,34.7],[-86.7,34.7],[-86.7,34.7],[-86.7,34.7],[-86.7,34.7],[-86.7,34.7],[-86.7,34.7],[-86.7,34.7],[-86.7,34.7],[-86.7,34.7],[-86.7,34.7],[-86.7,34.7],[-86.7,34.7],[-86.7,34.7],[-86.7,34.7],[-86.7,34.7],[-86.7,34.7],[-86.7,34.7],[-86.7,34.7],[-86.7,34.7],[-86.7,34.7],[-86.7,34.7],[-86.7,34.7],[-86.7,34.7],[-86.7,34.7],[-86.7,34.7],[-86.7,34.7],[-86.7,34.7],[-86.7,34.7],[-86.7,34.7],[-86.7,34.7],[-86.7,34.7],[-86.7,34.7],[-86.7,34.7],[-86.7,34.7],[-86.7,34.7],[-86.7,34.7],[-86.7,34.7],[-86.7,34.7],[-86.7,34.7],[-86.7,34.7],[-86.7,34.7],[-86.7,34.7],[-86.7,34.7],[-86.7,34.7],[-86.7,34.7],[-86.7,34.7],[-86.7,34.7],[-86.7,34.7],[-86.7,34.7],[-86.7,34.7],[-86.7,34.7],[-86.7,34.7],[-86.7,34.7],[-86.7,34.7],[-86.7,34.7],[-86.7,34.7],[-86.7,34.7],[-86.7,34.7],[-86.7,34.7],[-86.7,34.7],[-86.7,34.7],[-86.7,34.7],[-86.7,34.7],[-86.7,34.7],[-86.7,34.7],[-86.7,34.7],[-86.7,34.7],[-86.7,34.7],[-86.7,34.7],[-86.7,34.7],[-86.7,34.7],[-86.7,34.7],[-86.7,34.7],[-86.7,34.7],[-86.7,34.7],[-86.7,34.7],[-86.7,34.7],[-86.7,34.7],[-86.7,34.7],[-86.7,34.7],[-86.7,34.7],[-86.7,34.7],[-86.7,34.7],[-86.7,34.7],[-86.7,34.7],[-86.7,34.7],[-86.7,34.7],[-86.7,34.7],[-86.7,34.7],[-86.7,34.7],[-86.7,34.7],[-86.7,34.7],[-86.7,34.7],[-86.7,34.7],[-86.7,34.7],[-86.7,34.7],[-86.7,34.7],[-86.7,34.7],[-86.7,34.7],[-86.7,34.7],[-86.7,34.7]]]},"properties":{"storm_name":"ISAIAS-26","fuente":"GDACS","alertlevel":"Orange","url":"https://www.gdacs.org/report.aspx?eventid=1001334&episodeid=14&eventtype=TC","paises":"United States","layer":"storm_track","kind":"wind_radii_forecast","wind_kt":34}},{"type":"Feature","geometry":{"type":"Polygon","coordinates":[[[-84.4,36.9],[-84.4,36.9],[-84.4,36.9],[-84.4,36.9],[-84.4,36.9],[-84.4,36.9],[-84.4,36.9],[-84.4,36.9],[-84.4,36.9],[-84.4,36.9],[-84.4,36.9],[-84.4,36.9],[-84.4,36.9],[-84.4,36.9],[-84.4,36.9],[-84.4,36.9],[-84.4,36.9],[-84.4,36.9],[-84.4,36.9],[-84.4,36.9],[-84.4,36.9],[-84.4,36.9],[-84.4,36.9],[-84.4,36.9],[-84.4,36.9],[-84.4,36.9],[-84.4,36.9],[-84.4,36.9],[-84.4,36.9],[-84.4,36.9],[-84.4,36.9],[-84.4,36.9],[-84.4,36.9],[-84.4,36.9],[-84.4,36.9],[-84.4,36.9],[-84.4,36.9],[-84.4,36.9],[-84.4,36.9],[-84.4,36.9],[-84.4,36.9],[-84.4,36.9],[-84.4,36.9],[-84.4,36.9],[-84.4,36.9],[-84.4,36.9],[-84.4,36.9],[-84.4,36.9],[-84.4,36.9],[-84.4,36.9],[-84.4,36.9],[-84.4,36.9],[-84.4,36.9],[-84.4,36.9],[-84.4,36.9],[-84.4,36.9],[-84.4,36.9],[-84.4,36.9],[-84.4,36.9],[-84.4,36.9],[-84.4,36.9],[-84.4,36.9],[-84.4,36.9],[-84.4,36.9],[-84.4,36.9],[-84.4,36.9],[-84.4,36.9],[-84.4,36.9],[-84.4,36.9],[-84.4,36.9],[-84.4,36.9],[-84.4,36.9],[-84.4,36.9],[-84.4,36.9],[-84.4,36.9],[-84.4,36.9],[-84.4,36.9],[-84.4,36.9],[-84.4,36.9],[-84.4,36.9],[-84.4,36.9],[-84.4,36.9],[-84.4,36.9],[-84.4,36.9],[-84.4,36.9],[-84.4,36.9],[-84.4,36.9],[-84.4,36.9],[-84.4,36.9],[-84.4,36.9],[-84.4,36.9],[-84.4,36.9],[-84.4,36.9],[-84.4,36.9],[-84.4,36.9],[-84.4,36.9],[-84.4,36.9],[-84.4,36.9],[-84.4,36.9],[-84.4,36.9],[-84.4,36.9],[-84.4,36.9],[-84.4,36.9],[-84.4,36.9],[-84.4,36.9],[-84.4,36.9],[-84.4,36.9],[-84.4,36.9],[-84.4,36.9],[-84.4,36.9],[-84.4,36.9],[-84.4,36.9],[-84.4,36.9],[-84.4,36.9],[-84.4,36.9],[-84.4,36.9],[-84.4,36.9],[-84.4,36.9],[-84.4,36.9],[-84.4,36.9],[-84.4,36.9],[-84.4,36.9],[-84.4,36.9],[-84.4,36.9],[-84.4,36.9],[-84.4,36.9],[-84.4,36.9],[-84.4,36.9],[-84.4,36.9],[-84.4,36.9],[-84.4,36.9],[-84.4,36.9],[-84.4,36.9],[-84.4,36.9],[-84.4,36.9],[-84.4,36.9],[-84.4,36.9],[-84.4,36.9],[-84.4,36.9],[-84.4,36.9],[-84.4,36.9],[-84.4,36.9],[-84.4,36.9],[-84.4,36.9],[-84.4,36.9],[-84.4,36.9],[-84.4,36.9],[-84.4,36.9],[-84.4,36.9],[-84.4,36.9],[-84.4,36.9],[-84.4,36.9],[-84.4,36.9],[-84.4,36.9],[-84.4,36.9],[-84.4,36.9],[-84.4,36.9],[-84.4,36.9],[-84.4,36.9],[-84.4,36.9],[-84.4,36.9],[-84.4,36.9],[-84.4,36.9],[-84.4,36.9],[-84.4,36.9],[-84.4,36.9],[-84.4,36.9],[-84.4,36.9],[-84.4,36.9],[-84.4,36.9],[-84.4,36.9],[-84.4,36.9],[-84.4,36.9],[-84.4,36.9],[-84.4,36.9],[-84.4,36.9],[-84.4,36.9],[-84.4,36.9],[-84.4,36.9],[-84.4,36.9],[-84.4,36.9],[-84.4,36.9],[-84.4,36.9],[-84.4,36.9],[-84.4,36.9],[-84.4,36.9],[-84.4,36.9],[-84.4,36.9],[-84.4,36.9],[-84.4,36.9],[-84.4,36.9],[-84.4,36.9],[-84.4,36.9],[-84.4,36.9],[-84.4,36.9],[-84.4,36.9],[-84.4,36.9],[-84.4,36.9],[-84.4,36.9],[-84.4,36.9],[-84.4,36.9],[-84.4,36.9],[-84.4,36.9],[-84.4,36.9],[-84.4,36.9],[-84.4,36.9],[-84.4,36.9],[-84.4,36.9],[-84.4,36.9],[-84.4,36.9],[-84.4,36.9],[-84.4,36.9],[-84.4,36.9],[-84.4,36.9],[-84.4,36.9],[-84.4,36.9],[-84.4,36.9],[-84.4,36.9],[-84.4,36.9],[-84.4,36.9],[-84.4,36.9],[-84.4,36.9],[-84.4,36.9],[-84.4,36.9],[-84.4,36.9],[-84.4,36.9],[-84.4,36.9],[-84.4,36.9],[-84.4,36.9],[-84.4,36.9],[-84.4,36.9],[-84.4,36.9],[-84.4,36.9],[-84.4,36.9],[-84.4,36.9],[-84.4,36.9],[-84.4,36.9],[-84.4,36.9],[-84.4,36.9],[-84.4,36.9],[-84.4,36.9],[-84.4,36.9],[-84.4,36.9],[-84.4,36.9],[-84.4,36.9],[-84.4,36.9],[-84.4,36.9],[-84.4,36.9],[-84.4,36.9],[-84.4,36.9],[-84.4,36.9],[-84.4,36.9],[-84.4,36.9],[-84.4,36.9],[-84.4,36.9],[-84.4,36.9],[-84.4,36.9],[-84.4,36.9],[-84.4,36.9],[-84.4,36.9],[-84.4,36.9],[-84.4,36.9],[-84.4,36.9],[-84.4,36.9],[-84.4,36.9],[-84.4,36.9],[-84.4,36.9],[-84.4,36.9],[-84.4,36.9],[-84.4,36.9],[-84.4,36.9],[-84.4,36.9],[-84.4,36.9],[-84.4,36.9],[-84.4,36.9],[-84.4,36.9],[-84.4,36.9],[-84.4,36.9],[-84.4,36.9],[-84.4,36.9],[-84.4,36.9],[-84.4,36.9],[-84.4,36.9],[-84.4,36.9],[-84.4,36.9],[-84.4,36.9],[-84.4,36.9],[-84.4,36.9],[-84.4,36.9],[-84.4,36.9],[-84.4,36.9],[-84.4,36.9],[-84.4,36.9],[-84.4,36.9],[-84.4,36.9],[-84.4,36.9],[-84.4,36.9],[-84.4,36.9],[-84.4,36.9],[-84.4,36.9],[-84.4,36.9],[-84.4,36.9],[-84.4,36.9],[-84.4,36.9],[-84.4,36.9],[-84.4,36.9],[-84.4,36.9],[-84.4,36.9],[-84.4,36.9],[-84.4,36.9],[-84.4,36.9],[-84.4,36.9],[-84.4,36.9],[-84.4,36.9],[-84.4,36.9],[-84.4,36.9],[-84.4,36.9],[-84.4,36.9],[-84.4,36.9],[-84.4,36.9],[-84.4,36.9],[-84.4,36.9],[-84.4,36.9],[-84.4,36.9],[-84.4,36.9],[-84.4,36.9],[-84.4,36.9],[-84.4,36.9],[-84.4,36.9],[-84.4,36.9],[-84.4,36.9],[-84.4,36.9],[-84.4,36.9],[-84.4,36.9],[-84.4,36.9],[-84.4,36.9],[-84.4,36.9],[-84.4,36.9],[-84.4,36.9],[-84.4,36.9],[-84.4,36.9],[-84.4,36.9],[-84.4,36.9],[-84.4,36.9],[-84.4,36.9],[-84.4,36.9],[-84.4,36.9],[-84.4,36.9],[-84.4,36.9],[-84.4,36.9],[-84.4,36.9],[-84.4,36.9],[-84.4,36.9],[-84.4,36.9],[-84.4,36.9],[-84.4,36.9],[-84.4,36.9],[-84.4,36.9],[-84.4,36.9],[-84.4,36.9],[-84.4,36.9],[-84.4,36.9],[-84.4,36.9],[-84.4,36.9],[-84.4,36.9]]]},"properties":{"storm_name":"ISAIAS-26","fuente":"GDACS","alertlevel":"Orange","url":"https://www.gdacs.org/report.aspx?eventid=1001334&episodeid=14&eventtype=TC","paises":"United States","layer":"storm_track","kind":"wind_radii_forecast","wind_kt":34}},{"type":"Feature","geometry":{"type":"Polygon","coordinates":[[[-84.4,36.9],[-84.4,36.9],[-84.4,36.9],[-84.4,36.9],[-84.4,36.9],[-84.4,36.9],[-84.4,36.9],[-84.4,36.9],[-84.4,36.9],[-84.4,36.9],[-84.4,36.9],[-84.4,36.9],[-84.4,36.9],[-84.4,36.9],[-84.4,36.9],[-84.4,36.9],[-84.4,36.9],[-84.4,36.9],[-84.4,36.9],[-84.4,36.9],[-84.4,36.9],[-84.4,36.9],[-84.4,36.9],[-84.4,36.9],[-84.4,36.9],[-84.4,36.9],[-84.4,36.9],[-84.4,36.9],[-84.4,36.9],[-84.4,36.9],[-84.4,36.9],[-84.4,36.9],[-84.4,36.9],[-84.4,36.9],[-84.4,36.9],[-84.4,36.9],[-84.4,36.9],[-84.4,36.9],[-84.4,36.9],[-84.4,36.9],[-84.4,36.9],[-84.4,36.9],[-84.4,36.9],[-84.4,36.9],[-84.4,36.9],[-84.4,36.9],[-84.4,36.9],[-84.4,36.9],[-84.4,36.9],[-84.4,36.9],[-84.4,36.9],[-84.4,36.9],[-84.4,36.9],[-84.4,36.9],[-84.4,36.9],[-84.4,36.9],[-84.4,36.9],[-84.4,36.9],[-84.4,36.9],[-84.4,36.9],[-84.4,36.9],[-84.4,36.9],[-84.4,36.9],[-84.4,36.9],[-84.4,36.9],[-84.4,36.9],[-84.4,36.9],[-84.4,36.9],[-84.4,36.9],[-84.4,36.9],[-84.4,36.9],[-84.4,36.9],[-84.4,36.9],[-84.4,36.9],[-84.4,36.9],[-84.4,36.9],[-84.4,36.9],[-84.4,36.9],[-84.4,36.9],[-84.4,36.9],[-84.4,36.9],[-84.4,36.9],[-84.4,36.9],[-84.4,36.9],[-84.4,36.9],[-84.4,36.9],[-84.4,36.9],[-84.4,36.9],[-84.4,36.9],[-84.4,36.9],[-84.4,36.9],[-84.4,36.9],[-84.4,36.9],[-84.4,36.9],[-84.4,36.9],[-84.4,36.9],[-84.4,36.9],[-84.4,36.9],[-84.4,36.9],[-84.4,36.9],[-84.4,36.9],[-84.4,36.9],[-84.4,36.9],[-84.4,36.9],[-84.4,36.9],[-84.4,36.9],[-84.4,36.9],[-84.4,36.9],[-84.4,36.9],[-84.4,36.9],[-84.4,36.9],[-84.4,36.9],[-84.4,36.9],[-84.4,36.9],[-84.4,36.9],[-84.4,36.9],[-84.4,36.9],[-84.4,36.9],[-84.4,36.9],[-84.4,36.9],[-84.4,36.9],[-84.4,36.9],[-84.4,36.9],[-84.4,36.9],[-84.4,36.9],[-84.4,36.9],[-84.4,36.9],[-84.4,36.9],[-84.4,36.9],[-84.4,36.9],[-84.4,36.9],[-84.4,36.9],[-84.4,36.9],[-84.4,36.9],[-84.4,36.9],[-84.4,36.9],[-84.4,36.9],[-84.4,36.9],[-84.4,36.9],[-84.4,36.9],[-84.4,36.9],[-84.4,36.9],[-84.4,36.9],[-84.4,36.9],[-84.4,36.9],[-84.4,36.9],[-84.4,36.9],[-84.4,36.9],[-84.4,36.9],[-84.4,36.9],[-84.4,36.9],[-84.4,36.9],[-84.4,36.9],[-84.4,36.9],[-84.4,36.9],[-84.4,36.9],[-84.4,36.9],[-84.4,36.9],[-84.4,36.9],[-84.4,36.9],[-84.4,36.9],[-84.4,36.9],[-84.4,36.9],[-84.4,36.9],[-84.4,36.9],[-84.4,36.9],[-84.4,36.9],[-84.4,36.9],[-84.4,36.9],[-84.4,36.9],[-84.4,36.9],[-84.4,36.9],[-84.4,36.9],[-84.4,36.9],[-84.4,36.9],[-84.4,36.9],[-84.4,36.9],[-84.4,36.9],[-84.4,36.9],[-84.4,36.9],[-84.4,36.9],[-84.4,36.9],[-84.4,36.9],[-84.4,36.9],[-84.4,36.9],[-84.4,36.9],[-84.4,36.9],[-84.4,36.9],[-84.4,36.9],[-84.4,36.9],[-84.4,36.9],[-84.4,36.9],[-84.4,36.9],[-84.4,36.9],[-84.4,36.9],[-84.4,36.9],[-84.4,36.9],[-84.4,36.9],[-84.4,36.9],[-84.4,36.9],[-84.4,36.9],[-84.4,36.9],[-84.4,36.9],[-84.4,36.9],[-84.4,36.9],[-84.4,36.9],[-84.4,36.9],[-84.4,36.9],[-84.4,36.9],[-84.4,36.9],[-84.4,36.9],[-84.4,36.9],[-84.4,36.9],[-84.4,36.9],[-84.4,36.9],[-84.4,36.9],[-84.4,36.9],[-84.4,36.9],[-84.4,36.9],[-84.4,36.9],[-84.4,36.9],[-84.4,36.9],[-84.4,36.9],[-84.4,36.9],[-84.4,36.9],[-84.4,36.9],[-84.4,36.9],[-84.4,36.9],[-84.4,36.9],[-84.4,36.9],[-84.4,36.9],[-84.4,36.9],[-84.4,36.9],[-84.4,36.9],[-84.4,36.9],[-84.4,36.9],[-84.4,36.9],[-84.4,36.9],[-84.4,36.9],[-84.4,36.9],[-84.4,36.9],[-84.4,36.9],[-84.4,36.9],[-84.4,36.9],[-84.4,36.9],[-84.4,36.9],[-84.4,36.9],[-84.4,36.9],[-84.4,36.9],[-84.4,36.9],[-84.4,36.9],[-84.4,36.9],[-84.4,36.9],[-84.4,36.9],[-84.4,36.9],[-84.4,36.9],[-84.4,36.9],[-84.4,36.9],[-84.4,36.9],[-84.4,36.9],[-84.4,36.9],[-84.4,36.9],[-84.4,36.9],[-84.4,36.9],[-84.4,36.9],[-84.4,36.9],[-84.4,36.9],[-84.4,36.9],[-84.4,36.9],[-84.4,36.9],[-84.4,36.9],[-84.4,36.9],[-84.4,36.9],[-84.4,36.9],[-84.4,36.9],[-84.4,36.9],[-84.4,36.9],[-84.4,36.9],[-84.4,36.9],[-84.4,36.9],[-84.4,36.9],[-84.4,36.9],[-84.4,36.9],[-84.4,36.9],[-84.4,36.9],[-84.4,36.9],[-84.4,36.9],[-84.4,36.9],[-84.4,36.9],[-84.4,36.9],[-84.4,36.9],[-84.4,36.9],[-84.4,36.9],[-84.4,36.9],[-84.4,36.9],[-84.4,36.9],[-84.4,36.9],[-84.4,36.9],[-84.4,36.9],[-84.4,36.9],[-84.4,36.9],[-84.4,36.9],[-84.4,36.9],[-84.4,36.9],[-84.4,36.9],[-84.4,36.9],[-84.4,36.9],[-84.4,36.9],[-84.4,36.9],[-84.4,36.9],[-84.4,36.9],[-84.4,36.9],[-84.4,36.9],[-84.4,36.9],[-84.4,36.9],[-84.4,36.9],[-84.4,36.9],[-84.4,36.9],[-84.4,36.9],[-84.4,36.9],[-84.4,36.9],[-84.4,36.9],[-84.4,36.9],[-84.4,36.9],[-84.4,36.9],[-84.4,36.9],[-84.4,36.9],[-84.4,36.9],[-84.4,36.9],[-84.4,36.9],[-84.4,36.9],[-84.4,36.9],[-84.4,36.9],[-84.4,36.9],[-84.4,36.9],[-84.4,36.9],[-84.4,36.9],[-84.4,36.9],[-84.4,36.9],[-84.4,36.9],[-84.4,36.9],[-84.4,36.9],[-84.4,36.9],[-84.4,36.9],[-84.4,36.9],[-84.4,36.9],[-84.4,36.9],[-84.4,36.9],[-84.4,36.9],[-84.4,36.9],[-84.4,36.9],[-84.4,36.9],[-84.4,36.9],[-84.4,36.9],[-84.4,36.9],[-84.4,36.9],[-84.4,36.9],[-84.4,36.9],[-84.4,36.9],[-84.4,36.9],[-84.4,36.9],[-84.4,36.9],[-84.4,36.9],[-84.4,36.9],[-84.4,36.9]]]},"properties":{"storm_name":"ISAIAS-26","fuente":"GDACS","alertlevel":"Orange","url":"https://www.gdacs.org/report.aspx?eventid=1001334&episodeid=14&eventtype=TC","paises":"United States","layer":"storm_track","kind":"wind_radii_forecast","wind_kt":34}},{"type":"Feature","geometry":{"type":"Polygon","coordinates":[[[-84.4,36.9],[-84.4,36.9],[-84.4,36.9],[-84.4,36.9],[-84.4,36.9],[-84.4,36.9],[-84.4,36.9],[-84.4,36.9],[-84.4,36.9],[-84.4,36.9],[-84.4,36.9],[-84.4,36.9],[-84.4,36.9],[-84.4,36.9],[-84.4,36.9],[-84.4,36.9],[-84.4,36.9],[-84.4,36.9],[-84.4,36.9],[-84.4,36.9],[-84.4,36.9],[-84.4,36.9],[-84.4,36.9],[-84.4,36.9],[-84.4,36.9],[-84.4,36.9],[-84.4,36.9],[-84.4,36.9],[-84.4,36.9],[-84.4,36.9],[-84.4,36.9],[-84.4,36.9],[-84.4,36.9],[-84.4,36.9],[-84.4,36.9],[-84.4,36.9],[-84.4,36.9],[-84.4,36.9],[-84.4,36.9],[-84.4,36.9],[-84.4,36.9],[-84.4,36.9],[-84.4,36.9],[-84.4,36.9],[-84.4,36.9],[-84.4,36.9],[-84.4,36.9],[-84.4,36.9],[-84.4,36.9],[-84.4,36.9],[-84.4,36.9],[-84.4,36.9],[-84.4,36.9],[-84.4,36.9],[-84.4,36.9],[-84.4,36.9],[-84.4,36.9],[-84.4,36.9],[-84.4,36.9],[-84.4,36.9],[-84.4,36.9],[-84.4,36.9],[-84.4,36.9],[-84.4,36.9],[-84.4,36.9],[-84.4,36.9],[-84.4,36.9],[-84.4,36.9],[-84.4,36.9],[-84.4,36.9],[-84.4,36.9],[-84.4,36.9],[-84.4,36.9],[-84.4,36.9],[-84.4,36.9],[-84.4,36.9],[-84.4,36.9],[-84.4,36.9],[-84.4,36.9],[-84.4,36.9],[-84.4,36.9],[-84.4,36.9],[-84.4,36.9],[-84.4,36.9],[-84.4,36.9],[-84.4,36.9],[-84.4,36.9],[-84.4,36.9],[-84.4,36.9],[-84.4,36.9],[-84.4,36.9],[-84.4,36.9],[-84.4,36.9],[-84.4,36.9],[-84.4,36.9],[-84.4,36.9],[-84.4,36.9],[-84.4,36.9],[-84.4,36.9],[-84.4,36.9],[-84.4,36.9],[-84.4,36.9],[-84.4,36.9],[-84.4,36.9],[-84.4,36.9],[-84.4,36.9],[-84.4,36.9],[-84.4,36.9],[-84.4,36.9],[-84.4,36.9],[-84.4,36.9],[-84.4,36.9],[-84.4,36.9],[-84.4,36.9],[-84.4,36.9],[-84.4,36.9],[-84.4,36.9],[-84.4,36.9],[-84.4,36.9],[-84.4,36.9],[-84.4,36.9],[-84.4,36.9],[-84.4,36.9],[-84.4,36.9],[-84.4,36.9],[-84.4,36.9],[-84.4,36.9],[-84.4,36.9],[-84.4,36.9],[-84.4,36.9],[-84.4,36.9],[-84.4,36.9],[-84.4,36.9],[-84.4,36.9],[-84.4,36.9],[-84.4,36.9],[-84.4,36.9],[-84.4,36.9],[-84.4,36.9],[-84.4,36.9],[-84.4,36.9],[-84.4,36.9],[-84.4,36.9],[-84.4,36.9],[-84.4,36.9],[-84.4,36.9],[-84.4,36.9],[-84.4,36.9],[-84.4,36.9],[-84.4,36.9],[-84.4,36.9],[-84.4,36.9],[-84.4,36.9],[-84.4,36.9],[-84.4,36.9],[-84.4,36.9],[-84.4,36.9],[-84.4,36.9],[-84.4,36.9],[-84.4,36.9],[-84.4,36.9],[-84.4,36.9],[-84.4,36.9],[-84.4,36.9],[-84.4,36.9],[-84.4,36.9],[-84.4,36.9],[-84.4,36.9],[-84.4,36.9],[-84.4,36.9],[-84.4,36.9],[-84.4,36.9],[-84.4,36.9],[-84.4,36.9],[-84.4,36.9],[-84.4,36.9],[-84.4,36.9],[-84.4,36.9],[-84.4,36.9],[-84.4,36.9],[-84.4,36.9],[-84.4,36.9],[-84.4,36.9],[-84.4,36.9],[-84.4,36.9],[-84.4,36.9],[-84.4,36.9],[-84.4,36.9],[-84.4,36.9],[-84.4,36.9],[-84.4,36.9],[-84.4,36.9],[-84.4,36.9],[-84.4,36.9],[-84.4,36.9],[-84.4,36.9],[-84.4,36.9],[-84.4,36.9],[-84.4,36.9],[-84.4,36.9],[-84.4,36.9],[-84.4,36.9],[-84.4,36.9],[-84.4,36.9],[-84.4,36.9],[-84.4,36.9],[-84.4,36.9],[-84.4,36.9],[-84.4,36.9],[-84.4,36.9],[-84.4,36.9],[-84.4,36.9],[-84.4,36.9],[-84.4,36.9],[-84.4,36.9],[-84.4,36.9],[-84.4,36.9],[-84.4,36.9],[-84.4,36.9],[-84.4,36.9],[-84.4,36.9],[-84.4,36.9],[-84.4,36.9],[-84.4,36.9],[-84.4,36.9],[-84.4,36.9],[-84.4,36.9],[-84.4,36.9],[-84.4,36.9],[-84.4,36.9],[-84.4,36.9],[-84.4,36.9],[-84.4,36.9],[-84.4,36.9],[-84.4,36.9],[-84.4,36.9],[-84.4,36.9],[-84.4,36.9],[-84.4,36.9],[-84.4,36.9],[-84.4,36.9],[-84.4,36.9],[-84.4,36.9],[-84.4,36.9],[-84.4,36.9],[-84.4,36.9],[-84.4,36.9],[-84.4,36.9],[-84.4,36.9],[-84.4,36.9],[-84.4,36.9],[-84.4,36.9],[-84.4,36.9],[-84.4,36.9],[-84.4,36.9],[-84.4,36.9],[-84.4,36.9],[-84.4,36.9],[-84.4,36.9],[-84.4,36.9],[-84.4,36.9],[-84.4,36.9],[-84.4,36.9],[-84.4,36.9],[-84.4,36.9],[-84.4,36.9],[-84.4,36.9],[-84.4,36.9],[-84.4,36.9],[-84.4,36.9],[-84.4,36.9],[-84.4,36.9],[-84.4,36.9],[-84.4,36.9],[-84.4,36.9],[-84.4,36.9],[-84.4,36.9],[-84.4,36.9],[-84.4,36.9],[-84.4,36.9],[-84.4,36.9],[-84.4,36.9],[-84.4,36.9],[-84.4,36.9],[-84.4,36.9],[-84.4,36.9],[-84.4,36.9],[-84.4,36.9],[-84.4,36.9],[-84.4,36.9],[-84.4,36.9],[-84.4,36.9],[-84.4,36.9],[-84.4,36.9],[-84.4,36.9],[-84.4,36.9],[-84.4,36.9],[-84.4,36.9],[-84.4,36.9],[-84.4,36.9],[-84.4,36.9],[-84.4,36.9],[-84.4,36.9],[-84.4,36.9],[-84.4,36.9],[-84.4,36.9],[-84.4,36.9],[-84.4,36.9],[-84.4,36.9],[-84.4,36.9],[-84.4,36.9],[-84.4,36.9],[-84.4,36.9],[-84.4,36.9],[-84.4,36.9],[-84.4,36.9],[-84.4,36.9],[-84.4,36.9],[-84.4,36.9],[-84.4,36.9],[-84.4,36.9],[-84.4,36.9],[-84.4,36.9],[-84.4,36.9],[-84.4,36.9],[-84.4,36.9],[-84.4,36.9],[-84.4,36.9],[-84.4,36.9],[-84.4,36.9],[-84.4,36.9],[-84.4,36.9],[-84.4,36.9],[-84.4,36.9],[-84.4,36.9],[-84.4,36.9],[-84.4,36.9],[-84.4,36.9],[-84.4,36.9],[-84.4,36.9],[-84.4,36.9],[-84.4,36.9],[-84.4,36.9],[-84.4,36.9],[-84.4,36.9],[-84.4,36.9],[-84.4,36.9],[-84.4,36.9],[-84.4,36.9],[-84.4,36.9],[-84.4,36.9],[-84.4,36.9],[-84.4,36.9],[-84.4,36.9],[-84.4,36.9],[-84.4,36.9],[-84.4,36.9],[-84.4,36.9],[-84.4,36.9],[-84.4,36.9],[-84.4,36.9],[-84.4,36.9],[-84.4,36.9],[-84.4,36.9],[-84.4,36.9]]]},"properties":{"storm_name":"ISAIAS-26","fuente":"GDACS","alertlevel":"Orange","url":"https://www.gdacs.org/report.aspx?eventid=1001334&episodeid=14&eventtype=TC","paises":"United States","layer":"storm_track","kind":"wind_radii_forecast","wind_kt":34}},{"type":"Feature","geometry":{"type":"Polygon","coordinates":[[[-80.5,39.0],[-80.5,39.0],[-80.5,39.0],[-80.5,39.0],[-80.5,39.0],[-80.5,39.0],[-80.5,39.0],[-80.5,39.0],[-80.5,39.0],[-80.5,39.0],[-80.5,39.0],[-80.5,39.0],[-80.5,39.0],[-80.5,39.0],[-80.5,39.0],[-80.5,39.0],[-80.5,39.0],[-80.5,39.0],[-80.5,39.0],[-80.5,39.0],[-80.5,39.0],[-80.5,39.0],[-80.5,39.0],[-80.5,39.0],[-80.5,39.0],[-80.5,39.0],[-80.5,39.0],[-80.5,39.0],[-80.5,39.0],[-80.5,39.0],[-80.5,39.0],[-80.5,39.0],[-80.5,39.0],[-80.5,39.0],[-80.5,39.0],[-80.5,39.0],[-80.5,39.0],[-80.5,39.0],[-80.5,39.0],[-80.5,39.0],[-80.5,39.0],[-80.5,39.0],[-80.5,39.0],[-80.5,39.0],[-80.5,39.0],[-80.5,39.0],[-80.5,39.0],[-80.5,39.0],[-80.5,39.0],[-80.5,39.0],[-80.5,39.0],[-80.5,39.0],[-80.5,39.0],[-80.5,39.0],[-80.5,39.0],[-80.5,39.0],[-80.5,39.0],[-80.5,39.0],[-80.5,39.0],[-80.5,39.0],[-80.5,39.0],[-80.5,39.0],[-80.5,39.0],[-80.5,39.0],[-80.5,39.0],[-80.5,39.0],[-80.5,39.0],[-80.5,39.0],[-80.5,39.0],[-80.5,39.0],[-80.5,39.0],[-80.5,39.0],[-80.5,39.0],[-80.5,39.0],[-80.5,39.0],[-80.5,39.0],[-80.5,39.0],[-80.5,39.0],[-80.5,39.0],[-80.5,39.0],[-80.5,39.0],[-80.5,39.0],[-80.5,39.0],[-80.5,39.0],[-80.5,39.0],[-80.5,39.0],[-80.5,39.0],[-80.5,39.0],[-80.5,39.0],[-80.5,39.0],[-80.5,39.0],[-80.5,39.0],[-80.5,39.0],[-80.5,39.0],[-80.5,39.0],[-80.5,39.0],[-80.5,39.0],[-80.5,39.0],[-80.5,39.0],[-80.5,39.0],[-80.5,39.0],[-80.5,39.0],[-80.5,39.0],[-80.5,39.0],[-80.5,39.0],[-80.5,39.0],[-80.5,39.0],[-80.5,39.0],[-80.5,39.0],[-80.5,39.0],[-80.5,39.0],[-80.5,39.0],[-80.5,39.0],[-80.5,39.0],[-80.5,39.0],[-80.5,39.0],[-80.5,39.0],[-80.5,39.0],[-80.5,39.0],[-80.5,39.0],[-80.5,39.0],[-80.5,39.0],[-80.5,39.0],[-80.5,39.0],[-80.5,39.0],[-80.5,39.0],[-80.5,39.0],[-80.5,39.0],[-80.5,39.0],[-80.5,39.0],[-80.5,39.0],[-80.5,39.0],[-80.5,39.0],[-80.5,39.0],[-80.5,39.0],[-80.5,39.0],[-80.5,39.0],[-80.5,39.0],[-80.5,39.0],[-80.5,39.0],[-80.5,39.0],[-80.5,39.0],[-80.5,39.0],[-80.5,39.0],[-80.5,39.0],[-80.5,39.0],[-80.5,39.0],[-80.5,39.0],[-80.5,39.0],[-80.5,39.0],[-80.5,39.0],[-80.5,39.0],[-80.5,39.0],[-80.5,39.0],[-80.5,39.0],[-80.5,39.0],[-80.5,39.0],[-80.5,39.0],[-80.5,39.0],[-80.5,39.0],[-80.5,39.0],[-80.5,39.0],[-80.5,39.0],[-80.5,39.0],[-80.5,39.0],[-80.5,39.0],[-80.5,39.0],[-80.5,39.0],[-80.5,39.0],[-80.5,39.0],[-80.5,39.0],[-80.5,39.0],[-80.5,39.0],[-80.5,39.0],[-80.5,39.0],[-80.5,39.0],[-80.5,39.0],[-80.5,39.0],[-80.5,39.0],[-80.5,39.0],[-80.5,39.0],[-80.5,39.0],[-80.5,39.0],[-80.5,39.0],[-80.5,39.0],[-80.5,39.0],[-80.5,39.0],[-80.5,39.0],[-80.5,39.0],[-80.5,39.0],[-80.5,39.0],[-80.5,39.0],[-80.5,39.0],[-80.5,39.0],[-80.5,39.0],[-80.5,39.0],[-80.5,39.0],[-80.5,39.0],[-80.5,39.0],[-80.5,39.0],[-80.5,39.0],[-80.5,39.0],[-80.5,39.0],[-80.5,39.0],[-80.5,39.0],[-80.5,39.0],[-80.5,39.0],[-80.5,39.0],[-80.5,39.0],[-80.5,39.0],[-80.5,39.0],[-80.5,39.0],[-80.5,39.0],[-80.5,39.0],[-80.5,39.0],[-80.5,39.0],[-80.5,39.0],[-80.5,39.0],[-80.5,39.0],[-80.5,39.0],[-80.5,39.0],[-80.5,39.0],[-80.5,39.0],[-80.5,39.0],[-80.5,39.0],[-80.5,39.0],[-80.5,39.0],[-80.5,39.0],[-80.5,39.0],[-80.5,39.0],[-80.5,39.0],[-80.5,39.0],[-80.5,39.0],[-80.5,39.0],[-80.5,39.0],[-80.5,39.0],[-80.5,39.0],[-80.5,39.0],[-80.5,39.0],[-80.5,39.0],[-80.5,39.0],[-80.5,39.0],[-80.5,39.0],[-80.5,39.0],[-80.5,39.0],[-80.5,39.0],[-80.5,39.0],[-80.5,39.0],[-80.5,39.0],[-80.5,39.0],[-80.5,39.0],[-80.5,39.0],[-80.5,39.0],[-80.5,39.0],[-80.5,39.0],[-80.5,39.0],[-80.5,39.0],[-80.5,39.0],[-80.5,39.0],[-80.5,39.0],[-80.5,39.0],[-80.5,39.0],[-80.5,39.0],[-80.5,39.0],[-80.5,39.0],[-80.5,39.0],[-80.5,39.0],[-80.5,39.0],[-80.5,39.0],[-80.5,39.0],[-80.5,39.0],[-80.5,39.0],[-80.5,39.0],[-80.5,39.0],[-80.5,39.0],[-80.5,39.0],[-80.5,39.0],[-80.5,39.0],[-80.5,39.0],[-80.5,39.0],[-80.5,39.0],[-80.5,39.0],[-80.5,39.0],[-80.5,39.0],[-80.5,39.0],[-80.5,39.0],[-80.5,39.0],[-80.5,39.0],[-80.5,39.0],[-80.5,39.0],[-80.5,39.0],[-80.5,39.0],[-80.5,39.0],[-80.5,39.0],[-80.5,39.0],[-80.5,39.0],[-80.5,39.0],[-80.5,39.0],[-80.5,39.0],[-80.5,39.0],[-80.5,39.0],[-80.5,39.0],[-80.5,39.0],[-80.5,39.0],[-80.5,39.0],[-80.5,39.0],[-80.5,39.0],[-80.5,39.0],[-80.5,39.0],[-80.5,39.0],[-80.5,39.0],[-80.5,39.0],[-80.5,39.0],[-80.5,39.0],[-80.5,39.0],[-80.5,39.0],[-80.5,39.0],[-80.5,39.0],[-80.5,39.0],[-80.5,39.0],[-80.5,39.0],[-80.5,39.0],[-80.5,39.0],[-80.5,39.0],[-80.5,39.0],[-80.5,39.0],[-80.5,39.0],[-80.5,39.0],[-80.5,39.0],[-80.5,39.0],[-80.5,39.0],[-80.5,39.0],[-80.5,39.0],[-80.5,39.0],[-80.5,39.0],[-80.5,39.0],[-80.5,39.0],[-80.5,39.0],[-80.5,39.0],[-80.5,39.0],[-80.5,39.0],[-80.5,39.0],[-80.5,39.0],[-80.5,39.0],[-80.5,39.0],[-80.5,39.0],[-80.5,39.0],[-80.5,39.0],[-80.5,39.0],[-80.5,39.0],[-80.5,39.0],[-80.5,39.0],[-80.5,39.0],[-80.5,39.0],[-80.5,39.0],[-80.5,39.0],[-80.5,39.0],[-80.5,39.0],[-80.5,39.0],[-80.5,39.0],[-80.5,39.0],[-80.5,39.0],[-80.5,39.0],[-80.5,39.0],[-80.5,39.0]]]},"properties":{"storm_name":"ISAIAS-26","fuente":"GDACS","alertlevel":"Orange","url":"https://www.gdacs.org/report.aspx?eventid=1001334&episodeid=14&eventtype=TC","paises":"United States","layer":"storm_track","kind":"wind_radii_forecast","wind_kt":34}},{"type":"Feature","geometry":{"type":"Polygon","coordinates":[[[-80.5,39.0],[-80.5,39.0],[-80.5,39.0],[-80.5,39.0],[-80.5,39.0],[-80.5,39.0],[-80.5,39.0],[-80.5,39.0],[-80.5,39.0],[-80.5,39.0],[-80.5,39.0],[-80.5,39.0],[-80.5,39.0],[-80.5,39.0],[-80.5,39.0],[-80.5,39.0],[-80.5,39.0],[-80.5,39.0],[-80.5,39.0],[-80.5,39.0],[-80.5,39.0],[-80.5,39.0],[-80.5,39.0],[-80.5,39.0],[-80.5,39.0],[-80.5,39.0],[-80.5,39.0],[-80.5,39.0],[-80.5,39.0],[-80.5,39.0],[-80.5,39.0],[-80.5,39.0],[-80.5,39.0],[-80.5,39.0],[-80.5,39.0],[-80.5,39.0],[-80.5,39.0],[-80.5,39.0],[-80.5,39.0],[-80.5,39.0],[-80.5,39.0],[-80.5,39.0],[-80.5,39.0],[-80.5,39.0],[-80.5,39.0],[-80.5,39.0],[-80.5,39.0],[-80.5,39.0],[-80.5,39.0],[-80.5,39.0],[-80.5,39.0],[-80.5,39.0],[-80.5,39.0],[-80.5,39.0],[-80.5,39.0],[-80.5,39.0],[-80.5,39.0],[-80.5,39.0],[-80.5,39.0],[-80.5,39.0],[-80.5,39.0],[-80.5,39.0],[-80.5,39.0],[-80.5,39.0],[-80.5,39.0],[-80.5,39.0],[-80.5,39.0],[-80.5,39.0],[-80.5,39.0],[-80.5,39.0],[-80.5,39.0],[-80.5,39.0],[-80.5,39.0],[-80.5,39.0],[-80.5,39.0],[-80.5,39.0],[-80.5,39.0],[-80.5,39.0],[-80.5,39.0],[-80.5,39.0],[-80.5,39.0],[-80.5,39.0],[-80.5,39.0],[-80.5,39.0],[-80.5,39.0],[-80.5,39.0],[-80.5,39.0],[-80.5,39.0],[-80.5,39.0],[-80.5,39.0],[-80.5,39.0],[-80.5,39.0],[-80.5,39.0],[-80.5,39.0],[-80.5,39.0],[-80.5,39.0],[-80.5,39.0],[-80.5,39.0],[-80.5,39.0],[-80.5,39.0],[-80.5,39.0],[-80.5,39.0],[-80.5,39.0],[-80.5,39.0],[-80.5,39.0],[-80.5,39.0],[-80.5,39.0],[-80.5,39.0],[-80.5,39.0],[-80.5,39.0],[-80.5,39.0],[-80.5,39.0],[-80.5,39.0],[-80.5,39.0],[-80.5,39.0],[-80.5,39.0],[-80.5,39.0],[-80.5,39.0],[-80.5,39.0],[-80.5,39.0],[-80.5,39.0],[-80.5,39.0],[-80.5,39.0],[-80.5,39.0],[-80.5,39.0],[-80.5,39.0],[-80.5,39.0],[-80.5,39.0],[-80.5,39.0],[-80.5,39.0],[-80.5,39.0],[-80.5,39.0],[-80.5,39.0],[-80.5,39.0],[-80.5,39.0],[-80.5,39.0],[-80.5,39.0],[-80.5,39.0],[-80.5,39.0],[-80.5,39.0],[-80.5,39.0],[-80.5,39.0],[-80.5,39.0],[-80.5,39.0],[-80.5,39.0],[-80.5,39.0],[-80.5,39.0],[-80.5,39.0],[-80.5,39.0],[-80.5,39.0],[-80.5,39.0],[-80.5,39.0],[-80.5,39.0],[-80.5,39.0],[-80.5,39.0],[-80.5,39.0],[-80.5,39.0],[-80.5,39.0],[-80.5,39.0],[-80.5,39.0],[-80.5,39.0],[-80.5,39.0],[-80.5,39.0],[-80.5,39.0],[-80.5,39.0],[-80.5,39.0],[-80.5,39.0],[-80.5,39.0],[-80.5,39.0],[-80.5,39.0],[-80.5,39.0],[-80.5,39.0],[-80.5,39.0],[-80.5,39.0],[-80.5,39.0],[-80.5,39.0],[-80.5,39.0],[-80.5,39.0],[-80.5,39.0],[-80.5,39.0],[-80.5,39.0],[-80.5,39.0],[-80.5,39.0],[-80.5,39.0],[-80.5,39.0],[-80.5,39.0],[-80.5,39.0],[-80.5,39.0],[-80.5,39.0],[-80.5,39.0],[-80.5,39.0],[-80.5,39.0],[-80.5,39.0],[-80.5,39.0],[-80.5,39.0],[-80.5,39.0],[-80.5,39.0],[-80.5,39.0],[-80.5,39.0],[-80.5,39.0],[-80.5,39.0],[-80.5,39.0],[-80.5,39.0],[-80.5,39.0],[-80.5,39.0],[-80.5,39.0],[-80.5,39.0],[-80.5,39.0],[-80.5,39.0],[-80.5,39.0],[-80.5,39.0],[-80.5,39.0],[-80.5,39.0],[-80.5,39.0],[-80.5,39.0],[-80.5,39.0],[-80.5,39.0],[-80.5,39.0],[-80.5,39.0],[-80.5,39.0],[-80.5,39.0],[-80.5,39.0],[-80.5,39.0],[-80.5,39.0],[-80.5,39.0],[-80.5,39.0],[-80.5,39.0],[-80.5,39.0],[-80.5,39.0],[-80.5,39.0],[-80.5,39.0],[-80.5,39.0],[-80.5,39.0],[-80.5,39.0],[-80.5,39.0],[-80.5,39.0],[-80.5,39.0],[-80.5,39.0],[-80.5,39.0],[-80.5,39.0],[-80.5,39.0],[-80.5,39.0],[-80.5,39.0],[-80.5,39.0],[-80.5,39.0],[-80.5,39.0],[-80.5,39.0],[-80.5,39.0],[-80.5,39.0],[-80.5,39.0],[-80.5,39.0],[-80.5,39.0],[-80.5,39.0],[-80.5,39.0],[-80.5,39.0],[-80.5,39.0],[-80.5,39.0],[-80.5,39.0],[-80.5,39.0],[-80.5,39.0],[-80.5,39.0],[-80.5,39.0],[-80.5,39.0],[-80.5,39.0],[-80.5,39.0],[-80.5,39.0],[-80.5,39.0],[-80.5,39.0],[-80.5,39.0],[-80.5,39.0],[-80.5,39.0],[-80.5,39.0],[-80.5,39.0],[-80.5,39.0],[-80.5,39.0],[-80.5,39.0],[-80.5,39.0],[-80.5,39.0],[-80.5,39.0],[-80.5,39.0],[-80.5,39.0],[-80.5,39.0],[-80.5,39.0],[-80.5,39.0],[-80.5,39.0],[-80.5,39.0],[-80.5,39.0],[-80.5,39.0],[-80.5,39.0],[-80.5,39.0],[-80.5,39.0],[-80.5,39.0],[-80.5,39.0],[-80.5,39.0],[-80.5,39.0],[-80.5,39.0],[-80.5,39.0],[-80.5,39.0],[-80.5,39.0],[-80.5,39.0],[-80.5,39.0],[-80.5,39.0],[-80.5,39.0],[-80.5,39.0],[-80.5,39.0],[-80.5,39.0],[-80.5,39.0],[-80.5,39.0],[-80.5,39.0],[-80.5,39.0],[-80.5,39.0],[-80.5,39.0],[-80.5,39.0],[-80.5,39.0],[-80.5,39.0],[-80.5,39.0],[-80.5,39.0],[-80.5,39.0],[-80.5,39.0],[-80.5,39.0],[-80.5,39.0],[-80.5,39.0],[-80.5,39.0],[-80.5,39.0],[-80.5,39.0],[-80.5,39.0],[-80.5,39.0],[-80.5,39.0],[-80.5,39.0],[-80.5,39.0],[-80.5,39.0],[-80.5,39.0],[-80.5,39.0],[-80.5,39.0],[-80.5,39.0],[-80.5,39.0],[-80.5,39.0],[-80.5,39.0],[-80.5,39.0],[-80.5,39.0],[-80.5,39.0],[-80.5,39.0],[-80.5,39.0],[-80.5,39.0],[-80.5,39.0],[-80.5,39.0],[-80.5,39.0],[-80.5,39.0],[-80.5,39.0],[-80.5,39.0],[-80.5,39.0],[-80.5,39.0],[-80.5,39.0],[-80.5,39.0],[-80.5,39.0],[-80.5,39.0],[-80.5,39.0],[-80.5,39.0],[-80.5,39.0],[-80.5,39.0],[-80.5,39.0],[-80.5,39.0],[-80.5,39.0],[-80.5,39.0],[-80.5,39.0]]]},"properties":{"storm_name":"ISAIAS-26","fuente":"GDACS","alertlevel":"Orange","url":"https://www.gdacs.org/report.aspx?eventid=1001334&episodeid=14&eventtype=TC","paises":"United States","layer":"storm_track","kind":"wind_radii_forecast","wind_kt":34}},{"type":"Feature","geometry":{"type":"Polygon","coordinates":[[[-80.5,39.0],[-80.5,39.0],[-80.5,39.0],[-80.5,39.0],[-80.5,39.0],[-80.5,39.0],[-80.5,39.0],[-80.5,39.0],[-80.5,39.0],[-80.5,39.0],[-80.5,39.0],[-80.5,39.0],[-80.5,39.0],[-80.5,39.0],[-80.5,39.0],[-80.5,39.0],[-80.5,39.0],[-80.5,39.0],[-80.5,39.0],[-80.5,39.0],[-80.5,39.0],[-80.5,39.0],[-80.5,39.0],[-80.5,39.0],[-80.5,39.0],[-80.5,39.0],[-80.5,39.0],[-80.5,39.0],[-80.5,39.0],[-80.5,39.0],[-80.5,39.0],[-80.5,39.0],[-80.5,39.0],[-80.5,39.0],[-80.5,39.0],[-80.5,39.0],[-80.5,39.0],[-80.5,39.0],[-80.5,39.0],[-80.5,39.0],[-80.5,39.0],[-80.5,39.0],[-80.5,39.0],[-80.5,39.0],[-80.5,39.0],[-80.5,39.0],[-80.5,39.0],[-80.5,39.0],[-80.5,39.0],[-80.5,39.0],[-80.5,39.0],[-80.5,39.0],[-80.5,39.0],[-80.5,39.0],[-80.5,39.0],[-80.5,39.0],[-80.5,39.0],[-80.5,39.0],[-80.5,39.0],[-80.5,39.0],[-80.5,39.0],[-80.5,39.0],[-80.5,39.0],[-80.5,39.0],[-80.5,39.0],[-80.5,39.0],[-80.5,39.0],[-80.5,39.0],[-80.5,39.0],[-80.5,39.0],[-80.5,39.0],[-80.5,39.0],[-80.5,39.0],[-80.5,39.0],[-80.5,39.0],[-80.5,39.0],[-80.5,39.0],[-80.5,39.0],[-80.5,39.0],[-80.5,39.0],[-80.5,39.0],[-80.5,39.0],[-80.5,39.0],[-80.5,39.0],[-80.5,39.0],[-80.5,39.0],[-80.5,39.0],[-80.5,39.0],[-80.5,39.0],[-80.5,39.0],[-80.5,39.0],[-80.5,39.0],[-80.5,39.0],[-80.5,39.0],[-80.5,39.0],[-80.5,39.0],[-80.5,39.0],[-80.5,39.0],[-80.5,39.0],[-80.5,39.0],[-80.5,39.0],[-80.5,39.0],[-80.5,39.0],[-80.5,39.0],[-80.5,39.0],[-80.5,39.0],[-80.5,39.0],[-80.5,39.0],[-80.5,39.0],[-80.5,39.0],[-80.5,39.0],[-80.5,39.0],[-80.5,39.0],[-80.5,39.0],[-80.5,39.0],[-80.5,39.0],[-80.5,39.0],[-80.5,39.0],[-80.5,39.0],[-80.5,39.0],[-80.5,39.0],[-80.5,39.0],[-80.5,39.0],[-80.5,39.0],[-80.5,39.0],[-80.5,39.0],[-80.5,39.0],[-80.5,39.0],[-80.5,39.0],[-80.5,39.0],[-80.5,39.0],[-80.5,39.0],[-80.5,39.0],[-80.5,39.0],[-80.5,39.0],[-80.5,39.0],[-80.5,39.0],[-80.5,39.0],[-80.5,39.0],[-80.5,39.0],[-80.5,39.0],[-80.5,39.0],[-80.5,39.0],[-80.5,39.0],[-80.5,39.0],[-80.5,39.0],[-80.5,39.0],[-80.5,39.0],[-80.5,39.0],[-80.5,39.0],[-80.5,39.0],[-80.5,39.0],[-80.5,39.0],[-80.5,39.0],[-80.5,39.0],[-80.5,39.0],[-80.5,39.0],[-80.5,39.0],[-80.5,39.0],[-80.5,39.0],[-80.5,39.0],[-80.5,39.0],[-80.5,39.0],[-80.5,39.0],[-80.5,39.0],[-80.5,39.0],[-80.5,39.0],[-80.5,39.0],[-80.5,39.0],[-80.5,39.0],[-80.5,39.0],[-80.5,39.0],[-80.5,39.0],[-80.5,39.0],[-80.5,39.0],[-80.5,39.0],[-80.5,39.0],[-80.5,39.0],[-80.5,39.0],[-80.5,39.0],[-80.5,39.0],[-80.5,39.0],[-80.5,39.0],[-80.5,39.0],[-80.5,39.0],[-80.5,39.0],[-80.5,39.0],[-80.5,39.0],[-80.5,39.0],[-80.5,39.0],[-80.5,39.0],[-80.5,39.0],[-80.5,39.0],[-80.5,39.0],[-80.5,39.0],[-80.5,39.0],[-80.5,39.0],[-80.5,39.0],[-80.5,39.0],[-80.5,39.0],[-80.5,39.0],[-80.5,39.0],[-80.5,39.0],[-80.5,39.0],[-80.5,39.0],[-80.5,39.0],[-80.5,39.0],[-80.5,39.0],[-80.5,39.0],[-80.5,39.0],[-80.5,39.0],[-80.5,39.0],[-80.5,39.0],[-80.5,39.0],[-80.5,39.0],[-80.5,39.0],[-80.5,39.0],[-80.5,39.0],[-80.5,39.0],[-80.5,39.0],[-80.5,39.0],[-80.5,39.0],[-80.5,39.0],[-80.5,39.0],[-80.5,39.0],[-80.5,39.0],[-80.5,39.0],[-80.5,39.0],[-80.5,39.0],[-80.5,39.0],[-80.5,39.0],[-80.5,39.0],[-80.5,39.0],[-80.5,39.0],[-80.5,39.0],[-80.5,39.0],[-80.5,39.0],[-80.5,39.0],[-80.5,39.0],[-80.5,39.0],[-80.5,39.0],[-80.5,39.0],[-80.5,39.0],[-80.5,39.0],[-80.5,39.0],[-80.5,39.0],[-80.5,39.0],[-80.5,39.0],[-80.5,39.0],[-80.5,39.0],[-80.5,39.0],[-80.5,39.0],[-80.5,39.0],[-80.5,39.0],[-80.5,39.0],[-80.5,39.0],[-80.5,39.0],[-80.5,39.0],[-80.5,39.0],[-80.5,39.0],[-80.5,39.0],[-80.5,39.0],[-80.5,39.0],[-80.5,39.0],[-80.5,39.0],[-80.5,39.0],[-80.5,39.0],[-80.5,39.0],[-80.5,39.0],[-80.5,39.0],[-80.5,39.0],[-80.5,39.0],[-80.5,39.0],[-80.5,39.0],[-80.5,39.0],[-80.5,39.0],[-80.5,39.0],[-80.5,39.0],[-80.5,39.0],[-80.5,39.0],[-80.5,39.0],[-80.5,39.0],[-80.5,39.0],[-80.5,39.0],[-80.5,39.0],[-80.5,39.0],[-80.5,39.0],[-80.5,39.0],[-80.5,39.0],[-80.5,39.0],[-80.5,39.0],[-80.5,39.0],[-80.5,39.0],[-80.5,39.0],[-80.5,39.0],[-80.5,39.0],[-80.5,39.0],[-80.5,39.0],[-80.5,39.0],[-80.5,39.0],[-80.5,39.0],[-80.5,39.0],[-80.5,39.0],[-80.5,39.0],[-80.5,39.0],[-80.5,39.0],[-80.5,39.0],[-80.5,39.0],[-80.5,39.0],[-80.5,39.0],[-80.5,39.0],[-80.5,39.0],[-80.5,39.0],[-80.5,39.0],[-80.5,39.0],[-80.5,39.0],[-80.5,39.0],[-80.5,39.0],[-80.5,39.0],[-80.5,39.0],[-80.5,39.0],[-80.5,39.0],[-80.5,39.0],[-80.5,39.0],[-80.5,39.0],[-80.5,39.0],[-80.5,39.0],[-80.5,39.0],[-80.5,39.0],[-80.5,39.0],[-80.5,39.0],[-80.5,39.0],[-80.5,39.0],[-80.5,39.0],[-80.5,39.0],[-80.5,39.0],[-80.5,39.0],[-80.5,39.0],[-80.5,39.0],[-80.5,39.0],[-80.5,39.0],[-80.5,39.0],[-80.5,39.0],[-80.5,39.0],[-80.5,39.0],[-80.5,39.0],[-80.5,39.0],[-80.5,39.0],[-80.5,39.0],[-80.5,39.0],[-80.5,39.0],[-80.5,39.0],[-80.5,39.0],[-80.5,39.0],[-80.5,39.0],[-80.5,39.0],[-80.5,39.0],[-80.5,39.0],[-80.5,39.0],[-80.5,39.0],[-80.5,39.0],[-80.5,39.0],[-80.5,39.0],[-80.5,39.0],[-80.5,39.0]]]},"properties":{"storm_name":"ISAIAS-26","fuente":"GDACS","alertlevel":"Orange","url":"https://www.gdacs.org/report.aspx?eventid=1001334&episodeid=14&eventtype=TC","paises":"United States","layer":"storm_track","kind":"wind_radii_forecast","wind_kt":34}},{"type":"Feature","geometry":{"type":"LineString","coordinates":[[-87.0,29.2],[-86.5,30.8]]},"properties":{"storm_name":"ISAIAS-26","fuente":"GDACS","alertlevel":"Orange","url":"https://www.gdacs.org/report.aspx?eventid=1001334&episodeid=14&eventtype=TC","paises":"United States","layer":"storm_track","kind":"forecast"}},{"type":"Feature","geometry":{"type":"LineString","coordinates":[[-87.3,27.7],[-87.0,29.2]]},"properties":{"storm_name":"ISAIAS-26","fuente":"GDACS","alertlevel":"Orange","url":"https://www.gdacs.org/report.aspx?eventid=1001334&episodeid=14&eventtype=TC","paises":"United States","layer":"storm_track","kind":"forecast"}},{"type":"Feature","geometry":{"type":"LineString","coordinates":[[-88.0,26.4],[-87.3,27.7]]},"properties":{"storm_name":"ISAIAS-26","fuente":"GDACS","alertlevel":"Orange","url":"https://www.gdacs.org/report.aspx?eventid=1001334&episodeid=14&eventtype=TC","paises":"United States","layer":"storm_track","kind":"forecast"}},{"type":"Feature","geometry":{"type":"LineString","coordinates":[[-88.4,25.4],[-88.0,26.4]]},"properties":{"storm_name":"ISAIAS-26","fuente":"GDACS","alertlevel":"Orange","url":"https://www.gdacs.org/report.aspx?eventid=1001334&episodeid=14&eventtype=TC","paises":"United States","layer":"storm_track","kind":"forecast"}},{"type":"Feature","geometry":{"type":"LineString","coordinates":[[-89.3,24.4],[-88.4,25.4]]},"properties":{"storm_name":"ISAIAS-26","fuente":"GDACS","alertlevel":"Orange","url":"https://www.gdacs.org/report.aspx?eventid=1001334&episodeid=14&eventtype=TC","paises":"United States","layer":"storm_track","kind":"forecast"}},{"type":"Feature","geometry":{"type":"LineString","coordinates":[[-90.2,23.7],[-89.3,24.4]]},"properties":{"storm_name":"ISAIAS-26","fuente":"GDACS","alertlevel":"Orange","url":"https://www.gdacs.org/report.aspx?eventid=1001334&episodeid=14&eventtype=TC","paises":"United States","layer":"storm_track","kind":"forecast"}},{"type":"Feature","geometry":{"type":"LineString","coordinates":[[-91.2,23.3],[-90.2,23.7]]},"properties":{"storm_name":"ISAIAS-26","fuente":"GDACS","alertlevel":"Orange","url":"https://www.gdacs.org/report.aspx?eventid=1001334&episodeid=14&eventtype=TC","paises":"United States","layer":"storm_track","kind":"forecast"}},{"type":"Feature","geometry":{"type":"LineString","coordinates":[[-91.9,22.9],[-91.2,23.3]]},"properties":{"storm_name":"ISAIAS-26","fuente":"GDACS","alertlevel":"Orange","url":"https://www.gdacs.org/report.aspx?eventid=1001334&episodeid=14&eventtype=TC","paises":"United States","layer":"storm_track","kind":"forecast"}},{"type":"Feature","geometry":{"type":"LineString","coordinates":[[-84.4,36.9],[-80.5,39.0]]},"properties":{"storm_name":"ISAIAS-26","fuente":"GDACS","alertlevel":"Orange","url":"https://www.gdacs.org/report.aspx?eventid=1001334&episodeid=14&eventtype=TC","paises":"United States","layer":"storm_track","kind":"forecast"}},{"type":"Feature","geometry":{"type":"LineString","coordinates":[[-86.7,32.7],[-86.7,34.7]]},"properties":{"storm_name":"ISAIAS-26","fuente":"GDACS","alertlevel":"Orange","url":"https://www.gdacs.org/report.aspx?eventid=1001334&episodeid=14&eventtype=TC","paises":"United States","layer":"storm_track","kind":"forecast"}},{"type":"Feature","geometry":{"type":"LineString","coordinates":[[-86.7,34.7],[-84.4,36.9]]},"properties":{"storm_name":"ISAIAS-26","fuente":"GDACS","alertlevel":"Orange","url":"https://www.gdacs.org/report.aspx?eventid=1001334&episodeid=14&eventtype=TC","paises":"United States","layer":"storm_track","kind":"forecast"}},{"type":"Feature","geometry":{"type":"LineString","coordinates":[[-95.6,22.1],[-95.0,22.1]]},"properties":{"storm_name":"ISAIAS-26","fuente":"GDACS","alertlevel":"Orange","url":"https://www.gdacs.org/report.aspx?eventid=1001334&episodeid=14&eventtype=TC","paises":"United States","layer":"storm_track","kind":"forecast"}},{"type":"Feature","geometry":{"type":"LineString","coordinates":[[-86.5,30.8],[-86.7,32.7]]},"properties":{"storm_name":"ISAIAS-26","fuente":"GDACS","alertlevel":"Orange","url":"https://www.gdacs.org/report.aspx?eventid=1001334&episodeid=14&eventtype=TC","paises":"United States","layer":"storm_track","kind":"forecast"}},{"type":"Feature","geometry":{"type":"LineString","coordinates":[[-92.9,22.7],[-91.9,22.9]]},"properties":{"storm_name":"ISAIAS-26","fuente":"GDACS","alertlevel":"Orange","url":"https://www.gdacs.org/report.aspx?eventid=1001334&episodeid=14&eventtype=TC","paises":"United States","layer":"storm_track","kind":"forecast"}},{"type":"Feature","geometry":{"type":"LineString","coordinates":[[-93.6,22.4],[-92.9,22.7]]},"properties":{"storm_name":"ISAIAS-26","fuente":"GDACS","alertlevel":"Orange","url":"https://www.gdacs.org/report.aspx?eventid=1001334&episodeid=14&eventtype=TC","paises":"United States","layer":"storm_track","kind":"forecast"}},{"type":"Feature","geometry":{"type":"LineString","coordinates":[[-94.1,22.0],[-93.6,22.4]]},"properties":{"storm_name":"ISAIAS-26","fuente":"GDACS","alertlevel":"Orange","url":"https://www.gdacs.org/report.aspx?eventid=1001334&episodeid=14&eventtype=TC","paises":"United States","layer":"storm_track","kind":"forecast"}},{"type":"Feature","geometry":{"type":"LineString","coordinates":[[-95.0,22.1],[-94.1,22.0]]},"properties":{"storm_name":"ISAIAS-26","fuente":"GDACS","alertlevel":"Orange","url":"https://www.gdacs.org/report.aspx?eventid=1001334&episodeid=14&eventtype=TC","paises":"United States","layer":"storm_track","kind":"forecast"}},{"type":"Feature","geometry":{"type":"Polygon","coordinates":[[[-95.6,22.07],[-95.5985,22.07],[-95.5971,22.0701],[-95.5956,22.0703],[-95.5941,22.0706],[-95.5927,22.0709],[-95.5913,22.0713],[-95.5899,22.0718],[-95.5885,22.0723],[-95.5872,22.0729],[-95.5859,22.0735],[-95.5846,22.0743],[-95.5833,22.0751],[-95.5821,22.0759],[-95.581,22.0768],[-95.5799,22.0778],[-95.5788,22.0788],[-95.5778,22.0799],[-95.5768,22.081],[-95.5759,22.0821],[-95.5751,22.0833],[-95.5743,22.0846],[-95.5735,22.0859],[-95.5729,22.0872],[-95.5723,22.0885],[-95.5718,22.0899],[-95.5713,22.0913],[-95.5709,22.0927],[-95.5706,22.0941],[-95.5703,22.0956],[-95.5701,22.0971],[-95.57,22.0985],[-95.57,22.1],[-95.57,22.1015],[-95.5701,22.1029],[-95.5703,22.1044],[-95.5706,22.1059],[-95.5709,22.1073],[-95.5713,22.1087],[-95.5718,22.1101],[-95.5723,22.1115],[-95.5729,22.1128],[-95.5735,22.1141],[-95.5743,22.1154],[-95.5751,22.1167],[-95.5759,22.1179],[-95.5768,22.119],[-95.5778,22.1201],[-95.5788,22.1212],[-95.5799,22.1222],[-95.581,22.1232],[-95.5821,22.1241],[-95.5833,22.1249],[-95.5846,22.1257],[-95.5859,22.1265],[-95.5872,22.1271],[-95.5885,22.1277],[-95.5899,22.1282],[-95.5913,22.1287],[-95.5927,22.1291],[-95.5941,22.1294],[-95.5956,22.1297],[-95.5971,22.1299],[-95.5985,22.13],[-95.6,22.13],[-95.6015,22.13],[-95.6029,22.1299],[-95.6044,22.1297],[-95.6059,22.1294],[-95.6073,22.1291],[-95.6087,22.1287],[-95.6101,22.1282],[-95.6115,22.1277],[-95.6128,22.1271],[-95.6141,22.1265],[-95.6154,22.1257],[-95.6167,22.1249],[-95.6179,22.1241],[-95.619,22.1232],[-95.6201,22.1222],[-95.6212,22.1212],[-95.6222,22.1201],[-95.6232,22.119],[-95.6241,22.1179],[-95.6249,22.1167],[-95.6257,22.1154],[-95.6265,22.1141],[-95.6271,22.1128],[-95.6277,22.1115],[-95.6282,22.1101],[-95.6287,22.1087],[-95.6291,22.1073],[-95.6294,22.1059],[-95.6297,22.1044],[-95.6299,22.1029],[-95.63,22.1015],[-95.63,22.1],[-95.63,22.0985],[-95.6299,22.0971],[-95.6297,22.0956],[-95.6294,22.0941],[-95.6291,22.0927],[-95.6287,22.0913],[-95.6282,22.0899],[-95.6277,22.0885],[-95.6271,22.0872],[-95.6265,22.0859],[-95.6257,22.0846],[-95.6249,22.0833],[-95.6241,22.0821],[-95.6232,22.081],[-95.6222,22.0799],[-95.6212,22.0788],[-95.6201,22.0778],[-95.619,22.0768],[-95.6179,22.0759],[-95.6167,22.0751],[-95.6154,22.0743],[-95.6141,22.0735],[-95.6128,22.0729],[-95.6115,22.0723],[-95.6101,22.0718],[-95.6087,22.0713],[-95.6073,22.0709],[-95.6059,22.0706],[-95.6044,22.0703],[-95.6029,22.0701],[-95.6015,22.07],[-95.6,22.07]]]},"properties":{"storm_name":"ISAIAS-26","fuente":"GDACS","alertlevel":"Orange","url":"https://www.gdacs.org/report.aspx?eventid=1001334&episodeid=14&eventtype=TC","paises":"United States","layer":"storm_track","kind":"wind_radii_forecast","wind_kt":34}},{"type":"Feature","geometry":{"type":"Polygon","coordinates":[[[-95.0,22.07],[-94.9985,22.07],[-94.9971,22.0701],[-94.9956,22.0703],[-94.9941,22.0706],[-94.9927,22.0709],[-94.9913,22.0713],[-94.9899,22.0718],[-94.9885,22.0723],[-94.9872,22.0729],[-94.9859,22.0735],[-94.9846,22.0743],[-94.9833,22.0751],[-94.9821,22.0759],[-94.981,22.0768],[-94.9799,22.0778],[-94.9788,22.0788],[-94.9778,22.0799],[-94.9768,22.081],[-94.9759,22.0821],[-94.9751,22.0833],[-94.9743,22.0846],[-94.9735,22.0859],[-94.9729,22.0872],[-94.9723,22.0885],[-94.9718,22.0899],[-94.9713,22.0913],[-94.9709,22.0927],[-94.9706,22.0941],[-94.9703,22.0956],[-94.9701,22.0971],[-94.97,22.0985],[-94.97,22.1],[-94.97,22.1015],[-94.9701,22.1029],[-94.9703,22.1044],[-94.9706,22.1059],[-94.9709,22.1073],[-94.9713,22.1087],[-94.9718,22.1101],[-94.9723,22.1115],[-94.9729,22.1128],[-94.9735,22.1141],[-94.9743,22.1154],[-94.9751,22.1167],[-94.9759,22.1179],[-94.9768,22.119],[-94.9778,22.1201],[-94.9788,22.1212],[-94.9799,22.1222],[-94.981,22.1232],[-94.9821,22.1241],[-94.9833,22.1249],[-94.9846,22.1257],[-94.9859,22.1265],[-94.9872,22.1271],[-94.9885,22.1277],[-94.9899,22.1282],[-94.9913,22.1287],[-94.9927,22.1291],[-94.9941,22.1294],[-94.9956,22.1297],[-94.9971,22.1299],[-94.9985,22.13],[-95.0,22.13],[-95.0015,22.13],[-95.0029,22.1299],[-95.0044,22.1297],[-95.0059,22.1294],[-95.0073,22.1291],[-95.0087,22.1287],[-95.0101,22.1282],[-95.0115,22.1277],[-95.0128,22.1271],[-95.0141,22.1265],[-95.0154,22.1257],[-95.0167,22.1249],[-95.0179,22.1241],[-95.019,22.1232],[-95.0201,22.1222],[-95.0212,22.1212],[-95.0222,22.1201],[-95.0232,22.119],[-95.0241,22.1179],[-95.0249,22.1167],[-95.0257,22.1154],[-95.0265,22.1141],[-95.0271,22.1128],[-95.0277,22.1115],[-95.0282,22.1101],[-95.0287,22.1087],[-95.0291,22.1073],[-95.0294,22.1059],[-95.0297,22.1044],[-95.0299,22.1029],[-95.03,22.1015],[-95.03,22.1],[-95.03,22.0985],[-95.0299,22.0971],[-95.0297,22.0956],[-95.0294,22.0941],[-95.0291,22.0927],[-95.0287,22.0913],[-95.0282,22.0899],[-95.0277,22.0885],[-95.0271,22.0872],[-95.0265,22.0859],[-95.0257,22.0846],[-95.0249,22.0833],[-95.0241,22.0821],[-95.0232,22.081],[-95.0222,22.0799],[-95.0212,22.0788],[-95.0201,22.0778],[-95.019,22.0768],[-95.0179,22.0759],[-95.0167,22.0751],[-95.0154,22.0743],[-95.0141,22.0735],[-95.0128,22.0729],[-95.0115,22.0723],[-95.0101,22.0718],[-95.0087,22.0713],[-95.0073,22.0709],[-95.0059,22.0706],[-95.0044,22.0703],[-95.0029,22.0701],[-95.0015,22.07],[-95.0,22.07]]]},"properties":{"storm_name":"ISAIAS-26","fuente":"GDACS","alertlevel":"Orange","url":"https://www.gdacs.org/report.aspx?eventid=1001334&episodeid=14&eventtype=TC","paises":"United States","layer":"storm_track","kind":"wind_radii_forecast","wind_kt":34}},{"type":"Feature","geometry":{"type":"Polygon","coordinates":[[[-94.1,21.97],[-94.0985,21.97],[-94.0971,21.9701],[-94.0956,21.9703],[-94.0941,21.9706],[-94.0927,21.9709],[-94.0913,21.9713],[-94.0899,21.9718],[-94.0885,21.9723],[-94.0872,21.9729],[-94.0859,21.9735],[-94.0846,21.9743],[-94.0833,21.9751],[-94.0821,21.9759],[-94.081,21.9768],[-94.0799,21.9778],[-94.0788,21.9788],[-94.0778,21.9799],[-94.0768,21.981],[-94.0759,21.9821],[-94.0751,21.9833],[-94.0743,21.9846],[-94.0735,21.9859],[-94.0729,21.9872],[-94.0723,21.9885],[-94.0718,21.9899],[-94.0713,21.9913],[-94.0709,21.9927],[-94.0706,21.9941],[-94.0703,21.9956],[-94.0701,21.9971],[-94.07,21.9985],[-94.07,22.0],[-94.07,22.0015],[-94.0701,22.0029],[-94.0703,22.0044],[-94.0706,22.0059],[-94.0709,22.0073],[-94.0713,22.0087],[-94.0718,22.0101],[-94.0723,22.0115],[-94.0729,22.0128],[-94.0735,22.0141],[-94.0743,22.0154],[-94.0751,22.0167],[-94.0759,22.0179],[-94.0768,22.019],[-94.0778,22.0201],[-94.0788,22.0212],[-94.0799,22.0222],[-94.081,22.0232],[-94.0821,22.0241],[-94.0833,22.0249],[-94.0846,22.0257],[-94.0859,22.0265],[-94.0872,22.0271],[-94.0885,22.0277],[-94.0899,22.0282],[-94.0913,22.0287],[-94.0927,22.0291],[-94.0941,22.0294],[-94.0956,22.0297],[-94.0971,22.0299],[-94.0985,22.03],[-94.1,22.03],[-94.1015,22.03],[-94.1029,22.0299],[-94.1044,22.0297],[-94.1059,22.0294],[-94.1073,22.0291],[-94.1087,22.0287],[-94.1101,22.0282],[-94.1115,22.0277],[-94.1128,22.0271],[-94.1141,22.0265],[-94.1154,22.0257],[-94.1167,22.0249],[-94.1179,22.0241],[-94.119,22.0232],[-94.1201,22.0222],[-94.1212,22.0212],[-94.1222,22.0201],[-94.1232,22.019],[-94.1241,22.0179],[-94.1249,22.0167],[-94.1257,22.0154],[-94.1265,22.0141],[-94.1271,22.0128],[-94.1277,22.0115],[-94.1282,22.0101],[-94.1287,22.0087],[-94.1291,22.0073],[-94.1294,22.0059],[-94.1297,22.0044],[-94.1299,22.0029],[-94.13,22.0015],[-94.13,22.0],[-94.13,21.9985],[-94.1299,21.9971],[-94.1297,21.9956],[-94.1294,21.9941],[-94.1291,21.9927],[-94.1287,21.9913],[-94.1282,21.9899],[-94.1277,21.9885],[-94.1271,21.9872],[-94.1265,21.9859],[-94.1257,21.9846],[-94.1249,21.9833],[-94.1241,21.9821],[-94.1232,21.981],[-94.1222,21.9799],[-94.1212,21.9788],[-94.1201,21.9778],[-94.119,21.9768],[-94.1179,21.9759],[-94.1167,21.9751],[-94.1154,21.9743],[-94.1141,21.9735],[-94.1128,21.9729],[-94.1115,21.9723],[-94.1101,21.9718],[-94.1087,21.9713],[-94.1073,21.9709],[-94.1059,21.9706],[-94.1044,21.9703],[-94.1029,21.9701],[-94.1015,21.97],[-94.1,21.97]]]},"properties":{"storm_name":"ISAIAS-26","fuente":"GDACS","alertlevel":"Orange","url":"https://www.gdacs.org/report.aspx?eventid=1001334&episodeid=14&eventtype=TC","paises":"United States","layer":"storm_track","kind":"wind_radii_forecast","wind_kt":34}},{"type":"Feature","geometry":{"type":"Polygon","coordinates":[[[-93.6,22.37],[-93.5985,22.37],[-93.5971,22.3701],[-93.5956,22.3703],[-93.5941,22.3706],[-93.5927,22.3709],[-93.5913,22.3713],[-93.5899,22.3718],[-93.5885,22.3723],[-93.5872,22.3729],[-93.5859,22.3735],[-93.5846,22.3743],[-93.5833,22.3751],[-93.5821,22.3759],[-93.581,22.3768],[-93.5799,22.3778],[-93.5788,22.3788],[-93.5778,22.3799],[-93.5768,22.381],[-93.5759,22.3821],[-93.5751,22.3833],[-93.5743,22.3846],[-93.5735,22.3859],[-93.5729,22.3872],[-93.5723,22.3885],[-93.5718,22.3899],[-93.5713,22.3913],[-93.5709,22.3927],[-93.5706,22.3941],[-93.5703,22.3956],[-93.5701,22.3971],[-93.57,22.3985],[-93.57,22.4],[-93.57,22.4015],[-93.5701,22.4029],[-93.5703,22.4044],[-93.5706,22.4059],[-93.5709,22.4073],[-93.5713,22.4087],[-93.5718,22.4101],[-93.5723,22.4115],[-93.5729,22.4128],[-93.5735,22.4141],[-93.5743,22.4154],[-93.5751,22.4167],[-93.5759,22.4179],[-93.5768,22.419],[-93.5778,22.4201],[-93.5788,22.4212],[-93.5799,22.4222],[-93.581,22.4232],[-93.5821,22.4241],[-93.5833,22.4249],[-93.5846,22.4257],[-93.5859,22.4265],[-93.5872,22.4271],[-93.5885,22.4277],[-93.5899,22.4282],[-93.5913,22.4287],[-93.5927,22.4291],[-93.5941,22.4294],[-93.5956,22.4297],[-93.5971,22.4299],[-93.5985,22.43],[-93.6,22.43],[-93.6015,22.43],[-93.6029,22.4299],[-93.6044,22.4297],[-93.6059,22.4294],[-93.6073,22.4291],[-93.6087,22.4287],[-93.6101,22.4282],[-93.6115,22.4277],[-93.6128,22.4271],[-93.6141,22.4265],[-93.6154,22.4257],[-93.6167,22.4249],[-93.6179,22.4241],[-93.619,22.4232],[-93.6201,22.4222],[-93.6212,22.4212],[-93.6222,22.4201],[-93.6232,22.419],[-93.6241,22.4179],[-93.6249,22.4167],[-93.6257,22.4154],[-93.6265,22.4141],[-93.6271,22.4128],[-93.6277,22.4115],[-93.6282,22.4101],[-93.6287,22.4087],[-93.6291,22.4073],[-93.6294,22.4059],[-93.6297,22.4044],[-93.6299,22.4029],[-93.63,22.4015],[-93.63,22.4],[-93.63,22.3985],[-93.6299,22.3971],[-93.6297,22.3956],[-93.6294,22.3941],[-93.6291,22.3927],[-93.6287,22.3913],[-93.6282,22.3899],[-93.6277,22.3885],[-93.6271,22.3872],[-93.6265,22.3859],[-93.6257,22.3846],[-93.6249,22.3833],[-93.6241,22.3821],[-93.6232,22.381],[-93.6222,22.3799],[-93.6212,22.3788],[-93.6201,22.3778],[-93.619,22.3768],[-93.6179,22.3759],[-93.6167,22.3751],[-93.6154,22.3743],[-93.6141,22.3735],[-93.6128,22.3729],[-93.6115,22.3723],[-93.6101,22.3718],[-93.6087,22.3713],[-93.6073,22.3709],[-93.6059,22.3706],[-93.6044,22.3703],[-93.6029,22.3701],[-93.6015,22.37],[-93.6,22.37]]]},"properties":{"storm_name":"ISAIAS-26","fuente":"GDACS","alertlevel":"Orange","url":"https://www.gdacs.org/report.aspx?eventid=1001334&episodeid=14&eventtype=TC","paises":"United States","layer":"storm_track","kind":"wind_radii_forecast","wind_kt":34}},{"type":"Feature","geometry":{"type":"Polygon","coordinates":[[[-92.9,22.67],[-92.8985,22.67],[-92.8971,22.6701],[-92.8956,22.6703],[-92.8941,22.6706],[-92.8927,22.6709],[-92.8913,22.6713],[-92.8899,22.6718],[-92.8885,22.6723],[-92.8872,22.6729],[-92.8859,22.6735],[-92.8846,22.6743],[-92.8833,22.6751],[-92.8821,22.6759],[-92.881,22.6768],[-92.8799,22.6778],[-92.8788,22.6788],[-92.8778,22.6799],[-92.8768,22.681],[-92.8759,22.6821],[-92.8751,22.6833],[-92.8743,22.6846],[-92.8735,22.6859],[-92.8729,22.6872],[-92.8723,22.6885],[-92.8718,22.6899],[-92.8713,22.6913],[-92.8709,22.6927],[-92.8706,22.6941],[-92.8703,22.6956],[-92.8701,22.6971],[-92.87,22.6985],[-92.87,22.7],[-92.87,22.7015],[-92.8701,22.7029],[-92.8703,22.7044],[-92.8706,22.7059],[-92.8709,22.7073],[-92.8713,22.7087],[-92.8718,22.7101],[-92.8723,22.7115],[-92.8729,22.7128],[-92.8735,22.7141],[-92.8743,22.7154],[-92.8751,22.7167],[-92.8759,22.7179],[-92.8768,22.719],[-92.8778,22.7201],[-92.8788,22.7212],[-92.8799,22.7222],[-92.881,22.7232],[-92.8821,22.7241],[-92.8833,22.7249],[-92.8846,22.7257],[-92.8859,22.7265],[-92.8872,22.7271],[-92.8885,22.7277],[-92.8899,22.7282],[-92.8913,22.7287],[-92.8927,22.7291],[-92.8941,22.7294],[-92.8956,22.7297],[-92.8971,22.7299],[-92.8985,22.73],[-92.9,22.73],[-92.9015,22.73],[-92.9029,22.7299],[-92.9044,22.7297],[-92.9059,22.7294],[-92.9073,22.7291],[-92.9087,22.7287],[-92.9101,22.7282],[-92.9115,22.7277],[-92.9128,22.7271],[-92.9141,22.7265],[-92.9154,22.7257],[-92.9167,22.7249],[-92.9179,22.7241],[-92.919,22.7232],[-92.9201,22.7222],[-92.9212,22.7212],[-92.9222,22.7201],[-92.9232,22.719],[-92.9241,22.7179],[-92.9249,22.7167],[-92.9257,22.7154],[-92.9265,22.7141],[-92.9271,22.7128],[-92.9277,22.7115],[-92.9282,22.7101],[-92.9287,22.7087],[-92.9291,22.7073],[-92.9294,22.7059],[-92.9297,22.7044],[-92.9299,22.7029],[-92.93,22.7015],[-92.93,22.7],[-92.93,22.6985],[-92.9299,22.6971],[-92.9297,22.6956],[-92.9294,22.6941],[-92.9291,22.6927],[-92.9287,22.6913],[-92.9282,22.6899],[-92.9277,22.6885],[-92.9271,22.6872],[-92.9265,22.6859],[-92.9257,22.6846],[-92.9249,22.6833],[-92.9241,22.6821],[-92.9232,22.681],[-92.9222,22.6799],[-92.9212,22.6788],[-92.9201,22.6778],[-92.919,22.6768],[-92.9179,22.6759],[-92.9167,22.6751],[-92.9154,22.6743],[-92.9141,22.6735],[-92.9128,22.6729],[-92.9115,22.6723],[-92.9101,22.6718],[-92.9087,22.6713],[-92.9073,22.6709],[-92.9059,22.6706],[-92.9044,22.6703],[-92.9029,22.6701],[-92.9015,22.67],[-92.9,22.67]]]},"properties":{"storm_name":"ISAIAS-26","fuente":"GDACS","alertlevel":"Orange","url":"https://www.gdacs.org/report.aspx?eventid=1001334&episodeid=14&eventtype=TC","paises":"United States","layer":"storm_track","kind":"wind_radii_forecast","wind_kt":34}},{"type":"Feature","geometry":{"type":"Polygon","coordinates":[[[-91.9,22.87],[-91.8985,22.87],[-91.8971,22.8701],[-91.8956,22.8703],[-91.8941,22.8706],[-91.8927,22.8709],[-91.8913,22.8713],[-91.8899,22.8718],[-91.8885,22.8723],[-91.8872,22.8729],[-91.8859,22.8735],[-91.8846,22.8743],[-91.8833,22.8751],[-91.8821,22.8759],[-91.881,22.8768],[-91.8799,22.8778],[-91.8788,22.8788],[-91.8778,22.8799],[-91.8768,22.881],[-91.8759,22.8821],[-91.8751,22.8833],[-91.8743,22.8846],[-91.8735,22.8859],[-91.8729,22.8872],[-91.8723,22.8885],[-91.8718,22.8899],[-91.8713,22.8913],[-91.8709,22.8927],[-91.8706,22.8941],[-91.8703,22.8956],[-91.8701,22.8971],[-91.87,22.8985],[-91.87,22.9],[-91.87,22.9015],[-91.8701,22.9029],[-91.8703,22.9044],[-91.8706,22.9059],[-91.8709,22.9073],[-91.8713,22.9087],[-91.8718,22.9101],[-91.8723,22.9115],[-91.8729,22.9128],[-91.8735,22.9141],[-91.8743,22.9154],[-91.8751,22.9167],[-91.8759,22.9179],[-91.8768,22.919],[-91.8778,22.9201],[-91.8788,22.9212],[-91.8799,22.9222],[-91.881,22.9232],[-91.8821,22.9241],[-91.8833,22.9249],[-91.8846,22.9257],[-91.8859,22.9265],[-91.8872,22.9271],[-91.8885,22.9277],[-91.8899,22.9282],[-91.8913,22.9287],[-91.8927,22.9291],[-91.8941,22.9294],[-91.8956,22.9297],[-91.8971,22.9299],[-91.8985,22.93],[-91.9,22.93],[-91.9015,22.93],[-91.9029,22.9299],[-91.9044,22.9297],[-91.9059,22.9294],[-91.9073,22.9291],[-91.9087,22.9287],[-91.9101,22.9282],[-91.9115,22.9277],[-91.9128,22.9271],[-91.9141,22.9265],[-91.9154,22.9257],[-91.9167,22.9249],[-91.9179,22.9241],[-91.919,22.9232],[-91.9201,22.9222],[-91.9212,22.9212],[-91.9222,22.9201],[-91.9232,22.919],[-91.9241,22.9179],[-91.9249,22.9167],[-91.9257,22.9154],[-91.9265,22.9141],[-91.9271,22.9128],[-91.9277,22.9115],[-91.9282,22.9101],[-91.9287,22.9087],[-91.9291,22.9073],[-91.9294,22.9059],[-91.9297,22.9044],[-91.9299,22.9029],[-91.93,22.9015],[-91.93,22.9],[-91.93,22.8985],[-91.9299,22.8971],[-91.9297,22.8956],[-91.9294,22.8941],[-91.9291,22.8927],[-91.9287,22.8913],[-91.9282,22.8899],[-91.9277,22.8885],[-91.9271,22.8872],[-91.9265,22.8859],[-91.9257,22.8846],[-91.9249,22.8833],[-91.9241,22.8821],[-91.9232,22.881],[-91.9222,22.8799],[-91.9212,22.8788],[-91.9201,22.8778],[-91.919,22.8768],[-91.9179,22.8759],[-91.9167,22.8751],[-91.9154,22.8743],[-91.9141,22.8735],[-91.9128,22.8729],[-91.9115,22.8723],[-91.9101,22.8718],[-91.9087,22.8713],[-91.9073,22.8709],[-91.9059,22.8706],[-91.9044,22.8703],[-91.9029,22.8701],[-91.9015,22.87],[-91.9,22.87]]]},"properties":{"storm_name":"ISAIAS-26","fuente":"GDACS","alertlevel":"Orange","url":"https://www.gdacs.org/report.aspx?eventid=1001334&episodeid=14&eventtype=TC","paises":"United States","layer":"storm_track","kind":"wind_radii_forecast","wind_kt":34}},{"type":"Feature","geometry":{"type":"Polygon","coordinates":[[[-91.2,23.27],[-91.1985,23.27],[-91.1971,23.2701],[-91.1956,23.2703],[-91.1941,23.2706],[-91.1927,23.2709],[-91.1913,23.2713],[-91.1899,23.2718],[-91.1885,23.2723],[-91.1872,23.2729],[-91.1859,23.2735],[-91.1846,23.2743],[-91.1833,23.2751],[-91.1821,23.2759],[-91.181,23.2768],[-91.1799,23.2778],[-91.1788,23.2788],[-91.1778,23.2799],[-91.1768,23.281],[-91.1759,23.2821],[-91.1751,23.2833],[-91.1743,23.2846],[-91.1735,23.2859],[-91.1729,23.2872],[-91.1723,23.2885],[-91.1718,23.2899],[-91.1713,23.2913],[-91.1709,23.2927],[-91.1706,23.2941],[-91.1703,23.2956],[-91.1701,23.2971],[-91.17,23.2985],[-91.17,23.3],[-91.17,23.3015],[-91.1701,23.3029],[-91.1703,23.3044],[-91.1706,23.3059],[-91.1709,23.3073],[-91.1713,23.3087],[-91.1718,23.3101],[-91.1723,23.3115],[-91.1729,23.3128],[-91.1735,23.3141],[-91.1743,23.3154],[-91.1751,23.3167],[-91.1759,23.3179],[-91.1768,23.319],[-91.1778,23.3201],[-91.1788,23.3212],[-91.1799,23.3222],[-91.181,23.3232],[-91.1821,23.3241],[-91.1833,23.3249],[-91.1846,23.3257],[-91.1859,23.3265],[-91.1872,23.3271],[-91.1885,23.3277],[-91.1899,23.3282],[-91.1913,23.3287],[-91.1927,23.3291],[-91.1941,23.3294],[-91.1956,23.3297],[-91.1971,23.3299],[-91.1985,23.33],[-91.2,23.33],[-91.2015,23.33],[-91.2029,23.3299],[-91.2044,23.3297],[-91.2059,23.3294],[-91.2073,23.3291],[-91.2087,23.3287],[-91.2101,23.3282],[-91.2115,23.3277],[-91.2128,23.3271],[-91.2141,23.3265],[-91.2154,23.3257],[-91.2167,23.3249],[-91.2179,23.3241],[-91.219,23.3232],[-91.2201,23.3222],[-91.2212,23.3212],[-91.2222,23.3201],[-91.2232,23.319],[-91.2241,23.3179],[-91.2249,23.3167],[-91.2257,23.3154],[-91.2265,23.3141],[-91.2271,23.3128],[-91.2277,23.3115],[-91.2282,23.3101],[-91.2287,23.3087],[-91.2291,23.3073],[-91.2294,23.3059],[-91.2297,23.3044],[-91.2299,23.3029],[-91.23,23.3015],[-91.23,23.3],[-91.23,23.2985],[-91.2299,23.2971],[-91.2297,23.2956],[-91.2294,23.2941],[-91.2291,23.2927],[-91.2287,23.2913],[-91.2282,23.2899],[-91.2277,23.2885],[-91.2271,23.2872],[-91.2265,23.2859],[-91.2257,23.2846],[-91.2249,23.2833],[-91.2241,23.2821],[-91.2232,23.281],[-91.2222,23.2799],[-91.2212,23.2788],[-91.2201,23.2778],[-91.219,23.2768],[-91.2179,23.2759],[-91.2167,23.2751],[-91.2154,23.2743],[-91.2141,23.2735],[-91.2128,23.2729],[-91.2115,23.2723],[-91.2101,23.2718],[-91.2087,23.2713],[-91.2073,23.2709],[-91.2059,23.2706],[-91.2044,23.2703],[-91.2029,23.2701],[-91.2015,23.27],[-91.2,23.27]]]},"properties":{"storm_name":"ISAIAS-26","fuente":"GDACS","alertlevel":"Orange","url":"https://www.gdacs.org/report.aspx?eventid=1001334&episodeid=14&eventtype=TC","paises":"United States","layer":"storm_track","kind":"wind_radii_forecast","wind_kt":34}},{"type":"Feature","geometry":{"type":"Polygon","coordinates":[[[-90.2,23.67],[-90.1985,23.67],[-90.1971,23.6701],[-90.1956,23.6703],[-90.1941,23.6706],[-90.1927,23.6709],[-90.1913,23.6713],[-90.1899,23.6718],[-90.1885,23.6723],[-90.1872,23.6729],[-90.1859,23.6735],[-90.1846,23.6743],[-90.1833,23.6751],[-90.1821,23.6759],[-90.181,23.6768],[-90.1799,23.6778],[-90.1788,23.6788],[-90.1778,23.6799],[-90.1768,23.681],[-90.1759,23.6821],[-90.1751,23.6833],[-90.1743,23.6846],[-90.1735,23.6859],[-90.1729,23.6872],[-90.1723,23.6885],[-90.1718,23.6899],[-90.1713,23.6913],[-90.1709,23.6927],[-90.1706,23.6941],[-90.1703,23.6956],[-90.1701,23.6971],[-90.17,23.6985],[-90.17,23.7],[-90.17,23.7015],[-90.1701,23.7029],[-90.1703,23.7044],[-90.1706,23.7059],[-90.1709,23.7073],[-90.1713,23.7087],[-90.1718,23.7101],[-90.1723,23.7115],[-90.1729,23.7128],[-90.1735,23.7141],[-90.1743,23.7154],[-90.1751,23.7167],[-90.1759,23.7179],[-90.1768,23.719],[-90.1778,23.7201],[-90.1788,23.7212],[-90.1799,23.7222],[-90.181,23.7232],[-90.1821,23.7241],[-90.1833,23.7249],[-90.1846,23.7257],[-90.1859,23.7265],[-90.1872,23.7271],[-90.1885,23.7277],[-90.1899,23.7282],[-90.1913,23.7287],[-90.1927,23.7291],[-90.1941,23.7294],[-90.1956,23.7297],[-90.1971,23.7299],[-90.1985,23.73],[-90.2,23.73],[-90.2015,23.73],[-90.2029,23.7299],[-90.2044,23.7297],[-90.2059,23.7294],[-90.2073,23.7291],[-90.2087,23.7287],[-90.2101,23.7282],[-90.2115,23.7277],[-90.2128,23.7271],[-90.2141,23.7265],[-90.2154,23.7257],[-90.2167,23.7249],[-90.2179,23.7241],[-90.219,23.7232],[-90.2201,23.7222],[-90.2212,23.7212],[-90.2222,23.7201],[-90.2232,23.719],[-90.2241,23.7179],[-90.2249,23.7167],[-90.2257,23.7154],[-90.2265,23.7141],[-90.2271,23.7128],[-90.2277,23.7115],[-90.2282,23.7101],[-90.2287,23.7087],[-90.2291,23.7073],[-90.2294,23.7059],[-90.2297,23.7044],[-90.2299,23.7029],[-90.23,23.7015],[-90.23,23.7],[-90.23,23.6985],[-90.2299,23.6971],[-90.2297,23.6956],[-90.2294,23.6941],[-90.2291,23.6927],[-90.2287,23.6913],[-90.2282,23.6899],[-90.2277,23.6885],[-90.2271,23.6872],[-90.2265,23.6859],[-90.2257,23.6846],[-90.2249,23.6833],[-90.2241,23.6821],[-90.2232,23.681],[-90.2222,23.6799],[-90.2212,23.6788],[-90.2201,23.6778],[-90.219,23.6768],[-90.2179,23.6759],[-90.2167,23.6751],[-90.2154,23.6743],[-90.2141,23.6735],[-90.2128,23.6729],[-90.2115,23.6723],[-90.2101,23.6718],[-90.2087,23.6713],[-90.2073,23.6709],[-90.2059,23.6706],[-90.2044,23.6703],[-90.2029,23.6701],[-90.2015,23.67],[-90.2,23.67]]]},"properties":{"storm_name":"ISAIAS-26","fuente":"GDACS","alertlevel":"Orange","url":"https://www.gdacs.org/report.aspx?eventid=1001334&episodeid=14&eventtype=TC","paises":"United States","layer":"storm_track","kind":"wind_radii_forecast","wind_kt":34}},{"type":"Feature","geometry":{"type":"Polygon","coordinates":[[[-89.3,24.37],[-89.2985,24.37],[-89.2971,24.3701],[-89.2956,24.3703],[-89.2941,24.3706],[-89.2927,24.3709],[-89.2913,24.3713],[-89.2899,24.3718],[-89.2885,24.3723],[-89.2872,24.3729],[-89.2859,24.3735],[-89.2846,24.3743],[-89.2833,24.3751],[-89.2821,24.3759],[-89.281,24.3768],[-89.2799,24.3778],[-89.2788,24.3788],[-89.2778,24.3799],[-89.2768,24.381],[-89.2759,24.3821],[-89.2751,24.3833],[-89.2743,24.3846],[-89.2735,24.3859],[-89.2729,24.3872],[-89.2723,24.3885],[-89.2718,24.3899],[-89.2713,24.3913],[-89.2709,24.3927],[-89.2706,24.3941],[-89.2703,24.3956],[-89.2701,24.3971],[-89.27,24.3985],[-89.27,24.4],[-89.27,24.4015],[-89.2701,24.4029],[-89.2703,24.4044],[-89.2706,24.4059],[-89.2709,24.4073],[-89.2713,24.4087],[-89.2718,24.4101],[-89.2723,24.4115],[-89.2729,24.4128],[-89.2735,24.4141],[-89.2743,24.4154],[-89.2751,24.4167],[-89.2759,24.4179],[-89.2768,24.419],[-89.2778,24.4201],[-89.2788,24.4212],[-89.2799,24.4222],[-89.281,24.4232],[-89.2821,24.4241],[-89.2833,24.4249],[-89.2846,24.4257],[-89.2859,24.4265],[-89.2872,24.4271],[-89.2885,24.4277],[-89.2899,24.4282],[-89.2913,24.4287],[-89.2927,24.4291],[-89.2941,24.4294],[-89.2956,24.4297],[-89.2971,24.4299],[-89.2985,24.43],[-89.3,24.43],[-89.3015,24.43],[-89.3029,24.4299],[-89.3044,24.4297],[-89.3059,24.4294],[-89.3073,24.4291],[-89.3087,24.4287],[-89.3101,24.4282],[-89.3115,24.4277],[-89.3128,24.4271],[-89.3141,24.4265],[-89.3154,24.4257],[-89.3167,24.4249],[-89.3179,24.4241],[-89.319,24.4232],[-89.3201,24.4222],[-89.3212,24.4212],[-89.3222,24.4201],[-89.3232,24.419],[-89.3241,24.4179],[-89.3249,24.4167],[-89.3257,24.4154],[-89.3265,24.4141],[-89.3271,24.4128],[-89.3277,24.4115],[-89.3282,24.4101],[-89.3287,24.4087],[-89.3291,24.4073],[-89.3294,24.4059],[-89.3297,24.4044],[-89.3299,24.4029],[-89.33,24.4015],[-89.33,24.4],[-89.33,24.3985],[-89.3299,24.3971],[-89.3297,24.3956],[-89.3294,24.3941],[-89.3291,24.3927],[-89.3287,24.3913],[-89.3282,24.3899],[-89.3277,24.3885],[-89.3271,24.3872],[-89.3265,24.3859],[-89.3257,24.3846],[-89.3249,24.3833],[-89.3241,24.3821],[-89.3232,24.381],[-89.3222,24.3799],[-89.3212,24.3788],[-89.3201,24.3778],[-89.319,24.3768],[-89.3179,24.3759],[-89.3167,24.3751],[-89.3154,24.3743],[-89.3141,24.3735],[-89.3128,24.3729],[-89.3115,24.3723],[-89.3101,24.3718],[-89.3087,24.3713],[-89.3073,24.3709],[-89.3059,24.3706],[-89.3044,24.3703],[-89.3029,24.3701],[-89.3015,24.37],[-89.3,24.37]]]},"properties":{"storm_name":"ISAIAS-26","fuente":"GDACS","alertlevel":"Orange","url":"https://www.gdacs.org/report.aspx?eventid=1001334&episodeid=14&eventtype=TC","paises":"United States","layer":"storm_track","kind":"wind_radii_forecast","wind_kt":34}},{"type":"Feature","geometry":{"type":"Polygon","coordinates":[[[-88.4,25.37],[-88.3985,25.37],[-88.3971,25.3701],[-88.3956,25.3703],[-88.3941,25.3706],[-88.3927,25.3709],[-88.3913,25.3713],[-88.3899,25.3718],[-88.3885,25.3723],[-88.3872,25.3729],[-88.3859,25.3735],[-88.3846,25.3743],[-88.3833,25.3751],[-88.3821,25.3759],[-88.381,25.3768],[-88.3799,25.3778],[-88.3788,25.3788],[-88.3778,25.3799],[-88.3768,25.381],[-88.3759,25.3821],[-88.3751,25.3833],[-88.3743,25.3846],[-88.3735,25.3859],[-88.3729,25.3872],[-88.3723,25.3885],[-88.3718,25.3899],[-88.3713,25.3913],[-88.3709,25.3927],[-88.3706,25.3941],[-88.3703,25.3956],[-88.3701,25.3971],[-88.37,25.3985],[-88.37,25.4],[-88.37,25.4015],[-88.3701,25.4029],[-88.3703,25.4044],[-88.3706,25.4059],[-88.3709,25.4073],[-88.3713,25.4087],[-88.3718,25.4101],[-88.3723,25.4115],[-88.3729,25.4128],[-88.3735,25.4141],[-88.3743,25.4154],[-88.3751,25.4167],[-88.3759,25.4179],[-88.3768,25.419],[-88.3778,25.4201],[-88.3788,25.4212],[-88.3799,25.4222],[-88.381,25.4232],[-88.3821,25.4241],[-88.3833,25.4249],[-88.3846,25.4257],[-88.3859,25.4265],[-88.3872,25.4271],[-88.3885,25.4277],[-88.3899,25.4282],[-88.3913,25.4287],[-88.3927,25.4291],[-88.3941,25.4294],[-88.3956,25.4297],[-88.3971,25.4299],[-88.3985,25.43],[-88.4,25.43],[-88.4015,25.43],[-88.4029,25.4299],[-88.4044,25.4297],[-88.4059,25.4294],[-88.4073,25.4291],[-88.4087,25.4287],[-88.4101,25.4282],[-88.4115,25.4277],[-88.4128,25.4271],[-88.4141,25.4265],[-88.4154,25.4257],[-88.4167,25.4249],[-88.4179,25.4241],[-88.419,25.4232],[-88.4201,25.4222],[-88.4212,25.4212],[-88.4222,25.4201],[-88.4232,25.419],[-88.4241,25.4179],[-88.4249,25.4167],[-88.4257,25.4154],[-88.4265,25.4141],[-88.4271,25.4128],[-88.4277,25.4115],[-88.4282,25.4101],[-88.4287,25.4087],[-88.4291,25.4073],[-88.4294,25.4059],[-88.4297,25.4044],[-88.4299,25.4029],[-88.43,25.4015],[-88.43,25.4],[-88.43,25.3985],[-88.4299,25.3971],[-88.4297,25.3956],[-88.4294,25.3941],[-88.4291,25.3927],[-88.4287,25.3913],[-88.4282,25.3899],[-88.4277,25.3885],[-88.4271,25.3872],[-88.4265,25.3859],[-88.4257,25.3846],[-88.4249,25.3833],[-88.4241,25.3821],[-88.4232,25.381],[-88.4222,25.3799],[-88.4212,25.3788],[-88.4201,25.3778],[-88.419,25.3768],[-88.4179,25.3759],[-88.4167,25.3751],[-88.4154,25.3743],[-88.4141,25.3735],[-88.4128,25.3729],[-88.4115,25.3723],[-88.4101,25.3718],[-88.4087,25.3713],[-88.4073,25.3709],[-88.4059,25.3706],[-88.4044,25.3703],[-88.4029,25.3701],[-88.4015,25.37],[-88.4,25.37]]]},"properties":{"storm_name":"ISAIAS-26","fuente":"GDACS","alertlevel":"Orange","url":"https://www.gdacs.org/report.aspx?eventid=1001334&episodeid=14&eventtype=TC","paises":"United States","layer":"storm_track","kind":"wind_radii_forecast","wind_kt":34}},{"type":"Feature","geometry":{"type":"Polygon","coordinates":[[[-88.0,26.37],[-87.9985,26.37],[-87.9971,26.3701],[-87.9956,26.3703],[-87.9941,26.3706],[-87.9927,26.3709],[-87.9913,26.3713],[-87.9899,26.3718],[-87.9885,26.3723],[-87.9872,26.3729],[-87.9859,26.3735],[-87.9846,26.3743],[-87.9833,26.3751],[-87.9821,26.3759],[-87.981,26.3768],[-87.9799,26.3778],[-87.9788,26.3788],[-87.9778,26.3799],[-87.9768,26.381],[-87.9759,26.3821],[-87.9751,26.3833],[-87.9743,26.3846],[-87.9735,26.3859],[-87.9729,26.3872],[-87.9723,26.3885],[-87.9718,26.3899],[-87.9713,26.3913],[-87.9709,26.3927],[-87.9706,26.3941],[-87.9703,26.3956],[-87.9701,26.3971],[-87.97,26.3985],[-87.97,26.4],[-87.97,26.4015],[-87.9701,26.4029],[-87.9703,26.4044],[-87.9706,26.4059],[-87.9709,26.4073],[-87.9713,26.4087],[-87.9718,26.4101],[-87.9723,26.4115],[-87.9729,26.4128],[-87.9735,26.4141],[-87.9743,26.4154],[-87.9751,26.4167],[-87.9759,26.4179],[-87.9768,26.419],[-87.9778,26.4201],[-87.9788,26.4212],[-87.9799,26.4222],[-87.981,26.4232],[-87.9821,26.4241],[-87.9833,26.4249],[-87.9846,26.4257],[-87.9859,26.4265],[-87.9872,26.4271],[-87.9885,26.4277],[-87.9899,26.4282],[-87.9913,26.4287],[-87.9927,26.4291],[-87.9941,26.4294],[-87.9956,26.4297],[-87.9971,26.4299],[-87.9985,26.43],[-88.0,26.43],[-88.0015,26.43],[-88.0029,26.4299],[-88.0044,26.4297],[-88.0059,26.4294],[-88.0073,26.4291],[-88.0087,26.4287],[-88.0101,26.4282],[-88.0115,26.4277],[-88.0128,26.4271],[-88.0141,26.4265],[-88.0154,26.4257],[-88.0167,26.4249],[-88.0179,26.4241],[-88.019,26.4232],[-88.0201,26.4222],[-88.0212,26.4212],[-88.0222,26.4201],[-88.0232,26.419],[-88.0241,26.4179],[-88.0249,26.4167],[-88.0257,26.4154],[-88.0265,26.4141],[-88.0271,26.4128],[-88.0277,26.4115],[-88.0282,26.4101],[-88.0287,26.4087],[-88.0291,26.4073],[-88.0294,26.4059],[-88.0297,26.4044],[-88.0299,26.4029],[-88.03,26.4015],[-88.03,26.4],[-88.03,26.3985],[-88.0299,26.3971],[-88.0297,26.3956],[-88.0294,26.3941],[-88.0291,26.3927],[-88.0287,26.3913],[-88.0282,26.3899],[-88.0277,26.3885],[-88.0271,26.3872],[-88.0265,26.3859],[-88.0257,26.3846],[-88.0249,26.3833],[-88.0241,26.3821],[-88.0232,26.381],[-88.0222,26.3799],[-88.0212,26.3788],[-88.0201,26.3778],[-88.019,26.3768],[-88.0179,26.3759],[-88.0167,26.3751],[-88.0154,26.3743],[-88.0141,26.3735],[-88.0128,26.3729],[-88.0115,26.3723],[-88.0101,26.3718],[-88.0087,26.3713],[-88.0073,26.3709],[-88.0059,26.3706],[-88.0044,26.3703],[-88.0029,26.3701],[-88.0015,26.37],[-88.0,26.37]]]},"properties":{"storm_name":"ISAIAS-26","fuente":"GDACS","alertlevel":"Orange","url":"https://www.gdacs.org/report.aspx?eventid=1001334&episodeid=14&eventtype=TC","paises":"United States","layer":"storm_track","kind":"wind_radii_forecast","wind_kt":34}},{"type":"Feature","geometry":{"type":"Polygon","coordinates":[[[-87.3,27.67],[-87.2985,27.67],[-87.2971,27.6701],[-87.2956,27.6703],[-87.2941,27.6706],[-87.2927,27.6709],[-87.2913,27.6713],[-87.2899,27.6718],[-87.2885,27.6723],[-87.2872,27.6729],[-87.2859,27.6735],[-87.2846,27.6743],[-87.2833,27.6751],[-87.2821,27.6759],[-87.281,27.6768],[-87.2799,27.6778],[-87.2788,27.6788],[-87.2778,27.6799],[-87.2768,27.681],[-87.2759,27.6821],[-87.2751,27.6833],[-87.2743,27.6846],[-87.2735,27.6859],[-87.2729,27.6872],[-87.2723,27.6885],[-87.2718,27.6899],[-87.2713,27.6913],[-87.2709,27.6927],[-87.2706,27.6941],[-87.2703,27.6956],[-87.2701,27.6971],[-87.27,27.6985],[-87.27,27.7],[-87.27,27.7015],[-87.2701,27.7029],[-87.2703,27.7044],[-87.2706,27.7059],[-87.2709,27.7073],[-87.2713,27.7087],[-87.2718,27.7101],[-87.2723,27.7115],[-87.2729,27.7128],[-87.2735,27.7141],[-87.2743,27.7154],[-87.2751,27.7167],[-87.2759,27.7179],[-87.2768,27.719],[-87.2778,27.7201],[-87.2788,27.7212],[-87.2799,27.7222],[-87.281,27.7232],[-87.2821,27.7241],[-87.2833,27.7249],[-87.2846,27.7257],[-87.2859,27.7265],[-87.2872,27.7271],[-87.2885,27.7277],[-87.2899,27.7282],[-87.2913,27.7287],[-87.2927,27.7291],[-87.2941,27.7294],[-87.2956,27.7297],[-87.2971,27.7299],[-87.2985,27.73],[-87.3,27.73],[-87.3015,27.73],[-87.3029,27.7299],[-87.3044,27.7297],[-87.3059,27.7294],[-87.3073,27.7291],[-87.3087,27.7287],[-87.3101,27.7282],[-87.3115,27.7277],[-87.3128,27.7271],[-87.3141,27.7265],[-87.3154,27.7257],[-87.3167,27.7249],[-87.3179,27.7241],[-87.319,27.7232],[-87.3201,27.7222],[-87.3212,27.7212],[-87.3222,27.7201],[-87.3232,27.719],[-87.3241,27.7179],[-87.3249,27.7167],[-87.3257,27.7154],[-87.3265,27.7141],[-87.3271,27.7128],[-87.3277,27.7115],[-87.3282,27.7101],[-87.3287,27.7087],[-87.3291,27.7073],[-87.3294,27.7059],[-87.3297,27.7044],[-87.3299,27.7029],[-87.33,27.7015],[-87.33,27.7],[-87.33,27.6985],[-87.3299,27.6971],[-87.3297,27.6956],[-87.3294,27.6941],[-87.3291,27.6927],[-87.3287,27.6913],[-87.3282,27.6899],[-87.3277,27.6885],[-87.3271,27.6872],[-87.3265,27.6859],[-87.3257,27.6846],[-87.3249,27.6833],[-87.3241,27.6821],[-87.3232,27.681],[-87.3222,27.6799],[-87.3212,27.6788],[-87.3201,27.6778],[-87.319,27.6768],[-87.3179,27.6759],[-87.3167,27.6751],[-87.3154,27.6743],[-87.3141,27.6735],[-87.3128,27.6729],[-87.3115,27.6723],[-87.3101,27.6718],[-87.3087,27.6713],[-87.3073,27.6709],[-87.3059,27.6706],[-87.3044,27.6703],[-87.3029,27.6701],[-87.3015,27.67],[-87.3,27.67]]]},"properties":{"storm_name":"ISAIAS-26","fuente":"GDACS","alertlevel":"Orange","url":"https://www.gdacs.org/report.aspx?eventid=1001334&episodeid=14&eventtype=TC","paises":"United States","layer":"storm_track","kind":"wind_radii_forecast","wind_kt":34}},{"type":"Feature","geometry":{"type":"Polygon","coordinates":[[[-87.0,29.17],[-86.9985,29.17],[-86.9971,29.1701],[-86.9956,29.1703],[-86.9941,29.1706],[-86.9927,29.1709],[-86.9913,29.1713],[-86.9899,29.1718],[-86.9885,29.1723],[-86.9872,29.1729],[-86.9859,29.1735],[-86.9846,29.1743],[-86.9833,29.1751],[-86.9821,29.1759],[-86.981,29.1768],[-86.9799,29.1778],[-86.9788,29.1788],[-86.9778,29.1799],[-86.9768,29.181],[-86.9759,29.1821],[-86.9751,29.1833],[-86.9743,29.1846],[-86.9735,29.1859],[-86.9729,29.1872],[-86.9723,29.1885],[-86.9718,29.1899],[-86.9713,29.1913],[-86.9709,29.1927],[-86.9706,29.1941],[-86.9703,29.1956],[-86.9701,29.1971],[-86.97,29.1985],[-86.97,29.2],[-86.97,29.2015],[-86.9701,29.2029],[-86.9703,29.2044],[-86.9706,29.2059],[-86.9709,29.2073],[-86.9713,29.2087],[-86.9718,29.2101],[-86.9723,29.2115],[-86.9729,29.2128],[-86.9735,29.2141],[-86.9743,29.2154],[-86.9751,29.2167],[-86.9759,29.2179],[-86.9768,29.219],[-86.9778,29.2201],[-86.9788,29.2212],[-86.9799,29.2222],[-86.981,29.2232],[-86.9821,29.2241],[-86.9833,29.2249],[-86.9846,29.2257],[-86.9859,29.2265],[-86.9872,29.2271],[-86.9885,29.2277],[-86.9899,29.2282],[-86.9913,29.2287],[-86.9927,29.2291],[-86.9941,29.2294],[-86.9956,29.2297],[-86.9971,29.2299],[-86.9985,29.23],[-87.0,29.23],[-87.0015,29.23],[-87.0029,29.2299],[-87.0044,29.2297],[-87.0059,29.2294],[-87.0073,29.2291],[-87.0087,29.2287],[-87.0101,29.2282],[-87.0115,29.2277],[-87.0128,29.2271],[-87.0141,29.2265],[-87.0154,29.2257],[-87.0167,29.2249],[-87.0179,29.2241],[-87.019,29.2232],[-87.0201,29.2222],[-87.0212,29.2212],[-87.0222,29.2201],[-87.0232,29.219],[-87.0241,29.2179],[-87.0249,29.2167],[-87.0257,29.2154],[-87.0265,29.2141],[-87.0271,29.2128],[-87.0277,29.2115],[-87.0282,29.2101],[-87.0287,29.2087],[-87.0291,29.2073],[-87.0294,29.2059],[-87.0297,29.2044],[-87.0299,29.2029],[-87.03,29.2015],[-87.03,29.2],[-87.03,29.1985],[-87.0299,29.1971],[-87.0297,29.1956],[-87.0294,29.1941],[-87.0291,29.1927],[-87.0287,29.1913],[-87.0282,29.1899],[-87.0277,29.1885],[-87.0271,29.1872],[-87.0265,29.1859],[-87.0257,29.1846],[-87.0249,29.1833],[-87.0241,29.1821],[-87.0232,29.181],[-87.0222,29.1799],[-87.0212,29.1788],[-87.0201,29.1778],[-87.019,29.1768],[-87.0179,29.1759],[-87.0167,29.1751],[-87.0154,29.1743],[-87.0141,29.1735],[-87.0128,29.1729],[-87.0115,29.1723],[-87.0101,29.1718],[-87.0087,29.1713],[-87.0073,29.1709],[-87.0059,29.1706],[-87.0044,29.1703],[-87.0029,29.1701],[-87.0015,29.17],[-87.0,29.17]]]},"properties":{"storm_name":"ISAIAS-26","fuente":"GDACS","alertlevel":"Orange","url":"https://www.gdacs.org/report.aspx?eventid=1001334&episodeid=14&eventtype=TC","paises":"United States","layer":"storm_track","kind":"wind_radii_forecast","wind_kt":34}},{"type":"Feature","geometry":{"type":"Polygon","coordinates":[[[-86.5,30.77],[-86.4985,30.77],[-86.4971,30.7701],[-86.4956,30.7703],[-86.4941,30.7706],[-86.4927,30.7709],[-86.4913,30.7713],[-86.4899,30.7718],[-86.4885,30.7723],[-86.4872,30.7729],[-86.4859,30.7735],[-86.4846,30.7743],[-86.4833,30.7751],[-86.4821,30.7759],[-86.481,30.7768],[-86.4799,30.7778],[-86.4788,30.7788],[-86.4778,30.7799],[-86.4768,30.781],[-86.4759,30.7821],[-86.4751,30.7833],[-86.4743,30.7846],[-86.4735,30.7859],[-86.4729,30.7872],[-86.4723,30.7885],[-86.4718,30.7899],[-86.4713,30.7913],[-86.4709,30.7927],[-86.4706,30.7941],[-86.4703,30.7956],[-86.4701,30.7971],[-86.47,30.7985],[-86.47,30.8],[-86.47,30.8015],[-86.4701,30.8029],[-86.4703,30.8044],[-86.4706,30.8059],[-86.4709,30.8073],[-86.4713,30.8087],[-86.4718,30.8101],[-86.4723,30.8115],[-86.4729,30.8128],[-86.4735,30.8141],[-86.4743,30.8154],[-86.4751,30.8167],[-86.4759,30.8179],[-86.4768,30.819],[-86.4778,30.8201],[-86.4788,30.8212],[-86.4799,30.8222],[-86.481,30.8232],[-86.4821,30.8241],[-86.4833,30.8249],[-86.4846,30.8257],[-86.4859,30.8265],[-86.4872,30.8271],[-86.4885,30.8277],[-86.4899,30.8282],[-86.4913,30.8287],[-86.4927,30.8291],[-86.4941,30.8294],[-86.4956,30.8297],[-86.4971,30.8299],[-86.4985,30.83],[-86.5,30.83],[-86.5015,30.83],[-86.5029,30.8299],[-86.5044,30.8297],[-86.5059,30.8294],[-86.5073,30.8291],[-86.5087,30.8287],[-86.5101,30.8282],[-86.5115,30.8277],[-86.5128,30.8271],[-86.5141,30.8265],[-86.5154,30.8257],[-86.5167,30.8249],[-86.5179,30.8241],[-86.519,30.8232],[-86.5201,30.8222],[-86.5212,30.8212],[-86.5222,30.8201],[-86.5232,30.819],[-86.5241,30.8179],[-86.5249,30.8167],[-86.5257,30.8154],[-86.5265,30.8141],[-86.5271,30.8128],[-86.5277,30.8115],[-86.5282,30.8101],[-86.5287,30.8087],[-86.5291,30.8073],[-86.5294,30.8059],[-86.5297,30.8044],[-86.5299,30.8029],[-86.53,30.8015],[-86.53,30.8],[-86.53,30.7985],[-86.5299,30.7971],[-86.5297,30.7956],[-86.5294,30.7941],[-86.5291,30.7927],[-86.5287,30.7913],[-86.5282,30.7899],[-86.5277,30.7885],[-86.5271,30.7872],[-86.5265,30.7859],[-86.5257,30.7846],[-86.5249,30.7833],[-86.5241,30.7821],[-86.5232,30.781],[-86.5222,30.7799],[-86.5212,30.7788],[-86.5201,30.7778],[-86.519,30.7768],[-86.5179,30.7759],[-86.5167,30.7751],[-86.5154,30.7743],[-86.5141,30.7735],[-86.5128,30.7729],[-86.5115,30.7723],[-86.5101,30.7718],[-86.5087,30.7713],[-86.5073,30.7709],[-86.5059,30.7706],[-86.5044,30.7703],[-86.5029,30.7701],[-86.5015,30.77],[-86.5,30.77]]]},"properties":{"storm_name":"ISAIAS-26","fuente":"GDACS","alertlevel":"Orange","url":"https://www.gdacs.org/report.aspx?eventid=1001334&episodeid=14&eventtype=TC","paises":"United States","layer":"storm_track","kind":"wind_radii_forecast","wind_kt":34}},{"type":"Feature","geometry":{"type":"Polygon","coordinates":[[[-86.7,32.67],[-86.6985,32.67],[-86.6971,32.6701],[-86.6956,32.6703],[-86.6941,32.6706],[-86.6927,32.6709],[-86.6913,32.6713],[-86.6899,32.6718],[-86.6885,32.6723],[-86.6872,32.6729],[-86.6859,32.6735],[-86.6846,32.6743],[-86.6833,32.6751],[-86.6821,32.6759],[-86.681,32.6768],[-86.6799,32.6778],[-86.6788,32.6788],[-86.6778,32.6799],[-86.6768,32.681],[-86.6759,32.6821],[-86.6751,32.6833],[-86.6743,32.6846],[-86.6735,32.6859],[-86.6729,32.6872],[-86.6723,32.6885],[-86.6718,32.6899],[-86.6713,32.6913],[-86.6709,32.6927],[-86.6706,32.6941],[-86.6703,32.6956],[-86.6701,32.6971],[-86.67,32.6985],[-86.67,32.7],[-86.67,32.7015],[-86.6701,32.7029],[-86.6703,32.7044],[-86.6706,32.7059],[-86.6709,32.7073],[-86.6713,32.7087],[-86.6718,32.7101],[-86.6723,32.7115],[-86.6729,32.7128],[-86.6735,32.7141],[-86.6743,32.7154],[-86.6751,32.7167],[-86.6759,32.7179],[-86.6768,32.719],[-86.6778,32.7201],[-86.6788,32.7212],[-86.6799,32.7222],[-86.681,32.7232],[-86.6821,32.7241],[-86.6833,32.7249],[-86.6846,32.7257],[-86.6859,32.7265],[-86.6872,32.7271],[-86.6885,32.7277],[-86.6899,32.7282],[-86.6913,32.7287],[-86.6927,32.7291],[-86.6941,32.7294],[-86.6956,32.7297],[-86.6971,32.7299],[-86.6985,32.73],[-86.7,32.73],[-86.7015,32.73],[-86.7029,32.7299],[-86.7044,32.7297],[-86.7059,32.7294],[-86.7073,32.7291],[-86.7087,32.7287],[-86.7101,32.7282],[-86.7115,32.7277],[-86.7128,32.7271],[-86.7141,32.7265],[-86.7154,32.7257],[-86.7167,32.7249],[-86.7179,32.7241],[-86.719,32.7232],[-86.7201,32.7222],[-86.7212,32.7212],[-86.7222,32.7201],[-86.7232,32.719],[-86.7241,32.7179],[-86.7249,32.7167],[-86.7257,32.7154],[-86.7265,32.7141],[-86.7271,32.7128],[-86.7277,32.7115],[-86.7282,32.7101],[-86.7287,32.7087],[-86.7291,32.7073],[-86.7294,32.7059],[-86.7297,32.7044],[-86.7299,32.7029],[-86.73,32.7015],[-86.73,32.7],[-86.73,32.6985],[-86.7299,32.6971],[-86.7297,32.6956],[-86.7294,32.6941],[-86.7291,32.6927],[-86.7287,32.6913],[-86.7282,32.6899],[-86.7277,32.6885],[-86.7271,32.6872],[-86.7265,32.6859],[-86.7257,32.6846],[-86.7249,32.6833],[-86.7241,32.6821],[-86.7232,32.681],[-86.7222,32.6799],[-86.7212,32.6788],[-86.7201,32.6778],[-86.719,32.6768],[-86.7179,32.6759],[-86.7167,32.6751],[-86.7154,32.6743],[-86.7141,32.6735],[-86.7128,32.6729],[-86.7115,32.6723],[-86.7101,32.6718],[-86.7087,32.6713],[-86.7073,32.6709],[-86.7059,32.6706],[-86.7044,32.6703],[-86.7029,32.6701],[-86.7015,32.67],[-86.7,32.67]]]},"properties":{"storm_name":"ISAIAS-26","fuente":"GDACS","alertlevel":"Orange","url":"https://www.gdacs.org/report.aspx?eventid=1001334&episodeid=14&eventtype=TC","paises":"United States","layer":"storm_track","kind":"wind_radii_forecast","wind_kt":34}},{"type":"Feature","geometry":{"type":"Polygon","coordinates":[[[-86.7,34.67],[-86.6985,34.67],[-86.6971,34.6701],[-86.6956,34.6703],[-86.6941,34.6706],[-86.6927,34.6709],[-86.6913,34.6713],[-86.6899,34.6718],[-86.6885,34.6723],[-86.6872,34.6729],[-86.6859,34.6735],[-86.6846,34.6743],[-86.6833,34.6751],[-86.6821,34.6759],[-86.681,34.6768],[-86.6799,34.6778],[-86.6788,34.6788],[-86.6778,34.6799],[-86.6768,34.681],[-86.6759,34.6821],[-86.6751,34.6833],[-86.6743,34.6846],[-86.6735,34.6859],[-86.6729,34.6872],[-86.6723,34.6885],[-86.6718,34.6899],[-86.6713,34.6913],[-86.6709,34.6927],[-86.6706,34.6941],[-86.6703,34.6956],[-86.6701,34.6971],[-86.67,34.6985],[-86.67,34.7],[-86.67,34.7015],[-86.6701,34.7029],[-86.6703,34.7044],[-86.6706,34.7059],[-86.6709,34.7073],[-86.6713,34.7087],[-86.6718,34.7101],[-86.6723,34.7115],[-86.6729,34.7128],[-86.6735,34.7141],[-86.6743,34.7154],[-86.6751,34.7167],[-86.6759,34.7179],[-86.6768,34.719],[-86.6778,34.7201],[-86.6788,34.7212],[-86.6799,34.7222],[-86.681,34.7232],[-86.6821,34.7241],[-86.6833,34.7249],[-86.6846,34.7257],[-86.6859,34.7265],[-86.6872,34.7271],[-86.6885,34.7277],[-86.6899,34.7282],[-86.6913,34.7287],[-86.6927,34.7291],[-86.6941,34.7294],[-86.6956,34.7297],[-86.6971,34.7299],[-86.6985,34.73],[-86.7,34.73],[-86.7015,34.73],[-86.7029,34.7299],[-86.7044,34.7297],[-86.7059,34.7294],[-86.7073,34.7291],[-86.7087,34.7287],[-86.7101,34.7282],[-86.7115,34.7277],[-86.7128,34.7271],[-86.7141,34.7265],[-86.7154,34.7257],[-86.7167,34.7249],[-86.7179,34.7241],[-86.719,34.7232],[-86.7201,34.7222],[-86.7212,34.7212],[-86.7222,34.7201],[-86.7232,34.719],[-86.7241,34.7179],[-86.7249,34.7167],[-86.7257,34.7154],[-86.7265,34.7141],[-86.7271,34.7128],[-86.7277,34.7115],[-86.7282,34.7101],[-86.7287,34.7087],[-86.7291,34.7073],[-86.7294,34.7059],[-86.7297,34.7044],[-86.7299,34.7029],[-86.73,34.7015],[-86.73,34.7],[-86.73,34.6985],[-86.7299,34.6971],[-86.7297,34.6956],[-86.7294,34.6941],[-86.7291,34.6927],[-86.7287,34.6913],[-86.7282,34.6899],[-86.7277,34.6885],[-86.7271,34.6872],[-86.7265,34.6859],[-86.7257,34.6846],[-86.7249,34.6833],[-86.7241,34.6821],[-86.7232,34.681],[-86.7222,34.6799],[-86.7212,34.6788],[-86.7201,34.6778],[-86.719,34.6768],[-86.7179,34.6759],[-86.7167,34.6751],[-86.7154,34.6743],[-86.7141,34.6735],[-86.7128,34.6729],[-86.7115,34.6723],[-86.7101,34.6718],[-86.7087,34.6713],[-86.7073,34.6709],[-86.7059,34.6706],[-86.7044,34.6703],[-86.7029,34.6701],[-86.7015,34.67],[-86.7,34.67]]]},"properties":{"storm_name":"ISAIAS-26","fuente":"GDACS","alertlevel":"Orange","url":"https://www.gdacs.org/report.aspx?eventid=1001334&episodeid=14&eventtype=TC","paises":"United States","layer":"storm_track","kind":"wind_radii_forecast","wind_kt":34}},{"type":"Feature","geometry":{"type":"Polygon","coordinates":[[[-84.4,36.87],[-84.3985,36.87],[-84.3971,36.8701],[-84.3956,36.8703],[-84.3941,36.8706],[-84.3927,36.8709],[-84.3913,36.8713],[-84.3899,36.8718],[-84.3885,36.8723],[-84.3872,36.8729],[-84.3859,36.8735],[-84.3846,36.8743],[-84.3833,36.8751],[-84.3821,36.8759],[-84.381,36.8768],[-84.3799,36.8778],[-84.3788,36.8788],[-84.3778,36.8799],[-84.3768,36.881],[-84.3759,36.8821],[-84.3751,36.8833],[-84.3743,36.8846],[-84.3735,36.8859],[-84.3729,36.8872],[-84.3723,36.8885],[-84.3718,36.8899],[-84.3713,36.8913],[-84.3709,36.8927],[-84.3706,36.8941],[-84.3703,36.8956],[-84.3701,36.8971],[-84.37,36.8985],[-84.37,36.9],[-84.37,36.9015],[-84.3701,36.9029],[-84.3703,36.9044],[-84.3706,36.9059],[-84.3709,36.9073],[-84.3713,36.9087],[-84.3718,36.9101],[-84.3723,36.9115],[-84.3729,36.9128],[-84.3735,36.9141],[-84.3743,36.9154],[-84.3751,36.9167],[-84.3759,36.9179],[-84.3768,36.919],[-84.3778,36.9201],[-84.3788,36.9212],[-84.3799,36.9222],[-84.381,36.9232],[-84.3821,36.9241],[-84.3833,36.9249],[-84.3846,36.9257],[-84.3859,36.9265],[-84.3872,36.9271],[-84.3885,36.9277],[-84.3899,36.9282],[-84.3913,36.9287],[-84.3927,36.9291],[-84.3941,36.9294],[-84.3956,36.9297],[-84.3971,36.9299],[-84.3985,36.93],[-84.4,36.93],[-84.4015,36.93],[-84.4029,36.9299],[-84.4044,36.9297],[-84.4059,36.9294],[-84.4073,36.9291],[-84.4087,36.9287],[-84.4101,36.9282],[-84.4115,36.9277],[-84.4128,36.9271],[-84.4141,36.9265],[-84.4154,36.9257],[-84.4167,36.9249],[-84.4179,36.9241],[-84.419,36.9232],[-84.4201,36.9222],[-84.4212,36.9212],[-84.4222,36.9201],[-84.4232,36.919],[-84.4241,36.9179],[-84.4249,36.9167],[-84.4257,36.9154],[-84.4265,36.9141],[-84.4271,36.9128],[-84.4277,36.9115],[-84.4282,36.9101],[-84.4287,36.9087],[-84.4291,36.9073],[-84.4294,36.9059],[-84.4297,36.9044],[-84.4299,36.9029],[-84.43,36.9015],[-84.43,36.9],[-84.43,36.8985],[-84.4299,36.8971],[-84.4297,36.8956],[-84.4294,36.8941],[-84.4291,36.8927],[-84.4287,36.8913],[-84.4282,36.8899],[-84.4277,36.8885],[-84.4271,36.8872],[-84.4265,36.8859],[-84.4257,36.8846],[-84.4249,36.8833],[-84.4241,36.8821],[-84.4232,36.881],[-84.4222,36.8799],[-84.4212,36.8788],[-84.4201,36.8778],[-84.419,36.8768],[-84.4179,36.8759],[-84.4167,36.8751],[-84.4154,36.8743],[-84.4141,36.8735],[-84.4128,36.8729],[-84.4115,36.8723],[-84.4101,36.8718],[-84.4087,36.8713],[-84.4073,36.8709],[-84.4059,36.8706],[-84.4044,36.8703],[-84.4029,36.8701],[-84.4015,36.87],[-84.4,36.87]]]},"properties":{"storm_name":"ISAIAS-26","fuente":"GDACS","alertlevel":"Orange","url":"https://www.gdacs.org/report.aspx?eventid=1001334&episodeid=14&eventtype=TC","paises":"United States","layer":"storm_track","kind":"wind_radii_forecast","wind_kt":34}},{"type":"Feature","geometry":{"type":"Polygon","coordinates":[[[-80.5,38.97],[-80.4985,38.97],[-80.4971,38.9701],[-80.4956,38.9703],[-80.4941,38.9706],[-80.4927,38.9709],[-80.4913,38.9713],[-80.4899,38.9718],[-80.4885,38.9723],[-80.4872,38.9729],[-80.4859,38.9735],[-80.4846,38.9743],[-80.4833,38.9751],[-80.4821,38.9759],[-80.481,38.9768],[-80.4799,38.9778],[-80.4788,38.9788],[-80.4778,38.9799],[-80.4768,38.981],[-80.4759,38.9821],[-80.4751,38.9833],[-80.4743,38.9846],[-80.4735,38.9859],[-80.4729,38.9872],[-80.4723,38.9885],[-80.4718,38.9899],[-80.4713,38.9913],[-80.4709,38.9927],[-80.4706,38.9941],[-80.4703,38.9956],[-80.4701,38.9971],[-80.47,38.9985],[-80.47,39.0],[-80.47,39.0015],[-80.4701,39.0029],[-80.4703,39.0044],[-80.4706,39.0059],[-80.4709,39.0073],[-80.4713,39.0087],[-80.4718,39.0101],[-80.4723,39.0115],[-80.4729,39.0128],[-80.4735,39.0141],[-80.4743,39.0154],[-80.4751,39.0167],[-80.4759,39.0179],[-80.4768,39.019],[-80.4778,39.0201],[-80.4788,39.0212],[-80.4799,39.0222],[-80.481,39.0232],[-80.4821,39.0241],[-80.4833,39.0249],[-80.4846,39.0257],[-80.4859,39.0265],[-80.4872,39.0271],[-80.4885,39.0277],[-80.4899,39.0282],[-80.4913,39.0287],[-80.4927,39.0291],[-80.4941,39.0294],[-80.4956,39.0297],[-80.4971,39.0299],[-80.4985,39.03],[-80.5,39.03],[-80.5015,39.03],[-80.5029,39.0299],[-80.5044,39.0297],[-80.5059,39.0294],[-80.5073,39.0291],[-80.5087,39.0287],[-80.5101,39.0282],[-80.5115,39.0277],[-80.5128,39.0271],[-80.5141,39.0265],[-80.5154,39.0257],[-80.5167,39.0249],[-80.5179,39.0241],[-80.519,39.0232],[-80.5201,39.0222],[-80.5212,39.0212],[-80.5222,39.0201],[-80.5232,39.019],[-80.5241,39.0179],[-80.5249,39.0167],[-80.5257,39.0154],[-80.5265,39.0141],[-80.5271,39.0128],[-80.5277,39.0115],[-80.5282,39.0101],[-80.5287,39.0087],[-80.5291,39.0073],[-80.5294,39.0059],[-80.5297,39.0044],[-80.5299,39.0029],[-80.53,39.0015],[-80.53,39.0],[-80.53,38.9985],[-80.5299,38.9971],[-80.5297,38.9956],[-80.5294,38.9941],[-80.5291,38.9927],[-80.5287,38.9913],[-80.5282,38.9899],[-80.5277,38.9885],[-80.5271,38.9872],[-80.5265,38.9859],[-80.5257,38.9846],[-80.5249,38.9833],[-80.5241,38.9821],[-80.5232,38.981],[-80.5222,38.9799],[-80.5212,38.9788],[-80.5201,38.9778],[-80.519,38.9768],[-80.5179,38.9759],[-80.5167,38.9751],[-80.5154,38.9743],[-80.5141,38.9735],[-80.5128,38.9729],[-80.5115,38.9723],[-80.5101,38.9718],[-80.5087,38.9713],[-80.5073,38.9709],[-80.5059,38.9706],[-80.5044,38.9703],[-80.5029,38.9701],[-80.5015,38.97],[-80.5,38.97]]]},"properties":{"storm_name":"ISAIAS-26","fuente":"GDACS","alertlevel":"Orange","url":"https://www.gdacs.org/report.aspx?eventid=1001334&episodeid=14&eventtype=TC","paises":"United States","layer":"storm_track","kind":"wind_radii_forecast","wind_kt":34}},{"type":"Feature","geometry":{"type":"Polygon","coordinates":[[[-86.5,30.55],[-86.4898,30.5502],[-86.4797,30.5506],[-86.4696,30.5514],[-86.4595,30.5524],[-86.4495,30.5538],[-86.4395,30.5555],[-86.4296,30.5574],[-86.4198,30.5597],[-86.4101,30.5622],[-86.4005,30.5651],[-86.391,30.5682],[-86.3816,30.5716],[-86.3724,30.5753],[-86.3634,30.5793],[-86.3545,30.5835],[-86.3458,30.588],[-86.3372,30.5927],[-86.3289,30.5977],[-86.3208,30.603],[-86.3129,30.6085],[-86.3052,30.6142],[-86.2978,30.6202],[-86.2906,30.6263],[-86.2837,30.6327],[-86.277,30.6393],[-86.2706,30.6461],[-86.2645,30.6531],[-86.2587,30.6602],[-86.2532,30.6675],[-86.2479,30.675],[-86.243,30.6826],[-86.2384,30.6904],[-86.2341,30.6983],[-86.2301,30.7063],[-86.2265,30.7145],[-86.2232,30.7227],[-86.2202,30.7311],[-86.2176,30.7395],[-86.2153,30.748],[-86.2134,30.7566],[-86.2118,30.7652],[-86.2105,30.7739],[-86.2097,30.7826],[-86.2091,30.7913],[-86.209,30.8],[-86.2398,32.6786],[-85.9823,34.41],[-83.7449,36.2264],[-79.7663,38.0875],[-79.7258,38.108],[-79.6862,38.1295],[-79.6476,38.1521],[-79.61,38.1757],[-79.5736,38.2004],[-79.5382,38.226],[-79.504,38.2525],[-79.4711,38.28],[-79.4394,38.3084],[-79.409,38.3375],[-79.3799,38.3675],[-79.3522,38.3983],[-79.3258,38.4298],[-79.3009,38.462],[-79.2775,38.4948],[-79.2556,38.5283],[-79.2351,38.5624],[-79.2163,38.5969],[-79.1989,38.632],[-79.1832,38.6675],[-79.1691,38.7034],[-79.1566,38.7397],[-79.1457,38.7763],[-79.1365,38.8132],[-79.1289,38.8502],[-79.123,38.8875],[-79.1188,38.9249],[-79.1163,38.9624],[-79.1154,39.0],[-79.1163,39.0376],[-79.1188,39.0751],[-79.123,39.1125],[-79.1289,39.1498],[-79.1365,39.1868],[-79.1457,39.2237],[-79.1566,39.2603],[-79.1691,39.2966],[-79.1832,39.3325],[-79.1989,39.368],[-79.2163,39.4031],[-79.2351,39.4376],[-79.2556,39.4717],[-79.2775,39.5052],[-79.3009,39.538],[-79.3258,39.5702],[-79.3522,39.6017],[-79.3799,39.6325],[-79.409,39.6625],[-79.4394,39.6916],[-79.4711,39.72],[-79.504,39.7475],[-79.5382,39.774],[-79.5736,39.7996],[-79.61,39.8243],[-79.6476,39.8479],[-79.6862,39.8705],[-79.7258,39.892],[-79.7663,39.9125],[-79.8077,39.9318],[-79.85,39.9501],[-79.8931,39.9671],[-79.9369,39.983],[-79.9813,39.9976],[-80.0265,40.0111],[-80.0721,40.0233],[-80.1184,40.0343],[-80.165,40.044],[-80.2121,40.0525],[-80.2596,40.0597],[-80.3073,40.0655],[-80.3553,40.0701],[-80.4034,40.0734],[-80.4517,40.0753],[-80.5,40.076],[-80.5483,40.0753],[-80.5966,40.0734],[-80.6447,40.0701],[-80.6927,40.0655],[-80.7404,40.0597],[-80.7879,40.0525],[-80.835,40.044],[-80.8816,40.0343],[-80.9279,40.0233],[-80.9735,40.0111],[-81.0187,39.9976],[-81.0631,39.983],[-81.1069,39.9671],[-81.15,39.9501],[-81.1923,39.9318],[-81.2337,39.9125],[-81.2742,39.892],[-81.3138,39.8705],[-81.3524,39.8479],[-85.0513,37.5667],[-85.08,37.5481],[-85.1079,37.5287],[-85.1349,37.5086],[-85.161,37.4877],[-85.1862,37.4661],[-85.2104,37.4438],[-85.2336,37.4208],[-85.2559,37.3973],[-87.3111,35.065],[-87.3262,35.0473],[-87.3406,35.0291],[-87.3541,35.0105],[-87.3669,34.9915],[-87.3789,34.9722],[-87.39,34.9526],[-87.4003,34.9326],[-87.4098,34.9124],[-87.4184,34.8919],[-87.4261,34.8712],[-87.4329,34.8502],[-87.4388,34.8291],[-87.4439,34.8078],[-87.448,34.7864],[-87.4512,34.7649],[-87.4535,34.7433],[-87.4549,34.7217],[-87.4553,34.7],[-87.4549,34.6783],[-87.4535,34.6567],[-87.4512,34.6351],[-87.1554,32.6461],[-87.1529,32.6328],[-86.7866,30.7566],[-86.7847,30.748],[-86.7824,30.7395],[-86.7798,30.7311],[-86.7768,30.7227],[-86.7735,30.7145],[-86.7699,30.7063],[-86.7659,30.6983],[-86.7616,30.6904],[-86.757,30.6826],[-86.7521,30.675],[-86.7468,30.6675],[-86.7413,30.6602],[-86.7355,30.6531],[-86.7294,30.6461],[-86.723,30.6393],[-86.7163,30.6327],[-86.7094,30.6263],[-86.7022,30.6202],[-86.6948,30.6142],[-86.6871,30.6085],[-86.6792,30.603],[-86.6711,30.5977],[-86.6628,30.5927],[-86.6542,30.588],[-86.6455,30.5835],[-86.6366,30.5793],[-86.6276,30.5753],[-86.6184,30.5716],[-86.609,30.5682],[-86.5995,30.5651],[-86.5899,30.5622],[-86.5802,30.5597],[-86.5704,30.5574],[-86.5605,30.5555],[-86.5505,30.5538],[-86.5405,30.5524],[-86.5304,30.5514],[-86.5203,30.5506],[-86.5102,30.5502],[-86.5,30.55]]]},"properties":{"storm_name":"ISAIAS-26","fuente":"GDACS","alertlevel":"Orange","url":"https://www.gdacs.org/report.aspx?eventid=1001334&episodeid=14&eventtype=TC","paises":"United States","layer":"storm_track","kind":"wind_radii_forecast","wind_kt":34}},{"type":"Feature","geometry":{"type":"Point","coordinates":[-86.5,30.8]},"properties":{"storm_name":"ISAIAS-26","fuente":"GDACS","alertlevel":"Orange","url":"https://www.gdacs.org/report.aspx?eventid=1001334&episodeid=14&eventtype=TC","paises":"United States","layer":"storm","name":"ISAIAS-26","intensity_kt":105,"class_label":"Categoría 3","last_update":"2026-10-10T03:00:00","basin":"United States"}},{"type":"Feature","geometry":{"type":"Point","coordinates":[-123.3,23.8]},"properties":{"storm_name":"RACHEL-26","fuente":"GDACS","alertlevel":"Green","url":"https://www.gdacs.org/report.aspx?eventid=1001329&episodeid=52&eventtype=TC","paises":"Mexico","layer":"storm_track","kind":"forecast_point"}},{"type":"Feature","geometry":{"type":"Polygon","coordinates":[[[-99.8,10.898],[-99.7283,10.8992],[-99.6567,10.9029],[-99.5853,10.909],[-99.5142,10.9175],[-99.4434,10.9284],[-99.373,10.9417],[-99.3031,10.9575],[-99.2339,10.9756],[-99.1653,10.996],[-99.0975,11.0187],[-99.0306,11.0438],[-98.9646,11.0711],[-98.8997,11.1006],[-98.8358,11.1323],[-98.7731,11.1662],[-98.7116,11.2022],[-98.6515,11.2403],[-98.5928,11.2803],[-98.5355,11.3224],[-98.4798,11.3664],[-98.4257,11.4122],[-98.3733,11.4599],[-98.3226,11.5093],[-98.2737,11.5604],[-98.2267,11.6131],[-98.1816,11.6674],[-98.1384,11.7233],[-98.0973,11.7805],[-98.0582,11.8391],[-98.0213,11.899],[-97.9866,11.9601],[-97.954,12.0224],[-97.9237,12.0857],[-97.8957,12.15],[-97.87,12.2153],[-97.8467,12.2813],[-97.8257,12.3482],[-97.8072,12.4157],[-97.791,12.4838],[-97.7774,12.5524],[-97.7662,12.6214],[-97.7574,12.6907],[-97.7512,12.7603],[-97.7474,12.8301],[-97.7462,12.9],[-97.7474,12.9699],[-97.7512,13.0397],[-97.7574,13.1093],[-97.7662,13.1786],[-97.7774,13.2476],[-97.791,13.3162],[-97.8072,13.3843],[-97.8257,13.4518],[-97.8467,13.5187],[-97.87,13.5847],[-97.8957,13.65],[-97.9237,13.7143],[-97.954,13.7776],[-97.9866,13.8399],[-98.0213,13.901],[-98.0582,13.9609],[-98.0973,14.0195],[-98.1384,14.0767],[-98.1816,14.1326],[-98.2267,14.1869],[-98.2737,14.2396],[-98.3226,14.2907],[-98.3733,14.3401],[-98.4257,14.3878],[-98.4798,14.4336],[-98.934,14.8138],[-99.3581,15.3009],[-99.4132,15.3624],[-99.4704,15.422],[-99.5298,15.4797],[-99.5911,15.5352],[-99.6545,15.5887],[-99.7197,15.64],[-99.7867,15.6891],[-99.8555,15.7358],[-99.9259,15.7802],[-99.9978,15.8222],[-100.0712,15.8617],[-100.146,15.8987],[-100.222,15.9331],[-101.1203,16.3331],[-101.1977,16.365],[-101.9965,16.665],[-102.0751,16.6942],[-102.1547,16.7207],[-102.2352,16.7445],[-102.3165,16.7656],[-102.3986,16.784],[-102.4812,16.7995],[-102.5643,16.8123],[-103.0735,16.885],[-103.1635,17.0856],[-103.2044,17.17],[-103.2484,17.253],[-103.2954,17.3345],[-103.3453,17.4144],[-103.3981,17.4925],[-104.1414,18.5859],[-104.2008,18.667],[-104.2631,18.746],[-104.3282,18.8229],[-104.3961,18.8977],[-104.4667,18.9701],[-104.5399,19.04],[-104.6156,19.1076],[-104.6938,19.1725],[-104.7742,19.2348],[-104.8569,19.2944],[-104.9417,19.3512],[-105.0285,19.4051],[-105.1172,19.456],[-105.2077,19.504],[-105.3,19.549],[-105.3938,19.5908],[-105.4891,19.6295],[-105.5857,19.665],[-105.6836,19.6972],[-105.7826,19.7261],[-105.8826,19.7518],[-105.9491,19.7664],[-105.977,19.8183],[-106.0157,19.8845],[-106.0569,19.9494],[-106.1005,20.0129],[-106.1463,20.0749],[-106.1945,20.1354],[-106.2448,20.1942],[-106.2973,20.2513],[-106.3518,20.3067],[-106.4084,20.3602],[-106.4669,20.4119],[-106.5272,20.4616],[-107.0237,20.8616],[-107.086,20.9092],[-107.15,20.9548],[-107.2157,20.9982],[-107.2829,21.0394],[-107.3516,21.0784],[-107.4217,21.1151],[-107.4932,21.1495],[-107.5658,21.1815],[-107.6396,21.2111],[-107.7145,21.2382],[-107.7903,21.2628],[-107.8669,21.285],[-107.9444,21.3046],[-108.3089,21.3958],[-108.3125,21.3982],[-108.3799,21.4394],[-108.4488,21.4784],[-108.5191,21.5151],[-108.5907,21.5495],[-108.6635,21.5815],[-108.7375,21.6111],[-108.8125,21.6382],[-108.8885,21.6628],[-108.9654,21.685],[-109.043,21.7046],[-109.1213,21.7216],[-109.2002,21.736],[-109.2796,21.7479],[-109.3593,21.7571],[-109.4394,21.7637],[-109.5196,21.7677],[-109.6,21.769],[-109.6804,21.7677],[-109.7606,21.7637],[-109.8407,21.7571],[-109.9204,21.7479],[-109.9998,21.736],[-110.0787,21.7216],[-110.157,21.7046],[-110.2346,21.685],[-110.3115,21.6628],[-110.3875,21.6382],[-110.4625,21.6111],[-110.494,21.5985],[-110.8781,21.5216],[-110.95,21.5059],[-111.0219,21.5216],[-111.0379,21.5245],[-111.2843,21.6482],[-111.4433,21.7548],[-111.5093,21.7982],[-111.5768,21.8394],[-111.6459,21.8784],[-111.7164,21.9151],[-111.7882,21.9495],[-111.8612,21.9815],[-111.9353,22.0111],[-112.0105,22.0382],[-112.0867,22.0628],[-112.1638,22.085],[-112.2416,22.1046],[-112.3201,22.1216],[-112.3992,22.136],[-112.4788,22.1479],[-112.5587,22.1571],[-112.639,22.1637],[-113.0512,22.1971],[-113.1256,22.2008],[-113.2,22.202],[-113.2744,22.2008],[-113.3488,22.1971],[-113.423,22.191],[-113.4969,22.1825],[-113.5704,22.1716],[-113.6435,22.1583],[-113.7161,22.1425],[-113.788,22.1244],[-113.8592,22.104],[-113.9513,22.0772],[-114.0747,22.1019],[-114.5136,22.3151],[-114.5855,22.3495],[-114.6588,22.3815],[-114.7331,22.4111],[-114.8085,22.4382],[-114.8849,22.4628],[-114.9621,22.485],[-115.0402,22.5046],[-115.1189,22.5216],[-115.1982,22.536],[-115.2779,22.5479],[-115.3581,22.5571],[-115.4386,22.5637],[-115.5192,22.5677],[-115.6,22.569],[-115.6808,22.5677],[-115.7614,22.5637],[-115.8419,22.5571],[-115.9221,22.5479],[-116.0018,22.536],[-116.0811,22.5216],[-116.1598,22.5046],[-116.2379,22.485],[-116.3151,22.4628],[-116.6467,22.3662],[-117.0838,22.3176],[-117.6027,22.3825],[-117.6767,22.391],[-118.3583,22.4571],[-118.4387,22.4637],[-118.5193,22.4677],[-119.4254,22.5008],[-119.5,22.502],[-120.1,22.502],[-120.1746,22.5008],[-120.2491,22.4971],[-120.3234,22.491],[-120.3975,22.4825],[-120.4186,22.4794],[-120.7939,22.6677],[-120.8606,22.6994],[-120.9284,22.7289],[-120.9972,22.7562],[-121.0671,22.7813],[-121.1378,22.804],[-121.2093,22.8244],[-121.7066,22.951],[-122.0748,23.0739],[-120.2206,23.9747],[-120.1699,24.0001],[-120.1202,24.0271],[-120.0716,24.0556],[-120.0241,24.0857],[-119.9779,24.1172],[-119.9328,24.1502],[-119.8891,24.1845],[-119.8467,24.2203],[-119.8057,24.2573],[-119.7662,24.2956],[-119.7282,24.3352],[-116.4943,27.7205],[-116.4483,27.7703],[-116.4043,27.8214],[-116.3623,27.8739],[-116.3225,27.9276],[-116.2848,27.9825],[-116.2493,28.0385],[-113.3384,32.7254],[-113.2907,32.8032],[-113.2462,32.8823],[-113.2051,32.9627],[-113.1674,33.0443],[-113.1331,33.1268],[-113.1024,33.2104],[-113.0751,33.2947],[-113.0515,33.3798],[-113.0314,33.4655],[-113.0149,33.5518],[-113.0021,33.6385],[-112.9929,33.7255],[-112.9874,33.8127],[-112.9856,33.9],[-112.9874,33.9873],[-112.9929,34.0745],[-113.0021,34.1615],[-113.0149,34.2482],[-113.0314,34.3345],[-113.0515,34.4202],[-113.0751,34.5053],[-113.1024,34.5896],[-113.1331,34.6732],[-113.1674,34.7557],[-113.2051,34.8373],[-113.2462,34.9177],[-113.2907,34.9968],[-113.3384,35.0746],[-113.3894,35.151],[-113.4436,35.2259],[-113.5009,35.2991],[-113.5613,35.3706],[-113.6246,35.4404],[-113.6908,35.5083],[-113.7599,35.5742],[-113.8316,35.638],[-113.906,35.6998],[-113.983,35.7593],[-114.0624,35.8166],[-114.1441,35.8716],[-114.2282,35.9242],[-114.3144,35.9743],[-114.4026,36.0218],[-114.4928,36.0668],[-114.5848,36.1091],[-114.6786,36.1488],[-114.7739,36.1857],[-114.8708,36.2198],[-114.969,36.2511],[-115.0685,36.2795],[-115.1691,36.3051],[-115.2707,36.3277],[-115.3733,36.3473],[-115.4766,36.364],[-115.5805,36.3777],[-115.6849,36.3883],[-115.7897,36.3959],[-115.8948,36.4005],[-116.0,36.402],[-116.1052,36.4005],[-116.2103,36.3959],[-116.3151,36.3883],[-116.4195,36.3777],[-116.5234,36.364],[-116.6267,36.3473],[-116.7293,36.3277],[-116.8309,36.3051],[-116.9315,36.2795],[-117.031,36.2511],[-117.1292,36.2198],[-117.2261,36.1857],[-117.3214,36.1488],[-117.4152,36.1091],[-117.5072,36.0668],[-117.5974,36.0218],[-117.6856,35.9743],[-117.7718,35.9242],[-117.8559,35.8716],[-117.9376,35.8166],[-118.017,35.7593],[-118.094,35.6998],[-118.1684,35.638],[-118.2401,35.5742],[-118.3092,35.5083],[-118.3754,35.4404],[-118.4387,35.3706],[-118.4991,35.2991],[-118.5564,35.2259],[-118.6106,35.151],[-118.6616,35.0746],[-118.7093,34.9968],[-118.7538,34.9177],[-118.7949,34.8373],[-118.8326,34.7557],[-118.8669,34.6732],[-118.8976,34.5896],[-118.9249,34.5053],[-118.9485,34.4202],[-118.9686,34.3345],[-120.0837,29.5659],[-122.3039,26.2508],[-124.1294,24.688],[-124.7823,24.2196],[-124.8106,24.1985],[-124.8432,24.2001],[-124.9,24.201],[-124.9568,24.2001],[-125.0135,24.1973],[-125.0701,24.1928],[-125.1264,24.1864],[-125.1825,24.1782],[-125.2383,24.1682],[-125.2936,24.1564],[-125.3485,24.1429],[-125.4028,24.1275],[-125.4565,24.1105],[-125.5095,24.0917],[-125.5618,24.0712],[-125.6132,24.0491],[-125.6638,24.0253],[-126.1784,23.7779],[-126.2225,23.7553],[-126.2657,23.7313],[-126.308,23.7059],[-126.3493,23.6792],[-126.3896,23.6512],[-126.4288,23.6219],[-126.4669,23.5914],[-126.5038,23.5596],[-126.5394,23.5267],[-126.5738,23.4926],[-126.6069,23.4575],[-126.6386,23.4213],[-126.669,23.3841],[-126.6979,23.346],[-126.7254,23.3069],[-126.7514,23.267],[-126.7758,23.2263],[-126.7987,23.1848],[-126.82,23.1426],[-126.8397,23.0997],[-126.8578,23.0563],[-126.8742,23.0122],[-126.889,22.9677],[-126.902,22.9227],[-126.9134,22.8774],[-126.923,22.8316],[-126.9309,22.7857],[-126.937,22.7394],[-126.9414,22.6931],[-126.9441,22.6466],[-126.945,22.6],[-126.9441,22.5534],[-126.9414,22.5069],[-126.937,22.4606],[-126.9309,22.4143],[-126.923,22.3684],[-126.9134,22.3226],[-126.902,22.2773],[-126.889,22.2323],[-126.8742,22.1878],[-126.8578,22.1437],[-126.8397,22.1003],[-126.82,22.0574],[-126.7987,22.0152],[-126.7758,21.9737],[-126.7514,21.933],[-126.7254,21.8931],[-126.6979,21.854],[-126.669,21.8159],[-126.6386,21.7787],[-126.6069,21.7425],[-126.5738,21.7074],[-126.5394,21.6733],[-126.5038,21.6404],[-126.4669,21.6086],[-126.4288,21.5781],[-126.3896,21.5488],[-126.3493,21.5208],[-125.6995,21.0772],[-125.4276,20.8745],[-125.1923,20.6413],[-125.1479,20.6001],[-125.1021,20.5604],[-125.0548,20.5222],[-125.006,20.4856],[-124.9559,20.4506],[-124.9046,20.4172],[-124.852,20.3855],[-123.9444,19.8438],[-123.8854,19.8108],[-123.8253,19.7798],[-123.764,19.7507],[-123.7016,19.7236],[-123.6383,19.6986],[-123.5741,19.6757],[-123.4653,19.6395],[-123.4416,19.6131],[-123.3926,19.5604],[-123.3415,19.5093],[-123.2887,19.4599],[-123.2339,19.4122],[-123.1775,19.3664],[-123.1194,19.3224],[-123.0596,19.2803],[-122.9984,19.2403],[-122.9356,19.2022],[-122.8715,19.1662],[-122.8061,19.1323],[-122.2041,18.8323],[-122.1376,18.8006],[-122.0699,18.7711],[-122.0012,18.7438],[-121.9315,18.7187],[-121.8609,18.696],[-121.7895,18.6756],[-121.7174,18.6575],[-120.9167,18.4575],[-120.8441,18.4417],[-120.7709,18.4284],[-120.6973,18.4175],[-120.6233,18.409],[-120.549,18.4029],[-120.4745,18.3992],[-120.4,18.398],[-120.3255,18.3992],[-120.251,18.4029],[-120.1767,18.409],[-120.1027,18.4175],[-120.0291,18.4284],[-119.9559,18.4417],[-119.8833,18.4575],[-119.8732,18.46],[-119.5406,18.3185],[-119.4663,18.2889],[-119.391,18.2618],[-119.3146,18.2372],[-119.2375,18.215],[-119.1595,18.1954],[-119.0808,18.1784],[-119.0016,18.164],[-118.9219,18.1521],[-118.8417,18.1429],[-118.7613,18.1363],[-118.6807,18.1323],[-118.6,18.131],[-118.5193,18.1323],[-118.4387,18.1363],[-118.3583,18.1429],[-118.2781,18.1521],[-118.1984,18.164],[-118.1192,18.1784],[-118.0405,18.1954],[-117.9625,18.215],[-117.8854,18.2372],[-117.809,18.2618],[-117.7337,18.2889],[-117.6594,18.3185],[-117.5991,18.3427],[-117.3971,18.3175],[-117.3231,18.309],[-117.2489,18.3029],[-117.1745,18.2992],[-117.1,18.298],[-117.0255,18.2992],[-116.9511,18.3029],[-116.8769,18.309],[-116.4001,18.3619],[-116.3151,18.3372],[-116.2379,18.315],[-116.1598,18.2954],[-116.0811,18.2784],[-116.0018,18.264],[-115.9221,18.2521],[-115.8419,18.2429],[-115.7614,18.2363],[-115.6808,18.2323],[-115.0712,18.2073],[-114.7432,18.1417],[-114.6702,18.1284],[-114.5967,18.1175],[-114.5228,18.109],[-114.4487,18.1029],[-114.3744,18.0992],[-114.3,18.098],[-114.2256,18.0992],[-114.1513,18.1029],[-114.0772,18.109],[-114.0033,18.1175],[-113.9712,18.1223],[-113.855,18.0452],[-113.7891,18.0018],[-113.7216,17.9606],[-113.6526,17.9216],[-113.5823,17.8849],[-113.3039,17.7461],[-113.1516,17.6452],[-113.0859,17.6018],[-113.0186,17.5606],[-112.9498,17.5216],[-112.8796,17.4849],[-112.8081,17.4505],[-112.7353,17.4185],[-112.6614,17.3889],[-112.5865,17.3618],[-112.5106,17.3372],[-112.4338,17.315],[-112.3563,17.2954],[-112.2781,17.2784],[-112.1993,17.264],[-112.12,17.2521],[-112.0404,17.2429],[-111.9604,17.2363],[-111.8803,17.2323],[-111.8,17.231],[-111.7984,17.231],[-111.656,17.1954],[-111.5778,17.1784],[-111.4991,17.164],[-111.4198,17.1521],[-111.3402,17.1429],[-111.2603,17.1363],[-111.1802,17.1323],[-111.1,17.131],[-110.8,17.131],[-110.7198,17.1323],[-110.6397,17.1363],[-110.5598,17.1429],[-110.4802,17.1521],[-110.4009,17.164],[-110.3222,17.1784],[-110.2625,17.1914],[-110.2442,17.1503],[-110.2079,17.0764],[-110.169,17.0038],[-110.1274,16.9325],[-110.0833,16.8626],[-110.0366,16.7943],[-109.9874,16.7275],[-109.9358,16.6624],[-109.8818,16.5991],[-109.8256,16.5376],[-109.7671,16.478],[-109.7065,16.4203],[-109.6438,16.3648],[-109.579,16.3113],[-109.5124,16.26],[-109.4497,16.2151],[-109.4204,16.1236],[-109.3867,16.03],[-109.3496,15.9376],[-109.3092,15.8465],[-109.2654,15.7568],[-109.2185,15.6686],[-109.1683,15.582],[-109.115,15.4971],[-109.0586,15.4141],[-108.9992,15.333],[-108.9369,15.254],[-108.8718,15.1771],[-108.8039,15.1023],[-108.7333,15.0299],[-108.6601,14.96],[-108.5844,14.8924],[-107.5579,14.0165],[-107.4847,13.9554],[-107.4094,13.8968],[-107.332,13.8407],[-107.2526,13.7873],[-107.1714,13.7366],[-107.0883,13.6886],[-107.0035,13.6434],[-106.9172,13.6011],[-106.3532,13.3377],[-105.9153,12.9648],[-105.8517,12.9113],[-105.7862,12.86],[-105.7189,12.8109],[-105.6499,12.7642],[-105.5792,12.7198],[-105.507,12.6778],[-105.4333,12.6383],[-105.3582,12.6013],[-105.2819,12.5669],[-105.2043,12.535],[-105.1256,12.5058],[-105.046,12.4793],[-104.9654,12.4555],[-104.884,12.4344],[-104.8019,12.416],[-104.7192,12.4005],[-104.636,12.3877],[-103.5176,12.228],[-103.0382,12.0485],[-102.178,11.6669],[-102.1007,11.635],[-102.0224,11.6058],[-101.943,11.5793],[-101.8627,11.5555],[-101.7817,11.5344],[-101.6999,11.516],[-101.6175,11.5005],[-101.5346,11.4877],[-101.4513,11.4778],[-101.3677,11.4707],[-101.2325,11.4596],[-101.1202,11.3664],[-101.0645,11.3224],[-101.0072,11.2803],[-100.9485,11.2403],[-100.8884,11.2022],[-100.8269,11.1662],[-100.7642,11.1323],[-100.7003,11.1006],[-100.6354,11.0711],[-100.5694,11.0438],[-100.5025,11.0187],[-100.4347,10.996],[-100.3661,10.9756],[-100.2969,10.9575],[-100.227,10.9417],[-100.1566,10.9284],[-100.0858,10.9175],[-100.0147,10.909],[-99.9433,10.9029],[-99.8717,10.8992],[-99.8,10.898]]]},"properties":{"storm_name":"RACHEL-26","fuente":"GDACS","alertlevel":"Green","url":"https://www.gdacs.org/report.aspx?eventid=1001329&episodeid=52&eventtype=TC","paises":"Mexico","layer":"storm_track","kind":"wind_radii_forecast","wind_kt":34}},{"type":"Feature","geometry":{"type":"MultiPolygon","coordinates":[[[[-118.1,28.567],[-118.0867,28.5672],[-118.0735,28.5678],[-118.0602,28.5688],[-118.0471,28.5702],[-118.0339,28.5721],[-118.0209,28.5743],[-118.008,28.5769],[-117.9952,28.5799],[-117.9825,28.5833],[-117.9699,28.5871],[-117.9575,28.5912],[-117.9453,28.5958],[-117.9333,28.6007],[-117.9214,28.606],[-117.9098,28.6116],[-117.8984,28.6176],[-117.8873,28.6239],[-117.8764,28.6306],[-117.8658,28.6376],[-117.8555,28.6449],[-117.8455,28.6525],[-117.8358,28.6605],[-117.8264,28.6687],[-117.8173,28.6772],[-117.8086,28.686],[-117.8003,28.695],[-117.7923,28.7043],[-117.7847,28.7138],[-117.7774,28.7235],[-117.7706,28.7335],[-117.7642,28.7437],[-117.7581,28.754],[-117.7525,28.7646],[-117.7473,28.7753],[-117.7426,28.7861],[-117.7382,28.7971],[-117.7344,28.8082],[-117.7309,28.8194],[-117.7279,28.8308],[-117.7254,28.8422],[-117.7233,28.8537],[-117.7217,28.8652],[-117.7206,28.8768],[-117.7199,28.8884],[-117.7196,28.9],[-117.7199,28.9116],[-117.7206,28.9232],[-117.7217,28.9348],[-117.7233,28.9463],[-117.7254,28.9578],[-117.7279,28.9692],[-117.7309,28.9806],[-117.7344,28.9918],[-117.7382,29.0029],[-117.7426,29.0139],[-117.7473,29.0247],[-117.7525,29.0354],[-117.7581,29.046],[-117.7642,29.0563],[-117.7706,29.0665],[-117.7774,29.0765],[-117.7847,29.0862],[-117.7923,29.0957],[-117.8003,29.105],[-117.8086,29.114],[-117.8173,29.1228],[-117.8264,29.1313],[-117.8358,29.1395],[-117.8455,29.1475],[-117.8555,29.1551],[-117.8658,29.1624],[-117.8764,29.1694],[-117.8873,29.1761],[-117.8984,29.1824],[-117.9098,29.1884],[-117.9214,29.194],[-117.9333,29.1993],[-117.9453,29.2042],[-117.9575,29.2088],[-117.9699,29.2129],[-117.9825,29.2167],[-117.9952,29.2201],[-118.008,29.2231],[-118.0209,29.2257],[-118.0339,29.2279],[-118.0471,29.2298],[-118.0602,29.2312],[-118.0735,29.2322],[-118.0867,29.2328],[-118.1,29.233],[-118.1133,29.2328],[-118.1265,29.2322],[-118.1398,29.2312],[-118.1529,29.2298],[-118.1661,29.2279],[-118.1791,29.2257],[-118.192,29.2231],[-118.2048,29.2201],[-118.2175,29.2167],[-118.2301,29.2129],[-118.2425,29.2088],[-118.2547,29.2042],[-118.2667,29.1993],[-118.2786,29.194],[-118.2902,29.1884],[-118.3016,29.1824],[-118.3127,29.1761],[-118.3236,29.1694],[-118.3342,29.1624],[-118.3445,29.1551],[-118.3545,29.1475],[-118.3642,29.1395],[-118.3736,29.1313],[-118.3827,29.1228],[-118.3914,29.114],[-118.3997,29.105],[-118.4077,29.0957],[-118.4153,29.0862],[-118.4226,29.0765],[-118.4294,29.0665],[-118.4358,29.0563],[-118.4419,29.046],[-118.4475,29.0354],[-118.4527,29.0247],[-118.4574,29.0139],[-118.4618,29.0029],[-118.4656,28.9918],[-118.4691,28.9806],[-118.4721,28.9692],[-118.4746,28.9578],[-118.4767,28.9463],[-118.4783,28.9348],[-118.4794,28.9232],[-118.4801,28.9116],[-118.4804,28.9],[-118.4801,28.8884],[-118.4794,28.8768],[-118.4783,28.8652],[-118.4767,28.8537],[-118.4746,28.8422],[-118.4721,28.8308],[-118.4691,28.8194],[-118.4656,28.8082],[-118.4618,28.7971],[-118.4574,28.7861],[-118.4527,28.7753],[-118.4475,28.7646],[-118.4419,28.754],[-118.4358,28.7437],[-118.4294,28.7335],[-118.4226,28.7235],[-118.4153,28.7138],[-118.4077,28.7043],[-118.3997,28.695],[-118.3914,28.686],[-118.3827,28.6772],[-118.3736,28.6687],[-118.3642,28.6605],[-118.3545,28.6525],[-118.3445,28.6449],[-118.3342,28.6376],[-118.3236,28.6306],[-118.3127,28.6239],[-118.3016,28.6176],[-118.2902,28.6116],[-118.2786,28.606],[-118.2667,28.6007],[-118.2547,28.5958],[-118.2425,28.5912],[-118.2301,28.5871],[-118.2175,28.5833],[-118.2048,28.5799],[-118.192,28.5769],[-118.1791,28.5743],[-118.1661,28.5721],[-118.1529,28.5702],[-118.1398,28.5688],[-118.1265,28.5678],[-118.1133,28.5672],[-118.1,28.567]]],[[[-102.9,13.833],[-102.876,13.8334],[-102.8519,13.8346],[-102.828,13.8367],[-102.8041,13.8395],[-102.7804,13.8431],[-102.7568,13.8476],[-102.7333,13.8528],[-102.7101,13.8588],[-102.6871,13.8656],[-102.6644,13.8732],[-102.6419,13.8816],[-102.6198,13.8907],[-102.598,13.9005],[-102.5766,13.9111],[-102.5555,13.9224],[-102.5349,13.9344],[-102.5147,13.947],[-102.495,13.9604],[-102.4758,13.9744],[-102.4572,13.989],[-102.439,14.0043],[-102.4214,14.0202],[-102.4044,14.0367],[-102.388,14.0537],[-102.3722,14.0713],[-102.3571,14.0894],[-102.3426,14.1079],[-102.3288,14.127],[-102.3157,14.1465],[-102.3034,14.1665],[-102.2917,14.1869],[-102.2808,14.2076],[-102.2706,14.2287],[-102.2612,14.2501],[-102.2526,14.2719],[-102.2448,14.2939],[-102.2377,14.3161],[-102.2315,14.3386],[-102.2261,14.3613],[-102.2215,14.3842],[-102.2178,14.4072],[-102.2148,14.4303],[-102.2127,14.4535],[-102.2115,14.4767],[-102.2111,14.5],[-102.2115,14.5233],[-102.2127,14.5465],[-102.2148,14.5697],[-102.2178,14.5928],[-102.2215,14.6158],[-102.2261,14.6387],[-102.2315,14.6614],[-102.2377,14.6839],[-102.2448,14.7061],[-102.2526,14.7281],[-102.2612,14.7499],[-102.2706,14.7713],[-102.2808,14.7924],[-102.2917,14.8131],[-102.3034,14.8335],[-102.3157,14.8535],[-102.3288,14.873],[-102.3426,14.8921],[-102.3571,14.9106],[-102.3722,14.9287],[-102.388,14.9463],[-102.4044,14.9633],[-102.4214,14.9798],[-102.439,14.9957],[-102.4572,15.011],[-102.4758,15.0256],[-102.495,15.0396],[-102.5147,15.053],[-102.5349,15.0656],[-102.5555,15.0776],[-102.5766,15.0889],[-102.598,15.0995],[-102.6198,15.1093],[-102.6419,15.1184],[-102.6644,15.1268],[-102.6871,15.1344],[-102.7101,15.1412],[-102.7333,15.1472],[-102.7568,15.1524],[-102.7804,15.1569],[-102.8041,15.1605],[-103.8445,15.3091],[-104.0672,15.7388],[-104.0837,15.7699],[-104.1013,15.8005],[-104.1199,15.8304],[-104.1396,15.8598],[-104.1604,15.8884],[-104.1822,15.9163],[-104.8114,16.6674],[-104.8361,16.6968],[-104.862,16.7253],[-104.8888,16.753],[-105.847,17.6954],[-106.4446,18.2954],[-106.4705,18.3201],[-106.4973,18.3439],[-106.525,18.3668],[-106.5535,18.3888],[-106.5827,18.4098],[-106.6128,18.4299],[-106.9436,18.6371],[-106.9426,18.8],[-106.9432,18.8349],[-106.9452,18.8698],[-106.9484,18.9046],[-106.9529,18.9393],[-106.9587,18.9738],[-106.9657,19.0081],[-106.974,19.0422],[-106.9835,19.0759],[-106.9943,19.1093],[-107.0064,19.1424],[-107.0196,19.175],[-107.034,19.2071],[-107.0496,19.2388],[-107.0664,19.2699],[-107.0843,19.3005],[-107.1033,19.3304],[-107.1234,19.3598],[-107.1445,19.3884],[-107.1667,19.4163],[-107.19,19.4434],[-107.2142,19.4698],[-107.2394,19.4954],[-107.2655,19.5201],[-107.2925,19.5439],[-107.3203,19.5668],[-107.8187,19.9668],[-107.8474,19.9888],[-107.877,20.0098],[-107.9073,20.0299],[-107.9383,20.0489],[-107.97,20.0669],[-108.0024,20.0838],[-108.0353,20.0997],[-108.0689,20.1145],[-108.1029,20.1281],[-108.1375,20.1406],[-108.1725,20.152],[-108.2078,20.1622],[-108.2436,20.1713],[-108.8427,20.3211],[-108.9754,20.4098],[-109.0058,20.4299],[-109.0369,20.4489],[-109.0687,20.4669],[-109.1012,20.4838],[-109.1342,20.4997],[-109.1678,20.5145],[-109.202,20.5281],[-109.2366,20.5406],[-109.2716,20.552],[-109.3071,20.5622],[-109.3429,20.5713],[-109.3791,20.5791],[-109.4155,20.5858],[-109.4521,20.5913],[-109.4889,20.5955],[-109.5259,20.5986],[-109.5629,20.6004],[-109.6,20.601],[-109.6371,20.6004],[-109.6741,20.5986],[-109.7111,20.5955],[-109.7479,20.5913],[-109.7845,20.5858],[-109.8209,20.5791],[-109.8571,20.5713],[-109.8929,20.5622],[-109.9284,20.552],[-109.9634,20.5406],[-109.998,20.5281],[-110.0322,20.5145],[-110.0658,20.4997],[-110.0988,20.4838],[-110.1009,20.4828],[-110.1208,20.4791],[-110.3533,20.4326],[-110.3933,20.4553],[-110.4364,20.4779],[-110.4804,20.499],[-110.5251,20.5187],[-110.5705,20.5369],[-110.6166,20.5535],[-110.6632,20.5687],[-110.7104,20.5823],[-110.7581,20.5944],[-111.1578,20.6944],[-111.206,20.7048],[-111.2544,20.7137],[-111.3032,20.721],[-111.3397,20.7253],[-111.3496,20.7313],[-111.392,20.7553],[-111.4352,20.7779],[-111.7534,20.9373],[-111.9656,21.0792],[-112.0062,21.1059],[-112.0477,21.1313],[-112.0902,21.1553],[-112.1335,21.1779],[-112.1777,21.199],[-112.2226,21.2187],[-112.2682,21.2369],[-112.3145,21.2535],[-112.3613,21.2687],[-112.4087,21.2823],[-112.4566,21.2944],[-112.5048,21.3048],[-112.5535,21.3137],[-112.6024,21.321],[-112.6516,21.3267],[-112.701,21.3308],[-113.1133,21.3642],[-113.1566,21.3663],[-113.2,21.367],[-113.2434,21.3663],[-113.2867,21.3642],[-113.33,21.3606],[-113.3731,21.3556],[-113.4159,21.3493],[-113.4585,21.3415],[-113.5008,21.3323],[-113.5428,21.3218],[-113.5843,21.3099],[-114.0676,21.17],[-114.3,21.1235],[-114.4962,21.1627],[-115.1668,21.4051],[-115.2044,21.4186],[-115.2426,21.4309],[-115.2812,21.442],[-115.3202,21.4518],[-115.3595,21.4603],[-115.3992,21.4675],[-115.439,21.4735],[-115.4791,21.4781],[-115.5193,21.4814],[-115.5596,21.4833],[-115.6,21.484],[-115.6404,21.4833],[-115.6807,21.4814],[-115.7209,21.4781],[-115.761,21.4735],[-116.3435,21.392],[-117.0919,21.3088],[-117.7514,21.3913],[-117.7884,21.3955],[-117.8255,21.3986],[-117.8627,21.4004],[-117.9,21.401],[-117.9373,21.4004],[-117.9745,21.3986],[-118.0116,21.3955],[-118.0486,21.3913],[-118.5557,21.3188],[-119.2415,21.4713],[-119.2778,21.4791],[-119.3144,21.4858],[-119.3513,21.4913],[-119.3883,21.4955],[-119.4255,21.4986],[-119.4627,21.5004],[-119.5,21.501],[-120.1,21.501],[-120.1373,21.5004],[-120.1745,21.4986],[-120.2117,21.4955],[-120.2487,21.4913],[-120.2856,21.4858],[-120.3222,21.4791],[-120.3585,21.4713],[-120.3946,21.4622],[-120.4302,21.452],[-120.4452,21.4472],[-120.804,21.5369],[-121.297,21.7838],[-121.3303,21.7997],[-121.3642,21.8145],[-121.3986,21.8281],[-121.4335,21.8406],[-121.4689,21.852],[-121.5047,21.8622],[-121.9062,21.9643],[-122.2681,22.2098],[-122.2988,22.2299],[-122.3303,22.2489],[-122.3624,22.2669],[-122.3953,22.2838],[-122.4287,22.2997],[-122.4627,22.3145],[-122.4973,22.3281],[-122.5323,22.3406],[-122.5678,22.352],[-122.6037,22.3622],[-122.6399,22.3713],[-123.4236,22.5501],[-123.5311,22.6581],[-123.5525,22.6793],[-123.5747,22.6999],[-123.5977,22.7198],[-123.6214,22.7389],[-124.0202,23.0389],[-124.0446,23.0572],[-124.0698,23.0747],[-124.0956,23.0914],[-124.122,23.1073],[-124.149,23.1223],[-124.1765,23.1364],[-124.2046,23.1496],[-124.2331,23.1619],[-124.2621,23.1733],[-124.2915,23.1837],[-124.3212,23.1932],[-124.3514,23.2017],[-124.3818,23.2092],[-124.4125,23.2158],[-124.4434,23.2213],[-124.4745,23.2259],[-124.5057,23.2294],[-124.5371,23.232],[-124.5685,23.2335],[-124.6,23.234],[-124.6315,23.2335],[-124.6629,23.232],[-124.6943,23.2294],[-124.7255,23.2259],[-124.7566,23.2213],[-125.594,23.0924],[-125.6126,23.0891],[-125.631,23.0851],[-125.6493,23.0806],[-125.6674,23.0755],[-125.6852,23.0698],[-125.7029,23.0636],[-125.7203,23.0568],[-125.7374,23.0494],[-125.7543,23.0415],[-125.7708,23.033],[-125.787,23.024],[-125.8029,23.0145],[-125.8183,23.0045],[-125.8334,22.994],[-125.8481,22.983],[-125.8624,22.9716],[-125.8762,22.9597],[-125.8896,22.9473],[-125.9025,22.9346],[-125.9149,22.9214],[-125.9268,22.9078],[-125.9382,22.8939],[-125.949,22.8796],[-125.9593,22.865],[-125.969,22.85],[-125.9782,22.8347],[-125.9868,22.8192],[-125.9948,22.8034],[-126.0022,22.7873],[-126.0089,22.771],[-126.0151,22.7545],[-126.0206,22.7378],[-126.0255,22.721],[-126.0298,22.704],[-126.0334,22.6868],[-126.0363,22.6696],[-126.0386,22.6523],[-126.0403,22.6349],[-126.0413,22.6174],[-126.0416,22.6],[-126.0413,22.5826],[-126.0403,22.5651],[-126.0386,22.5477],[-126.0363,22.5304],[-126.0334,22.5132],[-126.0298,22.496],[-126.0255,22.479],[-126.0206,22.4622],[-126.0151,22.4455],[-126.0089,22.429],[-126.0022,22.4127],[-125.9948,22.3966],[-125.9868,22.3808],[-125.9782,22.3653],[-125.969,22.35],[-125.9593,22.335],[-125.949,22.3204],[-125.9382,22.3061],[-125.9268,22.2922],[-125.9149,22.2786],[-125.9025,22.2654],[-125.8896,22.2527],[-125.8762,22.2403],[-125.8624,22.2284],[-125.8481,22.217],[-125.8334,22.206],[-125.8183,22.1955],[-125.1502,21.7389],[-124.8151,21.4883],[-124.5461,21.2207],[-124.524,21.2001],[-124.501,21.1802],[-124.4774,21.1611],[-124.453,21.1428],[-124.428,21.1253],[-124.4023,21.1086],[-124.376,21.0927],[-123.4697,20.5511],[-123.4376,20.5331],[-123.4047,20.5162],[-123.3713,20.5003],[-123.3373,20.4855],[-123.3027,20.4719],[-123.2677,20.4594],[-123.2322,20.448],[-123.1963,20.4378],[-123.1601,20.4287],[-123.1235,20.4209],[-123.0867,20.4142],[-123.0496,20.4087],[-123.0124,20.4045],[-122.975,20.4014],[-122.7389,20.3886],[-122.6208,20.2566],[-122.5963,20.2302],[-122.5708,20.2046],[-122.5443,20.1799],[-122.517,20.1561],[-122.4887,20.1332],[-122.4597,20.1112],[-122.4298,20.0902],[-122.3992,20.0701],[-122.3678,20.0511],[-122.3357,20.0331],[-122.303,20.0162],[-121.702,19.7162],[-121.6688,19.7003],[-121.635,19.6855],[-121.6006,19.6719],[-121.5657,19.6594],[-121.5305,19.648],[-121.4948,19.6378],[-121.4587,19.6287],[-120.6584,19.4287],[-120.622,19.4209],[-120.5855,19.4142],[-120.5486,19.4087],[-120.5116,19.4045],[-120.4745,19.4014],[-120.4373,19.3996],[-120.4,19.399],[-120.3627,19.3996],[-120.3255,19.4014],[-120.2884,19.4045],[-120.2514,19.4087],[-120.2145,19.4142],[-120.178,19.4209],[-120.1416,19.4287],[-120.1056,19.4378],[-120.07,19.448],[-120.0347,19.4594],[-119.9157,19.499],[-119.6247,19.499],[-118.8582,19.3287],[-118.8219,19.3209],[-118.7853,19.3142],[-118.7485,19.3087],[-118.7116,19.3045],[-118.6745,19.3014],[-118.6372,19.2996],[-118.6,19.299],[-118.5628,19.2996],[-118.5255,19.3014],[-118.4884,19.3045],[-118.4515,19.3087],[-117.8901,19.3889],[-117.2485,19.3087],[-117.2116,19.3045],[-117.1745,19.3014],[-117.1372,19.2996],[-117.1,19.299],[-117.0628,19.2996],[-117.0255,19.3014],[-116.9884,19.3045],[-116.2164,19.3903],[-115.761,19.3265],[-114.9944,19.2154],[-114.5216,19.1209],[-114.4851,19.1142],[-114.4483,19.1087],[-114.4114,19.1045],[-114.3744,19.1014],[-114.3372,19.0996],[-114.3,19.099],[-114.2628,19.0996],[-114.2256,19.1014],[-114.1886,19.1045],[-114.1517,19.1087],[-114.1149,19.1142],[-114.0784,19.1209],[-113.8996,19.1566],[-113.8875,19.1425],[-113.855,19.1074],[-113.8212,19.0733],[-113.7861,19.0404],[-113.7499,19.0086],[-113.7125,18.9781],[-113.674,18.9488],[-113.6344,18.9208],[-113.3334,18.7208],[-113.2928,18.6941],[-113.2513,18.6687],[-113.2089,18.6447],[-113.1656,18.6221],[-112.8415,18.4604],[-112.6313,18.3208],[-112.5909,18.2941],[-112.5495,18.2687],[-112.5072,18.2447],[-112.464,18.2221],[-112.42,18.201],[-112.3752,18.1813],[-112.3298,18.1631],[-112.2837,18.1465],[-112.237,18.1313],[-112.1898,18.1177],[-112.1422,18.1056],[-112.094,18.0952],[-112.0456,18.0863],[-111.9968,18.079],[-111.9478,18.0733],[-111.8987,18.0692],[-111.8494,18.0668],[-111.8,18.066],[-111.6836,18.066],[-111.4419,18.0056],[-111.3939,17.9952],[-111.3454,17.9863],[-111.2967,17.979],[-111.2477,17.9733],[-111.1986,17.9692],[-111.1493,17.9668],[-111.1,17.966],[-111.0507,17.9668],[-111.0014,17.9692],[-110.9523,17.9733],[-110.9033,17.979],[-110.8546,17.9863],[-110.8061,17.9952],[-110.7581,18.0056],[-110.7104,18.0177],[-110.6632,18.0313],[-110.6166,18.0465],[-110.5705,18.0631],[-110.5251,18.0813],[-110.4804,18.101],[-110.4364,18.1221],[-110.3933,18.1447],[-110.351,18.1687],[-110.3096,18.1941],[-110.2692,18.2208],[-110.0732,18.3559],[-110.0387,18.3804],[-110.0052,18.406],[-109.9237,18.4705],[-109.7567,18.4287],[-109.7206,18.4209],[-109.6843,18.4142],[-109.6477,18.4087],[-109.6109,18.4045],[-109.574,18.4014],[-109.537,18.3996],[-109.5,18.399],[-109.463,18.3996],[-109.444,18.4005],[-109.0544,18.3032],[-109.0531,18.1],[-109.0525,18.0651],[-109.0505,18.0302],[-109.0473,17.9954],[-109.0429,17.9607],[-109.0371,17.9262],[-109.0301,17.8919],[-109.0218,17.8578],[-109.0123,17.8241],[-109.0016,17.7907],[-108.9896,17.7576],[-108.9764,17.725],[-108.9621,17.6929],[-108.9465,17.6612],[-108.9298,17.6301],[-108.912,17.5995],[-108.8931,17.5696],[-108.8731,17.5402],[-108.852,17.5116],[-108.8299,17.4837],[-108.8067,17.4566],[-108.7826,17.4302],[-108.7575,17.4046],[-108.7316,17.3799],[-108.7047,17.3561],[-108.6769,17.3332],[-108.6484,17.3112],[-108.619,17.2902],[-108.5889,17.2701],[-107.8758,16.8254],[-107.3962,16.3477],[-106.5886,15.3326],[-106.5639,15.3032],[-106.538,15.2747],[-106.5112,15.247],[-106.4834,15.2202],[-106.4546,15.1944],[-105.6944,14.5561],[-105.6671,14.5332],[-105.6389,14.5112],[-105.61,14.4902],[-105.5803,14.4701],[-105.5499,14.4511],[-105.5189,14.4331],[-105.4872,14.4162],[-105.4549,14.4003],[-105.4221,14.3855],[-105.3888,14.3719],[-105.3549,14.3594],[-104.5358,14.0732],[-104.5131,14.0656],[-104.4901,14.0588],[-104.4668,14.0528],[-104.4434,14.0476],[-104.4197,14.0431],[-104.396,14.0395],[-102.9959,13.8395],[-102.972,13.8367],[-102.9481,13.8346],[-102.924,13.8334],[-102.9,13.833]]]]},"properties":{"storm_name":"RACHEL-26","fuente":"GDACS","alertlevel":"Green","url":"https://www.gdacs.org/report.aspx?eventid=1001329&episodeid=52&eventtype=TC","paises":"Mexico","layer":"storm_track","kind":"wind_radii_forecast","wind_kt":34}},{"type":"Feature","geometry":{"type":"Polygon","coordinates":[[[-107.2,17.267],[-107.1878,17.2672],[-107.1756,17.2678],[-107.1635,17.2688],[-107.1514,17.2702],[-107.1393,17.2721],[-107.1274,17.2743],[-107.1155,17.2769],[-107.1037,17.2799],[-107.092,17.2833],[-107.0805,17.2871],[-107.0691,17.2912],[-107.0579,17.2958],[-107.0469,17.3007],[-107.036,17.306],[-107.0253,17.3116],[-107.0149,17.3176],[-107.0046,17.3239],[-106.9947,17.3306],[-106.9849,17.3376],[-106.9754,17.3449],[-106.9662,17.3525],[-106.9573,17.3605],[-106.9487,17.3687],[-106.9404,17.3772],[-106.9324,17.386],[-106.9247,17.395],[-106.9174,17.4043],[-106.9104,17.4138],[-106.9037,17.4235],[-106.8975,17.4335],[-106.8915,17.4437],[-106.886,17.454],[-106.8809,17.4646],[-106.8761,17.4753],[-106.8717,17.4861],[-106.8677,17.4971],[-106.8642,17.5082],[-106.861,17.5194],[-106.8583,17.5308],[-106.856,17.5422],[-106.854,17.5537],[-106.8526,17.5652],[-106.8515,17.5768],[-106.8509,17.5884],[-106.8506,17.6],[-106.8509,17.6116],[-106.8515,17.6232],[-106.8526,17.6348],[-106.854,17.6463],[-106.856,17.6578],[-106.8583,17.6692],[-106.861,17.6806],[-106.8642,17.6918],[-106.8677,17.7029],[-106.8717,17.7139],[-106.8761,17.7247],[-106.8809,17.7354],[-106.886,17.746],[-106.8915,17.7563],[-106.8975,17.7665],[-106.9037,17.7765],[-106.9104,17.7862],[-106.9174,17.7957],[-106.9247,17.805],[-106.9324,17.814],[-106.9404,17.8228],[-106.9487,17.8313],[-106.9573,17.8395],[-106.9662,17.8475],[-106.9754,17.8551],[-106.9849,17.8624],[-106.9947,17.8694],[-107.0046,17.8761],[-107.6001,18.2485],[-107.4875,18.679],[-107.4834,18.696],[-107.4798,18.7132],[-107.477,18.7304],[-107.4747,18.7477],[-107.4731,18.7651],[-107.4721,18.7826],[-107.4718,18.8],[-107.4721,18.8174],[-107.4731,18.8349],[-107.4747,18.8523],[-107.477,18.8696],[-107.4798,18.8868],[-107.4834,18.904],[-107.4875,18.921],[-107.4923,18.9378],[-107.4977,18.9545],[-107.5037,18.971],[-107.5103,18.9873],[-107.5175,19.0034],[-107.5253,19.0192],[-107.5336,19.0347],[-107.5426,19.05],[-107.5521,19.065],[-107.5621,19.0796],[-107.5727,19.0939],[-107.5838,19.1078],[-107.5954,19.1214],[-107.6075,19.1346],[-107.6201,19.1473],[-107.6331,19.1597],[-107.6466,19.1716],[-107.6605,19.183],[-108.1597,19.583],[-108.174,19.594],[-108.1888,19.6045],[-108.2039,19.6145],[-108.2194,19.624],[-108.2353,19.633],[-108.2514,19.6415],[-108.2679,19.6494],[-108.2847,19.6568],[-108.3017,19.6636],[-108.3189,19.6698],[-108.3364,19.6755],[-108.3541,19.6806],[-108.3719,19.6851],[-109.0718,19.8601],[-109.288,20.0045],[-109.3032,20.0145],[-109.3187,20.024],[-109.3346,20.033],[-109.3508,20.0415],[-109.3673,20.0494],[-109.3841,20.0568],[-109.4012,20.0636],[-109.4185,20.0698],[-109.436,20.0755],[-109.4537,20.0806],[-109.4716,20.0851],[-109.4897,20.0891],[-109.5078,20.0924],[-109.5261,20.0951],[-109.5445,20.0973],[-109.563,20.0988],[-109.5815,20.0997],[-109.6,20.1],[-109.6185,20.0997],[-109.637,20.0988],[-109.6555,20.0973],[-109.6739,20.0951],[-109.6922,20.0924],[-109.7103,20.0891],[-109.7284,20.0851],[-109.7463,20.0806],[-109.764,20.0755],[-109.7771,20.0713],[-109.7926,20.0741],[-109.8139,20.0773],[-109.8354,20.0798],[-109.8569,20.0816],[-109.8784,20.0826],[-109.9,20.083],[-109.9216,20.0826],[-109.9431,20.0816],[-109.9646,20.0798],[-109.9861,20.0773],[-110.0074,20.0741],[-110.0286,20.0703],[-110.4778,19.9804],[-110.8145,19.967],[-111.0083,19.967],[-111.3289,20.0472],[-111.353,20.0524],[-111.3772,20.0569],[-111.4016,20.0605],[-111.4261,20.0633],[-111.4507,20.0654],[-111.4753,20.0666],[-111.5,20.067],[-111.5751,20.067],[-111.6838,20.1396],[-111.7041,20.153],[-111.7248,20.1656],[-111.746,20.1776],[-111.7676,20.1889],[-112.1271,20.3689],[-112.3828,20.5396],[-112.4031,20.553],[-112.4239,20.5656],[-112.4451,20.5776],[-112.4668,20.5889],[-112.8663,20.7889],[-112.8884,20.7995],[-112.9109,20.8093],[-112.9338,20.8184],[-112.9569,20.8268],[-112.9804,20.8344],[-113.0041,20.8412],[-113.0281,20.8472],[-113.0522,20.8524],[-113.0766,20.8569],[-113.1011,20.8605],[-113.1257,20.8633],[-113.1504,20.8654],[-113.1752,20.8666],[-113.2,20.867],[-113.2248,20.8666],[-113.2496,20.8654],[-113.2743,20.8633],[-113.2989,20.8605],[-113.8865,20.7773],[-113.9079,20.7741],[-113.9292,20.7703],[-114.3,20.6961],[-114.6226,20.7606],[-115.3334,21.0184],[-115.3566,21.0268],[-115.3801,21.0344],[-115.4038,21.0412],[-115.4278,21.0472],[-115.452,21.0524],[-115.4764,21.0569],[-115.501,21.0605],[-115.5256,21.0633],[-115.5504,21.0654],[-115.5752,21.0666],[-115.6,21.067],[-115.6248,21.0666],[-115.6496,21.0654],[-115.6744,21.0633],[-115.699,21.0605],[-116.2838,20.9777],[-117.0953,20.8876],[-117.8134,20.9773],[-117.835,20.9798],[-117.8566,20.9816],[-117.8783,20.9826],[-117.9,20.983],[-117.9217,20.9826],[-117.9434,20.9816],[-117.965,20.9798],[-117.9866,20.9773],[-118.6044,20.8891],[-119.4257,20.9951],[-119.4442,20.9973],[-119.4628,20.9988],[-119.4814,20.9997],[-119.5,21.0],[-120.1,21.0],[-120.1186,20.9997],[-120.1372,20.9988],[-120.1558,20.9973],[-120.1743,20.9951],[-120.1927,20.9924],[-120.211,20.9891],[-120.2291,20.9851],[-120.2471,20.9806],[-120.265,20.9755],[-120.2826,20.9698],[-120.4227,20.9231],[-121.0023,21.068],[-121.5289,21.3316],[-122.0158,21.624],[-122.0319,21.633],[-122.0482,21.6415],[-122.0649,21.6494],[-122.0819,21.6568],[-122.0991,21.6636],[-122.1166,21.6698],[-122.7156,21.8696],[-123.714,22.2274],[-123.7302,22.2332],[-123.7466,22.2384],[-123.7631,22.2431],[-123.7799,22.2473],[-123.7968,22.2509],[-123.8138,22.254],[-123.8309,22.2565],[-123.8481,22.2585],[-123.8654,22.2599],[-123.8827,22.2607],[-123.9,22.261],[-123.9173,22.2607],[-123.9346,22.2599],[-123.9519,22.2585],[-123.9691,22.2565],[-123.9862,22.254],[-124.0032,22.2509],[-124.0201,22.2473],[-124.0369,22.2431],[-124.0534,22.2384],[-124.0698,22.2332],[-124.086,22.2274],[-124.1019,22.2211],[-124.1177,22.2143],[-124.1331,22.207],[-124.1483,22.1992],[-124.1631,22.191],[-124.1776,22.1822],[-124.1918,22.173],[-124.2057,22.1633],[-124.2191,22.1531],[-124.2322,22.1426],[-124.2449,22.1316],[-124.2572,22.1202],[-124.269,22.1085],[-124.2803,22.0963],[-124.2913,22.0838],[-124.3017,22.071],[-124.3116,22.0578],[-124.3211,22.0443],[-124.33,22.0305],[-124.3384,22.0164],[-124.3463,22.0021],[-124.3536,21.9875],[-124.3604,21.9727],[-124.3666,21.9577],[-124.3722,21.9425],[-124.3773,21.9271],[-124.3818,21.9115],[-124.3857,21.8958],[-124.389,21.8801],[-124.3917,21.8642],[-124.3938,21.8482],[-124.3953,21.8322],[-124.3962,21.8161],[-124.3965,21.8],[-124.3962,21.7839],[-124.3953,21.7678],[-124.3938,21.7518],[-124.3917,21.7358],[-124.389,21.7199],[-124.3857,21.7042],[-124.3818,21.6885],[-124.3773,21.6729],[-124.3722,21.6575],[-124.3666,21.6423],[-124.3604,21.6273],[-124.3536,21.6125],[-124.3463,21.5979],[-124.3384,21.5836],[-124.33,21.5695],[-124.3211,21.5557],[-124.3116,21.5422],[-124.3017,21.529],[-124.2913,21.5162],[-124.2803,21.5037],[-124.269,21.4915],[-124.2572,21.4798],[-124.2449,21.4684],[-124.2322,21.4574],[-124.2191,21.4469],[-124.2057,21.4367],[-124.1918,21.427],[-124.1776,21.4178],[-124.1631,21.409],[-124.1483,21.4008],[-124.1331,21.393],[-124.1177,21.3857],[-123.1354,20.9506],[-123.1184,20.9432],[-123.1012,20.9364],[-123.0837,20.9302],[-122.5382,20.7484],[-122.0836,20.476],[-122.0676,20.467],[-122.0513,20.4585],[-121.4508,20.1585],[-121.4342,20.1506],[-121.4173,20.1432],[-121.4001,20.1364],[-121.3827,20.1302],[-121.3651,20.1245],[-121.3472,20.1194],[-121.3292,20.1149],[-120.5291,19.9149],[-120.5109,19.9109],[-120.4926,19.9076],[-120.4742,19.9049],[-120.4558,19.9027],[-120.4372,19.9012],[-120.4186,19.9003],[-120.4,19.9],[-120.3814,19.9003],[-120.3628,19.9012],[-120.3442,19.9027],[-120.3258,19.9049],[-120.3074,19.9076],[-120.2891,19.9109],[-120.2709,19.9149],[-120.253,19.9194],[-120.2352,19.9245],[-120.2175,19.9302],[-120.0079,20.0],[-119.5884,20.0],[-118.7921,19.7455],[-118.7713,19.7396],[-118.7504,19.7343],[-118.7292,19.7297],[-118.7079,19.7259],[-118.6865,19.7227],[-118.665,19.7202],[-118.6434,19.7184],[-118.6217,19.7174],[-118.6,19.717],[-118.5783,19.7174],[-118.5566,19.7184],[-118.535,19.7202],[-118.5135,19.7227],[-117.8942,19.8111],[-117.1865,19.7227],[-117.165,19.7202],[-117.1434,19.7184],[-117.1217,19.7174],[-117.1,19.717],[-117.0783,19.7174],[-117.0566,19.7184],[-117.035,19.7202],[-116.2101,19.8118],[-115.699,19.7395],[-114.9127,19.6264],[-114.4291,19.5297],[-114.4078,19.5259],[-114.3864,19.5227],[-114.3649,19.5202],[-114.3433,19.5184],[-114.3217,19.5174],[-114.3,19.517],[-114.2783,19.5174],[-114.2567,19.5184],[-114.2351,19.5202],[-114.2136,19.5227],[-114.1922,19.5259],[-114.1709,19.5297],[-113.7809,19.6077],[-113.4265,19.5576],[-113.1728,19.4309],[-112.9167,19.2604],[-112.8964,19.247],[-112.8757,19.2344],[-112.8545,19.2224],[-112.8328,19.2111],[-112.4712,19.0304],[-112.2157,18.8604],[-112.1954,18.847],[-112.1747,18.8344],[-112.1536,18.8224],[-112.132,18.8111],[-112.11,18.8005],[-112.0876,18.7907],[-112.0649,18.7816],[-112.0419,18.7732],[-112.0185,18.7656],[-111.9949,18.7588],[-111.9711,18.7528],[-111.947,18.7476],[-111.9228,18.7431],[-111.8984,18.7395],[-111.8739,18.7367],[-111.8493,18.7346],[-111.8247,18.7334],[-111.8,18.733],[-111.5918,18.733],[-111.271,18.6528],[-111.2469,18.6476],[-111.2227,18.6431],[-111.1984,18.6395],[-111.1739,18.6367],[-111.1493,18.6346],[-111.1247,18.6334],[-111.1,18.633],[-110.8,18.633],[-110.7753,18.6334],[-110.7507,18.6346],[-110.7261,18.6367],[-110.7016,18.6395],[-110.6773,18.6431],[-110.6531,18.6476],[-110.629,18.6528],[-110.6052,18.6588],[-110.5816,18.6656],[-110.5583,18.6732],[-110.5353,18.6816],[-110.5126,18.6907],[-110.4902,18.7005],[-110.4682,18.7111],[-110.1908,18.8459],[-109.9158,18.9009],[-109.6495,18.8343],[-109.6285,18.8297],[-109.6073,18.8259],[-109.586,18.8227],[-109.5646,18.8202],[-109.5431,18.8184],[-109.5216,18.8174],[-109.5,18.817],[-109.4784,18.8174],[-109.4569,18.8184],[-109.4354,18.8202],[-109.414,18.8227],[-109.3927,18.8259],[-109.3715,18.8297],[-109.3505,18.8343],[-109.3296,18.8396],[-109.309,18.8455],[-109.2886,18.8522],[-109.2685,18.8595],[-109.2486,18.8674],[-109.2449,18.869],[-108.7509,18.7455],[-108.4715,18.5224],[-108.3399,18.0194],[-108.3368,18.0082],[-108.3332,17.9971],[-108.3292,17.9861],[-108.3248,17.9753],[-108.32,17.9646],[-108.3149,17.954],[-108.3093,17.9437],[-108.3034,17.9335],[-108.2971,17.9235],[-108.2904,17.9138],[-108.2834,17.9043],[-108.2761,17.895],[-108.2684,17.886],[-108.2604,17.8772],[-108.252,17.8687],[-108.2434,17.8605],[-108.2344,17.8525],[-108.2252,17.8449],[-108.2157,17.8376],[-108.2059,17.8306],[-108.1959,17.8239],[-107.3954,17.3239],[-107.3851,17.3176],[-107.3747,17.3116],[-107.364,17.306],[-107.3531,17.3007],[-107.3421,17.2958],[-107.3309,17.2912],[-107.3195,17.2871],[-107.308,17.2833],[-107.2963,17.2799],[-107.2845,17.2769],[-107.2726,17.2743],[-107.2607,17.2721],[-107.2486,17.2702],[-107.2365,17.2688],[-107.2244,17.2678],[-107.2122,17.2672],[-107.2,17.267]]]},"properties":{"storm_name":"RACHEL-26","fuente":"GDACS","alertlevel":"Green","url":"https://www.gdacs.org/report.aspx?eventid=1001329&episodeid=52&eventtype=TC","paises":"Mexico","layer":"storm_track","kind":"wind_radii_forecast","wind_kt":34}},{"type":"Feature","geometry":{"type":"Polygon","coordinates":[[[-123.3,24.7993],[-123.3,24.9659],[-123.3222,24.9657],[-123.3445,24.9652],[-123.3667,24.9643],[-123.3889,24.963],[-123.4111,24.9614],[-123.4332,24.9595],[-123.4553,24.9572],[-123.4773,24.9545],[-123.4993,24.9515],[-123.5213,24.9482],[-123.5431,24.9445],[-123.5649,24.9404],[-123.5866,24.936],[-123.6083,24.9312],[-123.6298,24.9262],[-123.6512,24.9207],[-123.6726,24.9149],[-123.6938,24.9088],[-123.7149,24.9024],[-123.7358,24.8956],[-123.7566,24.8884],[-123.7773,24.881],[-123.7979,24.8732],[-123.8183,24.8651],[-123.8385,24.8566],[-123.8586,24.8479],[-123.8785,24.8388],[-123.8982,24.8294],[-123.9178,24.8197],[-123.9371,24.8097],[-123.9563,24.7994],[-123.9752,24.7887],[-123.994,24.7778],[-124.0125,24.7666],[-124.0309,24.755],[-124.049,24.7432],[-124.0669,24.7311],[-124.0845,24.7187],[-124.1019,24.7061],[-124.1191,24.6931],[-124.136,24.6799],[-124.1526,24.6664],[-124.169,24.6527],[-124.1852,24.6387],[-124.201,24.6244],[-124.2166,24.6099],[-124.2319,24.5951],[-124.2469,24.5801],[-124.2617,24.5649],[-124.2761,24.5494],[-124.2903,24.5337],[-124.3041,24.5178],[-124.3177,24.5016],[-124.3309,24.4853],[-124.3438,24.4687],[-124.3564,24.452],[-124.3687,24.435],[-124.3806,24.4178],[-124.3922,24.4005],[-124.4035,24.3829],[-124.4145,24.3652],[-124.4251,24.3473],[-124.4354,24.3293],[-124.4453,24.3111],[-124.4549,24.2927],[-124.4641,24.2742],[-124.4729,24.2555],[-124.4815,24.2367],[-124.4896,24.2178],[-124.4974,24.1988],[-124.5048,24.1796],[-124.5119,24.1603],[-124.5186,24.1409],[-124.5249,24.1214],[-124.5308,24.1018],[-124.5364,24.0821],[-124.5416,24.0623],[-124.5464,24.0424],[-124.5508,24.0225],[-124.5549,24.0025],[-124.5586,23.9824],[-124.5618,23.9623],[-124.5647,23.9421],[-124.5673,23.9219],[-124.5694,23.9016],[-124.5711,23.8813],[-124.5725,23.861],[-124.5735,23.8407],[-124.574,23.8203],[-124.5742,23.8],[-124.5742,23.8],[-124.574,23.7797],[-124.5735,23.7593],[-124.5725,23.739],[-124.5711,23.7187],[-124.5694,23.6984],[-124.5673,23.6781],[-124.5647,23.6579],[-124.5618,23.6377],[-124.5586,23.6176],[-124.5549,23.5975],[-124.5508,23.5775],[-124.5464,23.5576],[-124.5416,23.5377],[-124.5364,23.5179],[-124.5308,23.4982],[-124.5249,23.4786],[-124.5186,23.4591],[-124.5119,23.4397],[-124.5048,23.4204],[-124.4974,23.4012],[-124.4896,23.3822],[-124.4815,23.3633],[-124.4729,23.3445],[-124.4641,23.3258],[-124.4549,23.3073],[-124.4453,23.2889],[-124.4354,23.2707],[-124.4251,23.2527],[-124.4145,23.2348],[-124.4035,23.2171],[-124.3922,23.1995],[-124.3806,23.1822],[-124.3687,23.165],[-124.3564,23.148],[-124.3438,23.1313],[-124.3309,23.1147],[-124.3177,23.0984],[-124.3041,23.0822],[-124.2903,23.0663],[-124.2761,23.0506],[-124.2617,23.0351],[-124.2469,23.0199],[-124.2319,23.0049],[-124.2166,22.9901],[-124.201,22.9756],[-124.1852,22.9613],[-124.169,22.9473],[-124.1526,22.9336],[-124.136,22.9201],[-124.1191,22.9069],[-124.1019,22.8939],[-124.0845,22.8813],[-124.0669,22.8689],[-124.049,22.8568],[-124.0309,22.845],[-124.0125,22.8334],[-123.994,22.8222],[-123.9752,22.8113],[-123.9563,22.8006],[-123.9371,22.7903],[-123.9178,22.7803],[-123.8982,22.7706],[-123.8785,22.7612],[-123.8586,22.7521],[-123.8385,22.7434],[-123.8183,22.7349],[-123.7979,22.7268],[-123.7773,22.719],[-123.7566,22.7116],[-123.7358,22.7044],[-123.7149,22.6976],[-123.6938,22.6912],[-123.6726,22.6851],[-123.6512,22.6793],[-123.6298,22.6738],[-123.6083,22.6688],[-123.5866,22.664],[-123.5649,22.6596],[-123.5431,22.6555],[-123.5213,22.6518],[-123.4993,22.6485],[-123.4773,22.6455],[-123.4553,22.6428],[-123.4332,22.6405],[-123.4111,22.6386],[-123.3889,22.637],[-123.3667,22.6357],[-123.3445,22.6348],[-123.3222,22.6343],[-123.3,22.6341],[-123.3,22.6341],[-123.2778,22.6343],[-123.2555,22.6348],[-123.2333,22.6357],[-123.2111,22.637],[-123.1889,22.6386],[-123.1668,22.6405],[-123.1447,22.6428],[-123.1227,22.6455],[-123.1007,22.6485],[-123.0787,22.6518],[-123.0569,22.6555],[-123.0351,22.6596],[-123.0134,22.664],[-122.9917,22.6688],[-122.9702,22.6738],[-122.9488,22.6793],[-122.9274,22.6851],[-122.9062,22.6912],[-122.8851,22.6976],[-122.8642,22.7044],[-122.8434,22.7116],[-122.8227,22.719],[-122.8021,22.7268],[-122.7817,22.7349],[-122.7615,22.7434],[-122.7414,22.7521],[-122.7215,22.7612],[-122.7018,22.7706],[-122.6822,22.7803],[-122.6629,22.7903],[-122.6437,22.8006],[-122.6248,22.8113],[-122.606,22.8222],[-122.5875,22.8334],[-122.5691,22.845],[-122.551,22.8568],[-122.5331,22.8689],[-122.5155,22.8813],[-122.4981,22.8939],[-122.4809,22.9069],[-122.464,22.9201],[-122.4474,22.9336],[-122.431,22.9473],[-122.4148,22.9613],[-122.399,22.9756],[-122.3834,22.9901],[-122.3681,23.0049],[-122.3531,23.0199],[-122.3383,23.0351],[-122.3239,23.0506],[-122.3097,23.0663],[-122.2959,23.0822],[-122.2823,23.0984],[-122.2691,23.1147],[-122.2562,23.1313],[-122.2436,23.148],[-122.2313,23.165],[-122.2194,23.1822],[-122.2078,23.1995],[-122.1965,23.2171],[-122.1855,23.2348],[-122.1749,23.2527],[-122.1646,23.2707],[-122.1547,23.2889],[-122.1451,23.3073],[-122.1359,23.3258],[-122.1271,23.3445],[-122.1185,23.3633],[-122.1104,23.3822],[-122.1026,23.4012],[-122.0952,23.4204],[-122.0881,23.4397],[-122.0814,23.4591],[-122.0751,23.4786],[-122.0692,23.4982],[-122.0636,23.5179],[-122.0584,23.5377],[-122.0536,23.5576],[-122.0492,23.5775],[-122.0451,23.5975],[-122.0414,23.6176],[-122.0382,23.6377],[-122.0353,23.6579],[-122.0327,23.6781],[-122.0306,23.6984],[-122.0289,23.7187],[-122.0275,23.739],[-122.0265,23.7593],[-122.026,23.7797],[-122.0258,23.8],[-122.2078,23.8],[-122.208,23.8174],[-122.2085,23.8349],[-122.2093,23.8523],[-122.2105,23.8697],[-122.2119,23.8871],[-122.2138,23.9045],[-122.2159,23.9218],[-122.2184,23.9391],[-122.2212,23.9563],[-122.2244,23.9735],[-122.2279,23.9907],[-122.2317,24.0078],[-122.2358,24.0248],[-122.2402,24.0418],[-122.245,24.0586],[-122.2501,24.0755],[-122.2555,24.0922],[-122.2612,24.1088],[-122.2673,24.1253],[-122.2737,24.1418],[-122.2803,24.1581],[-122.2873,24.1744],[-122.2946,24.1905],[-122.3022,24.2065],[-122.3101,24.2223],[-122.3183,24.2381],[-122.3268,24.2537],[-122.3356,24.2692],[-122.3447,24.2845],[-122.3541,24.2997],[-122.3638,24.3147],[-122.3738,24.3296],[-122.384,24.3443],[-122.3945,24.3588],[-122.4053,24.3732],[-122.4164,24.3874],[-122.4277,24.4014],[-122.4393,24.4152],[-122.4512,24.4289],[-122.4633,24.4424],[-122.4757,24.4556],[-122.4883,24.4687],[-122.5012,24.4815],[-122.5143,24.4942],[-122.5277,24.5066],[-122.5413,24.5189],[-122.5551,24.5309],[-122.5692,24.5426],[-122.5834,24.5542],[-122.5979,24.5655],[-122.6127,24.5766],[-122.6276,24.5875],[-122.6427,24.5981],[-122.658,24.6085],[-122.6735,24.6186],[-122.6892,24.6285],[-122.7051,24.6381],[-122.7212,24.6475],[-122.7375,24.6566],[-122.7539,24.6654],[-122.7705,24.674],[-122.7872,24.6824],[-122.8041,24.6904],[-122.8212,24.6982],[-122.8384,24.7057],[-122.8558,24.7129],[-122.8732,24.7199],[-122.8909,24.7266],[-122.9086,24.733],[-122.9264,24.7391],[-122.9444,24.7449],[-122.9625,24.7504],[-122.9807,24.7557],[-122.9989,24.7606],[-123.0173,24.7653],[-123.0358,24.7696],[-123.0543,24.7737],[-123.0729,24.7775],[-123.0916,24.781],[-123.1103,24.7841],[-123.1291,24.787],[-123.148,24.7896],[-123.1669,24.7919],[-123.1858,24.7939],[-123.2048,24.7955],[-123.2238,24.7969],[-123.2428,24.798],[-123.2619,24.7987],[-123.2809,24.7992],[-123.3,24.7993]]]},"properties":{"storm_name":"RACHEL-26","fuente":"GDACS","alertlevel":"Green","url":"https://www.gdacs.org/report.aspx?eventid=1001329&episodeid=52&eventtype=TC","paises":"Mexico","layer":"storm_track","kind":"wind_radii_forecast","wind_kt":34}},{"type":"Feature","geometry":{"type":"Polygon","coordinates":[[[-123.3,23.8],[-123.3,23.8],[-123.3,23.8],[-123.3,23.8],[-123.3,23.8],[-123.3,23.8],[-123.3,23.8],[-123.3,23.8],[-123.3,23.8],[-123.3,23.8],[-123.3,23.8],[-123.3,23.8],[-123.3,23.8],[-123.3,23.8],[-123.3,23.8],[-123.3,23.8],[-123.3,23.8],[-123.3,23.8],[-123.3,23.8],[-123.3,23.8],[-123.3,23.8],[-123.3,23.8],[-123.3,23.8],[-123.3,23.8],[-123.3,23.8],[-123.3,23.8],[-123.3,23.8],[-123.3,23.8],[-123.3,23.8],[-123.3,23.8],[-123.3,23.8],[-123.3,23.8],[-123.3,23.8],[-123.3,23.8],[-123.3,23.8],[-123.3,23.8],[-123.3,23.8],[-123.3,23.8],[-123.3,23.8],[-123.3,23.8],[-123.3,23.8],[-123.3,23.8],[-123.3,23.8],[-123.3,23.8],[-123.3,23.8],[-123.3,23.8],[-123.3,23.8],[-123.3,23.8],[-123.3,23.8],[-123.3,23.8],[-123.3,23.8],[-123.3,23.8],[-123.3,23.8],[-123.3,23.8],[-123.3,23.8],[-123.3,23.8],[-123.3,23.8],[-123.3,23.8],[-123.3,23.8],[-123.3,23.8],[-123.3,23.8],[-123.3,23.8],[-123.3,23.8],[-123.3,23.8],[-123.3,23.8],[-123.3,23.8],[-123.3,23.8],[-123.3,23.8],[-123.3,23.8],[-123.3,23.8],[-123.3,23.8],[-123.3,23.8],[-123.3,23.8],[-123.3,23.8],[-123.3,23.8],[-123.3,23.8],[-123.3,23.8],[-123.3,23.8],[-123.3,23.8],[-123.3,23.8],[-123.3,23.8],[-123.3,23.8],[-123.3,23.8],[-123.3,23.8],[-123.3,23.8],[-123.3,23.8],[-123.3,23.8],[-123.3,23.8],[-123.3,23.8],[-123.3,23.8],[-123.3,23.8],[-123.3,23.8],[-123.3,23.8],[-123.3,23.8],[-123.3,23.8],[-123.3,23.8],[-123.3,23.8],[-123.3,23.8],[-123.3,23.8],[-123.3,23.8],[-123.3,23.8],[-123.3,23.8],[-123.3,23.8],[-123.3,23.8],[-123.3,23.8],[-123.3,23.8],[-123.3,23.8],[-123.3,23.8],[-123.3,23.8],[-123.3,23.8],[-123.3,23.8],[-123.3,23.8],[-123.3,23.8],[-123.3,23.8],[-123.3,23.8],[-123.3,23.8],[-123.3,23.8],[-123.3,23.8],[-123.3,23.8],[-123.3,23.8],[-123.3,23.8],[-123.3,23.8],[-123.3,23.8],[-123.3,23.8],[-123.3,23.8],[-123.3,23.8],[-123.3,23.8],[-123.3,23.8],[-123.3,23.8],[-123.3,23.8],[-123.3,23.8],[-123.3,23.8],[-123.3,23.8],[-123.3,23.8],[-123.3,23.8],[-123.3,23.8],[-123.3,23.8],[-123.3,23.8],[-123.3,23.8],[-123.3,23.8],[-123.3,23.8],[-123.3,23.8],[-123.3,23.8],[-123.3,23.8],[-123.3,23.8],[-123.3,23.8],[-123.3,23.8],[-123.3,23.8],[-123.3,23.8],[-123.3,23.8],[-123.3,23.8],[-123.3,23.8],[-123.3,23.8],[-123.3,23.8],[-123.3,23.8],[-123.3,23.8],[-123.3,23.8],[-123.3,23.8],[-123.3,23.8],[-123.3,23.8],[-123.3,23.8],[-123.3,23.8],[-123.3,23.8],[-123.3,23.8],[-123.3,23.8],[-123.3,23.8],[-123.3,23.8],[-123.3,23.8],[-123.3,23.8],[-123.3,23.8],[-123.3,23.8],[-123.3,23.8],[-123.3,23.8],[-123.3,23.8],[-123.3,23.8],[-123.3,23.8],[-123.3,23.8],[-123.3,23.8],[-123.3,23.8],[-123.3,23.8],[-123.3,23.8],[-123.3,23.8],[-123.3,23.8],[-123.3,23.8],[-123.3,23.8],[-123.3,23.8],[-123.3,23.8],[-123.3,23.8],[-123.3,23.8],[-123.3,23.8],[-123.3,23.8],[-123.3,23.8],[-123.3,23.8],[-123.3,23.8],[-123.3,23.8],[-123.3,23.8],[-123.3,23.8],[-123.3,23.8],[-123.3,23.8],[-123.3,23.8],[-123.3,23.8],[-123.3,23.8],[-123.3,23.8],[-123.3,23.8],[-123.3,23.8],[-123.3,23.8],[-123.3,23.8],[-123.3,23.8],[-123.3,23.8],[-123.3,23.8],[-123.3,23.8],[-123.3,23.8],[-123.3,23.8],[-123.3,23.8],[-123.3,23.8],[-123.3,23.8],[-123.3,23.8],[-123.3,23.8],[-123.3,23.8],[-123.3,23.8],[-123.3,23.8],[-123.3,23.8],[-123.3,23.8],[-123.3,23.8],[-123.3,23.8],[-123.3,23.8],[-123.3,23.8],[-123.3,23.8],[-123.3,23.8],[-123.3,23.8],[-123.3,23.8],[-123.3,23.8],[-123.3,23.8],[-123.3,23.8],[-123.3,23.8],[-123.3,23.8],[-123.3,23.8],[-123.3,23.8],[-123.3,23.8],[-123.3,23.8],[-123.3,23.8],[-123.3,23.8],[-123.3,23.8],[-123.3,23.8],[-123.3,23.8],[-123.3,23.8],[-123.3,23.8],[-123.3,23.8],[-123.3,23.8],[-123.3,23.8],[-123.3,23.8],[-123.3,23.8],[-123.3,23.8],[-123.3,23.8],[-123.3,23.8],[-123.3,23.8],[-123.3,23.8],[-123.3,23.8],[-123.3,23.8],[-123.3,23.8],[-123.3,23.8],[-123.3,23.8],[-123.3,23.8],[-123.3,23.8],[-123.3,23.8],[-123.3,23.8],[-123.3,23.8],[-123.3,23.8],[-123.3,23.8],[-123.3,23.8],[-123.3,23.8],[-123.3,23.8],[-123.3,23.8],[-123.3,23.8],[-123.3,23.8],[-123.3,23.8],[-123.3,23.8],[-123.3,23.8],[-123.3,23.8],[-123.3,23.8],[-123.3,23.8],[-123.3,23.8],[-123.3,23.8],[-123.3,23.8],[-123.3,23.8],[-123.3,23.8],[-123.3,23.8],[-123.3,23.8],[-123.3,23.8],[-123.3,23.8],[-123.3,23.8],[-123.3,23.8],[-123.3,23.8],[-123.3,23.8],[-123.3,23.8],[-123.3,23.8],[-123.3,23.8],[-123.3,23.8],[-123.3,23.8],[-123.3,23.8],[-123.3,23.8],[-123.3,23.8],[-123.3,23.8],[-123.3,23.8],[-123.3,23.8],[-123.3,23.8],[-123.3,23.8],[-123.3,23.8],[-123.3,23.8],[-123.3,23.8],[-123.3,23.8],[-123.3,23.8],[-123.3,23.8],[-123.3,23.8],[-123.3,23.8],[-123.3,23.8],[-123.3,23.8],[-123.3,23.8],[-123.3,23.8],[-123.3,23.8],[-123.3,23.8],[-123.3,23.8],[-123.3,23.8],[-123.3,23.8],[-123.3,23.8],[-123.3,23.8],[-123.3,23.8],[-123.3,23.8],[-123.3,23.8],[-123.3,23.8],[-123.3,23.8],[-123.3,23.8],[-123.3,23.8],[-123.3,23.8],[-123.3,23.8],[-123.3,23.8],[-123.3,23.8],[-123.3,23.8],[-123.3,23.8],[-123.3,23.8],[-123.3,23.8],[-123.3,23.8],[-123.3,23.8],[-123.3,23.8],[-123.3,23.8],[-123.3,23.8],[-123.3,23.8],[-123.3,23.8],[-123.3,23.8],[-123.3,23.8],[-123.3,23.8],[-123.3,23.8],[-123.3,23.8],[-123.3,23.8],[-123.3,23.8],[-123.3,23.8],[-123.3,23.8],[-123.3,23.8],[-123.3,23.8],[-123.3,23.8],[-123.3,23.8],[-123.3,23.8],[-123.3,23.8],[-123.3,23.8],[-123.3,23.8]]]},"properties":{"storm_name":"RACHEL-26","fuente":"GDACS","alertlevel":"Green","url":"https://www.gdacs.org/report.aspx?eventid=1001329&episodeid=52&eventtype=TC","paises":"Mexico","layer":"storm_track","kind":"wind_radii_forecast","wind_kt":34}},{"type":"Feature","geometry":{"type":"Polygon","coordinates":[[[-123.3,23.8],[-123.3,23.8],[-123.3,23.8],[-123.3,23.8],[-123.3,23.8],[-123.3,23.8],[-123.3,23.8],[-123.3,23.8],[-123.3,23.8],[-123.3,23.8],[-123.3,23.8],[-123.3,23.8],[-123.3,23.8],[-123.3,23.8],[-123.3,23.8],[-123.3,23.8],[-123.3,23.8],[-123.3,23.8],[-123.3,23.8],[-123.3,23.8],[-123.3,23.8],[-123.3,23.8],[-123.3,23.8],[-123.3,23.8],[-123.3,23.8],[-123.3,23.8],[-123.3,23.8],[-123.3,23.8],[-123.3,23.8],[-123.3,23.8],[-123.3,23.8],[-123.3,23.8],[-123.3,23.8],[-123.3,23.8],[-123.3,23.8],[-123.3,23.8],[-123.3,23.8],[-123.3,23.8],[-123.3,23.8],[-123.3,23.8],[-123.3,23.8],[-123.3,23.8],[-123.3,23.8],[-123.3,23.8],[-123.3,23.8],[-123.3,23.8],[-123.3,23.8],[-123.3,23.8],[-123.3,23.8],[-123.3,23.8],[-123.3,23.8],[-123.3,23.8],[-123.3,23.8],[-123.3,23.8],[-123.3,23.8],[-123.3,23.8],[-123.3,23.8],[-123.3,23.8],[-123.3,23.8],[-123.3,23.8],[-123.3,23.8],[-123.3,23.8],[-123.3,23.8],[-123.3,23.8],[-123.3,23.8],[-123.3,23.8],[-123.3,23.8],[-123.3,23.8],[-123.3,23.8],[-123.3,23.8],[-123.3,23.8],[-123.3,23.8],[-123.3,23.8],[-123.3,23.8],[-123.3,23.8],[-123.3,23.8],[-123.3,23.8],[-123.3,23.8],[-123.3,23.8],[-123.3,23.8],[-123.3,23.8],[-123.3,23.8],[-123.3,23.8],[-123.3,23.8],[-123.3,23.8],[-123.3,23.8],[-123.3,23.8],[-123.3,23.8],[-123.3,23.8],[-123.3,23.8],[-123.3,23.8],[-123.3,23.8],[-123.3,23.8],[-123.3,23.8],[-123.3,23.8],[-123.3,23.8],[-123.3,23.8],[-123.3,23.8],[-123.3,23.8],[-123.3,23.8],[-123.3,23.8],[-123.3,23.8],[-123.3,23.8],[-123.3,23.8],[-123.3,23.8],[-123.3,23.8],[-123.3,23.8],[-123.3,23.8],[-123.3,23.8],[-123.3,23.8],[-123.3,23.8],[-123.3,23.8],[-123.3,23.8],[-123.3,23.8],[-123.3,23.8],[-123.3,23.8],[-123.3,23.8],[-123.3,23.8],[-123.3,23.8],[-123.3,23.8],[-123.3,23.8],[-123.3,23.8],[-123.3,23.8],[-123.3,23.8],[-123.3,23.8],[-123.3,23.8],[-123.3,23.8],[-123.3,23.8],[-123.3,23.8],[-123.3,23.8],[-123.3,23.8],[-123.3,23.8],[-123.3,23.8],[-123.3,23.8],[-123.3,23.8],[-123.3,23.8],[-123.3,23.8],[-123.3,23.8],[-123.3,23.8],[-123.3,23.8],[-123.3,23.8],[-123.3,23.8],[-123.3,23.8],[-123.3,23.8],[-123.3,23.8],[-123.3,23.8],[-123.3,23.8],[-123.3,23.8],[-123.3,23.8],[-123.3,23.8],[-123.3,23.8],[-123.3,23.8],[-123.3,23.8],[-123.3,23.8],[-123.3,23.8],[-123.3,23.8],[-123.3,23.8],[-123.3,23.8],[-123.3,23.8],[-123.3,23.8],[-123.3,23.8],[-123.3,23.8],[-123.3,23.8],[-123.3,23.8],[-123.3,23.8],[-123.3,23.8],[-123.3,23.8],[-123.3,23.8],[-123.3,23.8],[-123.3,23.8],[-123.3,23.8],[-123.3,23.8],[-123.3,23.8],[-123.3,23.8],[-123.3,23.8],[-123.3,23.8],[-123.3,23.8],[-123.3,23.8],[-123.3,23.8],[-123.3,23.8],[-123.3,23.8],[-123.3,23.8],[-123.3,23.8],[-123.3,23.8],[-123.3,23.8],[-123.3,23.8],[-123.3,23.8],[-123.3,23.8],[-123.3,23.8],[-123.3,23.8],[-123.3,23.8],[-123.3,23.8],[-123.3,23.8],[-123.3,23.8],[-123.3,23.8],[-123.3,23.8],[-123.3,23.8],[-123.3,23.8],[-123.3,23.8],[-123.3,23.8],[-123.3,23.8],[-123.3,23.8],[-123.3,23.8],[-123.3,23.8],[-123.3,23.8],[-123.3,23.8],[-123.3,23.8],[-123.3,23.8],[-123.3,23.8],[-123.3,23.8],[-123.3,23.8],[-123.3,23.8],[-123.3,23.8],[-123.3,23.8],[-123.3,23.8],[-123.3,23.8],[-123.3,23.8],[-123.3,23.8],[-123.3,23.8],[-123.3,23.8],[-123.3,23.8],[-123.3,23.8],[-123.3,23.8],[-123.3,23.8],[-123.3,23.8],[-123.3,23.8],[-123.3,23.8],[-123.3,23.8],[-123.3,23.8],[-123.3,23.8],[-123.3,23.8],[-123.3,23.8],[-123.3,23.8],[-123.3,23.8],[-123.3,23.8],[-123.3,23.8],[-123.3,23.8],[-123.3,23.8],[-123.3,23.8],[-123.3,23.8],[-123.3,23.8],[-123.3,23.8],[-123.3,23.8],[-123.3,23.8],[-123.3,23.8],[-123.3,23.8],[-123.3,23.8],[-123.3,23.8],[-123.3,23.8],[-123.3,23.8],[-123.3,23.8],[-123.3,23.8],[-123.3,23.8],[-123.3,23.8],[-123.3,23.8],[-123.3,23.8],[-123.3,23.8],[-123.3,23.8],[-123.3,23.8],[-123.3,23.8],[-123.3,23.8],[-123.3,23.8],[-123.3,23.8],[-123.3,23.8],[-123.3,23.8],[-123.3,23.8],[-123.3,23.8],[-123.3,23.8],[-123.3,23.8],[-123.3,23.8],[-123.3,23.8],[-123.3,23.8],[-123.3,23.8],[-123.3,23.8],[-123.3,23.8],[-123.3,23.8],[-123.3,23.8],[-123.3,23.8],[-123.3,23.8],[-123.3,23.8],[-123.3,23.8],[-123.3,23.8],[-123.3,23.8],[-123.3,23.8],[-123.3,23.8],[-123.3,23.8],[-123.3,23.8],[-123.3,23.8],[-123.3,23.8],[-123.3,23.8],[-123.3,23.8],[-123.3,23.8],[-123.3,23.8],[-123.3,23.8],[-123.3,23.8],[-123.3,23.8],[-123.3,23.8],[-123.3,23.8],[-123.3,23.8],[-123.3,23.8],[-123.3,23.8],[-123.3,23.8],[-123.3,23.8],[-123.3,23.8],[-123.3,23.8],[-123.3,23.8],[-123.3,23.8],[-123.3,23.8],[-123.3,23.8],[-123.3,23.8],[-123.3,23.8],[-123.3,23.8],[-123.3,23.8],[-123.3,23.8],[-123.3,23.8],[-123.3,23.8],[-123.3,23.8],[-123.3,23.8],[-123.3,23.8],[-123.3,23.8],[-123.3,23.8],[-123.3,23.8],[-123.3,23.8],[-123.3,23.8],[-123.3,23.8],[-123.3,23.8],[-123.3,23.8],[-123.3,23.8],[-123.3,23.8],[-123.3,23.8],[-123.3,23.8],[-123.3,23.8],[-123.3,23.8],[-123.3,23.8],[-123.3,23.8],[-123.3,23.8],[-123.3,23.8],[-123.3,23.8],[-123.3,23.8],[-123.3,23.8],[-123.3,23.8],[-123.3,23.8],[-123.3,23.8],[-123.3,23.8],[-123.3,23.8],[-123.3,23.8],[-123.3,23.8],[-123.3,23.8],[-123.3,23.8],[-123.3,23.8],[-123.3,23.8],[-123.3,23.8],[-123.3,23.8],[-123.3,23.8],[-123.3,23.8],[-123.3,23.8],[-123.3,23.8],[-123.3,23.8],[-123.3,23.8],[-123.3,23.8],[-123.3,23.8],[-123.3,23.8],[-123.3,23.8],[-123.3,23.8],[-123.3,23.8]]]},"properties":{"storm_name":"RACHEL-26","fuente":"GDACS","alertlevel":"Green","url":"https://www.gdacs.org/report.aspx?eventid=1001329&episodeid=52&eventtype=TC","paises":"Mexico","layer":"storm_track","kind":"wind_radii_forecast","wind_kt":34}},{"type":"Feature","geometry":{"type":"Polygon","coordinates":[[[-121.0,26.4659],[-121.0,26.4659],[-121.0225,26.4657],[-121.045,26.4652],[-121.0675,26.4643],[-121.09,26.463],[-121.1124,26.4614],[-121.1348,26.4595],[-121.1572,26.4572],[-121.1795,26.4545],[-121.2017,26.4515],[-121.2239,26.4482],[-121.2461,26.4445],[-121.2681,26.4404],[-121.2901,26.436],[-121.312,26.4312],[-121.3338,26.4262],[-121.3555,26.4207],[-121.377,26.4149],[-121.3985,26.4088],[-121.4198,26.4024],[-121.4411,26.3956],[-121.4621,26.3884],[-121.4831,26.381],[-121.5039,26.3732],[-121.5245,26.3651],[-121.545,26.3566],[-121.5653,26.3479],[-121.5855,26.3388],[-121.6054,26.3294],[-121.6252,26.3197],[-121.6448,26.3097],[-121.6642,26.2994],[-121.6834,26.2887],[-121.7024,26.2778],[-121.7211,26.2666],[-121.7397,26.255],[-121.758,26.2432],[-121.7761,26.2311],[-121.7939,26.2187],[-121.8116,26.2061],[-121.8289,26.1931],[-121.846,26.1799],[-121.8629,26.1664],[-121.8795,26.1527],[-121.8958,26.1387],[-121.9119,26.1244],[-121.9276,26.1099],[-121.9431,26.0951],[-121.9583,26.0801],[-121.9733,26.0649],[-121.9879,26.0494],[-122.0022,26.0337],[-122.0162,26.0178],[-122.0299,26.0016],[-122.0433,25.9853],[-122.0564,25.9687],[-122.0691,25.952],[-122.0815,25.935],[-122.0936,25.9178],[-122.1054,25.9005],[-122.1168,25.8829],[-122.1279,25.8652],[-122.1386,25.8473],[-122.149,25.8293],[-122.1591,25.8111],[-122.1688,25.7927],[-122.1781,25.7742],[-122.1871,25.7555],[-122.1957,25.7367],[-122.2039,25.7178],[-122.2118,25.6988],[-122.2193,25.6796],[-122.2265,25.6603],[-122.2332,25.6409],[-122.2396,25.6214],[-122.2456,25.6018],[-122.2513,25.5821],[-122.2565,25.5623],[-122.2614,25.5424],[-122.2659,25.5225],[-122.27,25.5025],[-122.2737,25.4824],[-122.277,25.4623],[-122.28,25.4421],[-122.2825,25.4219],[-122.2847,25.4016],[-122.2864,25.3813],[-122.2878,25.361],[-122.2888,25.3407],[-122.2894,25.3203],[-122.2896,25.3],[-122.4738,25.3],[-122.4736,25.2767],[-122.4729,25.2535],[-122.4718,25.2303],[-122.4702,25.2071],[-122.4682,25.1839],[-122.4657,25.1607],[-122.4628,25.1376],[-122.4595,25.1146],[-122.4557,25.0916],[-122.4514,25.0686],[-122.4467,25.0458],[-122.4416,25.023],[-122.436,25.0003],[-122.43,24.9777],[-122.4236,24.9551],[-122.4167,24.9327],[-122.4094,24.9104],[-122.4017,24.8883],[-122.3935,24.8662],[-122.3849,24.8443],[-122.3759,24.8225],[-122.3665,24.8009],[-122.3566,24.7794],[-122.3464,24.758],[-122.3357,24.7369],[-122.3246,24.7159],[-122.3132,24.6951],[-122.3013,24.6745],[-122.289,24.654],[-122.2763,24.6338],[-122.2633,24.6137],[-122.2499,24.5939],[-122.236,24.5743],[-122.2218,24.5549],[-122.2073,24.5357],[-122.1923,24.5168],[-122.177,24.4981],[-122.1614,24.4797],[-122.1454,24.4615],[-122.129,24.4435],[-122.1123,24.4258],[-122.0952,24.4084],[-122.0779,24.3913],[-122.0602,24.3744],[-122.0421,24.3578],[-122.0238,24.3415],[-122.0051,24.3255],[-121.9862,24.3098],[-121.9669,24.2944],[-121.9473,24.2793],[-121.9275,24.2645],[-121.9074,24.25],[-121.887,24.2359],[-121.8663,24.222],[-121.8453,24.2085],[-121.8241,24.1954],[-121.8027,24.1825],[-121.781,24.17],[-121.7591,24.1579],[-121.7369,24.1461],[-121.7145,24.1346],[-121.6919,24.1235],[-121.6691,24.1128],[-121.6461,24.1024],[-121.6229,24.0924],[-121.5994,24.0828],[-121.5759,24.0735],[-121.5521,24.0646],[-121.5282,24.0561],[-121.5041,24.0479],[-121.4798,24.0402],[-121.4554,24.0328],[-121.4309,24.0258],[-121.4062,24.0192],[-121.3814,24.013],[-121.3565,24.0071],[-121.3315,24.0017],[-121.3064,23.9967],[-121.2812,23.992],[-121.2559,23.9878],[-121.2306,23.984],[-121.2051,23.9805],[-121.1796,23.9775],[-121.1541,23.9749],[-121.1284,23.9726],[-121.1028,23.9708],[-121.0771,23.9694],[-121.0514,23.9684],[-121.0257,23.9678],[-121.0,23.9676],[-121.0,23.801],[-120.9711,23.8012],[-120.9421,23.8019],[-120.9132,23.8031],[-120.8843,23.8047],[-120.8555,23.8067],[-120.8267,23.8092],[-120.7979,23.8122],[-120.7692,23.8156],[-120.7406,23.8195],[-120.7121,23.8238],[-120.6836,23.8286],[-120.6553,23.8338],[-120.627,23.8394],[-120.5989,23.8455],[-120.5709,23.8521],[-120.543,23.8591],[-120.5152,23.8665],[-120.4876,23.8744],[-120.4602,23.8827],[-120.4329,23.8914],[-120.4058,23.9006],[-120.3789,23.9102],[-120.3522,23.9202],[-120.3256,23.9306],[-120.2993,23.9415],[-120.2732,23.9527],[-120.2473,23.9644],[-120.2216,23.9765],[-120.1962,23.989],[-120.171,24.0018],[-120.1461,24.0151],[-120.1214,24.0288],[-120.097,24.0428],[-120.0728,24.0573],[-120.049,24.0721],[-120.0254,24.0873],[-120.0022,24.1029],[-119.9792,24.1188],[-119.9566,24.1351],[-119.9342,24.1517],[-119.9122,24.1687],[-119.8906,24.186],[-119.8692,24.2037],[-119.8482,24.2217],[-119.8276,24.2401],[-119.8073,24.2587],[-119.7874,24.2777],[-119.7678,24.297],[-119.7487,24.3166],[-119.7299,24.3365],[-119.7115,24.3567],[-119.6935,24.3771],[-119.6758,24.3979],[-119.6586,24.4189],[-119.6418,24.4402],[-119.6254,24.4618],[-119.6095,24.4836],[-119.5939,24.5057],[-119.5788,24.528],[-119.5641,24.5505],[-119.5499,24.5733],[-119.5361,24.5963],[-119.5227,24.6195],[-119.5098,24.6429],[-119.4973,24.6665],[-119.4853,24.6903],[-119.4738,24.7143],[-119.4627,24.7385],[-119.4521,24.7628],[-119.442,24.7873],[-119.4323,24.812],[-119.4231,24.8368],[-119.4144,24.8617],[-119.4062,24.8868],[-119.3985,24.912],[-119.3912,24.9374],[-119.3845,24.9628],[-119.3782,24.9883],[-119.3724,25.014],[-119.3672,25.0397],[-119.3624,25.0655],[-119.3581,25.0914],[-119.3543,25.1173],[-119.3511,25.1433],[-119.3483,25.1694],[-119.346,25.1954],[-119.3442,25.2215],[-119.343,25.2477],[-119.3422,25.2738],[-119.342,25.3],[-119.7104,25.3],[-119.7106,25.3203],[-119.7112,25.3407],[-119.7122,25.361],[-119.7136,25.3813],[-119.7153,25.4016],[-119.7175,25.4219],[-119.72,25.4421],[-119.723,25.4623],[-119.7263,25.4824],[-119.73,25.5025],[-119.7341,25.5225],[-119.7386,25.5424],[-119.7435,25.5623],[-119.7487,25.5821],[-119.7544,25.6018],[-119.7604,25.6214],[-119.7668,25.6409],[-119.7735,25.6603],[-119.7807,25.6796],[-119.7882,25.6988],[-119.7961,25.7178],[-119.8043,25.7367],[-119.8129,25.7555],[-119.8219,25.7742],[-119.8312,25.7927],[-119.8409,25.8111],[-119.851,25.8293],[-119.8614,25.8473],[-119.8721,25.8652],[-119.8832,25.8829],[-119.8946,25.9005],[-119.9064,25.9178],[-119.9185,25.935],[-119.9309,25.952],[-119.9436,25.9687],[-119.9567,25.9853],[-119.9701,26.0016],[-119.9838,26.0178],[-119.9978,26.0337],[-120.0121,26.0494],[-120.0267,26.0649],[-120.0417,26.0801],[-120.0569,26.0951],[-120.0724,26.1099],[-120.0881,26.1244],[-120.1042,26.1387],[-120.1205,26.1527],[-120.1371,26.1664],[-120.154,26.1799],[-120.1711,26.1931],[-120.1884,26.2061],[-120.2061,26.2187],[-120.2239,26.2311],[-120.242,26.2432],[-120.2603,26.255],[-120.2789,26.2666],[-120.2976,26.2778],[-120.3166,26.2887],[-120.3358,26.2994],[-120.3552,26.3097],[-120.3748,26.3197],[-120.3946,26.3294],[-120.4145,26.3388],[-120.4347,26.3479],[-120.455,26.3566],[-120.4755,26.3651],[-120.4961,26.3732],[-120.5169,26.381],[-120.5379,26.3884],[-120.5589,26.3956],[-120.5802,26.4024],[-120.6015,26.4088],[-120.623,26.4149],[-120.6445,26.4207],[-120.6662,26.4262],[-120.688,26.4312],[-120.7099,26.436],[-120.7319,26.4404],[-120.7539,26.4445],[-120.7761,26.4482],[-120.7983,26.4515],[-120.8205,26.4545],[-120.8428,26.4572],[-120.8652,26.4595],[-120.8876,26.4614],[-120.91,26.463],[-120.9325,26.4643],[-120.955,26.4652],[-120.9775,26.4657],[-121.0,26.4659]]]},"properties":{"storm_name":"RACHEL-26","fuente":"GDACS","alertlevel":"Green","url":"https://www.gdacs.org/report.aspx?eventid=1001329&episodeid=52&eventtype=TC","paises":"Mexico","layer":"storm_track","kind":"wind_radii_forecast","wind_kt":34}},{"type":"Feature","geometry":{"type":"Polygon","coordinates":[[[-121.0,25.3],[-121.0,25.3],[-121.0,25.3],[-121.0,25.3],[-121.0,25.3],[-121.0,25.3],[-121.0,25.3],[-121.0,25.3],[-121.0,25.3],[-121.0,25.3],[-121.0,25.3],[-121.0,25.3],[-121.0,25.3],[-121.0,25.3],[-121.0,25.3],[-121.0,25.3],[-121.0,25.3],[-121.0,25.3],[-121.0,25.3],[-121.0,25.3],[-121.0,25.3],[-121.0,25.3],[-121.0,25.3],[-121.0,25.3],[-121.0,25.3],[-121.0,25.3],[-121.0,25.3],[-121.0,25.3],[-121.0,25.3],[-121.0,25.3],[-121.0,25.3],[-121.0,25.3],[-121.0,25.3],[-121.0,25.3],[-121.0,25.3],[-121.0,25.3],[-121.0,25.3],[-121.0,25.3],[-121.0,25.3],[-121.0,25.3],[-121.0,25.3],[-121.0,25.3],[-121.0,25.3],[-121.0,25.3],[-121.0,25.3],[-121.0,25.3],[-121.0,25.3],[-121.0,25.3],[-121.0,25.3],[-121.0,25.3],[-121.0,25.3],[-121.0,25.3],[-121.0,25.3],[-121.0,25.3],[-121.0,25.3],[-121.0,25.3],[-121.0,25.3],[-121.0,25.3],[-121.0,25.3],[-121.0,25.3],[-121.0,25.3],[-121.0,25.3],[-121.0,25.3],[-121.0,25.3],[-121.0,25.3],[-121.0,25.3],[-121.0,25.3],[-121.0,25.3],[-121.0,25.3],[-121.0,25.3],[-121.0,25.3],[-121.0,25.3],[-121.0,25.3],[-121.0,25.3],[-121.0,25.3],[-121.0,25.3],[-121.0,25.3],[-121.0,25.3],[-121.0,25.3],[-121.0,25.3],[-121.0,25.3],[-121.0,25.3],[-121.0,25.3],[-121.0,25.3],[-121.0,25.3],[-121.0,25.3],[-121.0,25.3],[-121.0,25.3],[-121.0,25.3],[-121.0,25.3],[-121.0,25.3],[-121.0,25.3],[-121.0,25.3],[-121.0,25.3],[-121.0,25.3],[-121.0,25.3],[-121.0,25.3],[-121.0,25.3],[-121.0,25.3],[-121.0,25.3],[-121.0,25.3],[-121.0,25.3],[-121.0,25.3],[-121.0,25.3],[-121.0,25.3],[-121.0,25.3],[-121.0,25.3],[-121.0,25.3],[-121.0,25.3],[-121.0,25.3],[-121.0,25.3],[-121.0,25.3],[-121.0,25.3],[-121.0,25.3],[-121.0,25.3],[-121.0,25.3],[-121.0,25.3],[-121.0,25.3],[-121.0,25.3],[-121.0,25.3],[-121.0,25.3],[-121.0,25.3],[-121.0,25.3],[-121.0,25.3],[-121.0,25.3],[-121.0,25.3],[-121.0,25.3],[-121.0,25.3],[-121.0,25.3],[-121.0,25.3],[-121.0,25.3],[-121.0,25.3],[-121.0,25.3],[-121.0,25.3],[-121.0,25.3],[-121.0,25.3],[-121.0,25.3],[-121.0,25.3],[-121.0,25.3],[-121.0,25.3],[-121.0,25.3],[-121.0,25.3],[-121.0,25.3],[-121.0,25.3],[-121.0,25.3],[-121.0,25.3],[-121.0,25.3],[-121.0,25.3],[-121.0,25.3],[-121.0,25.3],[-121.0,25.3],[-121.0,25.3],[-121.0,25.3],[-121.0,25.3],[-121.0,25.3],[-121.0,25.3],[-121.0,25.3],[-121.0,25.3],[-121.0,25.3],[-121.0,25.3],[-121.0,25.3],[-121.0,25.3],[-121.0,25.3],[-121.0,25.3],[-121.0,25.3],[-121.0,25.3],[-121.0,25.3],[-121.0,25.3],[-121.0,25.3],[-121.0,25.3],[-121.0,25.3],[-121.0,25.3],[-121.0,25.3],[-121.0,25.3],[-121.0,25.3],[-121.0,25.3],[-121.0,25.3],[-121.0,25.3],[-121.0,25.3],[-121.0,25.3],[-121.0,25.3],[-121.0,25.3],[-121.0,25.3],[-121.0,25.3],[-121.0,25.3],[-121.0,25.3],[-121.0,25.3],[-121.0,25.3],[-121.0,25.3],[-121.0,25.3],[-121.0,25.3],[-121.0,25.3],[-121.0,25.3],[-121.0,25.3],[-121.0,25.3],[-121.0,25.3],[-121.0,25.3],[-121.0,25.3],[-121.0,25.3],[-121.0,25.3],[-121.0,25.3],[-121.0,25.3],[-121.0,25.3],[-121.0,25.3],[-121.0,25.3],[-121.0,25.3],[-121.0,25.3],[-121.0,25.3],[-121.0,25.3],[-121.0,25.3],[-121.0,25.3],[-121.0,25.3],[-121.0,25.3],[-121.0,25.3],[-121.0,25.3],[-121.0,25.3],[-121.0,25.3],[-121.0,25.3],[-121.0,25.3],[-121.0,25.3],[-121.0,25.3],[-121.0,25.3],[-121.0,25.3],[-121.0,25.3],[-121.0,25.3],[-121.0,25.3],[-121.0,25.3],[-121.0,25.3],[-121.0,25.3],[-121.0,25.3],[-121.0,25.3],[-121.0,25.3],[-121.0,25.3],[-121.0,25.3],[-121.0,25.3],[-121.0,25.3],[-121.0,25.3],[-121.0,25.3],[-121.0,25.3],[-121.0,25.3],[-121.0,25.3],[-121.0,25.3],[-121.0,25.3],[-121.0,25.3],[-121.0,25.3],[-121.0,25.3],[-121.0,25.3],[-121.0,25.3],[-121.0,25.3],[-121.0,25.3],[-121.0,25.3],[-121.0,25.3],[-121.0,25.3],[-121.0,25.3],[-121.0,25.3],[-121.0,25.3],[-121.0,25.3],[-121.0,25.3],[-121.0,25.3],[-121.0,25.3],[-121.0,25.3],[-121.0,25.3],[-121.0,25.3],[-121.0,25.3],[-121.0,25.3],[-121.0,25.3],[-121.0,25.3],[-121.0,25.3],[-121.0,25.3],[-121.0,25.3],[-121.0,25.3],[-121.0,25.3],[-121.0,25.3],[-121.0,25.3],[-121.0,25.3],[-121.0,25.3],[-121.0,25.3],[-121.0,25.3],[-121.0,25.3],[-121.0,25.3],[-121.0,25.3],[-121.0,25.3],[-121.0,25.3],[-121.0,25.3],[-121.0,25.3],[-121.0,25.3],[-121.0,25.3],[-121.0,25.3],[-121.0,25.3],[-121.0,25.3],[-121.0,25.3],[-121.0,25.3],[-121.0,25.3],[-121.0,25.3],[-121.0,25.3],[-121.0,25.3],[-121.0,25.3],[-121.0,25.3],[-121.0,25.3],[-121.0,25.3],[-121.0,25.3],[-121.0,25.3],[-121.0,25.3],[-121.0,25.3],[-121.0,25.3],[-121.0,25.3],[-121.0,25.3],[-121.0,25.3],[-121.0,25.3],[-121.0,25.3],[-121.0,25.3],[-121.0,25.3],[-121.0,25.3],[-121.0,25.3],[-121.0,25.3],[-121.0,25.3],[-121.0,25.3],[-121.0,25.3],[-121.0,25.3],[-121.0,25.3],[-121.0,25.3],[-121.0,25.3],[-121.0,25.3],[-121.0,25.3],[-121.0,25.3],[-121.0,25.3],[-121.0,25.3],[-121.0,25.3],[-121.0,25.3],[-121.0,25.3],[-121.0,25.3],[-121.0,25.3],[-121.0,25.3],[-121.0,25.3],[-121.0,25.3],[-121.0,25.3],[-121.0,25.3],[-121.0,25.3],[-121.0,25.3],[-121.0,25.3],[-121.0,25.3],[-121.0,25.3],[-121.0,25.3],[-121.0,25.3],[-121.0,25.3],[-121.0,25.3],[-121.0,25.3],[-121.0,25.3],[-121.0,25.3],[-121.0,25.3],[-121.0,25.3],[-121.0,25.3],[-121.0,25.3],[-121.0,25.3],[-121.0,25.3],[-121.0,25.3],[-121.0,25.3],[-121.0,25.3],[-121.0,25.3],[-121.0,25.3],[-121.0,25.3],[-121.0,25.3],[-121.0,25.3],[-121.0,25.3],[-121.0,25.3]]]},"properties":{"storm_name":"RACHEL-26","fuente":"GDACS","alertlevel":"Green","url":"https://www.gdacs.org/report.aspx?eventid=1001329&episodeid=52&eventtype=TC","paises":"Mexico","layer":"storm_track","kind":"wind_radii_forecast","wind_kt":34}},{"type":"Feature","geometry":{"type":"Polygon","coordinates":[[[-121.0,25.3],[-121.0,25.3],[-121.0,25.3],[-121.0,25.3],[-121.0,25.3],[-121.0,25.3],[-121.0,25.3],[-121.0,25.3],[-121.0,25.3],[-121.0,25.3],[-121.0,25.3],[-121.0,25.3],[-121.0,25.3],[-121.0,25.3],[-121.0,25.3],[-121.0,25.3],[-121.0,25.3],[-121.0,25.3],[-121.0,25.3],[-121.0,25.3],[-121.0,25.3],[-121.0,25.3],[-121.0,25.3],[-121.0,25.3],[-121.0,25.3],[-121.0,25.3],[-121.0,25.3],[-121.0,25.3],[-121.0,25.3],[-121.0,25.3],[-121.0,25.3],[-121.0,25.3],[-121.0,25.3],[-121.0,25.3],[-121.0,25.3],[-121.0,25.3],[-121.0,25.3],[-121.0,25.3],[-121.0,25.3],[-121.0,25.3],[-121.0,25.3],[-121.0,25.3],[-121.0,25.3],[-121.0,25.3],[-121.0,25.3],[-121.0,25.3],[-121.0,25.3],[-121.0,25.3],[-121.0,25.3],[-121.0,25.3],[-121.0,25.3],[-121.0,25.3],[-121.0,25.3],[-121.0,25.3],[-121.0,25.3],[-121.0,25.3],[-121.0,25.3],[-121.0,25.3],[-121.0,25.3],[-121.0,25.3],[-121.0,25.3],[-121.0,25.3],[-121.0,25.3],[-121.0,25.3],[-121.0,25.3],[-121.0,25.3],[-121.0,25.3],[-121.0,25.3],[-121.0,25.3],[-121.0,25.3],[-121.0,25.3],[-121.0,25.3],[-121.0,25.3],[-121.0,25.3],[-121.0,25.3],[-121.0,25.3],[-121.0,25.3],[-121.0,25.3],[-121.0,25.3],[-121.0,25.3],[-121.0,25.3],[-121.0,25.3],[-121.0,25.3],[-121.0,25.3],[-121.0,25.3],[-121.0,25.3],[-121.0,25.3],[-121.0,25.3],[-121.0,25.3],[-121.0,25.3],[-121.0,25.3],[-121.0,25.3],[-121.0,25.3],[-121.0,25.3],[-121.0,25.3],[-121.0,25.3],[-121.0,25.3],[-121.0,25.3],[-121.0,25.3],[-121.0,25.3],[-121.0,25.3],[-121.0,25.3],[-121.0,25.3],[-121.0,25.3],[-121.0,25.3],[-121.0,25.3],[-121.0,25.3],[-121.0,25.3],[-121.0,25.3],[-121.0,25.3],[-121.0,25.3],[-121.0,25.3],[-121.0,25.3],[-121.0,25.3],[-121.0,25.3],[-121.0,25.3],[-121.0,25.3],[-121.0,25.3],[-121.0,25.3],[-121.0,25.3],[-121.0,25.3],[-121.0,25.3],[-121.0,25.3],[-121.0,25.3],[-121.0,25.3],[-121.0,25.3],[-121.0,25.3],[-121.0,25.3],[-121.0,25.3],[-121.0,25.3],[-121.0,25.3],[-121.0,25.3],[-121.0,25.3],[-121.0,25.3],[-121.0,25.3],[-121.0,25.3],[-121.0,25.3],[-121.0,25.3],[-121.0,25.3],[-121.0,25.3],[-121.0,25.3],[-121.0,25.3],[-121.0,25.3],[-121.0,25.3],[-121.0,25.3],[-121.0,25.3],[-121.0,25.3],[-121.0,25.3],[-121.0,25.3],[-121.0,25.3],[-121.0,25.3],[-121.0,25.3],[-121.0,25.3],[-121.0,25.3],[-121.0,25.3],[-121.0,25.3],[-121.0,25.3],[-121.0,25.3],[-121.0,25.3],[-121.0,25.3],[-121.0,25.3],[-121.0,25.3],[-121.0,25.3],[-121.0,25.3],[-121.0,25.3],[-121.0,25.3],[-121.0,25.3],[-121.0,25.3],[-121.0,25.3],[-121.0,25.3],[-121.0,25.3],[-121.0,25.3],[-121.0,25.3],[-121.0,25.3],[-121.0,25.3],[-121.0,25.3],[-121.0,25.3],[-121.0,25.3],[-121.0,25.3],[-121.0,25.3],[-121.0,25.3],[-121.0,25.3],[-121.0,25.3],[-121.0,25.3],[-121.0,25.3],[-121.0,25.3],[-121.0,25.3],[-121.0,25.3],[-121.0,25.3],[-121.0,25.3],[-121.0,25.3],[-121.0,25.3],[-121.0,25.3],[-121.0,25.3],[-121.0,25.3],[-121.0,25.3],[-121.0,25.3],[-121.0,25.3],[-121.0,25.3],[-121.0,25.3],[-121.0,25.3],[-121.0,25.3],[-121.0,25.3],[-121.0,25.3],[-121.0,25.3],[-121.0,25.3],[-121.0,25.3],[-121.0,25.3],[-121.0,25.3],[-121.0,25.3],[-121.0,25.3],[-121.0,25.3],[-121.0,25.3],[-121.0,25.3],[-121.0,25.3],[-121.0,25.3],[-121.0,25.3],[-121.0,25.3],[-121.0,25.3],[-121.0,25.3],[-121.0,25.3],[-121.0,25.3],[-121.0,25.3],[-121.0,25.3],[-121.0,25.3],[-121.0,25.3],[-121.0,25.3],[-121.0,25.3],[-121.0,25.3],[-121.0,25.3],[-121.0,25.3],[-121.0,25.3],[-121.0,25.3],[-121.0,25.3],[-121.0,25.3],[-121.0,25.3],[-121.0,25.3],[-121.0,25.3],[-121.0,25.3],[-121.0,25.3],[-121.0,25.3],[-121.0,25.3],[-121.0,25.3],[-121.0,25.3],[-121.0,25.3],[-121.0,25.3],[-121.0,25.3],[-121.0,25.3],[-121.0,25.3],[-121.0,25.3],[-121.0,25.3],[-121.0,25.3],[-121.0,25.3],[-121.0,25.3],[-121.0,25.3],[-121.0,25.3],[-121.0,25.3],[-121.0,25.3],[-121.0,25.3],[-121.0,25.3],[-121.0,25.3],[-121.0,25.3],[-121.0,25.3],[-121.0,25.3],[-121.0,25.3],[-121.0,25.3],[-121.0,25.3],[-121.0,25.3],[-121.0,25.3],[-121.0,25.3],[-121.0,25.3],[-121.0,25.3],[-121.0,25.3],[-121.0,25.3],[-121.0,25.3],[-121.0,25.3],[-121.0,25.3],[-121.0,25.3],[-121.0,25.3],[-121.0,25.3],[-121.0,25.3],[-121.0,25.3],[-121.0,25.3],[-121.0,25.3],[-121.0,25.3],[-121.0,25.3],[-121.0,25.3],[-121.0,25.3],[-121.0,25.3],[-121.0,25.3],[-121.0,25.3],[-121.0,25.3],[-121.0,25.3],[-121.0,25.3],[-121.0,25.3],[-121.0,25.3],[-121.0,25.3],[-121.0,25.3],[-121.0,25.3],[-121.0,25.3],[-121.0,25.3],[-121.0,25.3],[-121.0,25.3],[-121.0,25.3],[-121.0,25.3],[-121.0,25.3],[-121.0,25.3],[-121.0,25.3],[-121.0,25.3],[-121.0,25.3],[-121.0,25.3],[-121.0,25.3],[-121.0,25.3],[-121.0,25.3],[-121.0,25.3],[-121.0,25.3],[-121.0,25.3],[-121.0,25.3],[-121.0,25.3],[-121.0,25.3],[-121.0,25.3],[-121.0,25.3],[-121.0,25.3],[-121.0,25.3],[-121.0,25.3],[-121.0,25.3],[-121.0,25.3],[-121.0,25.3],[-121.0,25.3],[-121.0,25.3],[-121.0,25.3],[-121.0,25.3],[-121.0,25.3],[-121.0,25.3],[-121.0,25.3],[-121.0,25.3],[-121.0,25.3],[-121.0,25.3],[-121.0,25.3],[-121.0,25.3],[-121.0,25.3],[-121.0,25.3],[-121.0,25.3],[-121.0,25.3],[-121.0,25.3],[-121.0,25.3],[-121.0,25.3],[-121.0,25.3],[-121.0,25.3],[-121.0,25.3],[-121.0,25.3],[-121.0,25.3],[-121.0,25.3],[-121.0,25.3],[-121.0,25.3],[-121.0,25.3],[-121.0,25.3],[-121.0,25.3],[-121.0,25.3],[-121.0,25.3],[-121.0,25.3],[-121.0,25.3],[-121.0,25.3],[-121.0,25.3],[-121.0,25.3]]]},"properties":{"storm_name":"RACHEL-26","fuente":"GDACS","alertlevel":"Green","url":"https://www.gdacs.org/report.aspx?eventid=1001329&episodeid=52&eventtype=TC","paises":"Mexico","layer":"storm_track","kind":"wind_radii_forecast","wind_kt":34}},{"type":"Feature","geometry":{"type":"Polygon","coordinates":[[[-118.1,30.2324],[-118.1,29.8993],[-118.1199,29.8992],[-118.1398,29.8987],[-118.1597,29.898],[-118.1796,29.8969],[-118.1995,29.8955],[-118.2193,29.8939],[-118.2391,29.8919],[-118.2589,29.8896],[-118.2786,29.887],[-118.2982,29.8841],[-118.3178,29.881],[-118.3373,29.8775],[-118.3568,29.8737],[-118.3761,29.8696],[-118.3954,29.8653],[-118.4146,29.8606],[-118.4337,29.8557],[-118.4527,29.8504],[-118.4716,29.8449],[-118.4904,29.8391],[-118.5091,29.833],[-118.5276,29.8266],[-118.546,29.8199],[-118.5643,29.8129],[-118.5824,29.8057],[-118.6004,29.7982],[-118.6182,29.7904],[-118.6359,29.7824],[-118.6534,29.774],[-118.6707,29.7654],[-118.6879,29.7566],[-118.7049,29.7475],[-118.7217,29.7381],[-118.7383,29.7285],[-118.7547,29.7186],[-118.7709,29.7085],[-118.787,29.6981],[-118.8028,29.6875],[-118.8184,29.6766],[-118.8337,29.6655],[-118.8489,29.6542],[-118.8638,29.6426],[-118.8785,29.6309],[-118.8929,29.6189],[-118.9071,29.6066],[-118.9211,29.5942],[-118.9348,29.5815],[-118.9483,29.5687],[-118.9615,29.5556],[-118.9744,29.5424],[-118.9871,29.5289],[-118.9995,29.5152],[-119.0116,29.5014],[-119.0235,29.4874],[-119.035,29.4732],[-119.0463,29.4588],[-119.0573,29.4443],[-119.068,29.4296],[-119.0784,29.4147],[-119.0886,29.3997],[-119.0984,29.3845],[-119.1079,29.3692],[-119.1171,29.3537],[-119.126,29.3381],[-119.1345,29.3223],[-119.1428,29.3065],[-119.1507,29.2905],[-119.1584,29.2744],[-119.1657,29.2581],[-119.1726,29.2418],[-119.1793,29.2253],[-119.1856,29.2088],[-119.1916,29.1922],[-119.1973,29.1755],[-119.2026,29.1586],[-119.2076,29.1418],[-119.2122,29.1248],[-119.2165,29.1078],[-119.2205,29.0907],[-119.2241,29.0735],[-119.2274,29.0563],[-119.2304,29.0391],[-119.233,29.0218],[-119.2352,29.0045],[-119.2371,28.9871],[-119.2387,28.9697],[-119.2399,28.9523],[-119.2408,28.9349],[-119.2413,28.9174],[-119.2415,28.9],[-119.4317,28.9],[-119.4315,28.8797],[-119.4309,28.8593],[-119.4299,28.839],[-119.4285,28.8187],[-119.4267,28.7984],[-119.4244,28.7781],[-119.4218,28.7579],[-119.4188,28.7377],[-119.4153,28.7176],[-119.4115,28.6975],[-119.4073,28.6775],[-119.4026,28.6576],[-119.3976,28.6377],[-119.3922,28.6179],[-119.3864,28.5982],[-119.3801,28.5786],[-119.3735,28.5591],[-119.3665,28.5397],[-119.3592,28.5204],[-119.3514,28.5012],[-119.3433,28.4822],[-119.3348,28.4633],[-119.3259,28.4445],[-119.3166,28.4258],[-119.307,28.4073],[-119.2969,28.3889],[-119.2866,28.3707],[-119.2758,28.3527],[-119.2648,28.3348],[-119.2533,28.3171],[-119.2415,28.2995],[-119.2294,28.2822],[-119.2169,28.265],[-119.2041,28.248],[-119.1909,28.2313],[-119.1774,28.2147],[-119.1636,28.1984],[-119.1494,28.1822],[-119.1349,28.1663],[-119.1202,28.1506],[-119.1051,28.1351],[-119.0897,28.1199],[-119.074,28.1049],[-119.058,28.0901],[-119.0417,28.0756],[-119.0251,28.0613],[-119.0082,28.0473],[-118.9911,28.0336],[-118.9737,28.0201],[-118.956,28.0069],[-118.9381,27.9939],[-118.9199,27.9813],[-118.9015,27.9689],[-118.8828,27.9568],[-118.8638,27.945],[-118.8447,27.9334],[-118.8253,27.9222],[-118.8057,27.9113],[-118.7859,27.9006],[-118.7659,27.8903],[-118.7456,27.8803],[-118.7252,27.8706],[-118.7046,27.8612],[-118.6838,27.8521],[-118.6628,27.8434],[-118.6417,27.8349],[-118.6203,27.8268],[-118.5989,27.819],[-118.5772,27.8116],[-118.5555,27.8044],[-118.5336,27.7976],[-118.5115,27.7912],[-118.4894,27.7851],[-118.4671,27.7793],[-118.4447,27.7738],[-118.4222,27.7688],[-118.3996,27.764],[-118.3769,27.7596],[-118.3541,27.7555],[-118.3313,27.7518],[-118.3083,27.7485],[-118.2853,27.7455],[-118.2623,27.7428],[-118.2392,27.7405],[-118.2161,27.7386],[-118.1929,27.737],[-118.1697,27.7357],[-118.1465,27.7348],[-118.1232,27.7343],[-118.1,27.7341],[-118.1,27.0679],[-118.0635,27.0682],[-118.027,27.069],[-117.9905,27.0704],[-117.954,27.0724],[-117.9176,27.0749],[-117.8813,27.0779],[-117.845,27.0816],[-117.8088,27.0857],[-117.7726,27.0905],[-117.7366,27.0957],[-117.7007,27.1016],[-117.6649,27.1079],[-117.6292,27.1149],[-117.5937,27.1223],[-117.5584,27.1303],[-117.5232,27.1389],[-117.4881,27.148],[-117.4533,27.1576],[-117.4187,27.1677],[-117.3842,27.1784],[-117.35,27.1896],[-117.3161,27.2013],[-117.2823,27.2135],[-117.2488,27.2263],[-117.2156,27.2396],[-117.1826,27.2533],[-117.1499,27.2676],[-117.1175,27.2824],[-117.0854,27.2976],[-117.0536,27.3134],[-117.0222,27.3296],[-116.991,27.3463],[-116.9602,27.3635],[-116.9298,27.3811],[-116.8997,27.3992],[-116.8699,27.4178],[-116.8406,27.4368],[-116.8116,27.4563],[-116.783,27.4762],[-116.7548,27.4965],[-116.7271,27.5173],[-116.6997,27.5385],[-116.6728,27.5601],[-116.6463,27.5821],[-116.6202,27.6045],[-116.5946,27.6273],[-116.5695,27.6505],[-116.5448,27.6741],[-116.5206,27.698],[-116.4969,27.7223],[-116.4737,27.747],[-116.4509,27.772],[-116.4287,27.7974],[-116.407,27.8231],[-116.3857,27.8492],[-116.3651,27.8755],[-116.3449,27.9022],[-116.3253,27.9291],[-116.3062,27.9564],[-116.2877,27.984],[-116.2697,28.0118],[-116.2522,28.0399],[-116.2354,28.0682],[-116.2191,28.0969],[-116.2034,28.1257],[-116.1882,28.1548],[-116.1736,28.1841],[-116.1597,28.2137],[-116.1463,28.2434],[-116.1335,28.2734],[-116.1213,28.3035],[-116.1097,28.3339],[-116.0987,28.3643],[-116.0884,28.395],[-116.0786,28.4258],[-116.0694,28.4568],[-116.0609,28.4879],[-116.053,28.5191],[-116.0457,28.5504],[-116.0391,28.5819],[-116.033,28.6134],[-116.0277,28.645],[-116.0229,28.6767],[-116.0187,28.7085],[-116.0152,28.7403],[-116.0124,28.7722],[-116.0102,28.8041],[-116.0086,28.8361],[-116.0076,28.868],[-116.0073,28.9],[-116.578,28.9],[-116.5783,28.9233],[-116.579,28.9465],[-116.5801,28.9697],[-116.5817,28.9929],[-116.5838,29.0161],[-116.5864,29.0393],[-116.5894,29.0624],[-116.5928,29.0854],[-116.5968,29.1084],[-116.6011,29.1314],[-116.606,29.1542],[-116.6113,29.177],[-116.617,29.1997],[-116.6232,29.2223],[-116.6299,29.2449],[-116.637,29.2673],[-116.6445,29.2896],[-116.6525,29.3117],[-116.6609,29.3338],[-116.6698,29.3557],[-116.6791,29.3775],[-116.6888,29.3991],[-116.699,29.4206],[-116.7096,29.442],[-116.7206,29.4631],[-116.7321,29.4841],[-116.7439,29.5049],[-116.7562,29.5255],[-116.7689,29.546],[-116.7819,29.5662],[-116.7954,29.5863],[-116.8093,29.6061],[-116.8236,29.6257],[-116.8382,29.6451],[-116.8533,29.6643],[-116.8687,29.6832],[-116.8845,29.7019],[-116.9007,29.7203],[-116.9172,29.7385],[-116.9341,29.7565],[-116.9514,29.7742],[-116.969,29.7916],[-116.9869,29.8087],[-117.0052,29.8256],[-117.0238,29.8422],[-117.0427,29.8585],[-117.062,29.8745],[-117.0816,29.8902],[-117.1015,29.9056],[-117.1217,29.9207],[-117.1422,29.9355],[-117.163,29.95],[-117.1841,29.9641],[-117.2054,29.978],[-117.227,29.9915],[-117.2489,30.0046],[-117.2711,30.0175],[-117.2935,30.03],[-117.3161,30.0421],[-117.339,30.0539],[-117.3621,30.0654],[-117.3855,30.0765],[-117.409,30.0872],[-117.4328,30.0976],[-117.4568,30.1076],[-117.481,30.1172],[-117.5053,30.1265],[-117.5299,30.1354],[-117.5546,30.1439],[-117.5795,30.1521],[-117.6045,30.1598],[-117.6297,30.1672],[-117.655,30.1742],[-117.6805,30.1808],[-117.7061,30.187],[-117.7318,30.1929],[-117.7576,30.1983],[-117.7836,30.2033],[-117.8096,30.208],[-117.8357,30.2122],[-117.8619,30.216],[-117.8882,30.2195],[-117.9145,30.2225],[-117.9409,30.2251],[-117.9674,30.2274],[-117.9938,30.2292],[-118.0203,30.2306],[-118.0469,30.2316],[-118.0734,30.2322],[-118.1,30.2324]]]},"properties":{"storm_name":"RACHEL-26","fuente":"GDACS","alertlevel":"Green","url":"https://www.gdacs.org/report.aspx?eventid=1001329&episodeid=52&eventtype=TC","paises":"Mexico","layer":"storm_track","kind":"wind_radii_forecast","wind_kt":34}},{"type":"Feature","geometry":{"type":"Polygon","coordinates":[[[-118.1,29.1498],[-118.1,29.0666],[-118.1033,29.0665],[-118.1066,29.0665],[-118.11,29.0663],[-118.1133,29.0661],[-118.1166,29.0659],[-118.1199,29.0656],[-118.1232,29.0653],[-118.1265,29.0649],[-118.1298,29.0645],[-118.133,29.064],[-118.1363,29.0635],[-118.1396,29.0629],[-118.1428,29.0623],[-118.146,29.0616],[-118.1492,29.0609],[-118.1524,29.0601],[-118.1556,29.0593],[-118.1588,29.0584],[-118.1619,29.0575],[-118.1651,29.0565],[-118.1682,29.0555],[-118.1713,29.0544],[-118.1743,29.0533],[-118.1774,29.0522],[-118.1804,29.0509],[-118.1834,29.0497],[-118.1864,29.0484],[-118.1893,29.0471],[-118.1922,29.0457],[-118.1951,29.0442],[-118.198,29.0428],[-118.2008,29.0412],[-118.2036,29.0397],[-118.2064,29.0381],[-118.2091,29.0364],[-118.2118,29.0347],[-118.2145,29.033],[-118.2171,29.0312],[-118.2197,29.0294],[-118.2223,29.0276],[-118.2248,29.0257],[-118.2273,29.0238],[-118.2297,29.0218],[-118.2322,29.0198],[-118.2345,29.0178],[-118.2369,29.0157],[-118.2391,29.0136],[-118.2414,29.0114],[-118.2436,29.0093],[-118.2457,29.0071],[-118.2478,29.0048],[-118.2499,29.0025],[-118.2519,29.0002],[-118.2539,28.9979],[-118.2558,28.9955],[-118.2577,28.9931],[-118.2596,28.9907],[-118.2613,28.9883],[-118.2631,28.9858],[-118.2648,28.9833],[-118.2664,28.9807],[-118.268,28.9782],[-118.2695,28.9756],[-118.271,28.973],[-118.2724,28.9704],[-118.2738,28.9677],[-118.2751,28.9651],[-118.2764,28.9624],[-118.2776,28.9597],[-118.2788,28.957],[-118.2799,28.9542],[-118.2809,28.9515],[-118.2819,28.9487],[-118.2829,28.9459],[-118.2838,28.9431],[-118.2846,28.9403],[-118.2854,28.9375],[-118.2861,28.9346],[-118.2868,28.9318],[-118.2874,28.9289],[-118.2879,28.9261],[-118.2884,28.9232],[-118.2888,28.9203],[-118.2892,28.9174],[-118.2895,28.9145],[-118.2898,28.9116],[-118.29,28.9087],[-118.2901,28.9058],[-118.2902,28.9029],[-118.2902,28.9],[-118.2902,28.9],[-118.2902,28.8971],[-118.2901,28.8942],[-118.29,28.8913],[-118.2898,28.8884],[-118.2895,28.8855],[-118.2892,28.8826],[-118.2888,28.8797],[-118.2884,28.8768],[-118.2879,28.8739],[-118.2874,28.8711],[-118.2868,28.8682],[-118.2861,28.8654],[-118.2854,28.8625],[-118.2846,28.8597],[-118.2838,28.8569],[-118.2829,28.8541],[-118.2819,28.8513],[-118.2809,28.8485],[-118.2799,28.8458],[-118.2788,28.843],[-118.2776,28.8403],[-118.2764,28.8376],[-118.2751,28.8349],[-118.2738,28.8323],[-118.2724,28.8296],[-118.271,28.827],[-118.2695,28.8244],[-118.268,28.8218],[-118.2664,28.8193],[-118.2648,28.8167],[-118.2631,28.8142],[-118.2613,28.8117],[-118.2596,28.8093],[-118.2577,28.8069],[-118.2558,28.8045],[-118.2539,28.8021],[-118.2519,28.7998],[-118.2499,28.7975],[-118.2478,28.7952],[-118.2457,28.7929],[-118.2436,28.7907],[-118.2414,28.7886],[-118.2391,28.7864],[-118.2369,28.7843],[-118.2345,28.7822],[-118.2322,28.7802],[-118.2297,28.7782],[-118.2273,28.7762],[-118.2248,28.7743],[-118.2223,28.7724],[-118.2197,28.7706],[-118.2171,28.7688],[-118.2145,28.767],[-118.2118,28.7653],[-118.2091,28.7636],[-118.2064,28.7619],[-118.2036,28.7603],[-118.2008,28.7588],[-118.198,28.7572],[-118.1951,28.7558],[-118.1922,28.7543],[-118.1893,28.7529],[-118.1864,28.7516],[-118.1834,28.7503],[-118.1804,28.7491],[-118.1774,28.7478],[-118.1743,28.7467],[-118.1713,28.7456],[-118.1682,28.7445],[-118.1651,28.7435],[-118.1619,28.7425],[-118.1588,28.7416],[-118.1556,28.7407],[-118.1524,28.7399],[-118.1492,28.7391],[-118.146,28.7384],[-118.1428,28.7377],[-118.1396,28.7371],[-118.1363,28.7365],[-118.133,28.736],[-118.1298,28.7355],[-118.1265,28.7351],[-118.1232,28.7347],[-118.1199,28.7344],[-118.1166,28.7341],[-118.1133,28.7339],[-118.11,28.7337],[-118.1066,28.7335],[-118.1033,28.7335],[-118.1,28.7334],[-118.1,28.5669],[-118.0934,28.5669],[-118.0867,28.5671],[-118.0801,28.5673],[-118.0735,28.5677],[-118.0668,28.5682],[-118.0602,28.5687],[-118.0536,28.5694],[-118.047,28.5701],[-118.0405,28.571],[-118.0339,28.572],[-118.0274,28.573],[-118.0209,28.5742],[-118.0144,28.5754],[-118.008,28.5768],[-118.0015,28.5782],[-117.9951,28.5798],[-117.9888,28.5814],[-117.9824,28.5832],[-117.9761,28.585],[-117.9699,28.587],[-117.9636,28.589],[-117.9575,28.5911],[-117.9513,28.5934],[-117.9452,28.5957],[-117.9392,28.5981],[-117.9332,28.6006],[-117.9273,28.6032],[-117.9214,28.6059],[-117.9155,28.6087],[-117.9098,28.6115],[-117.904,28.6145],[-117.8984,28.6175],[-117.8928,28.6206],[-117.8872,28.6238],[-117.8818,28.6271],[-117.8764,28.6305],[-117.871,28.634],[-117.8657,28.6375],[-117.8605,28.6411],[-117.8554,28.6448],[-117.8504,28.6486],[-117.8454,28.6525],[-117.8405,28.6564],[-117.8357,28.6604],[-117.831,28.6645],[-117.8263,28.6686],[-117.8217,28.6728],[-117.8172,28.6771],[-117.8128,28.6815],[-117.8085,28.6859],[-117.8043,28.6904],[-117.8002,28.6949],[-117.7961,28.6995],[-117.7922,28.7042],[-117.7883,28.7089],[-117.7846,28.7137],[-117.7809,28.7186],[-117.7773,28.7235],[-117.7739,28.7284],[-117.7705,28.7334],[-117.7672,28.7385],[-117.764,28.7436],[-117.761,28.7488],[-117.758,28.754],[-117.7552,28.7592],[-117.7524,28.7645],[-117.7498,28.7698],[-117.7472,28.7752],[-117.7448,28.7806],[-117.7425,28.7861],[-117.7402,28.7916],[-117.7381,28.7971],[-117.7361,28.8026],[-117.7342,28.8082],[-117.7325,28.8138],[-117.7308,28.8194],[-117.7293,28.8251],[-117.7278,28.8307],[-117.7265,28.8364],[-117.7253,28.8422],[-117.7242,28.8479],[-117.7232,28.8536],[-117.7223,28.8594],[-117.7216,28.8652],[-117.721,28.871],[-117.7204,28.8768],[-117.72,28.8826],[-117.7197,28.8884],[-117.7196,28.8942],[-117.7195,28.9],[-117.8146,28.9],[-117.8147,28.9044],[-117.8148,28.9087],[-117.815,28.9131],[-117.8153,28.9174],[-117.8157,28.9218],[-117.8162,28.9261],[-117.8168,28.9304],[-117.8174,28.9348],[-117.8181,28.9391],[-117.819,28.9434],[-117.8199,28.9477],[-117.8209,28.9519],[-117.8219,28.9562],[-117.8231,28.9604],[-117.8244,28.9647],[-117.8257,28.9689],[-117.8271,28.973],[-117.8286,28.9772],[-117.8302,28.9813],[-117.8318,28.9854],[-117.8336,28.9895],[-117.8354,28.9936],[-117.8373,28.9976],[-117.8393,29.0016],[-117.8414,29.0056],[-117.8435,29.0095],[-117.8457,29.0134],[-117.848,29.0173],[-117.8504,29.0211],[-117.8529,29.0249],[-117.8554,29.0287],[-117.858,29.0324],[-117.8607,29.0361],[-117.8634,29.0397],[-117.8662,29.0433],[-117.8691,29.0468],[-117.8721,29.0504],[-117.8751,29.0538],[-117.8782,29.0572],[-117.8814,29.0606],[-117.8846,29.0639],[-117.8879,29.0672],[-117.8913,29.0704],[-117.8947,29.0735],[-117.8982,29.0767],[-117.9018,29.0797],[-117.9054,29.0827],[-117.909,29.0857],[-117.9128,29.0886],[-117.9166,29.0914],[-117.9204,29.0942],[-117.9243,29.0969],[-117.9283,29.0995],[-117.9323,29.1021],[-117.9363,29.1047],[-117.9404,29.1071],[-117.9446,29.1095],[-117.9488,29.1119],[-117.953,29.1141],[-117.9573,29.1164],[-117.9616,29.1185],[-117.966,29.1206],[-117.9704,29.1226],[-117.9749,29.1245],[-117.9794,29.1264],[-117.9839,29.1282],[-117.9885,29.13],[-117.9931,29.1316],[-117.9977,29.1332],[-118.0024,29.1348],[-118.0071,29.1362],[-118.0118,29.1376],[-118.0166,29.1389],[-118.0213,29.1402],[-118.0261,29.1413],[-118.031,29.1424],[-118.0358,29.1434],[-118.0407,29.1444],[-118.0455,29.1452],[-118.0504,29.146],[-118.0554,29.1468],[-118.0603,29.1474],[-118.0652,29.148],[-118.0702,29.1485],[-118.0751,29.1489],[-118.0801,29.1492],[-118.0851,29.1495],[-118.09,29.1497],[-118.095,29.1498],[-118.1,29.1498]]]},"properties":{"storm_name":"RACHEL-26","fuente":"GDACS","alertlevel":"Green","url":"https://www.gdacs.org/report.aspx?eventid=1001329&episodeid=52&eventtype=TC","paises":"Mexico","layer":"storm_track","kind":"wind_radii_forecast","wind_kt":34}},{"type":"Feature","geometry":{"type":"Polygon","coordinates":[[[-118.1,28.9],[-118.1,28.9],[-118.1,28.9],[-118.1,28.9],[-118.1,28.9],[-118.1,28.9],[-118.1,28.9],[-118.1,28.9],[-118.1,28.9],[-118.1,28.9],[-118.1,28.9],[-118.1,28.9],[-118.1,28.9],[-118.1,28.9],[-118.1,28.9],[-118.1,28.9],[-118.1,28.9],[-118.1,28.9],[-118.1,28.9],[-118.1,28.9],[-118.1,28.9],[-118.1,28.9],[-118.1,28.9],[-118.1,28.9],[-118.1,28.9],[-118.1,28.9],[-118.1,28.9],[-118.1,28.9],[-118.1,28.9],[-118.1,28.9],[-118.1,28.9],[-118.1,28.9],[-118.1,28.9],[-118.1,28.9],[-118.1,28.9],[-118.1,28.9],[-118.1,28.9],[-118.1,28.9],[-118.1,28.9],[-118.1,28.9],[-118.1,28.9],[-118.1,28.9],[-118.1,28.9],[-118.1,28.9],[-118.1,28.9],[-118.1,28.9],[-118.1,28.9],[-118.1,28.9],[-118.1,28.9],[-118.1,28.9],[-118.1,28.9],[-118.1,28.9],[-118.1,28.9],[-118.1,28.9],[-118.1,28.9],[-118.1,28.9],[-118.1,28.9],[-118.1,28.9],[-118.1,28.9],[-118.1,28.9],[-118.1,28.9],[-118.1,28.9],[-118.1,28.9],[-118.1,28.9],[-118.1,28.9],[-118.1,28.9],[-118.1,28.9],[-118.1,28.9],[-118.1,28.9],[-118.1,28.9],[-118.1,28.9],[-118.1,28.9],[-118.1,28.9],[-118.1,28.9],[-118.1,28.9],[-118.1,28.9],[-118.1,28.9],[-118.1,28.9],[-118.1,28.9],[-118.1,28.9],[-118.1,28.9],[-118.1,28.9],[-118.1,28.9],[-118.1,28.9],[-118.1,28.9],[-118.1,28.9],[-118.1,28.9],[-118.1,28.9],[-118.1,28.9],[-118.1,28.9],[-118.1,28.9],[-118.1,28.9],[-118.1,28.9],[-118.1,28.9],[-118.1,28.9],[-118.1,28.9],[-118.1,28.9],[-118.1,28.9],[-118.1,28.9],[-118.1,28.9],[-118.1,28.9],[-118.1,28.9],[-118.1,28.9],[-118.1,28.9],[-118.1,28.9],[-118.1,28.9],[-118.1,28.9],[-118.1,28.9],[-118.1,28.9],[-118.1,28.9],[-118.1,28.9],[-118.1,28.9],[-118.1,28.9],[-118.1,28.9],[-118.1,28.9],[-118.1,28.9],[-118.1,28.9],[-118.1,28.9],[-118.1,28.9],[-118.1,28.9],[-118.1,28.9],[-118.1,28.9],[-118.1,28.9],[-118.1,28.9],[-118.1,28.9],[-118.1,28.9],[-118.1,28.9],[-118.1,28.9],[-118.1,28.9],[-118.1,28.9],[-118.1,28.9],[-118.1,28.9],[-118.1,28.9],[-118.1,28.9],[-118.1,28.9],[-118.1,28.9],[-118.1,28.9],[-118.1,28.9],[-118.1,28.9],[-118.1,28.9],[-118.1,28.9],[-118.1,28.9],[-118.1,28.9],[-118.1,28.9],[-118.1,28.9],[-118.1,28.9],[-118.1,28.9],[-118.1,28.9],[-118.1,28.9],[-118.1,28.9],[-118.1,28.9],[-118.1,28.9],[-118.1,28.9],[-118.1,28.9],[-118.1,28.9],[-118.1,28.9],[-118.1,28.9],[-118.1,28.9],[-118.1,28.9],[-118.1,28.9],[-118.1,28.9],[-118.1,28.9],[-118.1,28.9],[-118.1,28.9],[-118.1,28.9],[-118.1,28.9],[-118.1,28.9],[-118.1,28.9],[-118.1,28.9],[-118.1,28.9],[-118.1,28.9],[-118.1,28.9],[-118.1,28.9],[-118.1,28.9],[-118.1,28.9],[-118.1,28.9],[-118.1,28.9],[-118.1,28.9],[-118.1,28.9],[-118.1,28.9],[-118.1,28.9],[-118.1,28.9],[-118.1,28.9],[-118.1,28.9],[-118.1,28.9],[-118.1,28.9],[-118.1,28.9],[-118.1,28.9],[-118.1,28.9],[-118.1,28.9],[-118.1,28.9],[-118.1,28.9],[-118.1,28.9],[-118.1,28.9],[-118.1,28.9],[-118.1,28.9],[-118.1,28.9],[-118.1,28.9],[-118.1,28.9],[-118.1,28.9],[-118.1,28.9],[-118.1,28.9],[-118.1,28.9],[-118.1,28.9],[-118.1,28.9],[-118.1,28.9],[-118.1,28.9],[-118.1,28.9],[-118.1,28.9],[-118.1,28.9],[-118.1,28.9],[-118.1,28.9],[-118.1,28.9],[-118.1,28.9],[-118.1,28.9],[-118.1,28.9],[-118.1,28.9],[-118.1,28.9],[-118.1,28.9],[-118.1,28.9],[-118.1,28.9],[-118.1,28.9],[-118.1,28.9],[-118.1,28.9],[-118.1,28.9],[-118.1,28.9],[-118.1,28.9],[-118.1,28.9],[-118.1,28.9],[-118.1,28.9],[-118.1,28.9],[-118.1,28.9],[-118.1,28.9],[-118.1,28.9],[-118.1,28.9],[-118.1,28.9],[-118.1,28.9],[-118.1,28.9],[-118.1,28.9],[-118.1,28.9],[-118.1,28.9],[-118.1,28.9],[-118.1,28.9],[-118.1,28.9],[-118.1,28.9],[-118.1,28.9],[-118.1,28.9],[-118.1,28.9],[-118.1,28.9],[-118.1,28.9],[-118.1,28.9],[-118.1,28.9],[-118.1,28.9],[-118.1,28.9],[-118.1,28.9],[-118.1,28.9],[-118.1,28.9],[-118.1,28.9],[-118.1,28.9],[-118.1,28.9],[-118.1,28.9],[-118.1,28.9],[-118.1,28.9],[-118.1,28.9],[-118.1,28.9],[-118.1,28.9],[-118.1,28.9],[-118.1,28.9],[-118.1,28.9],[-118.1,28.9],[-118.1,28.9],[-118.1,28.9],[-118.1,28.9],[-118.1,28.9],[-118.1,28.9],[-118.1,28.9],[-118.1,28.9],[-118.1,28.9],[-118.1,28.9],[-118.1,28.9],[-118.1,28.9],[-118.1,28.9],[-118.1,28.9],[-118.1,28.9],[-118.1,28.9],[-118.1,28.9],[-118.1,28.9],[-118.1,28.9],[-118.1,28.9],[-118.1,28.9],[-118.1,28.9],[-118.1,28.9],[-118.1,28.9],[-118.1,28.9],[-118.1,28.9],[-118.1,28.9],[-118.1,28.9],[-118.1,28.9],[-118.1,28.9],[-118.1,28.9],[-118.1,28.9],[-118.1,28.9],[-118.1,28.9],[-118.1,28.9],[-118.1,28.9],[-118.1,28.9],[-118.1,28.9],[-118.1,28.9],[-118.1,28.9],[-118.1,28.9],[-118.1,28.9],[-118.1,28.9],[-118.1,28.9],[-118.1,28.9],[-118.1,28.9],[-118.1,28.9],[-118.1,28.9],[-118.1,28.9],[-118.1,28.9],[-118.1,28.9],[-118.1,28.9],[-118.1,28.9],[-118.1,28.9],[-118.1,28.9],[-118.1,28.9],[-118.1,28.9],[-118.1,28.9],[-118.1,28.9],[-118.1,28.9],[-118.1,28.9],[-118.1,28.9],[-118.1,28.9],[-118.1,28.9],[-118.1,28.9],[-118.1,28.9],[-118.1,28.9],[-118.1,28.9],[-118.1,28.9],[-118.1,28.9],[-118.1,28.9],[-118.1,28.9],[-118.1,28.9],[-118.1,28.9],[-118.1,28.9],[-118.1,28.9],[-118.1,28.9],[-118.1,28.9],[-118.1,28.9],[-118.1,28.9],[-118.1,28.9],[-118.1,28.9],[-118.1,28.9],[-118.1,28.9],[-118.1,28.9],[-118.1,28.9],[-118.1,28.9],[-118.1,28.9],[-118.1,28.9],[-118.1,28.9],[-118.1,28.9],[-118.1,28.9],[-118.1,28.9],[-118.1,28.9],[-118.1,28.9],[-118.1,28.9]]]},"properties":{"storm_name":"RACHEL-26","fuente":"GDACS","alertlevel":"Green","url":"https://www.gdacs.org/report.aspx?eventid=1001329&episodeid=52&eventtype=TC","paises":"Mexico","layer":"storm_track","kind":"wind_radii_forecast","wind_kt":34}},{"type":"Feature","geometry":{"type":"Polygon","coordinates":[[[-116.0,35.2324],[-116.0,33.9],[-116.0,33.9],[-116.0,33.9],[-116.0,33.9],[-116.0,33.9],[-116.0,33.9],[-116.0,33.9],[-116.0,33.9],[-116.0,33.9],[-116.0,33.9],[-116.0,33.9],[-116.0,33.9],[-116.0,33.9],[-116.0,33.9],[-116.0,33.9],[-116.0,33.9],[-116.0,33.9],[-116.0,33.9],[-116.0,33.9],[-116.0,33.9],[-116.0,33.9],[-116.0,33.9],[-116.0,33.9],[-116.0,33.9],[-116.0,33.9],[-116.0,33.9],[-116.0,33.9],[-116.0,33.9],[-116.0,33.9],[-116.0,33.9],[-116.0,33.9],[-116.0,33.9],[-116.0,33.9],[-116.0,33.9],[-116.0,33.9],[-116.0,33.9],[-116.0,33.9],[-116.0,33.9],[-116.0,33.9],[-116.0,33.9],[-116.0,33.9],[-116.0,33.9],[-116.0,33.9],[-116.0,33.9],[-116.0,33.9],[-116.0,33.9],[-116.0,33.9],[-116.0,33.9],[-116.0,33.9],[-116.0,33.9],[-116.0,33.9],[-116.0,33.9],[-116.0,33.9],[-116.0,33.9],[-116.0,33.9],[-116.0,33.9],[-116.0,33.9],[-116.0,33.9],[-116.0,33.9],[-116.0,33.9],[-116.0,33.9],[-116.0,33.9],[-116.0,33.9],[-116.0,33.9],[-116.0,33.9],[-116.0,33.9],[-116.0,33.9],[-116.0,33.9],[-116.0,33.9],[-116.0,33.9],[-116.0,33.9],[-116.0,33.9],[-116.0,33.9],[-116.0,33.9],[-116.0,33.9],[-116.0,33.9],[-116.0,33.9],[-116.0,33.9],[-116.0,33.9],[-116.0,33.9],[-116.0,33.9],[-116.0,33.9],[-116.0,33.9],[-116.0,33.9],[-116.0,33.9],[-116.0,33.9],[-116.0,33.9],[-116.0,33.9],[-116.0,33.9],[-116.0,33.9],[-116.0,33.9],[-116.1003,33.9],[-116.1003,33.8985],[-116.1003,33.8971],[-116.1002,33.8956],[-116.1001,33.8942],[-116.1,33.8927],[-116.0998,33.8913],[-116.0996,33.8899],[-116.0994,33.8884],[-116.0991,33.887],[-116.0988,33.8855],[-116.0985,33.8841],[-116.0981,33.8827],[-116.0978,33.8813],[-116.0974,33.8799],[-116.0969,33.8784],[-116.0964,33.877],[-116.0959,33.8757],[-116.0954,33.8743],[-116.0949,33.8729],[-116.0943,33.8715],[-116.0937,33.8702],[-116.093,33.8688],[-116.0924,33.8675],[-116.0917,33.8661],[-116.0909,33.8648],[-116.0902,33.8635],[-116.0894,33.8622],[-116.0886,33.8609],[-116.0878,33.8596],[-116.0869,33.8584],[-116.086,33.8571],[-116.0851,33.8559],[-116.0841,33.8546],[-116.0832,33.8534],[-116.0822,33.8522],[-116.0812,33.8511],[-116.0801,33.8499],[-116.0791,33.8487],[-116.078,33.8476],[-116.0769,33.8465],[-116.0757,33.8454],[-116.0746,33.8443],[-116.0734,33.8432],[-116.0722,33.8422],[-116.0709,33.8411],[-116.0697,33.8401],[-116.0684,33.8391],[-116.0671,33.8381],[-116.0658,33.8371],[-116.0645,33.8362],[-116.0631,33.8353],[-116.0618,33.8344],[-116.0604,33.8335],[-116.059,33.8326],[-116.0575,33.8318],[-116.0561,33.831],[-116.0546,33.8302],[-116.0532,33.8294],[-116.0517,33.8286],[-116.0502,33.8279],[-116.0486,33.8272],[-116.0471,33.8265],[-116.0455,33.8258],[-116.044,33.8252],[-116.0424,33.8245],[-116.0408,33.8239],[-116.0392,33.8233],[-116.0376,33.8228],[-116.036,33.8223],[-116.0343,33.8217],[-116.0327,33.8213],[-116.031,33.8208],[-116.0293,33.8204],[-116.0277,33.8199],[-116.026,33.8196],[-116.0243,33.8192],[-116.0226,33.8189],[-116.0209,33.8185],[-116.0191,33.8183],[-116.0174,33.818],[-116.0157,33.8177],[-116.014,33.8175],[-116.0122,33.8173],[-116.0105,33.8172],[-116.0087,33.817],[-116.007,33.8169],[-116.0053,33.8168],[-116.0035,33.8168],[-116.0018,33.8167],[-116.0,33.8167],[-116.0,31.4017],[-115.9475,31.4021],[-115.895,31.4032],[-115.8425,31.4051],[-115.79,31.4078],[-115.7377,31.4112],[-115.6854,31.4154],[-115.6332,31.4203],[-115.5811,31.426],[-115.5291,31.4324],[-115.4773,31.4396],[-115.4257,31.4476],[-115.3742,31.4563],[-115.3229,31.4657],[-115.2718,31.4759],[-115.221,31.4868],[-115.1703,31.4985],[-115.12,31.5108],[-115.0699,31.524],[-115.02,31.5378],[-114.9705,31.5524],[-114.9213,31.5676],[-114.8724,31.5836],[-114.8239,31.6003],[-114.7757,31.6177],[-114.7279,31.6358],[-114.6805,31.6545],[-114.6335,31.674],[-114.5869,31.6941],[-114.5407,31.7149],[-114.495,31.7364],[-114.4497,31.7585],[-114.405,31.7813],[-114.3607,31.8047],[-114.3168,31.8288],[-114.2735,31.8535],[-114.2308,31.8788],[-114.1886,31.9048],[-114.1469,31.9313],[-114.1058,31.9584],[-114.0652,31.9862],[-114.0253,32.0145],[-113.9859,32.0434],[-113.9472,32.0728],[-113.9091,32.1029],[-113.8716,32.1334],[-113.8348,32.1645],[-113.7986,32.1962],[-113.7632,32.2283],[-113.7283,32.261],[-113.6942,32.2941],[-113.6608,32.3278],[-113.6281,32.3619],[-113.5961,32.3965],[-113.5649,32.4315],[-113.5344,32.467],[-113.5046,32.503],[-113.4756,32.5393],[-113.4474,32.5761],[-113.4199,32.6133],[-113.3933,32.6508],[-113.3674,32.6888],[-113.3424,32.7271],[-113.3181,32.7658],[-113.2947,32.8048],[-113.272,32.8442],[-113.2503,32.8838],[-113.2293,32.9238],[-113.2092,32.9641],[-113.1899,33.0047],[-113.1715,33.0455],[-113.154,33.0866],[-113.1373,33.128],[-113.1215,33.1696],[-113.1066,33.2114],[-113.0926,33.2534],[-113.0794,33.2956],[-113.0672,33.338],[-113.0558,33.3806],[-113.0453,33.4233],[-113.0358,33.4662],[-113.0271,33.5092],[-113.0193,33.5523],[-113.0125,33.5955],[-113.0065,33.6389],[-113.0015,33.6823],[-112.9974,33.7257],[-112.9942,33.7692],[-112.9919,33.8128],[-112.9905,33.8564],[-112.99,33.9],[-114.3947,33.9],[-114.3949,33.9233],[-114.3957,33.9465],[-114.3969,33.9697],[-114.3986,33.9929],[-114.4008,34.0161],[-114.4035,34.0393],[-114.4066,34.0624],[-114.4103,34.0854],[-114.4144,34.1084],[-114.4191,34.1314],[-114.4242,34.1542],[-114.4298,34.177],[-114.4358,34.1997],[-114.4424,34.2223],[-114.4494,34.2449],[-114.4569,34.2673],[-114.4648,34.2896],[-114.4733,34.3117],[-114.4821,34.3338],[-114.4915,34.3557],[-114.5013,34.3775],[-114.5116,34.3991],[-114.5223,34.4206],[-114.5335,34.442],[-114.5451,34.4631],[-114.5571,34.4841],[-114.5696,34.5049],[-114.5826,34.5255],[-114.596,34.546],[-114.6098,34.5662],[-114.624,34.5863],[-114.6386,34.6061],[-114.6537,34.6257],[-114.6691,34.6451],[-114.685,34.6643],[-114.7013,34.6832],[-114.7179,34.7019],[-114.735,34.7203],[-114.7524,34.7385],[-114.7703,34.7565],[-114.7884,34.7742],[-114.807,34.7916],[-114.8259,34.8087],[-114.8452,34.8256],[-114.8649,34.8422],[-114.8849,34.8585],[-114.9052,34.8745],[-114.9258,34.8902],[-114.9468,34.9056],[-114.9681,34.9207],[-114.9897,34.9355],[-115.0117,34.95],[-115.0339,34.9641],[-115.0564,34.978],[-115.0792,34.9915],[-115.1023,35.0046],[-115.1257,35.0175],[-115.1493,35.03],[-115.1732,35.0421],[-115.1973,35.0539],[-115.2217,35.0654],[-115.2463,35.0765],[-115.2712,35.0872],[-115.2963,35.0976],[-115.3216,35.1076],[-115.3471,35.1172],[-115.3728,35.1265],[-115.3986,35.1354],[-115.4247,35.1439],[-115.4509,35.1521],[-115.4774,35.1598],[-115.5039,35.1672],[-115.5306,35.1742],[-115.5575,35.1808],[-115.5845,35.187],[-115.6116,35.1929],[-115.6389,35.1983],[-115.6662,35.2033],[-115.6937,35.208],[-115.7212,35.2122],[-115.7489,35.216],[-115.7766,35.2195],[-115.8044,35.2225],[-115.8322,35.2251],[-115.8601,35.2274],[-115.888,35.2292],[-115.916,35.2306],[-115.944,35.2316],[-115.972,35.2322],[-116.0,35.2324]]]},"properties":{"storm_name":"RACHEL-26","fuente":"GDACS","alertlevel":"Green","url":"https://www.gdacs.org/report.aspx?eventid=1001329&episodeid=52&eventtype=TC","paises":"Mexico","layer":"storm_track","kind":"wind_radii_forecast","wind_kt":34}},{"type":"Feature","geometry":{"type":"Polygon","coordinates":[[[-116.0,33.9],[-116.0,33.9],[-116.0,33.9],[-116.0,33.9],[-116.0,33.9],[-116.0,33.9],[-116.0,33.9],[-116.0,33.9],[-116.0,33.9],[-116.0,33.9],[-116.0,33.9],[-116.0,33.9],[-116.0,33.9],[-116.0,33.9],[-116.0,33.9],[-116.0,33.9],[-116.0,33.9],[-116.0,33.9],[-116.0,33.9],[-116.0,33.9],[-116.0,33.9],[-116.0,33.9],[-116.0,33.9],[-116.0,33.9],[-116.0,33.9],[-116.0,33.9],[-116.0,33.9],[-116.0,33.9],[-116.0,33.9],[-116.0,33.9],[-116.0,33.9],[-116.0,33.9],[-116.0,33.9],[-116.0,33.9],[-116.0,33.9],[-116.0,33.9],[-116.0,33.9],[-116.0,33.9],[-116.0,33.9],[-116.0,33.9],[-116.0,33.9],[-116.0,33.9],[-116.0,33.9],[-116.0,33.9],[-116.0,33.9],[-116.0,33.9],[-116.0,33.9],[-116.0,33.9],[-116.0,33.9],[-116.0,33.9],[-116.0,33.9],[-116.0,33.9],[-116.0,33.9],[-116.0,33.9],[-116.0,33.9],[-116.0,33.9],[-116.0,33.9],[-116.0,33.9],[-116.0,33.9],[-116.0,33.9],[-116.0,33.9],[-116.0,33.9],[-116.0,33.9],[-116.0,33.9],[-116.0,33.9],[-116.0,33.9],[-116.0,33.9],[-116.0,33.9],[-116.0,33.9],[-116.0,33.9],[-116.0,33.9],[-116.0,33.9],[-116.0,33.9],[-116.0,33.9],[-116.0,33.9],[-116.0,33.9],[-116.0,33.9],[-116.0,33.9],[-116.0,33.9],[-116.0,33.9],[-116.0,33.9],[-116.0,33.9],[-116.0,33.9],[-116.0,33.9],[-116.0,33.9],[-116.0,33.9],[-116.0,33.9],[-116.0,33.9],[-116.0,33.9],[-116.0,33.9],[-116.0,33.9],[-116.0,33.9],[-116.0,33.9],[-116.0,33.9],[-116.0,33.9],[-116.0,33.9],[-116.0,33.9],[-116.0,33.9],[-116.0,33.9],[-116.0,33.9],[-116.0,33.9],[-116.0,33.9],[-116.0,33.9],[-116.0,33.9],[-116.0,33.9],[-116.0,33.9],[-116.0,33.9],[-116.0,33.9],[-116.0,33.9],[-116.0,33.9],[-116.0,33.9],[-116.0,33.9],[-116.0,33.9],[-116.0,33.9],[-116.0,33.9],[-116.0,33.9],[-116.0,33.9],[-116.0,33.9],[-116.0,33.9],[-116.0,33.9],[-116.0,33.9],[-116.0,33.9],[-116.0,33.9],[-116.0,33.9],[-116.0,33.9],[-116.0,33.9],[-116.0,33.9],[-116.0,33.9],[-116.0,33.9],[-116.0,33.9],[-116.0,33.9],[-116.0,33.9],[-116.0,33.9],[-116.0,33.9],[-116.0,33.9],[-116.0,33.9],[-116.0,33.9],[-116.0,33.9],[-116.0,33.9],[-116.0,33.9],[-116.0,33.9],[-116.0,33.9],[-116.0,33.9],[-116.0,33.9],[-116.0,33.9],[-116.0,33.9],[-116.0,33.9],[-116.0,33.9],[-116.0,33.9],[-116.0,33.9],[-116.0,33.9],[-116.0,33.9],[-116.0,33.9],[-116.0,33.9],[-116.0,33.9],[-116.0,33.9],[-116.0,33.9],[-116.0,33.9],[-116.0,33.9],[-116.0,33.9],[-116.0,33.9],[-116.0,33.9],[-116.0,33.9],[-116.0,33.9],[-116.0,33.9],[-116.0,33.9],[-116.0,33.9],[-116.0,33.9],[-116.0,33.9],[-116.0,33.9],[-116.0,33.9],[-116.0,33.9],[-116.0,33.9],[-116.0,33.9],[-116.0,33.9],[-116.0,33.9],[-116.0,33.9],[-116.0,33.9],[-116.0,33.9],[-116.0,33.9],[-116.0,33.9],[-116.0,33.9],[-116.0,33.9],[-116.0,33.9],[-116.0,33.9],[-116.0,33.9],[-116.0,33.9],[-116.0,33.9],[-116.0,33.9],[-116.0,33.9],[-116.0,33.9],[-116.0,33.9],[-116.0,33.9],[-116.0,33.9],[-116.0,33.9],[-116.0,33.9],[-116.0,33.9],[-116.0,33.9],[-116.0,33.9],[-116.0,33.9],[-116.0,33.9],[-116.0,33.9],[-116.0,33.9],[-116.0,33.9],[-116.0,33.9],[-116.0,33.9],[-116.0,33.9],[-116.0,33.9],[-116.0,33.9],[-116.0,33.9],[-116.0,33.9],[-116.0,33.9],[-116.0,33.9],[-116.0,33.9],[-116.0,33.9],[-116.0,33.9],[-116.0,33.9],[-116.0,33.9],[-116.0,33.9],[-116.0,33.9],[-116.0,33.9],[-116.0,33.9],[-116.0,33.9],[-116.0,33.9],[-116.0,33.9],[-116.0,33.9],[-116.0,33.9],[-116.0,33.9],[-116.0,33.9],[-116.0,33.9],[-116.0,33.9],[-116.0,33.9],[-116.0,33.9],[-116.0,33.9],[-116.0,33.9],[-116.0,33.9],[-116.0,33.9],[-116.0,33.9],[-116.0,33.9],[-116.0,33.9],[-116.0,33.9],[-116.0,33.9],[-116.0,33.9],[-116.0,33.9],[-116.0,33.9],[-116.0,33.9],[-116.0,33.9],[-116.0,33.9],[-116.0,33.9],[-116.0,33.9],[-116.0,33.9],[-116.0,33.9],[-116.0,33.9],[-116.0,33.9],[-116.0,33.9],[-116.0,33.9],[-116.0,33.9],[-116.0,33.9],[-116.0,33.9],[-116.0,33.9],[-116.0,33.9],[-116.0,33.9],[-116.0,33.9],[-116.0,33.9],[-116.0,33.9],[-116.0,33.9],[-116.0,33.9],[-116.0,33.9],[-116.0,33.9],[-116.0,33.9],[-116.0,33.9],[-116.0,33.9],[-116.0,33.9],[-116.0,33.9],[-116.0,33.9],[-116.0,33.9],[-116.0,33.9],[-116.0,33.9],[-116.0,33.9],[-116.0,33.9],[-116.0,33.9],[-116.0,33.9],[-116.0,33.9],[-116.0,33.9],[-116.0,33.9],[-116.0,33.9],[-116.0,33.9],[-116.0,33.9],[-116.0,33.9],[-116.0,33.9],[-116.0,33.9],[-116.0,33.9],[-116.0,33.9],[-116.0,33.9],[-116.0,33.9],[-116.0,33.9],[-116.0,33.9],[-116.0,33.9],[-116.0,33.9],[-116.0,33.9],[-116.0,33.9],[-116.0,33.9],[-116.0,33.9],[-116.0,33.9],[-116.0,33.9],[-116.0,33.9],[-116.0,33.9],[-116.0,33.9],[-116.0,33.9],[-116.0,33.9],[-116.0,33.9],[-116.0,33.9],[-116.0,33.9],[-116.0,33.9],[-116.0,33.9],[-116.0,33.9],[-116.0,33.9],[-116.0,33.9],[-116.0,33.9],[-116.0,33.9],[-116.0,33.9],[-116.0,33.9],[-116.0,33.9],[-116.0,33.9],[-116.0,33.9],[-116.0,33.9],[-116.0,33.9],[-116.0,33.9],[-116.0,33.9],[-116.0,33.9],[-116.0,33.9],[-116.0,33.9],[-116.0,33.9],[-116.0,33.9],[-116.0,33.9],[-116.0,33.9],[-116.0,33.9],[-116.0,33.9],[-116.0,33.9],[-116.0,33.9],[-116.0,33.9],[-116.0,33.9],[-116.0,33.9],[-116.0,33.9],[-116.0,33.9],[-116.0,33.9],[-116.0,33.9],[-116.0,33.9],[-116.0,33.9],[-116.0,33.9],[-116.0,33.9],[-116.0,33.9],[-116.0,33.9],[-116.0,33.9],[-116.0,33.9],[-116.0,33.9],[-116.0,33.9],[-116.0,33.9],[-116.0,33.9],[-116.0,33.9],[-116.0,33.9],[-116.0,33.9],[-116.0,33.9],[-116.0,33.9],[-116.0,33.9]]]},"properties":{"storm_name":"RACHEL-26","fuente":"GDACS","alertlevel":"Green","url":"https://www.gdacs.org/report.aspx?eventid=1001329&episodeid=52&eventtype=TC","paises":"Mexico","layer":"storm_track","kind":"wind_radii_forecast","wind_kt":34}},{"type":"Feature","geometry":{"type":"Polygon","coordinates":[[[-116.0,33.9],[-116.0,33.9],[-116.0,33.9],[-116.0,33.9],[-116.0,33.9],[-116.0,33.9],[-116.0,33.9],[-116.0,33.9],[-116.0,33.9],[-116.0,33.9],[-116.0,33.9],[-116.0,33.9],[-116.0,33.9],[-116.0,33.9],[-116.0,33.9],[-116.0,33.9],[-116.0,33.9],[-116.0,33.9],[-116.0,33.9],[-116.0,33.9],[-116.0,33.9],[-116.0,33.9],[-116.0,33.9],[-116.0,33.9],[-116.0,33.9],[-116.0,33.9],[-116.0,33.9],[-116.0,33.9],[-116.0,33.9],[-116.0,33.9],[-116.0,33.9],[-116.0,33.9],[-116.0,33.9],[-116.0,33.9],[-116.0,33.9],[-116.0,33.9],[-116.0,33.9],[-116.0,33.9],[-116.0,33.9],[-116.0,33.9],[-116.0,33.9],[-116.0,33.9],[-116.0,33.9],[-116.0,33.9],[-116.0,33.9],[-116.0,33.9],[-116.0,33.9],[-116.0,33.9],[-116.0,33.9],[-116.0,33.9],[-116.0,33.9],[-116.0,33.9],[-116.0,33.9],[-116.0,33.9],[-116.0,33.9],[-116.0,33.9],[-116.0,33.9],[-116.0,33.9],[-116.0,33.9],[-116.0,33.9],[-116.0,33.9],[-116.0,33.9],[-116.0,33.9],[-116.0,33.9],[-116.0,33.9],[-116.0,33.9],[-116.0,33.9],[-116.0,33.9],[-116.0,33.9],[-116.0,33.9],[-116.0,33.9],[-116.0,33.9],[-116.0,33.9],[-116.0,33.9],[-116.0,33.9],[-116.0,33.9],[-116.0,33.9],[-116.0,33.9],[-116.0,33.9],[-116.0,33.9],[-116.0,33.9],[-116.0,33.9],[-116.0,33.9],[-116.0,33.9],[-116.0,33.9],[-116.0,33.9],[-116.0,33.9],[-116.0,33.9],[-116.0,33.9],[-116.0,33.9],[-116.0,33.9],[-116.0,33.9],[-116.0,33.9],[-116.0,33.9],[-116.0,33.9],[-116.0,33.9],[-116.0,33.9],[-116.0,33.9],[-116.0,33.9],[-116.0,33.9],[-116.0,33.9],[-116.0,33.9],[-116.0,33.9],[-116.0,33.9],[-116.0,33.9],[-116.0,33.9],[-116.0,33.9],[-116.0,33.9],[-116.0,33.9],[-116.0,33.9],[-116.0,33.9],[-116.0,33.9],[-116.0,33.9],[-116.0,33.9],[-116.0,33.9],[-116.0,33.9],[-116.0,33.9],[-116.0,33.9],[-116.0,33.9],[-116.0,33.9],[-116.0,33.9],[-116.0,33.9],[-116.0,33.9],[-116.0,33.9],[-116.0,33.9],[-116.0,33.9],[-116.0,33.9],[-116.0,33.9],[-116.0,33.9],[-116.0,33.9],[-116.0,33.9],[-116.0,33.9],[-116.0,33.9],[-116.0,33.9],[-116.0,33.9],[-116.0,33.9],[-116.0,33.9],[-116.0,33.9],[-116.0,33.9],[-116.0,33.9],[-116.0,33.9],[-116.0,33.9],[-116.0,33.9],[-116.0,33.9],[-116.0,33.9],[-116.0,33.9],[-116.0,33.9],[-116.0,33.9],[-116.0,33.9],[-116.0,33.9],[-116.0,33.9],[-116.0,33.9],[-116.0,33.9],[-116.0,33.9],[-116.0,33.9],[-116.0,33.9],[-116.0,33.9],[-116.0,33.9],[-116.0,33.9],[-116.0,33.9],[-116.0,33.9],[-116.0,33.9],[-116.0,33.9],[-116.0,33.9],[-116.0,33.9],[-116.0,33.9],[-116.0,33.9],[-116.0,33.9],[-116.0,33.9],[-116.0,33.9],[-116.0,33.9],[-116.0,33.9],[-116.0,33.9],[-116.0,33.9],[-116.0,33.9],[-116.0,33.9],[-116.0,33.9],[-116.0,33.9],[-116.0,33.9],[-116.0,33.9],[-116.0,33.9],[-116.0,33.9],[-116.0,33.9],[-116.0,33.9],[-116.0,33.9],[-116.0,33.9],[-116.0,33.9],[-116.0,33.9],[-116.0,33.9],[-116.0,33.9],[-116.0,33.9],[-116.0,33.9],[-116.0,33.9],[-116.0,33.9],[-116.0,33.9],[-116.0,33.9],[-116.0,33.9],[-116.0,33.9],[-116.0,33.9],[-116.0,33.9],[-116.0,33.9],[-116.0,33.9],[-116.0,33.9],[-116.0,33.9],[-116.0,33.9],[-116.0,33.9],[-116.0,33.9],[-116.0,33.9],[-116.0,33.9],[-116.0,33.9],[-116.0,33.9],[-116.0,33.9],[-116.0,33.9],[-116.0,33.9],[-116.0,33.9],[-116.0,33.9],[-116.0,33.9],[-116.0,33.9],[-116.0,33.9],[-116.0,33.9],[-116.0,33.9],[-116.0,33.9],[-116.0,33.9],[-116.0,33.9],[-116.0,33.9],[-116.0,33.9],[-116.0,33.9],[-116.0,33.9],[-116.0,33.9],[-116.0,33.9],[-116.0,33.9],[-116.0,33.9],[-116.0,33.9],[-116.0,33.9],[-116.0,33.9],[-116.0,33.9],[-116.0,33.9],[-116.0,33.9],[-116.0,33.9],[-116.0,33.9],[-116.0,33.9],[-116.0,33.9],[-116.0,33.9],[-116.0,33.9],[-116.0,33.9],[-116.0,33.9],[-116.0,33.9],[-116.0,33.9],[-116.0,33.9],[-116.0,33.9],[-116.0,33.9],[-116.0,33.9],[-116.0,33.9],[-116.0,33.9],[-116.0,33.9],[-116.0,33.9],[-116.0,33.9],[-116.0,33.9],[-116.0,33.9],[-116.0,33.9],[-116.0,33.9],[-116.0,33.9],[-116.0,33.9],[-116.0,33.9],[-116.0,33.9],[-116.0,33.9],[-116.0,33.9],[-116.0,33.9],[-116.0,33.9],[-116.0,33.9],[-116.0,33.9],[-116.0,33.9],[-116.0,33.9],[-116.0,33.9],[-116.0,33.9],[-116.0,33.9],[-116.0,33.9],[-116.0,33.9],[-116.0,33.9],[-116.0,33.9],[-116.0,33.9],[-116.0,33.9],[-116.0,33.9],[-116.0,33.9],[-116.0,33.9],[-116.0,33.9],[-116.0,33.9],[-116.0,33.9],[-116.0,33.9],[-116.0,33.9],[-116.0,33.9],[-116.0,33.9],[-116.0,33.9],[-116.0,33.9],[-116.0,33.9],[-116.0,33.9],[-116.0,33.9],[-116.0,33.9],[-116.0,33.9],[-116.0,33.9],[-116.0,33.9],[-116.0,33.9],[-116.0,33.9],[-116.0,33.9],[-116.0,33.9],[-116.0,33.9],[-116.0,33.9],[-116.0,33.9],[-116.0,33.9],[-116.0,33.9],[-116.0,33.9],[-116.0,33.9],[-116.0,33.9],[-116.0,33.9],[-116.0,33.9],[-116.0,33.9],[-116.0,33.9],[-116.0,33.9],[-116.0,33.9],[-116.0,33.9],[-116.0,33.9],[-116.0,33.9],[-116.0,33.9],[-116.0,33.9],[-116.0,33.9],[-116.0,33.9],[-116.0,33.9],[-116.0,33.9],[-116.0,33.9],[-116.0,33.9],[-116.0,33.9],[-116.0,33.9],[-116.0,33.9],[-116.0,33.9],[-116.0,33.9],[-116.0,33.9],[-116.0,33.9],[-116.0,33.9],[-116.0,33.9],[-116.0,33.9],[-116.0,33.9],[-116.0,33.9],[-116.0,33.9],[-116.0,33.9],[-116.0,33.9],[-116.0,33.9],[-116.0,33.9],[-116.0,33.9],[-116.0,33.9],[-116.0,33.9],[-116.0,33.9],[-116.0,33.9],[-116.0,33.9],[-116.0,33.9],[-116.0,33.9],[-116.0,33.9],[-116.0,33.9],[-116.0,33.9],[-116.0,33.9],[-116.0,33.9],[-116.0,33.9],[-116.0,33.9],[-116.0,33.9],[-116.0,33.9],[-116.0,33.9]]]},"properties":{"storm_name":"RACHEL-26","fuente":"GDACS","alertlevel":"Green","url":"https://www.gdacs.org/report.aspx?eventid=1001329&episodeid=52&eventtype=TC","paises":"Mexico","layer":"storm_track","kind":"wind_radii_forecast","wind_kt":34}},{"type":"Feature","geometry":{"type":"LineString","coordinates":[[-106.6,17.0],[-107.2,17.6]]},"properties":{"storm_name":"RACHEL-26","fuente":"GDACS","alertlevel":"Green","url":"https://www.gdacs.org/report.aspx?eventid=1001329&episodeid=52&eventtype=TC","paises":"Mexico","layer":"storm_track","kind":"forecast"}},{"type":"Feature","geometry":{"type":"LineString","coordinates":[[-107.2,17.6],[-108.0,18.1]]},"properties":{"storm_name":"RACHEL-26","fuente":"GDACS","alertlevel":"Green","url":"https://www.gdacs.org/report.aspx?eventid=1001329&episodeid=52&eventtype=TC","paises":"Mexico","layer":"storm_track","kind":"forecast"}},{"type":"Feature","geometry":{"type":"LineString","coordinates":[[-108.0,18.1],[-108.0,18.8]]},"properties":{"storm_name":"RACHEL-26","fuente":"GDACS","alertlevel":"Green","url":"https://www.gdacs.org/report.aspx?eventid=1001329&episodeid=52&eventtype=TC","paises":"Mexico","layer":"storm_track","kind":"forecast"}},{"type":"Feature","geometry":{"type":"LineString","coordinates":[[-108.0,18.8],[-108.5,19.2]]},"properties":{"storm_name":"RACHEL-26","fuente":"GDACS","alertlevel":"Green","url":"https://www.gdacs.org/report.aspx?eventid=1001329&episodeid=52&eventtype=TC","paises":"Mexico","layer":"storm_track","kind":"forecast"}},{"type":"Feature","geometry":{"type":"LineString","coordinates":[[-108.5,19.2],[-109.3,19.4]]},"properties":{"storm_name":"RACHEL-26","fuente":"GDACS","alertlevel":"Green","url":"https://www.gdacs.org/report.aspx?eventid=1001329&episodeid=52&eventtype=TC","paises":"Mexico","layer":"storm_track","kind":"forecast"}},{"type":"Feature","geometry":{"type":"LineString","coordinates":[[-109.3,19.4],[-109.6,19.6]]},"properties":{"storm_name":"RACHEL-26","fuente":"GDACS","alertlevel":"Green","url":"https://www.gdacs.org/report.aspx?eventid=1001329&episodeid=52&eventtype=TC","paises":"Mexico","layer":"storm_track","kind":"forecast"}},{"type":"Feature","geometry":{"type":"LineString","coordinates":[[-109.5,19.4],[-109.9,19.5]]},"properties":{"storm_name":"RACHEL-26","fuente":"GDACS","alertlevel":"Green","url":"https://www.gdacs.org/report.aspx?eventid=1001329&episodeid=52&eventtype=TC","paises":"Mexico","layer":"storm_track","kind":"forecast"}},{"type":"Feature","geometry":{"type":"LineString","coordinates":[[-109.6,19.6],[-109.5,19.4]]},"properties":{"storm_name":"RACHEL-26","fuente":"GDACS","alertlevel":"Green","url":"https://www.gdacs.org/report.aspx?eventid=1001329&episodeid=52&eventtype=TC","paises":"Mexico","layer":"storm_track","kind":"forecast"}},{"type":"Feature","geometry":{"type":"LineString","coordinates":[[-109.9,19.5],[-110.4,19.4]]},"properties":{"storm_name":"RACHEL-26","fuente":"GDACS","alertlevel":"Green","url":"https://www.gdacs.org/report.aspx?eventid=1001329&episodeid=52&eventtype=TC","paises":"Mexico","layer":"storm_track","kind":"forecast"}},{"type":"Feature","geometry":{"type":"LineString","coordinates":[[-110.4,19.4],[-110.8,19.3]]},"properties":{"storm_name":"RACHEL-26","fuente":"GDACS","alertlevel":"Green","url":"https://www.gdacs.org/report.aspx?eventid=1001329&episodeid=52&eventtype=TC","paises":"Mexico","layer":"storm_track","kind":"forecast"}},{"type":"Feature","geometry":{"type":"LineString","coordinates":[[-110.8,19.3],[-111.1,19.3]]},"properties":{"storm_name":"RACHEL-26","fuente":"GDACS","alertlevel":"Green","url":"https://www.gdacs.org/report.aspx?eventid=1001329&episodeid=52&eventtype=TC","paises":"Mexico","layer":"storm_track","kind":"forecast"}},{"type":"Feature","geometry":{"type":"LineString","coordinates":[[-111.1,19.3],[-111.5,19.4]]},"properties":{"storm_name":"RACHEL-26","fuente":"GDACS","alertlevel":"Green","url":"https://www.gdacs.org/report.aspx?eventid=1001329&episodeid=52&eventtype=TC","paises":"Mexico","layer":"storm_track","kind":"forecast"}},{"type":"Feature","geometry":{"type":"LineString","coordinates":[[-111.5,19.4],[-111.8,19.4]]},"properties":{"storm_name":"RACHEL-26","fuente":"GDACS","alertlevel":"Green","url":"https://www.gdacs.org/report.aspx?eventid=1001329&episodeid=52&eventtype=TC","paises":"Mexico","layer":"storm_track","kind":"forecast"}},{"type":"Feature","geometry":{"type":"LineString","coordinates":[[-111.8,19.4],[-112.1,19.6]]},"properties":{"storm_name":"RACHEL-26","fuente":"GDACS","alertlevel":"Green","url":"https://www.gdacs.org/report.aspx?eventid=1001329&episodeid=52&eventtype=TC","paises":"Mexico","layer":"storm_track","kind":"forecast"}},{"type":"Feature","geometry":{"type":"LineString","coordinates":[[-112.1,19.6],[-112.5,19.8]]},"properties":{"storm_name":"RACHEL-26","fuente":"GDACS","alertlevel":"Green","url":"https://www.gdacs.org/report.aspx?eventid=1001329&episodeid=52&eventtype=TC","paises":"Mexico","layer":"storm_track","kind":"forecast"}},{"type":"Feature","geometry":{"type":"LineString","coordinates":[[-112.5,19.8],[-112.8,20.0]]},"properties":{"storm_name":"RACHEL-26","fuente":"GDACS","alertlevel":"Green","url":"https://www.gdacs.org/report.aspx?eventid=1001329&episodeid=52&eventtype=TC","paises":"Mexico","layer":"storm_track","kind":"forecast"}},{"type":"Feature","geometry":{"type":"LineString","coordinates":[[-112.8,20.0],[-113.2,20.2]]},"properties":{"storm_name":"RACHEL-26","fuente":"GDACS","alertlevel":"Green","url":"https://www.gdacs.org/report.aspx?eventid=1001329&episodeid=52&eventtype=TC","paises":"Mexico","layer":"storm_track","kind":"forecast"}},{"type":"Feature","geometry":{"type":"LineString","coordinates":[[-113.2,20.2],[-113.8,20.2]]},"properties":{"storm_name":"RACHEL-26","fuente":"GDACS","alertlevel":"Green","url":"https://www.gdacs.org/report.aspx?eventid=1001329&episodeid=52&eventtype=TC","paises":"Mexico","layer":"storm_track","kind":"forecast"}},{"type":"Feature","geometry":{"type":"LineString","coordinates":[[-113.8,20.2],[-114.3,20.1]]},"properties":{"storm_name":"RACHEL-26","fuente":"GDACS","alertlevel":"Green","url":"https://www.gdacs.org/report.aspx?eventid=1001329&episodeid=52&eventtype=TC","paises":"Mexico","layer":"storm_track","kind":"forecast"}},{"type":"Feature","geometry":{"type":"LineString","coordinates":[[-114.3,20.1],[-114.8,20.2]]},"properties":{"storm_name":"RACHEL-26","fuente":"GDACS","alertlevel":"Green","url":"https://www.gdacs.org/report.aspx?eventid=1001329&episodeid=52&eventtype=TC","paises":"Mexico","layer":"storm_track","kind":"forecast"}},{"type":"Feature","geometry":{"type":"LineString","coordinates":[[-114.8,20.2],[-115.6,20.4]]},"properties":{"storm_name":"RACHEL-26","fuente":"GDACS","alertlevel":"Green","url":"https://www.gdacs.org/report.aspx?eventid=1001329&episodeid=52&eventtype=TC","paises":"Mexico","layer":"storm_track","kind":"forecast"}},{"type":"Feature","geometry":{"type":"LineString","coordinates":[[-115.6,20.4],[-116.2,20.4]]},"properties":{"storm_name":"RACHEL-26","fuente":"GDACS","alertlevel":"Green","url":"https://www.gdacs.org/report.aspx?eventid=1001329&episodeid=52&eventtype=TC","paises":"Mexico","layer":"storm_track","kind":"forecast"}},{"type":"Feature","geometry":{"type":"LineString","coordinates":[[-116.2,20.4],[-117.1,20.3]]},"properties":{"storm_name":"RACHEL-26","fuente":"GDACS","alertlevel":"Green","url":"https://www.gdacs.org/report.aspx?eventid=1001329&episodeid=52&eventtype=TC","paises":"Mexico","layer":"storm_track","kind":"forecast"}},{"type":"Feature","geometry":{"type":"LineString","coordinates":[[-117.1,20.3],[-117.9,20.4]]},"properties":{"storm_name":"RACHEL-26","fuente":"GDACS","alertlevel":"Green","url":"https://www.gdacs.org/report.aspx?eventid=1001329&episodeid=52&eventtype=TC","paises":"Mexico","layer":"storm_track","kind":"forecast"}},{"type":"Feature","geometry":{"type":"LineString","coordinates":[[-117.9,20.4],[-118.6,20.3]]},"properties":{"storm_name":"RACHEL-26","fuente":"GDACS","alertlevel":"Green","url":"https://www.gdacs.org/report.aspx?eventid=1001329&episodeid=52&eventtype=TC","paises":"Mexico","layer":"storm_track","kind":"forecast"}},{"type":"Feature","geometry":{"type":"LineString","coordinates":[[-118.6,20.3],[-119.5,20.5]]},"properties":{"storm_name":"RACHEL-26","fuente":"GDACS","alertlevel":"Green","url":"https://www.gdacs.org/report.aspx?eventid=1001329&episodeid=52&eventtype=TC","paises":"Mexico","layer":"storm_track","kind":"forecast"}},{"type":"Feature","geometry":{"type":"LineString","coordinates":[[-119.5,20.5],[-120.1,20.5]]},"properties":{"storm_name":"RACHEL-26","fuente":"GDACS","alertlevel":"Green","url":"https://www.gdacs.org/report.aspx?eventid=1001329&episodeid=52&eventtype=TC","paises":"Mexico","layer":"storm_track","kind":"forecast"}},{"type":"Feature","geometry":{"type":"LineString","coordinates":[[-120.1,20.5],[-120.4,20.4]]},"properties":{"storm_name":"RACHEL-26","fuente":"GDACS","alertlevel":"Green","url":"https://www.gdacs.org/report.aspx?eventid=1001329&episodeid=52&eventtype=TC","paises":"Mexico","layer":"storm_track","kind":"forecast"}},{"type":"Feature","geometry":{"type":"LineString","coordinates":[[-120.4,20.4],[-121.2,20.6]]},"properties":{"storm_name":"RACHEL-26","fuente":"GDACS","alertlevel":"Green","url":"https://www.gdacs.org/report.aspx?eventid=1001329&episodeid=52&eventtype=TC","paises":"Mexico","layer":"storm_track","kind":"forecast"}},{"type":"Feature","geometry":{"type":"LineString","coordinates":[[-121.2,20.6],[-121.8,20.9]]},"properties":{"storm_name":"RACHEL-26","fuente":"GDACS","alertlevel":"Green","url":"https://www.gdacs.org/report.aspx?eventid=1001329&episodeid=52&eventtype=TC","paises":"Mexico","layer":"storm_track","kind":"forecast"}},{"type":"Feature","geometry":{"type":"LineString","coordinates":[[-121.8,20.9],[-122.3,21.2]]},"properties":{"storm_name":"RACHEL-26","fuente":"GDACS","alertlevel":"Green","url":"https://www.gdacs.org/report.aspx?eventid=1001329&episodeid=52&eventtype=TC","paises":"Mexico","layer":"storm_track","kind":"forecast"}},{"type":"Feature","geometry":{"type":"LineString","coordinates":[[-122.3,21.2],[-122.9,21.4]]},"properties":{"storm_name":"RACHEL-26","fuente":"GDACS","alertlevel":"Green","url":"https://www.gdacs.org/report.aspx?eventid=1001329&episodeid=52&eventtype=TC","paises":"Mexico","layer":"storm_track","kind":"forecast"}},{"type":"Feature","geometry":{"type":"LineString","coordinates":[[-99.1,12.2],[-98.6,12.7]]},"properties":{"storm_name":"RACHEL-26","fuente":"GDACS","alertlevel":"Green","url":"https://www.gdacs.org/report.aspx?eventid=1001329&episodeid=52&eventtype=TC","paises":"Mexico","layer":"storm_track","kind":"forecast"}},{"type":"Feature","geometry":{"type":"LineString","coordinates":[[-100.4,13.4],[-101.2,13.8]]},"properties":{"storm_name":"RACHEL-26","fuente":"GDACS","alertlevel":"Green","url":"https://www.gdacs.org/report.aspx?eventid=1001329&episodeid=52&eventtype=TC","paises":"Mexico","layer":"storm_track","kind":"forecast"}},{"type":"Feature","geometry":{"type":"LineString","coordinates":[[-101.2,13.8],[-102.1,14.2]]},"properties":{"storm_name":"RACHEL-26","fuente":"GDACS","alertlevel":"Green","url":"https://www.gdacs.org/report.aspx?eventid=1001329&episodeid=52&eventtype=TC","paises":"Mexico","layer":"storm_track","kind":"forecast"}},{"type":"Feature","geometry":{"type":"LineString","coordinates":[[-102.1,14.2],[-102.9,14.5]]},"properties":{"storm_name":"RACHEL-26","fuente":"GDACS","alertlevel":"Green","url":"https://www.gdacs.org/report.aspx?eventid=1001329&episodeid=52&eventtype=TC","paises":"Mexico","layer":"storm_track","kind":"forecast"}},{"type":"Feature","geometry":{"type":"LineString","coordinates":[[-102.9,14.5],[-104.3,14.7]]},"properties":{"storm_name":"RACHEL-26","fuente":"GDACS","alertlevel":"Green","url":"https://www.gdacs.org/report.aspx?eventid=1001329&episodeid=52&eventtype=TC","paises":"Mexico","layer":"storm_track","kind":"forecast"}},{"type":"Feature","geometry":{"type":"LineString","coordinates":[[-104.3,14.7],[-105.0,15.3]]},"properties":{"storm_name":"RACHEL-26","fuente":"GDACS","alertlevel":"Green","url":"https://www.gdacs.org/report.aspx?eventid=1001329&episodeid=52&eventtype=TC","paises":"Mexico","layer":"storm_track","kind":"forecast"}},{"type":"Feature","geometry":{"type":"LineString","coordinates":[[-105.0,15.3],[-105.7,16.0]]},"properties":{"storm_name":"RACHEL-26","fuente":"GDACS","alertlevel":"Green","url":"https://www.gdacs.org/report.aspx?eventid=1001329&episodeid=52&eventtype=TC","paises":"Mexico","layer":"storm_track","kind":"forecast"}},{"type":"Feature","geometry":{"type":"LineString","coordinates":[[-105.7,16.0],[-106.6,17.0]]},"properties":{"storm_name":"RACHEL-26","fuente":"GDACS","alertlevel":"Green","url":"https://www.gdacs.org/report.aspx?eventid=1001329&episodeid=52&eventtype=TC","paises":"Mexico","layer":"storm_track","kind":"forecast"}},{"type":"Feature","geometry":{"type":"LineString","coordinates":[[-118.1,28.9],[-116.0,33.9]]},"properties":{"storm_name":"RACHEL-26","fuente":"GDACS","alertlevel":"Green","url":"https://www.gdacs.org/report.aspx?eventid=1001329&episodeid=52&eventtype=TC","paises":"Mexico","layer":"storm_track","kind":"forecast"}},{"type":"Feature","geometry":{"type":"LineString","coordinates":[[-121.0,25.3],[-118.1,28.9]]},"properties":{"storm_name":"RACHEL-26","fuente":"GDACS","alertlevel":"Green","url":"https://www.gdacs.org/report.aspx?eventid=1001329&episodeid=52&eventtype=TC","paises":"Mexico","layer":"storm_track","kind":"forecast"}},{"type":"Feature","geometry":{"type":"LineString","coordinates":[[-122.9,21.4],[-123.9,21.8]]},"properties":{"storm_name":"RACHEL-26","fuente":"GDACS","alertlevel":"Green","url":"https://www.gdacs.org/report.aspx?eventid=1001329&episodeid=52&eventtype=TC","paises":"Mexico","layer":"storm_track","kind":"forecast"}},{"type":"Feature","geometry":{"type":"LineString","coordinates":[[-123.3,23.8],[-121.0,25.3]]},"properties":{"storm_name":"RACHEL-26","fuente":"GDACS","alertlevel":"Green","url":"https://www.gdacs.org/report.aspx?eventid=1001329&episodeid=52&eventtype=TC","paises":"Mexico","layer":"storm_track","kind":"forecast"}},{"type":"Feature","geometry":{"type":"LineString","coordinates":[[-123.9,21.8],[-124.2,22.1]]},"properties":{"storm_name":"RACHEL-26","fuente":"GDACS","alertlevel":"Green","url":"https://www.gdacs.org/report.aspx?eventid=1001329&episodeid=52&eventtype=TC","paises":"Mexico","layer":"storm_track","kind":"forecast"}},{"type":"Feature","geometry":{"type":"LineString","coordinates":[[-124.0,23.3],[-123.3,23.8]]},"properties":{"storm_name":"RACHEL-26","fuente":"GDACS","alertlevel":"Green","url":"https://www.gdacs.org/report.aspx?eventid=1001329&episodeid=52&eventtype=TC","paises":"Mexico","layer":"storm_track","kind":"forecast"}},{"type":"Feature","geometry":{"type":"LineString","coordinates":[[-124.2,22.1],[-124.6,22.4]]},"properties":{"storm_name":"RACHEL-26","fuente":"GDACS","alertlevel":"Green","url":"https://www.gdacs.org/report.aspx?eventid=1001329&episodeid=52&eventtype=TC","paises":"Mexico","layer":"storm_track","kind":"forecast"}},{"type":"Feature","geometry":{"type":"LineString","coordinates":[[-124.6,22.4],[-125.5,22.6]]},"properties":{"storm_name":"RACHEL-26","fuente":"GDACS","alertlevel":"Green","url":"https://www.gdacs.org/report.aspx?eventid=1001329&episodeid=52&eventtype=TC","paises":"Mexico","layer":"storm_track","kind":"forecast"}},{"type":"Feature","geometry":{"type":"LineString","coordinates":[[-124.6,22.8],[-124.0,23.3]]},"properties":{"storm_name":"RACHEL-26","fuente":"GDACS","alertlevel":"Green","url":"https://www.gdacs.org/report.aspx?eventid=1001329&episodeid=52&eventtype=TC","paises":"Mexico","layer":"storm_track","kind":"forecast"}},{"type":"Feature","geometry":{"type":"LineString","coordinates":[[-124.9,22.7],[-124.6,22.8]]},"properties":{"storm_name":"RACHEL-26","fuente":"GDACS","alertlevel":"Green","url":"https://www.gdacs.org/report.aspx?eventid=1001329&episodeid=52&eventtype=TC","paises":"Mexico","layer":"storm_track","kind":"forecast"}},{"type":"Feature","geometry":{"type":"LineString","coordinates":[[-125.5,22.6],[-124.9,22.7]]},"properties":{"storm_name":"RACHEL-26","fuente":"GDACS","alertlevel":"Green","url":"https://www.gdacs.org/report.aspx?eventid=1001329&episodeid=52&eventtype=TC","paises":"Mexico","layer":"storm_track","kind":"forecast"}},{"type":"Feature","geometry":{"type":"LineString","coordinates":[[-98.6,12.7],[-99.1,12.6]]},"properties":{"storm_name":"RACHEL-26","fuente":"GDACS","alertlevel":"Green","url":"https://www.gdacs.org/report.aspx?eventid=1001329&episodeid=52&eventtype=TC","paises":"Mexico","layer":"storm_track","kind":"forecast"}},{"type":"Feature","geometry":{"type":"LineString","coordinates":[[-99.1,12.6],[-99.8,12.9]]},"properties":{"storm_name":"RACHEL-26","fuente":"GDACS","alertlevel":"Green","url":"https://www.gdacs.org/report.aspx?eventid=1001329&episodeid=52&eventtype=TC","paises":"Mexico","layer":"storm_track","kind":"forecast"}},{"type":"Feature","geometry":{"type":"LineString","coordinates":[[-99.8,12.9],[-100.4,13.4]]},"properties":{"storm_name":"RACHEL-26","fuente":"GDACS","alertlevel":"Green","url":"https://www.gdacs.org/report.aspx?eventid=1001329&episodeid=52&eventtype=TC","paises":"Mexico","layer":"storm_track","kind":"forecast"}},{"type":"Feature","geometry":{"type":"Polygon","coordinates":[[[-99.1,12.17],[-99.0985,12.17],[-99.0971,12.1701],[-99.0956,12.1703],[-99.0941,12.1706],[-99.0927,12.1709],[-99.0913,12.1713],[-99.0899,12.1718],[-99.0885,12.1723],[-99.0872,12.1729],[-99.0859,12.1735],[-99.0846,12.1743],[-99.0833,12.1751],[-99.0821,12.1759],[-99.081,12.1768],[-99.0799,12.1778],[-99.0788,12.1788],[-99.0778,12.1799],[-99.0768,12.181],[-99.0759,12.1821],[-99.0751,12.1833],[-99.0743,12.1846],[-99.0735,12.1859],[-99.0729,12.1872],[-99.0723,12.1885],[-99.0718,12.1899],[-99.0713,12.1913],[-99.0709,12.1927],[-99.0706,12.1941],[-99.0703,12.1956],[-99.0701,12.1971],[-99.07,12.1985],[-99.07,12.2],[-99.07,12.2015],[-99.0701,12.2029],[-99.0703,12.2044],[-99.0706,12.2059],[-99.0709,12.2073],[-99.0713,12.2087],[-99.0718,12.2101],[-99.0723,12.2115],[-99.0729,12.2128],[-99.0735,12.2141],[-99.0743,12.2154],[-99.0751,12.2167],[-99.0759,12.2179],[-99.0768,12.219],[-99.0778,12.2201],[-99.0788,12.2212],[-99.0799,12.2222],[-99.081,12.2232],[-99.0821,12.2241],[-99.0833,12.2249],[-99.0846,12.2257],[-99.0859,12.2265],[-99.0872,12.2271],[-99.0885,12.2277],[-99.0899,12.2282],[-99.0913,12.2287],[-99.0927,12.2291],[-99.0941,12.2294],[-99.0956,12.2297],[-99.0971,12.2299],[-99.0985,12.23],[-99.1,12.23],[-99.1015,12.23],[-99.1029,12.2299],[-99.1044,12.2297],[-99.1059,12.2294],[-99.1073,12.2291],[-99.1087,12.2287],[-99.1101,12.2282],[-99.1115,12.2277],[-99.1128,12.2271],[-99.1141,12.2265],[-99.1154,12.2257],[-99.1167,12.2249],[-99.1179,12.2241],[-99.119,12.2232],[-99.1201,12.2222],[-99.1212,12.2212],[-99.1222,12.2201],[-99.1232,12.219],[-99.1241,12.2179],[-99.1249,12.2167],[-99.1257,12.2154],[-99.1265,12.2141],[-99.1271,12.2128],[-99.1277,12.2115],[-99.1282,12.2101],[-99.1287,12.2087],[-99.1291,12.2073],[-99.1294,12.2059],[-99.1297,12.2044],[-99.1299,12.2029],[-99.13,12.2015],[-99.13,12.2],[-99.13,12.1985],[-99.1299,12.1971],[-99.1297,12.1956],[-99.1294,12.1941],[-99.1291,12.1927],[-99.1287,12.1913],[-99.1282,12.1899],[-99.1277,12.1885],[-99.1271,12.1872],[-99.1265,12.1859],[-99.1257,12.1846],[-99.1249,12.1833],[-99.1241,12.1821],[-99.1232,12.181],[-99.1222,12.1799],[-99.1212,12.1788],[-99.1201,12.1778],[-99.119,12.1768],[-99.1179,12.1759],[-99.1167,12.1751],[-99.1154,12.1743],[-99.1141,12.1735],[-99.1128,12.1729],[-99.1115,12.1723],[-99.1101,12.1718],[-99.1087,12.1713],[-99.1073,12.1709],[-99.1059,12.1706],[-99.1044,12.1703],[-99.1029,12.1701],[-99.1015,12.17],[-99.1,12.17]]]},"properties":{"storm_name":"RACHEL-26","fuente":"GDACS","alertlevel":"Green","url":"https://www.gdacs.org/report.aspx?eventid=1001329&episodeid=52&eventtype=TC","paises":"Mexico","layer":"storm_track","kind":"wind_radii_forecast","wind_kt":34}},{"type":"Feature","geometry":{"type":"Polygon","coordinates":[[[-98.6,12.67],[-98.5985,12.67],[-98.5971,12.6701],[-98.5956,12.6703],[-98.5941,12.6706],[-98.5927,12.6709],[-98.5913,12.6713],[-98.5899,12.6718],[-98.5885,12.6723],[-98.5872,12.6729],[-98.5859,12.6735],[-98.5846,12.6743],[-98.5833,12.6751],[-98.5821,12.6759],[-98.581,12.6768],[-98.5799,12.6778],[-98.5788,12.6788],[-98.5778,12.6799],[-98.5768,12.681],[-98.5759,12.6821],[-98.5751,12.6833],[-98.5743,12.6846],[-98.5735,12.6859],[-98.5729,12.6872],[-98.5723,12.6885],[-98.5718,12.6899],[-98.5713,12.6913],[-98.5709,12.6927],[-98.5706,12.6941],[-98.5703,12.6956],[-98.5701,12.6971],[-98.57,12.6985],[-98.57,12.7],[-98.57,12.7015],[-98.5701,12.7029],[-98.5703,12.7044],[-98.5706,12.7059],[-98.5709,12.7073],[-98.5713,12.7087],[-98.5718,12.7101],[-98.5723,12.7115],[-98.5729,12.7128],[-98.5735,12.7141],[-98.5743,12.7154],[-98.5751,12.7167],[-98.5759,12.7179],[-98.5768,12.719],[-98.5778,12.7201],[-98.5788,12.7212],[-98.5799,12.7222],[-98.581,12.7232],[-98.5821,12.7241],[-98.5833,12.7249],[-98.5846,12.7257],[-98.5859,12.7265],[-98.5872,12.7271],[-98.5885,12.7277],[-98.5899,12.7282],[-98.5913,12.7287],[-98.5927,12.7291],[-98.5941,12.7294],[-98.5956,12.7297],[-98.5971,12.7299],[-98.5985,12.73],[-98.6,12.73],[-98.6015,12.73],[-98.6029,12.7299],[-98.6044,12.7297],[-98.6059,12.7294],[-98.6073,12.7291],[-98.6087,12.7287],[-98.6101,12.7282],[-98.6115,12.7277],[-98.6128,12.7271],[-98.6141,12.7265],[-98.6154,12.7257],[-98.6167,12.7249],[-98.6179,12.7241],[-98.619,12.7232],[-98.6201,12.7222],[-98.6212,12.7212],[-98.6222,12.7201],[-98.6232,12.719],[-98.6241,12.7179],[-98.6249,12.7167],[-98.6257,12.7154],[-98.6265,12.7141],[-98.6271,12.7128],[-98.6277,12.7115],[-98.6282,12.7101],[-98.6287,12.7087],[-98.6291,12.7073],[-98.6294,12.7059],[-98.6297,12.7044],[-98.6299,12.7029],[-98.63,12.7015],[-98.63,12.7],[-98.63,12.6985],[-98.6299,12.6971],[-98.6297,12.6956],[-98.6294,12.6941],[-98.6291,12.6927],[-98.6287,12.6913],[-98.6282,12.6899],[-98.6277,12.6885],[-98.6271,12.6872],[-98.6265,12.6859],[-98.6257,12.6846],[-98.6249,12.6833],[-98.6241,12.6821],[-98.6232,12.681],[-98.6222,12.6799],[-98.6212,12.6788],[-98.6201,12.6778],[-98.619,12.6768],[-98.6179,12.6759],[-98.6167,12.6751],[-98.6154,12.6743],[-98.6141,12.6735],[-98.6128,12.6729],[-98.6115,12.6723],[-98.6101,12.6718],[-98.6087,12.6713],[-98.6073,12.6709],[-98.6059,12.6706],[-98.6044,12.6703],[-98.6029,12.6701],[-98.6015,12.67],[-98.6,12.67]]]},"properties":{"storm_name":"RACHEL-26","fuente":"GDACS","alertlevel":"Green","url":"https://www.gdacs.org/report.aspx?eventid=1001329&episodeid=52&eventtype=TC","paises":"Mexico","layer":"storm_track","kind":"wind_radii_forecast","wind_kt":34}},{"type":"Feature","geometry":{"type":"Polygon","coordinates":[[[-99.1,12.57],[-99.0985,12.57],[-99.0971,12.5701],[-99.0956,12.5703],[-99.0941,12.5706],[-99.0927,12.5709],[-99.0913,12.5713],[-99.0899,12.5718],[-99.0885,12.5723],[-99.0872,12.5729],[-99.0859,12.5735],[-99.0846,12.5743],[-99.0833,12.5751],[-99.0821,12.5759],[-99.081,12.5768],[-99.0799,12.5778],[-99.0788,12.5788],[-99.0778,12.5799],[-99.0768,12.581],[-99.0759,12.5821],[-99.0751,12.5833],[-99.0743,12.5846],[-99.0735,12.5859],[-99.0729,12.5872],[-99.0723,12.5885],[-99.0718,12.5899],[-99.0713,12.5913],[-99.0709,12.5927],[-99.0706,12.5941],[-99.0703,12.5956],[-99.0701,12.5971],[-99.07,12.5985],[-99.07,12.6],[-99.07,12.6015],[-99.0701,12.6029],[-99.0703,12.6044],[-99.0706,12.6059],[-99.0709,12.6073],[-99.0713,12.6087],[-99.0718,12.6101],[-99.0723,12.6115],[-99.0729,12.6128],[-99.0735,12.6141],[-99.0743,12.6154],[-99.0751,12.6167],[-99.0759,12.6179],[-99.0768,12.619],[-99.0778,12.6201],[-99.0788,12.6212],[-99.0799,12.6222],[-99.081,12.6232],[-99.0821,12.6241],[-99.0833,12.6249],[-99.0846,12.6257],[-99.0859,12.6265],[-99.0872,12.6271],[-99.0885,12.6277],[-99.0899,12.6282],[-99.0913,12.6287],[-99.0927,12.6291],[-99.0941,12.6294],[-99.0956,12.6297],[-99.0971,12.6299],[-99.0985,12.63],[-99.1,12.63],[-99.1015,12.63],[-99.1029,12.6299],[-99.1044,12.6297],[-99.1059,12.6294],[-99.1073,12.6291],[-99.1087,12.6287],[-99.1101,12.6282],[-99.1115,12.6277],[-99.1128,12.6271],[-99.1141,12.6265],[-99.1154,12.6257],[-99.1167,12.6249],[-99.1179,12.6241],[-99.119,12.6232],[-99.1201,12.6222],[-99.1212,12.6212],[-99.1222,12.6201],[-99.1232,12.619],[-99.1241,12.6179],[-99.1249,12.6167],[-99.1257,12.6154],[-99.1265,12.6141],[-99.1271,12.6128],[-99.1277,12.6115],[-99.1282,12.6101],[-99.1287,12.6087],[-99.1291,12.6073],[-99.1294,12.6059],[-99.1297,12.6044],[-99.1299,12.6029],[-99.13,12.6015],[-99.13,12.6],[-99.13,12.5985],[-99.1299,12.5971],[-99.1297,12.5956],[-99.1294,12.5941],[-99.1291,12.5927],[-99.1287,12.5913],[-99.1282,12.5899],[-99.1277,12.5885],[-99.1271,12.5872],[-99.1265,12.5859],[-99.1257,12.5846],[-99.1249,12.5833],[-99.1241,12.5821],[-99.1232,12.581],[-99.1222,12.5799],[-99.1212,12.5788],[-99.1201,12.5778],[-99.119,12.5768],[-99.1179,12.5759],[-99.1167,12.5751],[-99.1154,12.5743],[-99.1141,12.5735],[-99.1128,12.5729],[-99.1115,12.5723],[-99.1101,12.5718],[-99.1087,12.5713],[-99.1073,12.5709],[-99.1059,12.5706],[-99.1044,12.5703],[-99.1029,12.5701],[-99.1015,12.57],[-99.1,12.57]]]},"properties":{"storm_name":"RACHEL-26","fuente":"GDACS","alertlevel":"Green","url":"https://www.gdacs.org/report.aspx?eventid=1001329&episodeid=52&eventtype=TC","paises":"Mexico","layer":"storm_track","kind":"wind_radii_forecast","wind_kt":34}},{"type":"Feature","geometry":{"type":"Polygon","coordinates":[[[-99.8,12.87],[-99.7985,12.87],[-99.7971,12.8701],[-99.7956,12.8703],[-99.7941,12.8706],[-99.7927,12.8709],[-99.7913,12.8713],[-99.7899,12.8718],[-99.7885,12.8723],[-99.7872,12.8729],[-99.7859,12.8735],[-99.7846,12.8743],[-99.7833,12.8751],[-99.7821,12.8759],[-99.781,12.8768],[-99.7799,12.8778],[-99.7788,12.8788],[-99.7778,12.8799],[-99.7768,12.881],[-99.7759,12.8821],[-99.7751,12.8833],[-99.7743,12.8846],[-99.7735,12.8859],[-99.7729,12.8872],[-99.7723,12.8885],[-99.7718,12.8899],[-99.7713,12.8913],[-99.7709,12.8927],[-99.7706,12.8941],[-99.7703,12.8956],[-99.7701,12.8971],[-99.77,12.8985],[-99.77,12.9],[-99.77,12.9015],[-99.7701,12.9029],[-99.7703,12.9044],[-99.7706,12.9059],[-99.7709,12.9073],[-99.7713,12.9087],[-99.7718,12.9101],[-99.7723,12.9115],[-99.7729,12.9128],[-99.7735,12.9141],[-99.7743,12.9154],[-99.7751,12.9167],[-99.7759,12.9179],[-99.7768,12.919],[-99.7778,12.9201],[-99.7788,12.9212],[-99.7799,12.9222],[-99.781,12.9232],[-99.7821,12.9241],[-99.7833,12.9249],[-99.7846,12.9257],[-99.7859,12.9265],[-99.7872,12.9271],[-99.7885,12.9277],[-99.7899,12.9282],[-99.7913,12.9287],[-99.7927,12.9291],[-99.7941,12.9294],[-99.7956,12.9297],[-99.7971,12.9299],[-99.7985,12.93],[-99.8,12.93],[-99.8015,12.93],[-99.8029,12.9299],[-99.8044,12.9297],[-99.8059,12.9294],[-99.8073,12.9291],[-99.8087,12.9287],[-99.8101,12.9282],[-99.8115,12.9277],[-99.8128,12.9271],[-99.8141,12.9265],[-99.8154,12.9257],[-99.8167,12.9249],[-99.8179,12.9241],[-99.819,12.9232],[-99.8201,12.9222],[-99.8212,12.9212],[-99.8222,12.9201],[-99.8232,12.919],[-99.8241,12.9179],[-99.8249,12.9167],[-99.8257,12.9154],[-99.8265,12.9141],[-99.8271,12.9128],[-99.8277,12.9115],[-99.8282,12.9101],[-99.8287,12.9087],[-99.8291,12.9073],[-99.8294,12.9059],[-99.8297,12.9044],[-99.8299,12.9029],[-99.83,12.9015],[-99.83,12.9],[-99.83,12.8985],[-99.8299,12.8971],[-99.8297,12.8956],[-99.8294,12.8941],[-99.8291,12.8927],[-99.8287,12.8913],[-99.8282,12.8899],[-99.8277,12.8885],[-99.8271,12.8872],[-99.8265,12.8859],[-99.8257,12.8846],[-99.8249,12.8833],[-99.8241,12.8821],[-99.8232,12.881],[-99.8222,12.8799],[-99.8212,12.8788],[-99.8201,12.8778],[-99.819,12.8768],[-99.8179,12.8759],[-99.8167,12.8751],[-99.8154,12.8743],[-99.8141,12.8735],[-99.8128,12.8729],[-99.8115,12.8723],[-99.8101,12.8718],[-99.8087,12.8713],[-99.8073,12.8709],[-99.8059,12.8706],[-99.8044,12.8703],[-99.8029,12.8701],[-99.8015,12.87],[-99.8,12.87]]]},"properties":{"storm_name":"RACHEL-26","fuente":"GDACS","alertlevel":"Green","url":"https://www.gdacs.org/report.aspx?eventid=1001329&episodeid=52&eventtype=TC","paises":"Mexico","layer":"storm_track","kind":"wind_radii_forecast","wind_kt":34}},{"type":"Feature","geometry":{"type":"Polygon","coordinates":[[[-100.4,13.37],[-100.3985,13.37],[-100.3971,13.3701],[-100.3956,13.3703],[-100.3941,13.3706],[-100.3927,13.3709],[-100.3913,13.3713],[-100.3899,13.3718],[-100.3885,13.3723],[-100.3872,13.3729],[-100.3859,13.3735],[-100.3846,13.3743],[-100.3833,13.3751],[-100.3821,13.3759],[-100.381,13.3768],[-100.3799,13.3778],[-100.3788,13.3788],[-100.3778,13.3799],[-100.3768,13.381],[-100.3759,13.3821],[-100.3751,13.3833],[-100.3743,13.3846],[-100.3735,13.3859],[-100.3729,13.3872],[-100.3723,13.3885],[-100.3718,13.3899],[-100.3713,13.3913],[-100.3709,13.3927],[-100.3706,13.3941],[-100.3703,13.3956],[-100.3701,13.3971],[-100.37,13.3985],[-100.37,13.4],[-100.37,13.4015],[-100.3701,13.4029],[-100.3703,13.4044],[-100.3706,13.4059],[-100.3709,13.4073],[-100.3713,13.4087],[-100.3718,13.4101],[-100.3723,13.4115],[-100.3729,13.4128],[-100.3735,13.4141],[-100.3743,13.4154],[-100.3751,13.4167],[-100.3759,13.4179],[-100.3768,13.419],[-100.3778,13.4201],[-100.3788,13.4212],[-100.3799,13.4222],[-100.381,13.4232],[-100.3821,13.4241],[-100.3833,13.4249],[-100.3846,13.4257],[-100.3859,13.4265],[-100.3872,13.4271],[-100.3885,13.4277],[-100.3899,13.4282],[-100.3913,13.4287],[-100.3927,13.4291],[-100.3941,13.4294],[-100.3956,13.4297],[-100.3971,13.4299],[-100.3985,13.43],[-100.4,13.43],[-100.4015,13.43],[-100.4029,13.4299],[-100.4044,13.4297],[-100.4059,13.4294],[-100.4073,13.4291],[-100.4087,13.4287],[-100.4101,13.4282],[-100.4115,13.4277],[-100.4128,13.4271],[-100.4141,13.4265],[-100.4154,13.4257],[-100.4167,13.4249],[-100.4179,13.4241],[-100.419,13.4232],[-100.4201,13.4222],[-100.4212,13.4212],[-100.4222,13.4201],[-100.4232,13.419],[-100.4241,13.4179],[-100.4249,13.4167],[-100.4257,13.4154],[-100.4265,13.4141],[-100.4271,13.4128],[-100.4277,13.4115],[-100.4282,13.4101],[-100.4287,13.4087],[-100.4291,13.4073],[-100.4294,13.4059],[-100.4297,13.4044],[-100.4299,13.4029],[-100.43,13.4015],[-100.43,13.4],[-100.43,13.3985],[-100.4299,13.3971],[-100.4297,13.3956],[-100.4294,13.3941],[-100.4291,13.3927],[-100.4287,13.3913],[-100.4282,13.3899],[-100.4277,13.3885],[-100.4271,13.3872],[-100.4265,13.3859],[-100.4257,13.3846],[-100.4249,13.3833],[-100.4241,13.3821],[-100.4232,13.381],[-100.4222,13.3799],[-100.4212,13.3788],[-100.4201,13.3778],[-100.419,13.3768],[-100.4179,13.3759],[-100.4167,13.3751],[-100.4154,13.3743],[-100.4141,13.3735],[-100.4128,13.3729],[-100.4115,13.3723],[-100.4101,13.3718],[-100.4087,13.3713],[-100.4073,13.3709],[-100.4059,13.3706],[-100.4044,13.3703],[-100.4029,13.3701],[-100.4015,13.37],[-100.4,13.37]]]},"properties":{"storm_name":"RACHEL-26","fuente":"GDACS","alertlevel":"Green","url":"https://www.gdacs.org/report.aspx?eventid=1001329&episodeid=52&eventtype=TC","paises":"Mexico","layer":"storm_track","kind":"wind_radii_forecast","wind_kt":34}},{"type":"Feature","geometry":{"type":"Polygon","coordinates":[[[-101.2,13.77],[-101.1985,13.77],[-101.1971,13.7701],[-101.1956,13.7703],[-101.1941,13.7706],[-101.1927,13.7709],[-101.1913,13.7713],[-101.1899,13.7718],[-101.1885,13.7723],[-101.1872,13.7729],[-101.1859,13.7735],[-101.1846,13.7743],[-101.1833,13.7751],[-101.1821,13.7759],[-101.181,13.7768],[-101.1799,13.7778],[-101.1788,13.7788],[-101.1778,13.7799],[-101.1768,13.781],[-101.1759,13.7821],[-101.1751,13.7833],[-101.1743,13.7846],[-101.1735,13.7859],[-101.1729,13.7872],[-101.1723,13.7885],[-101.1718,13.7899],[-101.1713,13.7913],[-101.1709,13.7927],[-101.1706,13.7941],[-101.1703,13.7956],[-101.1701,13.7971],[-101.17,13.7985],[-101.17,13.8],[-101.17,13.8015],[-101.1701,13.8029],[-101.1703,13.8044],[-101.1706,13.8059],[-101.1709,13.8073],[-101.1713,13.8087],[-101.1718,13.8101],[-101.1723,13.8115],[-101.1729,13.8128],[-101.1735,13.8141],[-101.1743,13.8154],[-101.1751,13.8167],[-101.1759,13.8179],[-101.1768,13.819],[-101.1778,13.8201],[-101.1788,13.8212],[-101.1799,13.8222],[-101.181,13.8232],[-101.1821,13.8241],[-101.1833,13.8249],[-101.1846,13.8257],[-101.1859,13.8265],[-101.1872,13.8271],[-101.1885,13.8277],[-101.1899,13.8282],[-101.1913,13.8287],[-101.1927,13.8291],[-101.1941,13.8294],[-101.1956,13.8297],[-101.1971,13.8299],[-101.1985,13.83],[-101.2,13.83],[-101.2015,13.83],[-101.2029,13.8299],[-101.2044,13.8297],[-101.2059,13.8294],[-101.2073,13.8291],[-101.2087,13.8287],[-101.2101,13.8282],[-101.2115,13.8277],[-101.2128,13.8271],[-101.2141,13.8265],[-101.2154,13.8257],[-101.2167,13.8249],[-101.2179,13.8241],[-101.219,13.8232],[-101.2201,13.8222],[-101.2212,13.8212],[-101.2222,13.8201],[-101.2232,13.819],[-101.2241,13.8179],[-101.2249,13.8167],[-101.2257,13.8154],[-101.2265,13.8141],[-101.2271,13.8128],[-101.2277,13.8115],[-101.2282,13.8101],[-101.2287,13.8087],[-101.2291,13.8073],[-101.2294,13.8059],[-101.2297,13.8044],[-101.2299,13.8029],[-101.23,13.8015],[-101.23,13.8],[-101.23,13.7985],[-101.2299,13.7971],[-101.2297,13.7956],[-101.2294,13.7941],[-101.2291,13.7927],[-101.2287,13.7913],[-101.2282,13.7899],[-101.2277,13.7885],[-101.2271,13.7872],[-101.2265,13.7859],[-101.2257,13.7846],[-101.2249,13.7833],[-101.2241,13.7821],[-101.2232,13.781],[-101.2222,13.7799],[-101.2212,13.7788],[-101.2201,13.7778],[-101.219,13.7768],[-101.2179,13.7759],[-101.2167,13.7751],[-101.2154,13.7743],[-101.2141,13.7735],[-101.2128,13.7729],[-101.2115,13.7723],[-101.2101,13.7718],[-101.2087,13.7713],[-101.2073,13.7709],[-101.2059,13.7706],[-101.2044,13.7703],[-101.2029,13.7701],[-101.2015,13.77],[-101.2,13.77]]]},"properties":{"storm_name":"RACHEL-26","fuente":"GDACS","alertlevel":"Green","url":"https://www.gdacs.org/report.aspx?eventid=1001329&episodeid=52&eventtype=TC","paises":"Mexico","layer":"storm_track","kind":"wind_radii_forecast","wind_kt":34}},{"type":"Feature","geometry":{"type":"Polygon","coordinates":[[[-102.1,14.17],[-102.0985,14.17],[-102.0971,14.1701],[-102.0956,14.1703],[-102.0941,14.1706],[-102.0927,14.1709],[-102.0913,14.1713],[-102.0899,14.1718],[-102.0885,14.1723],[-102.0872,14.1729],[-102.0859,14.1735],[-102.0846,14.1743],[-102.0833,14.1751],[-102.0821,14.1759],[-102.081,14.1768],[-102.0799,14.1778],[-102.0788,14.1788],[-102.0778,14.1799],[-102.0768,14.181],[-102.0759,14.1821],[-102.0751,14.1833],[-102.0743,14.1846],[-102.0735,14.1859],[-102.0729,14.1872],[-102.0723,14.1885],[-102.0718,14.1899],[-102.0713,14.1913],[-102.0709,14.1927],[-102.0706,14.1941],[-102.0703,14.1956],[-102.0701,14.1971],[-102.07,14.1985],[-102.07,14.2],[-102.07,14.2015],[-102.0701,14.2029],[-102.0703,14.2044],[-102.0706,14.2059],[-102.0709,14.2073],[-102.0713,14.2087],[-102.0718,14.2101],[-102.0723,14.2115],[-102.0729,14.2128],[-102.0735,14.2141],[-102.0743,14.2154],[-102.0751,14.2167],[-102.0759,14.2179],[-102.0768,14.219],[-102.0778,14.2201],[-102.0788,14.2212],[-102.0799,14.2222],[-102.081,14.2232],[-102.0821,14.2241],[-102.0833,14.2249],[-102.0846,14.2257],[-102.0859,14.2265],[-102.0872,14.2271],[-102.0885,14.2277],[-102.0899,14.2282],[-102.0913,14.2287],[-102.0927,14.2291],[-102.0941,14.2294],[-102.0956,14.2297],[-102.0971,14.2299],[-102.0985,14.23],[-102.1,14.23],[-102.1015,14.23],[-102.1029,14.2299],[-102.1044,14.2297],[-102.1059,14.2294],[-102.1073,14.2291],[-102.1087,14.2287],[-102.1101,14.2282],[-102.1115,14.2277],[-102.1128,14.2271],[-102.1141,14.2265],[-102.1154,14.2257],[-102.1167,14.2249],[-102.1179,14.2241],[-102.119,14.2232],[-102.1201,14.2222],[-102.1212,14.2212],[-102.1222,14.2201],[-102.1232,14.219],[-102.1241,14.2179],[-102.1249,14.2167],[-102.1257,14.2154],[-102.1265,14.2141],[-102.1271,14.2128],[-102.1277,14.2115],[-102.1282,14.2101],[-102.1287,14.2087],[-102.1291,14.2073],[-102.1294,14.2059],[-102.1297,14.2044],[-102.1299,14.2029],[-102.13,14.2015],[-102.13,14.2],[-102.13,14.1985],[-102.1299,14.1971],[-102.1297,14.1956],[-102.1294,14.1941],[-102.1291,14.1927],[-102.1287,14.1913],[-102.1282,14.1899],[-102.1277,14.1885],[-102.1271,14.1872],[-102.1265,14.1859],[-102.1257,14.1846],[-102.1249,14.1833],[-102.1241,14.1821],[-102.1232,14.181],[-102.1222,14.1799],[-102.1212,14.1788],[-102.1201,14.1778],[-102.119,14.1768],[-102.1179,14.1759],[-102.1167,14.1751],[-102.1154,14.1743],[-102.1141,14.1735],[-102.1128,14.1729],[-102.1115,14.1723],[-102.1101,14.1718],[-102.1087,14.1713],[-102.1073,14.1709],[-102.1059,14.1706],[-102.1044,14.1703],[-102.1029,14.1701],[-102.1015,14.17],[-102.1,14.17]]]},"properties":{"storm_name":"RACHEL-26","fuente":"GDACS","alertlevel":"Green","url":"https://www.gdacs.org/report.aspx?eventid=1001329&episodeid=52&eventtype=TC","paises":"Mexico","layer":"storm_track","kind":"wind_radii_forecast","wind_kt":34}},{"type":"Feature","geometry":{"type":"Polygon","coordinates":[[[-102.9,14.47],[-102.8985,14.47],[-102.8971,14.4701],[-102.8956,14.4703],[-102.8941,14.4706],[-102.8927,14.4709],[-102.8913,14.4713],[-102.8899,14.4718],[-102.8885,14.4723],[-102.8872,14.4729],[-102.8859,14.4735],[-102.8846,14.4743],[-102.8833,14.4751],[-102.8821,14.4759],[-102.881,14.4768],[-102.8799,14.4778],[-102.8788,14.4788],[-102.8778,14.4799],[-102.8768,14.481],[-102.8759,14.4821],[-102.8751,14.4833],[-102.8743,14.4846],[-102.8735,14.4859],[-102.8729,14.4872],[-102.8723,14.4885],[-102.8718,14.4899],[-102.8713,14.4913],[-102.8709,14.4927],[-102.8706,14.4941],[-102.8703,14.4956],[-102.8701,14.4971],[-102.87,14.4985],[-102.87,14.5],[-102.87,14.5015],[-102.8701,14.5029],[-102.8703,14.5044],[-102.8706,14.5059],[-102.8709,14.5073],[-102.8713,14.5087],[-102.8718,14.5101],[-102.8723,14.5115],[-102.8729,14.5128],[-102.8735,14.5141],[-102.8743,14.5154],[-102.8751,14.5167],[-102.8759,14.5179],[-102.8768,14.519],[-102.8778,14.5201],[-102.8788,14.5212],[-102.8799,14.5222],[-102.881,14.5232],[-102.8821,14.5241],[-102.8833,14.5249],[-102.8846,14.5257],[-102.8859,14.5265],[-102.8872,14.5271],[-102.8885,14.5277],[-102.8899,14.5282],[-102.8913,14.5287],[-102.8927,14.5291],[-102.8941,14.5294],[-102.8956,14.5297],[-102.8971,14.5299],[-102.8985,14.53],[-102.9,14.53],[-102.9015,14.53],[-102.9029,14.5299],[-102.9044,14.5297],[-102.9059,14.5294],[-102.9073,14.5291],[-102.9087,14.5287],[-102.9101,14.5282],[-102.9115,14.5277],[-102.9128,14.5271],[-102.9141,14.5265],[-102.9154,14.5257],[-102.9167,14.5249],[-102.9179,14.5241],[-102.919,14.5232],[-102.9201,14.5222],[-102.9212,14.5212],[-102.9222,14.5201],[-102.9232,14.519],[-102.9241,14.5179],[-102.9249,14.5167],[-102.9257,14.5154],[-102.9265,14.5141],[-102.9271,14.5128],[-102.9277,14.5115],[-102.9282,14.5101],[-102.9287,14.5087],[-102.9291,14.5073],[-102.9294,14.5059],[-102.9297,14.5044],[-102.9299,14.5029],[-102.93,14.5015],[-102.93,14.5],[-102.93,14.4985],[-102.9299,14.4971],[-102.9297,14.4956],[-102.9294,14.4941],[-102.9291,14.4927],[-102.9287,14.4913],[-102.9282,14.4899],[-102.9277,14.4885],[-102.9271,14.4872],[-102.9265,14.4859],[-102.9257,14.4846],[-102.9249,14.4833],[-102.9241,14.4821],[-102.9232,14.481],[-102.9222,14.4799],[-102.9212,14.4788],[-102.9201,14.4778],[-102.919,14.4768],[-102.9179,14.4759],[-102.9167,14.4751],[-102.9154,14.4743],[-102.9141,14.4735],[-102.9128,14.4729],[-102.9115,14.4723],[-102.9101,14.4718],[-102.9087,14.4713],[-102.9073,14.4709],[-102.9059,14.4706],[-102.9044,14.4703],[-102.9029,14.4701],[-102.9015,14.47],[-102.9,14.47]]]},"properties":{"storm_name":"RACHEL-26","fuente":"GDACS","alertlevel":"Green","url":"https://www.gdacs.org/report.aspx?eventid=1001329&episodeid=52&eventtype=TC","paises":"Mexico","layer":"storm_track","kind":"wind_radii_forecast","wind_kt":34}},{"type":"Feature","geometry":{"type":"Polygon","coordinates":[[[-104.3,14.67],[-104.2985,14.67],[-104.2971,14.6701],[-104.2956,14.6703],[-104.2941,14.6706],[-104.2927,14.6709],[-104.2913,14.6713],[-104.2899,14.6718],[-104.2885,14.6723],[-104.2872,14.6729],[-104.2859,14.6735],[-104.2846,14.6743],[-104.2833,14.6751],[-104.2821,14.6759],[-104.281,14.6768],[-104.2799,14.6778],[-104.2788,14.6788],[-104.2778,14.6799],[-104.2768,14.681],[-104.2759,14.6821],[-104.2751,14.6833],[-104.2743,14.6846],[-104.2735,14.6859],[-104.2729,14.6872],[-104.2723,14.6885],[-104.2718,14.6899],[-104.2713,14.6913],[-104.2709,14.6927],[-104.2706,14.6941],[-104.2703,14.6956],[-104.2701,14.6971],[-104.27,14.6985],[-104.27,14.7],[-104.27,14.7015],[-104.2701,14.7029],[-104.2703,14.7044],[-104.2706,14.7059],[-104.2709,14.7073],[-104.2713,14.7087],[-104.2718,14.7101],[-104.2723,14.7115],[-104.2729,14.7128],[-104.2735,14.7141],[-104.2743,14.7154],[-104.2751,14.7167],[-104.2759,14.7179],[-104.2768,14.719],[-104.2778,14.7201],[-104.2788,14.7212],[-104.2799,14.7222],[-104.281,14.7232],[-104.2821,14.7241],[-104.2833,14.7249],[-104.2846,14.7257],[-104.2859,14.7265],[-104.2872,14.7271],[-104.2885,14.7277],[-104.2899,14.7282],[-104.2913,14.7287],[-104.2927,14.7291],[-104.2941,14.7294],[-104.2956,14.7297],[-104.2971,14.7299],[-104.2985,14.73],[-104.3,14.73],[-104.3015,14.73],[-104.3029,14.7299],[-104.3044,14.7297],[-104.3059,14.7294],[-104.3073,14.7291],[-104.3087,14.7287],[-104.3101,14.7282],[-104.3115,14.7277],[-104.3128,14.7271],[-104.3141,14.7265],[-104.3154,14.7257],[-104.3167,14.7249],[-104.3179,14.7241],[-104.319,14.7232],[-104.3201,14.7222],[-104.3212,14.7212],[-104.3222,14.7201],[-104.3232,14.719],[-104.3241,14.7179],[-104.3249,14.7167],[-104.3257,14.7154],[-104.3265,14.7141],[-104.3271,14.7128],[-104.3277,14.7115],[-104.3282,14.7101],[-104.3287,14.7087],[-104.3291,14.7073],[-104.3294,14.7059],[-104.3297,14.7044],[-104.3299,14.7029],[-104.33,14.7015],[-104.33,14.7],[-104.33,14.6985],[-104.3299,14.6971],[-104.3297,14.6956],[-104.3294,14.6941],[-104.3291,14.6927],[-104.3287,14.6913],[-104.3282,14.6899],[-104.3277,14.6885],[-104.3271,14.6872],[-104.3265,14.6859],[-104.3257,14.6846],[-104.3249,14.6833],[-104.3241,14.6821],[-104.3232,14.681],[-104.3222,14.6799],[-104.3212,14.6788],[-104.3201,14.6778],[-104.319,14.6768],[-104.3179,14.6759],[-104.3167,14.6751],[-104.3154,14.6743],[-104.3141,14.6735],[-104.3128,14.6729],[-104.3115,14.6723],[-104.3101,14.6718],[-104.3087,14.6713],[-104.3073,14.6709],[-104.3059,14.6706],[-104.3044,14.6703],[-104.3029,14.6701],[-104.3015,14.67],[-104.3,14.67]]]},"properties":{"storm_name":"RACHEL-26","fuente":"GDACS","alertlevel":"Green","url":"https://www.gdacs.org/report.aspx?eventid=1001329&episodeid=52&eventtype=TC","paises":"Mexico","layer":"storm_track","kind":"wind_radii_forecast","wind_kt":34}},{"type":"Feature","geometry":{"type":"Polygon","coordinates":[[[-105.0,15.27],[-104.9985,15.27],[-104.9971,15.2701],[-104.9956,15.2703],[-104.9941,15.2706],[-104.9927,15.2709],[-104.9913,15.2713],[-104.9899,15.2718],[-104.9885,15.2723],[-104.9872,15.2729],[-104.9859,15.2735],[-104.9846,15.2743],[-104.9833,15.2751],[-104.9821,15.2759],[-104.981,15.2768],[-104.9799,15.2778],[-104.9788,15.2788],[-104.9778,15.2799],[-104.9768,15.281],[-104.9759,15.2821],[-104.9751,15.2833],[-104.9743,15.2846],[-104.9735,15.2859],[-104.9729,15.2872],[-104.9723,15.2885],[-104.9718,15.2899],[-104.9713,15.2913],[-104.9709,15.2927],[-104.9706,15.2941],[-104.9703,15.2956],[-104.9701,15.2971],[-104.97,15.2985],[-104.97,15.3],[-104.97,15.3015],[-104.9701,15.3029],[-104.9703,15.3044],[-104.9706,15.3059],[-104.9709,15.3073],[-104.9713,15.3087],[-104.9718,15.3101],[-104.9723,15.3115],[-104.9729,15.3128],[-104.9735,15.3141],[-104.9743,15.3154],[-104.9751,15.3167],[-104.9759,15.3179],[-104.9768,15.319],[-104.9778,15.3201],[-104.9788,15.3212],[-104.9799,15.3222],[-104.981,15.3232],[-104.9821,15.3241],[-104.9833,15.3249],[-104.9846,15.3257],[-104.9859,15.3265],[-104.9872,15.3271],[-104.9885,15.3277],[-104.9899,15.3282],[-104.9913,15.3287],[-104.9927,15.3291],[-104.9941,15.3294],[-104.9956,15.3297],[-104.9971,15.3299],[-104.9985,15.33],[-105.0,15.33],[-105.0015,15.33],[-105.0029,15.3299],[-105.0044,15.3297],[-105.0059,15.3294],[-105.0073,15.3291],[-105.0087,15.3287],[-105.0101,15.3282],[-105.0115,15.3277],[-105.0128,15.3271],[-105.0141,15.3265],[-105.0154,15.3257],[-105.0167,15.3249],[-105.0179,15.3241],[-105.019,15.3232],[-105.0201,15.3222],[-105.0212,15.3212],[-105.0222,15.3201],[-105.0232,15.319],[-105.0241,15.3179],[-105.0249,15.3167],[-105.0257,15.3154],[-105.0265,15.3141],[-105.0271,15.3128],[-105.0277,15.3115],[-105.0282,15.3101],[-105.0287,15.3087],[-105.0291,15.3073],[-105.0294,15.3059],[-105.0297,15.3044],[-105.0299,15.3029],[-105.03,15.3015],[-105.03,15.3],[-105.03,15.2985],[-105.0299,15.2971],[-105.0297,15.2956],[-105.0294,15.2941],[-105.0291,15.2927],[-105.0287,15.2913],[-105.0282,15.2899],[-105.0277,15.2885],[-105.0271,15.2872],[-105.0265,15.2859],[-105.0257,15.2846],[-105.0249,15.2833],[-105.0241,15.2821],[-105.0232,15.281],[-105.0222,15.2799],[-105.0212,15.2788],[-105.0201,15.2778],[-105.019,15.2768],[-105.0179,15.2759],[-105.0167,15.2751],[-105.0154,15.2743],[-105.0141,15.2735],[-105.0128,15.2729],[-105.0115,15.2723],[-105.0101,15.2718],[-105.0087,15.2713],[-105.0073,15.2709],[-105.0059,15.2706],[-105.0044,15.2703],[-105.0029,15.2701],[-105.0015,15.27],[-105.0,15.27]]]},"properties":{"storm_name":"RACHEL-26","fuente":"GDACS","alertlevel":"Green","url":"https://www.gdacs.org/report.aspx?eventid=1001329&episodeid=52&eventtype=TC","paises":"Mexico","layer":"storm_track","kind":"wind_radii_forecast","wind_kt":34}},{"type":"Feature","geometry":{"type":"Polygon","coordinates":[[[-105.7,15.97],[-105.6985,15.97],[-105.6971,15.9701],[-105.6956,15.9703],[-105.6941,15.9706],[-105.6927,15.9709],[-105.6913,15.9713],[-105.6899,15.9718],[-105.6885,15.9723],[-105.6872,15.9729],[-105.6859,15.9735],[-105.6846,15.9743],[-105.6833,15.9751],[-105.6821,15.9759],[-105.681,15.9768],[-105.6799,15.9778],[-105.6788,15.9788],[-105.6778,15.9799],[-105.6768,15.981],[-105.6759,15.9821],[-105.6751,15.9833],[-105.6743,15.9846],[-105.6735,15.9859],[-105.6729,15.9872],[-105.6723,15.9885],[-105.6718,15.9899],[-105.6713,15.9913],[-105.6709,15.9927],[-105.6706,15.9941],[-105.6703,15.9956],[-105.6701,15.9971],[-105.67,15.9985],[-105.67,16.0],[-105.67,16.0015],[-105.6701,16.0029],[-105.6703,16.0044],[-105.6706,16.0059],[-105.6709,16.0073],[-105.6713,16.0087],[-105.6718,16.0101],[-105.6723,16.0115],[-105.6729,16.0128],[-105.6735,16.0141],[-105.6743,16.0154],[-105.6751,16.0167],[-105.6759,16.0179],[-105.6768,16.019],[-105.6778,16.0201],[-105.6788,16.0212],[-105.6799,16.0222],[-105.681,16.0232],[-105.6821,16.0241],[-105.6833,16.0249],[-105.6846,16.0257],[-105.6859,16.0265],[-105.6872,16.0271],[-105.6885,16.0277],[-105.6899,16.0282],[-105.6913,16.0287],[-105.6927,16.0291],[-105.6941,16.0294],[-105.6956,16.0297],[-105.6971,16.0299],[-105.6985,16.03],[-105.7,16.03],[-105.7015,16.03],[-105.7029,16.0299],[-105.7044,16.0297],[-105.7059,16.0294],[-105.7073,16.0291],[-105.7087,16.0287],[-105.7101,16.0282],[-105.7115,16.0277],[-105.7128,16.0271],[-105.7141,16.0265],[-105.7154,16.0257],[-105.7167,16.0249],[-105.7179,16.0241],[-105.719,16.0232],[-105.7201,16.0222],[-105.7212,16.0212],[-105.7222,16.0201],[-105.7232,16.019],[-105.7241,16.0179],[-105.7249,16.0167],[-105.7257,16.0154],[-105.7265,16.0141],[-105.7271,16.0128],[-105.7277,16.0115],[-105.7282,16.0101],[-105.7287,16.0087],[-105.7291,16.0073],[-105.7294,16.0059],[-105.7297,16.0044],[-105.7299,16.0029],[-105.73,16.0015],[-105.73,16.0],[-105.73,15.9985],[-105.7299,15.9971],[-105.7297,15.9956],[-105.7294,15.9941],[-105.7291,15.9927],[-105.7287,15.9913],[-105.7282,15.9899],[-105.7277,15.9885],[-105.7271,15.9872],[-105.7265,15.9859],[-105.7257,15.9846],[-105.7249,15.9833],[-105.7241,15.9821],[-105.7232,15.981],[-105.7222,15.9799],[-105.7212,15.9788],[-105.7201,15.9778],[-105.719,15.9768],[-105.7179,15.9759],[-105.7167,15.9751],[-105.7154,15.9743],[-105.7141,15.9735],[-105.7128,15.9729],[-105.7115,15.9723],[-105.7101,15.9718],[-105.7087,15.9713],[-105.7073,15.9709],[-105.7059,15.9706],[-105.7044,15.9703],[-105.7029,15.9701],[-105.7015,15.97],[-105.7,15.97]]]},"properties":{"storm_name":"RACHEL-26","fuente":"GDACS","alertlevel":"Green","url":"https://www.gdacs.org/report.aspx?eventid=1001329&episodeid=52&eventtype=TC","paises":"Mexico","layer":"storm_track","kind":"wind_radii_forecast","wind_kt":34}},{"type":"Feature","geometry":{"type":"Polygon","coordinates":[[[-106.6,16.97],[-106.5985,16.97],[-106.5971,16.9701],[-106.5956,16.9703],[-106.5941,16.9706],[-106.5927,16.9709],[-106.5913,16.9713],[-106.5899,16.9718],[-106.5885,16.9723],[-106.5872,16.9729],[-106.5859,16.9735],[-106.5846,16.9743],[-106.5833,16.9751],[-106.5821,16.9759],[-106.581,16.9768],[-106.5799,16.9778],[-106.5788,16.9788],[-106.5778,16.9799],[-106.5768,16.981],[-106.5759,16.9821],[-106.5751,16.9833],[-106.5743,16.9846],[-106.5735,16.9859],[-106.5729,16.9872],[-106.5723,16.9885],[-106.5718,16.9899],[-106.5713,16.9913],[-106.5709,16.9927],[-106.5706,16.9941],[-106.5703,16.9956],[-106.5701,16.9971],[-106.57,16.9985],[-106.57,17.0],[-106.57,17.0015],[-106.5701,17.0029],[-106.5703,17.0044],[-106.5706,17.0059],[-106.5709,17.0073],[-106.5713,17.0087],[-106.5718,17.0101],[-106.5723,17.0115],[-106.5729,17.0128],[-106.5735,17.0141],[-106.5743,17.0154],[-106.5751,17.0167],[-106.5759,17.0179],[-106.5768,17.019],[-106.5778,17.0201],[-106.5788,17.0212],[-106.5799,17.0222],[-106.581,17.0232],[-106.5821,17.0241],[-106.5833,17.0249],[-106.5846,17.0257],[-106.5859,17.0265],[-106.5872,17.0271],[-106.5885,17.0277],[-106.5899,17.0282],[-106.5913,17.0287],[-106.5927,17.0291],[-106.5941,17.0294],[-106.5956,17.0297],[-106.5971,17.0299],[-106.5985,17.03],[-106.6,17.03],[-106.6015,17.03],[-106.6029,17.0299],[-106.6044,17.0297],[-106.6059,17.0294],[-106.6073,17.0291],[-106.6087,17.0287],[-106.6101,17.0282],[-106.6115,17.0277],[-106.6128,17.0271],[-106.6141,17.0265],[-106.6154,17.0257],[-106.6167,17.0249],[-106.6179,17.0241],[-106.619,17.0232],[-106.6201,17.0222],[-106.6212,17.0212],[-106.6222,17.0201],[-106.6232,17.019],[-106.6241,17.0179],[-106.6249,17.0167],[-106.6257,17.0154],[-106.6265,17.0141],[-106.6271,17.0128],[-106.6277,17.0115],[-106.6282,17.0101],[-106.6287,17.0087],[-106.6291,17.0073],[-106.6294,17.0059],[-106.6297,17.0044],[-106.6299,17.0029],[-106.63,17.0015],[-106.63,17.0],[-106.63,16.9985],[-106.6299,16.9971],[-106.6297,16.9956],[-106.6294,16.9941],[-106.6291,16.9927],[-106.6287,16.9913],[-106.6282,16.9899],[-106.6277,16.9885],[-106.6271,16.9872],[-106.6265,16.9859],[-106.6257,16.9846],[-106.6249,16.9833],[-106.6241,16.9821],[-106.6232,16.981],[-106.6222,16.9799],[-106.6212,16.9788],[-106.6201,16.9778],[-106.619,16.9768],[-106.6179,16.9759],[-106.6167,16.9751],[-106.6154,16.9743],[-106.6141,16.9735],[-106.6128,16.9729],[-106.6115,16.9723],[-106.6101,16.9718],[-106.6087,16.9713],[-106.6073,16.9709],[-106.6059,16.9706],[-106.6044,16.9703],[-106.6029,16.9701],[-106.6015,16.97],[-106.6,16.97]]]},"properties":{"storm_name":"RACHEL-26","fuente":"GDACS","alertlevel":"Green","url":"https://www.gdacs.org/report.aspx?eventid=1001329&episodeid=52&eventtype=TC","paises":"Mexico","layer":"storm_track","kind":"wind_radii_forecast","wind_kt":34}},{"type":"Feature","geometry":{"type":"Polygon","coordinates":[[[-107.2,17.57],[-107.1985,17.57],[-107.1971,17.5701],[-107.1956,17.5703],[-107.1941,17.5706],[-107.1927,17.5709],[-107.1913,17.5713],[-107.1899,17.5718],[-107.1885,17.5723],[-107.1872,17.5729],[-107.1859,17.5735],[-107.1846,17.5743],[-107.1833,17.5751],[-107.1821,17.5759],[-107.181,17.5768],[-107.1799,17.5778],[-107.1788,17.5788],[-107.1778,17.5799],[-107.1768,17.581],[-107.1759,17.5821],[-107.1751,17.5833],[-107.1743,17.5846],[-107.1735,17.5859],[-107.1729,17.5872],[-107.1723,17.5885],[-107.1718,17.5899],[-107.1713,17.5913],[-107.1709,17.5927],[-107.1706,17.5941],[-107.1703,17.5956],[-107.1701,17.5971],[-107.17,17.5985],[-107.17,17.6],[-107.17,17.6015],[-107.1701,17.6029],[-107.1703,17.6044],[-107.1706,17.6059],[-107.1709,17.6073],[-107.1713,17.6087],[-107.1718,17.6101],[-107.1723,17.6115],[-107.1729,17.6128],[-107.1735,17.6141],[-107.1743,17.6154],[-107.1751,17.6167],[-107.1759,17.6179],[-107.1768,17.619],[-107.1778,17.6201],[-107.1788,17.6212],[-107.1799,17.6222],[-107.181,17.6232],[-107.1821,17.6241],[-107.1833,17.6249],[-107.1846,17.6257],[-107.1859,17.6265],[-107.1872,17.6271],[-107.1885,17.6277],[-107.1899,17.6282],[-107.1913,17.6287],[-107.1927,17.6291],[-107.1941,17.6294],[-107.1956,17.6297],[-107.1971,17.6299],[-107.1985,17.63],[-107.2,17.63],[-107.2015,17.63],[-107.2029,17.6299],[-107.2044,17.6297],[-107.2059,17.6294],[-107.2073,17.6291],[-107.2087,17.6287],[-107.2101,17.6282],[-107.2115,17.6277],[-107.2128,17.6271],[-107.2141,17.6265],[-107.2154,17.6257],[-107.2167,17.6249],[-107.2179,17.6241],[-107.219,17.6232],[-107.2201,17.6222],[-107.2212,17.6212],[-107.2222,17.6201],[-107.2232,17.619],[-107.2241,17.6179],[-107.2249,17.6167],[-107.2257,17.6154],[-107.2265,17.6141],[-107.2271,17.6128],[-107.2277,17.6115],[-107.2282,17.6101],[-107.2287,17.6087],[-107.2291,17.6073],[-107.2294,17.6059],[-107.2297,17.6044],[-107.2299,17.6029],[-107.23,17.6015],[-107.23,17.6],[-107.23,17.5985],[-107.2299,17.5971],[-107.2297,17.5956],[-107.2294,17.5941],[-107.2291,17.5927],[-107.2287,17.5913],[-107.2282,17.5899],[-107.2277,17.5885],[-107.2271,17.5872],[-107.2265,17.5859],[-107.2257,17.5846],[-107.2249,17.5833],[-107.2241,17.5821],[-107.2232,17.581],[-107.2222,17.5799],[-107.2212,17.5788],[-107.2201,17.5778],[-107.219,17.5768],[-107.2179,17.5759],[-107.2167,17.5751],[-107.2154,17.5743],[-107.2141,17.5735],[-107.2128,17.5729],[-107.2115,17.5723],[-107.2101,17.5718],[-107.2087,17.5713],[-107.2073,17.5709],[-107.2059,17.5706],[-107.2044,17.5703],[-107.2029,17.5701],[-107.2015,17.57],[-107.2,17.57]]]},"properties":{"storm_name":"RACHEL-26","fuente":"GDACS","alertlevel":"Green","url":"https://www.gdacs.org/report.aspx?eventid=1001329&episodeid=52&eventtype=TC","paises":"Mexico","layer":"storm_track","kind":"wind_radii_forecast","wind_kt":34}},{"type":"Feature","geometry":{"type":"Polygon","coordinates":[[[-108.0,18.07],[-107.9985,18.07],[-107.9971,18.0701],[-107.9956,18.0703],[-107.9941,18.0706],[-107.9927,18.0709],[-107.9913,18.0713],[-107.9899,18.0718],[-107.9885,18.0723],[-107.9872,18.0729],[-107.9859,18.0735],[-107.9846,18.0743],[-107.9833,18.0751],[-107.9821,18.0759],[-107.981,18.0768],[-107.9799,18.0778],[-107.9788,18.0788],[-107.9778,18.0799],[-107.9768,18.081],[-107.9759,18.0821],[-107.9751,18.0833],[-107.9743,18.0846],[-107.9735,18.0859],[-107.9729,18.0872],[-107.9723,18.0885],[-107.9718,18.0899],[-107.9713,18.0913],[-107.9709,18.0927],[-107.9706,18.0941],[-107.9703,18.0956],[-107.9701,18.0971],[-107.97,18.0985],[-107.97,18.1],[-107.97,18.1015],[-107.9701,18.1029],[-107.9703,18.1044],[-107.9706,18.1059],[-107.9709,18.1073],[-107.9713,18.1087],[-107.9718,18.1101],[-107.9723,18.1115],[-107.9729,18.1128],[-107.9735,18.1141],[-107.9743,18.1154],[-107.9751,18.1167],[-107.9759,18.1179],[-107.9768,18.119],[-107.9778,18.1201],[-107.9788,18.1212],[-107.9799,18.1222],[-107.981,18.1232],[-107.9821,18.1241],[-107.9833,18.1249],[-107.9846,18.1257],[-107.9859,18.1265],[-107.9872,18.1271],[-107.9885,18.1277],[-107.9899,18.1282],[-107.9913,18.1287],[-107.9927,18.1291],[-107.9941,18.1294],[-107.9956,18.1297],[-107.9971,18.1299],[-107.9985,18.13],[-108.0,18.13],[-108.0015,18.13],[-108.0029,18.1299],[-108.0044,18.1297],[-108.0059,18.1294],[-108.0073,18.1291],[-108.0087,18.1287],[-108.0101,18.1282],[-108.0115,18.1277],[-108.0128,18.1271],[-108.0141,18.1265],[-108.0154,18.1257],[-108.0167,18.1249],[-108.0179,18.1241],[-108.019,18.1232],[-108.0201,18.1222],[-108.0212,18.1212],[-108.0222,18.1201],[-108.0232,18.119],[-108.0241,18.1179],[-108.0249,18.1167],[-108.0257,18.1154],[-108.0265,18.1141],[-108.0271,18.1128],[-108.0277,18.1115],[-108.0282,18.1101],[-108.0287,18.1087],[-108.0291,18.1073],[-108.0294,18.1059],[-108.0297,18.1044],[-108.0299,18.1029],[-108.03,18.1015],[-108.03,18.1],[-108.03,18.0985],[-108.0299,18.0971],[-108.0297,18.0956],[-108.0294,18.0941],[-108.0291,18.0927],[-108.0287,18.0913],[-108.0282,18.0899],[-108.0277,18.0885],[-108.0271,18.0872],[-108.0265,18.0859],[-108.0257,18.0846],[-108.0249,18.0833],[-108.0241,18.0821],[-108.0232,18.081],[-108.0222,18.0799],[-108.0212,18.0788],[-108.0201,18.0778],[-108.019,18.0768],[-108.0179,18.0759],[-108.0167,18.0751],[-108.0154,18.0743],[-108.0141,18.0735],[-108.0128,18.0729],[-108.0115,18.0723],[-108.0101,18.0718],[-108.0087,18.0713],[-108.0073,18.0709],[-108.0059,18.0706],[-108.0044,18.0703],[-108.0029,18.0701],[-108.0015,18.07],[-108.0,18.07]]]},"properties":{"storm_name":"RACHEL-26","fuente":"GDACS","alertlevel":"Green","url":"https://www.gdacs.org/report.aspx?eventid=1001329&episodeid=52&eventtype=TC","paises":"Mexico","layer":"storm_track","kind":"wind_radii_forecast","wind_kt":34}},{"type":"Feature","geometry":{"type":"Polygon","coordinates":[[[-108.0,18.77],[-107.9985,18.77],[-107.9971,18.7701],[-107.9956,18.7703],[-107.9941,18.7706],[-107.9927,18.7709],[-107.9913,18.7713],[-107.9899,18.7718],[-107.9885,18.7723],[-107.9872,18.7729],[-107.9859,18.7735],[-107.9846,18.7743],[-107.9833,18.7751],[-107.9821,18.7759],[-107.981,18.7768],[-107.9799,18.7778],[-107.9788,18.7788],[-107.9778,18.7799],[-107.9768,18.781],[-107.9759,18.7821],[-107.9751,18.7833],[-107.9743,18.7846],[-107.9735,18.7859],[-107.9729,18.7872],[-107.9723,18.7885],[-107.9718,18.7899],[-107.9713,18.7913],[-107.9709,18.7927],[-107.9706,18.7941],[-107.9703,18.7956],[-107.9701,18.7971],[-107.97,18.7985],[-107.97,18.8],[-107.97,18.8015],[-107.9701,18.8029],[-107.9703,18.8044],[-107.9706,18.8059],[-107.9709,18.8073],[-107.9713,18.8087],[-107.9718,18.8101],[-107.9723,18.8115],[-107.9729,18.8128],[-107.9735,18.8141],[-107.9743,18.8154],[-107.9751,18.8167],[-107.9759,18.8179],[-107.9768,18.819],[-107.9778,18.8201],[-107.9788,18.8212],[-107.9799,18.8222],[-107.981,18.8232],[-107.9821,18.8241],[-107.9833,18.8249],[-107.9846,18.8257],[-107.9859,18.8265],[-107.9872,18.8271],[-107.9885,18.8277],[-107.9899,18.8282],[-107.9913,18.8287],[-107.9927,18.8291],[-107.9941,18.8294],[-107.9956,18.8297],[-107.9971,18.8299],[-107.9985,18.83],[-108.0,18.83],[-108.0015,18.83],[-108.0029,18.8299],[-108.0044,18.8297],[-108.0059,18.8294],[-108.0073,18.8291],[-108.0087,18.8287],[-108.0101,18.8282],[-108.0115,18.8277],[-108.0128,18.8271],[-108.0141,18.8265],[-108.0154,18.8257],[-108.0167,18.8249],[-108.0179,18.8241],[-108.019,18.8232],[-108.0201,18.8222],[-108.0212,18.8212],[-108.0222,18.8201],[-108.0232,18.819],[-108.0241,18.8179],[-108.0249,18.8167],[-108.0257,18.8154],[-108.0265,18.8141],[-108.0271,18.8128],[-108.0277,18.8115],[-108.0282,18.8101],[-108.0287,18.8087],[-108.0291,18.8073],[-108.0294,18.8059],[-108.0297,18.8044],[-108.0299,18.8029],[-108.03,18.8015],[-108.03,18.8],[-108.03,18.7985],[-108.0299,18.7971],[-108.0297,18.7956],[-108.0294,18.7941],[-108.0291,18.7927],[-108.0287,18.7913],[-108.0282,18.7899],[-108.0277,18.7885],[-108.0271,18.7872],[-108.0265,18.7859],[-108.0257,18.7846],[-108.0249,18.7833],[-108.0241,18.7821],[-108.0232,18.781],[-108.0222,18.7799],[-108.0212,18.7788],[-108.0201,18.7778],[-108.019,18.7768],[-108.0179,18.7759],[-108.0167,18.7751],[-108.0154,18.7743],[-108.0141,18.7735],[-108.0128,18.7729],[-108.0115,18.7723],[-108.0101,18.7718],[-108.0087,18.7713],[-108.0073,18.7709],[-108.0059,18.7706],[-108.0044,18.7703],[-108.0029,18.7701],[-108.0015,18.77],[-108.0,18.77]]]},"properties":{"storm_name":"RACHEL-26","fuente":"GDACS","alertlevel":"Green","url":"https://www.gdacs.org/report.aspx?eventid=1001329&episodeid=52&eventtype=TC","paises":"Mexico","layer":"storm_track","kind":"wind_radii_forecast","wind_kt":34}},{"type":"Feature","geometry":{"type":"Polygon","coordinates":[[[-108.5,19.17],[-108.4985,19.17],[-108.4971,19.1701],[-108.4956,19.1703],[-108.4941,19.1706],[-108.4927,19.1709],[-108.4913,19.1713],[-108.4899,19.1718],[-108.4885,19.1723],[-108.4872,19.1729],[-108.4859,19.1735],[-108.4846,19.1743],[-108.4833,19.1751],[-108.4821,19.1759],[-108.481,19.1768],[-108.4799,19.1778],[-108.4788,19.1788],[-108.4778,19.1799],[-108.4768,19.181],[-108.4759,19.1821],[-108.4751,19.1833],[-108.4743,19.1846],[-108.4735,19.1859],[-108.4729,19.1872],[-108.4723,19.1885],[-108.4718,19.1899],[-108.4713,19.1913],[-108.4709,19.1927],[-108.4706,19.1941],[-108.4703,19.1956],[-108.4701,19.1971],[-108.47,19.1985],[-108.47,19.2],[-108.47,19.2015],[-108.4701,19.2029],[-108.4703,19.2044],[-108.4706,19.2059],[-108.4709,19.2073],[-108.4713,19.2087],[-108.4718,19.2101],[-108.4723,19.2115],[-108.4729,19.2128],[-108.4735,19.2141],[-108.4743,19.2154],[-108.4751,19.2167],[-108.4759,19.2179],[-108.4768,19.219],[-108.4778,19.2201],[-108.4788,19.2212],[-108.4799,19.2222],[-108.481,19.2232],[-108.4821,19.2241],[-108.4833,19.2249],[-108.4846,19.2257],[-108.4859,19.2265],[-108.4872,19.2271],[-108.4885,19.2277],[-108.4899,19.2282],[-108.4913,19.2287],[-108.4927,19.2291],[-108.4941,19.2294],[-108.4956,19.2297],[-108.4971,19.2299],[-108.4985,19.23],[-108.5,19.23],[-108.5015,19.23],[-108.5029,19.2299],[-108.5044,19.2297],[-108.5059,19.2294],[-108.5073,19.2291],[-108.5087,19.2287],[-108.5101,19.2282],[-108.5115,19.2277],[-108.5128,19.2271],[-108.5141,19.2265],[-108.5154,19.2257],[-108.5167,19.2249],[-108.5179,19.2241],[-108.519,19.2232],[-108.5201,19.2222],[-108.5212,19.2212],[-108.5222,19.2201],[-108.5232,19.219],[-108.5241,19.2179],[-108.5249,19.2167],[-108.5257,19.2154],[-108.5265,19.2141],[-108.5271,19.2128],[-108.5277,19.2115],[-108.5282,19.2101],[-108.5287,19.2087],[-108.5291,19.2073],[-108.5294,19.2059],[-108.5297,19.2044],[-108.5299,19.2029],[-108.53,19.2015],[-108.53,19.2],[-108.53,19.1985],[-108.5299,19.1971],[-108.5297,19.1956],[-108.5294,19.1941],[-108.5291,19.1927],[-108.5287,19.1913],[-108.5282,19.1899],[-108.5277,19.1885],[-108.5271,19.1872],[-108.5265,19.1859],[-108.5257,19.1846],[-108.5249,19.1833],[-108.5241,19.1821],[-108.5232,19.181],[-108.5222,19.1799],[-108.5212,19.1788],[-108.5201,19.1778],[-108.519,19.1768],[-108.5179,19.1759],[-108.5167,19.1751],[-108.5154,19.1743],[-108.5141,19.1735],[-108.5128,19.1729],[-108.5115,19.1723],[-108.5101,19.1718],[-108.5087,19.1713],[-108.5073,19.1709],[-108.5059,19.1706],[-108.5044,19.1703],[-108.5029,19.1701],[-108.5015,19.17],[-108.5,19.17]]]},"properties":{"storm_name":"RACHEL-26","fuente":"GDACS","alertlevel":"Green","url":"https://www.gdacs.org/report.aspx?eventid=1001329&episodeid=52&eventtype=TC","paises":"Mexico","layer":"storm_track","kind":"wind_radii_forecast","wind_kt":34}},{"type":"Feature","geometry":{"type":"Polygon","coordinates":[[[-109.3,19.37],[-109.2985,19.37],[-109.2971,19.3701],[-109.2956,19.3703],[-109.2941,19.3706],[-109.2927,19.3709],[-109.2913,19.3713],[-109.2899,19.3718],[-109.2885,19.3723],[-109.2872,19.3729],[-109.2859,19.3735],[-109.2846,19.3743],[-109.2833,19.3751],[-109.2821,19.3759],[-109.281,19.3768],[-109.2799,19.3778],[-109.2788,19.3788],[-109.2778,19.3799],[-109.2768,19.381],[-109.2759,19.3821],[-109.2751,19.3833],[-109.2743,19.3846],[-109.2735,19.3859],[-109.2729,19.3872],[-109.2723,19.3885],[-109.2718,19.3899],[-109.2713,19.3913],[-109.2709,19.3927],[-109.2706,19.3941],[-109.2703,19.3956],[-109.2701,19.3971],[-109.27,19.3985],[-109.27,19.4],[-109.27,19.4015],[-109.2701,19.4029],[-109.2703,19.4044],[-109.2706,19.4059],[-109.2709,19.4073],[-109.2713,19.4087],[-109.2718,19.4101],[-109.2723,19.4115],[-109.2729,19.4128],[-109.2735,19.4141],[-109.2743,19.4154],[-109.2751,19.4167],[-109.2759,19.4179],[-109.2768,19.419],[-109.2778,19.4201],[-109.2788,19.4212],[-109.2799,19.4222],[-109.281,19.4232],[-109.2821,19.4241],[-109.2833,19.4249],[-109.2846,19.4257],[-109.2859,19.4265],[-109.2872,19.4271],[-109.2885,19.4277],[-109.2899,19.4282],[-109.2913,19.4287],[-109.2927,19.4291],[-109.2941,19.4294],[-109.2956,19.4297],[-109.2971,19.4299],[-109.2985,19.43],[-109.3,19.43],[-109.3015,19.43],[-109.3029,19.4299],[-109.3044,19.4297],[-109.3059,19.4294],[-109.3073,19.4291],[-109.3087,19.4287],[-109.3101,19.4282],[-109.3115,19.4277],[-109.3128,19.4271],[-109.3141,19.4265],[-109.3154,19.4257],[-109.3167,19.4249],[-109.3179,19.4241],[-109.319,19.4232],[-109.3201,19.4222],[-109.3212,19.4212],[-109.3222,19.4201],[-109.3232,19.419],[-109.3241,19.4179],[-109.3249,19.4167],[-109.3257,19.4154],[-109.3265,19.4141],[-109.3271,19.4128],[-109.3277,19.4115],[-109.3282,19.4101],[-109.3287,19.4087],[-109.3291,19.4073],[-109.3294,19.4059],[-109.3297,19.4044],[-109.3299,19.4029],[-109.33,19.4015],[-109.33,19.4],[-109.33,19.3985],[-109.3299,19.3971],[-109.3297,19.3956],[-109.3294,19.3941],[-109.3291,19.3927],[-109.3287,19.3913],[-109.3282,19.3899],[-109.3277,19.3885],[-109.3271,19.3872],[-109.3265,19.3859],[-109.3257,19.3846],[-109.3249,19.3833],[-109.3241,19.3821],[-109.3232,19.381],[-109.3222,19.3799],[-109.3212,19.3788],[-109.3201,19.3778],[-109.319,19.3768],[-109.3179,19.3759],[-109.3167,19.3751],[-109.3154,19.3743],[-109.3141,19.3735],[-109.3128,19.3729],[-109.3115,19.3723],[-109.3101,19.3718],[-109.3087,19.3713],[-109.3073,19.3709],[-109.3059,19.3706],[-109.3044,19.3703],[-109.3029,19.3701],[-109.3015,19.37],[-109.3,19.37]]]},"properties":{"storm_name":"RACHEL-26","fuente":"GDACS","alertlevel":"Green","url":"https://www.gdacs.org/report.aspx?eventid=1001329&episodeid=52&eventtype=TC","paises":"Mexico","layer":"storm_track","kind":"wind_radii_forecast","wind_kt":34}},{"type":"Feature","geometry":{"type":"Polygon","coordinates":[[[-109.6,19.57],[-109.5985,19.57],[-109.5971,19.5701],[-109.5956,19.5703],[-109.5941,19.5706],[-109.5927,19.5709],[-109.5913,19.5713],[-109.5899,19.5718],[-109.5885,19.5723],[-109.5872,19.5729],[-109.5859,19.5735],[-109.5846,19.5743],[-109.5833,19.5751],[-109.5821,19.5759],[-109.581,19.5768],[-109.5799,19.5778],[-109.5788,19.5788],[-109.5778,19.5799],[-109.5768,19.581],[-109.5759,19.5821],[-109.5751,19.5833],[-109.5743,19.5846],[-109.5735,19.5859],[-109.5729,19.5872],[-109.5723,19.5885],[-109.5718,19.5899],[-109.5713,19.5913],[-109.5709,19.5927],[-109.5706,19.5941],[-109.5703,19.5956],[-109.5701,19.5971],[-109.57,19.5985],[-109.57,19.6],[-109.57,19.6015],[-109.5701,19.6029],[-109.5703,19.6044],[-109.5706,19.6059],[-109.5709,19.6073],[-109.5713,19.6087],[-109.5718,19.6101],[-109.5723,19.6115],[-109.5729,19.6128],[-109.5735,19.6141],[-109.5743,19.6154],[-109.5751,19.6167],[-109.5759,19.6179],[-109.5768,19.619],[-109.5778,19.6201],[-109.5788,19.6212],[-109.5799,19.6222],[-109.581,19.6232],[-109.5821,19.6241],[-109.5833,19.6249],[-109.5846,19.6257],[-109.5859,19.6265],[-109.5872,19.6271],[-109.5885,19.6277],[-109.5899,19.6282],[-109.5913,19.6287],[-109.5927,19.6291],[-109.5941,19.6294],[-109.5956,19.6297],[-109.5971,19.6299],[-109.5985,19.63],[-109.6,19.63],[-109.6015,19.63],[-109.6029,19.6299],[-109.6044,19.6297],[-109.6059,19.6294],[-109.6073,19.6291],[-109.6087,19.6287],[-109.6101,19.6282],[-109.6115,19.6277],[-109.6128,19.6271],[-109.6141,19.6265],[-109.6154,19.6257],[-109.6167,19.6249],[-109.6179,19.6241],[-109.619,19.6232],[-109.6201,19.6222],[-109.6212,19.6212],[-109.6222,19.6201],[-109.6232,19.619],[-109.6241,19.6179],[-109.6249,19.6167],[-109.6257,19.6154],[-109.6265,19.6141],[-109.6271,19.6128],[-109.6277,19.6115],[-109.6282,19.6101],[-109.6287,19.6087],[-109.6291,19.6073],[-109.6294,19.6059],[-109.6297,19.6044],[-109.6299,19.6029],[-109.63,19.6015],[-109.63,19.6],[-109.63,19.5985],[-109.6299,19.5971],[-109.6297,19.5956],[-109.6294,19.5941],[-109.6291,19.5927],[-109.6287,19.5913],[-109.6282,19.5899],[-109.6277,19.5885],[-109.6271,19.5872],[-109.6265,19.5859],[-109.6257,19.5846],[-109.6249,19.5833],[-109.6241,19.5821],[-109.6232,19.581],[-109.6222,19.5799],[-109.6212,19.5788],[-109.6201,19.5778],[-109.619,19.5768],[-109.6179,19.5759],[-109.6167,19.5751],[-109.6154,19.5743],[-109.6141,19.5735],[-109.6128,19.5729],[-109.6115,19.5723],[-109.6101,19.5718],[-109.6087,19.5713],[-109.6073,19.5709],[-109.6059,19.5706],[-109.6044,19.5703],[-109.6029,19.5701],[-109.6015,19.57],[-109.6,19.57]]]},"properties":{"storm_name":"RACHEL-26","fuente":"GDACS","alertlevel":"Green","url":"https://www.gdacs.org/report.aspx?eventid=1001329&episodeid=52&eventtype=TC","paises":"Mexico","layer":"storm_track","kind":"wind_radii_forecast","wind_kt":34}},{"type":"Feature","geometry":{"type":"Polygon","coordinates":[[[-109.5,19.37],[-109.4985,19.37],[-109.4971,19.3701],[-109.4956,19.3703],[-109.4941,19.3706],[-109.4927,19.3709],[-109.4913,19.3713],[-109.4899,19.3718],[-109.4885,19.3723],[-109.4872,19.3729],[-109.4859,19.3735],[-109.4846,19.3743],[-109.4833,19.3751],[-109.4821,19.3759],[-109.481,19.3768],[-109.4799,19.3778],[-109.4788,19.3788],[-109.4778,19.3799],[-109.4768,19.381],[-109.4759,19.3821],[-109.4751,19.3833],[-109.4743,19.3846],[-109.4735,19.3859],[-109.4729,19.3872],[-109.4723,19.3885],[-109.4718,19.3899],[-109.4713,19.3913],[-109.4709,19.3927],[-109.4706,19.3941],[-109.4703,19.3956],[-109.4701,19.3971],[-109.47,19.3985],[-109.47,19.4],[-109.47,19.4015],[-109.4701,19.4029],[-109.4703,19.4044],[-109.4706,19.4059],[-109.4709,19.4073],[-109.4713,19.4087],[-109.4718,19.4101],[-109.4723,19.4115],[-109.4729,19.4128],[-109.4735,19.4141],[-109.4743,19.4154],[-109.4751,19.4167],[-109.4759,19.4179],[-109.4768,19.419],[-109.4778,19.4201],[-109.4788,19.4212],[-109.4799,19.4222],[-109.481,19.4232],[-109.4821,19.4241],[-109.4833,19.4249],[-109.4846,19.4257],[-109.4859,19.4265],[-109.4872,19.4271],[-109.4885,19.4277],[-109.4899,19.4282],[-109.4913,19.4287],[-109.4927,19.4291],[-109.4941,19.4294],[-109.4956,19.4297],[-109.4971,19.4299],[-109.4985,19.43],[-109.5,19.43],[-109.5015,19.43],[-109.5029,19.4299],[-109.5044,19.4297],[-109.5059,19.4294],[-109.5073,19.4291],[-109.5087,19.4287],[-109.5101,19.4282],[-109.5115,19.4277],[-109.5128,19.4271],[-109.5141,19.4265],[-109.5154,19.4257],[-109.5167,19.4249],[-109.5179,19.4241],[-109.519,19.4232],[-109.5201,19.4222],[-109.5212,19.4212],[-109.5222,19.4201],[-109.5232,19.419],[-109.5241,19.4179],[-109.5249,19.4167],[-109.5257,19.4154],[-109.5265,19.4141],[-109.5271,19.4128],[-109.5277,19.4115],[-109.5282,19.4101],[-109.5287,19.4087],[-109.5291,19.4073],[-109.5294,19.4059],[-109.5297,19.4044],[-109.5299,19.4029],[-109.53,19.4015],[-109.53,19.4],[-109.53,19.3985],[-109.5299,19.3971],[-109.5297,19.3956],[-109.5294,19.3941],[-109.5291,19.3927],[-109.5287,19.3913],[-109.5282,19.3899],[-109.5277,19.3885],[-109.5271,19.3872],[-109.5265,19.3859],[-109.5257,19.3846],[-109.5249,19.3833],[-109.5241,19.3821],[-109.5232,19.381],[-109.5222,19.3799],[-109.5212,19.3788],[-109.5201,19.3778],[-109.519,19.3768],[-109.5179,19.3759],[-109.5167,19.3751],[-109.5154,19.3743],[-109.5141,19.3735],[-109.5128,19.3729],[-109.5115,19.3723],[-109.5101,19.3718],[-109.5087,19.3713],[-109.5073,19.3709],[-109.5059,19.3706],[-109.5044,19.3703],[-109.5029,19.3701],[-109.5015,19.37],[-109.5,19.37]]]},"properties":{"storm_name":"RACHEL-26","fuente":"GDACS","alertlevel":"Green","url":"https://www.gdacs.org/report.aspx?eventid=1001329&episodeid=52&eventtype=TC","paises":"Mexico","layer":"storm_track","kind":"wind_radii_forecast","wind_kt":34}},{"type":"Feature","geometry":{"type":"Polygon","coordinates":[[[-109.9,19.47],[-109.8985,19.47],[-109.8971,19.4701],[-109.8956,19.4703],[-109.8941,19.4706],[-109.8927,19.4709],[-109.8913,19.4713],[-109.8899,19.4718],[-109.8885,19.4723],[-109.8872,19.4729],[-109.8859,19.4735],[-109.8846,19.4743],[-109.8833,19.4751],[-109.8821,19.4759],[-109.881,19.4768],[-109.8799,19.4778],[-109.8788,19.4788],[-109.8778,19.4799],[-109.8768,19.481],[-109.8759,19.4821],[-109.8751,19.4833],[-109.8743,19.4846],[-109.8735,19.4859],[-109.8729,19.4872],[-109.8723,19.4885],[-109.8718,19.4899],[-109.8713,19.4913],[-109.8709,19.4927],[-109.8706,19.4941],[-109.8703,19.4956],[-109.8701,19.4971],[-109.87,19.4985],[-109.87,19.5],[-109.87,19.5015],[-109.8701,19.5029],[-109.8703,19.5044],[-109.8706,19.5059],[-109.8709,19.5073],[-109.8713,19.5087],[-109.8718,19.5101],[-109.8723,19.5115],[-109.8729,19.5128],[-109.8735,19.5141],[-109.8743,19.5154],[-109.8751,19.5167],[-109.8759,19.5179],[-109.8768,19.519],[-109.8778,19.5201],[-109.8788,19.5212],[-109.8799,19.5222],[-109.881,19.5232],[-109.8821,19.5241],[-109.8833,19.5249],[-109.8846,19.5257],[-109.8859,19.5265],[-109.8872,19.5271],[-109.8885,19.5277],[-109.8899,19.5282],[-109.8913,19.5287],[-109.8927,19.5291],[-109.8941,19.5294],[-109.8956,19.5297],[-109.8971,19.5299],[-109.8985,19.53],[-109.9,19.53],[-109.9015,19.53],[-109.9029,19.5299],[-109.9044,19.5297],[-109.9059,19.5294],[-109.9073,19.5291],[-109.9087,19.5287],[-109.9101,19.5282],[-109.9115,19.5277],[-109.9128,19.5271],[-109.9141,19.5265],[-109.9154,19.5257],[-109.9167,19.5249],[-109.9179,19.5241],[-109.919,19.5232],[-109.9201,19.5222],[-109.9212,19.5212],[-109.9222,19.5201],[-109.9232,19.519],[-109.9241,19.5179],[-109.9249,19.5167],[-109.9257,19.5154],[-109.9265,19.5141],[-109.9271,19.5128],[-109.9277,19.5115],[-109.9282,19.5101],[-109.9287,19.5087],[-109.9291,19.5073],[-109.9294,19.5059],[-109.9297,19.5044],[-109.9299,19.5029],[-109.93,19.5015],[-109.93,19.5],[-109.93,19.4985],[-109.9299,19.4971],[-109.9297,19.4956],[-109.9294,19.4941],[-109.9291,19.4927],[-109.9287,19.4913],[-109.9282,19.4899],[-109.9277,19.4885],[-109.9271,19.4872],[-109.9265,19.4859],[-109.9257,19.4846],[-109.9249,19.4833],[-109.9241,19.4821],[-109.9232,19.481],[-109.9222,19.4799],[-109.9212,19.4788],[-109.9201,19.4778],[-109.919,19.4768],[-109.9179,19.4759],[-109.9167,19.4751],[-109.9154,19.4743],[-109.9141,19.4735],[-109.9128,19.4729],[-109.9115,19.4723],[-109.9101,19.4718],[-109.9087,19.4713],[-109.9073,19.4709],[-109.9059,19.4706],[-109.9044,19.4703],[-109.9029,19.4701],[-109.9015,19.47],[-109.9,19.47]]]},"properties":{"storm_name":"RACHEL-26","fuente":"GDACS","alertlevel":"Green","url":"https://www.gdacs.org/report.aspx?eventid=1001329&episodeid=52&eventtype=TC","paises":"Mexico","layer":"storm_track","kind":"wind_radii_forecast","wind_kt":34}},{"type":"Feature","geometry":{"type":"Polygon","coordinates":[[[-110.4,19.37],[-110.3985,19.37],[-110.3971,19.3701],[-110.3956,19.3703],[-110.3941,19.3706],[-110.3927,19.3709],[-110.3913,19.3713],[-110.3899,19.3718],[-110.3885,19.3723],[-110.3872,19.3729],[-110.3859,19.3735],[-110.3846,19.3743],[-110.3833,19.3751],[-110.3821,19.3759],[-110.381,19.3768],[-110.3799,19.3778],[-110.3788,19.3788],[-110.3778,19.3799],[-110.3768,19.381],[-110.3759,19.3821],[-110.3751,19.3833],[-110.3743,19.3846],[-110.3735,19.3859],[-110.3729,19.3872],[-110.3723,19.3885],[-110.3718,19.3899],[-110.3713,19.3913],[-110.3709,19.3927],[-110.3706,19.3941],[-110.3703,19.3956],[-110.3701,19.3971],[-110.37,19.3985],[-110.37,19.4],[-110.37,19.4015],[-110.3701,19.4029],[-110.3703,19.4044],[-110.3706,19.4059],[-110.3709,19.4073],[-110.3713,19.4087],[-110.3718,19.4101],[-110.3723,19.4115],[-110.3729,19.4128],[-110.3735,19.4141],[-110.3743,19.4154],[-110.3751,19.4167],[-110.3759,19.4179],[-110.3768,19.419],[-110.3778,19.4201],[-110.3788,19.4212],[-110.3799,19.4222],[-110.381,19.4232],[-110.3821,19.4241],[-110.3833,19.4249],[-110.3846,19.4257],[-110.3859,19.4265],[-110.3872,19.4271],[-110.3885,19.4277],[-110.3899,19.4282],[-110.3913,19.4287],[-110.3927,19.4291],[-110.3941,19.4294],[-110.3956,19.4297],[-110.3971,19.4299],[-110.3985,19.43],[-110.4,19.43],[-110.4015,19.43],[-110.4029,19.4299],[-110.4044,19.4297],[-110.4059,19.4294],[-110.4073,19.4291],[-110.4087,19.4287],[-110.4101,19.4282],[-110.4115,19.4277],[-110.4128,19.4271],[-110.4141,19.4265],[-110.4154,19.4257],[-110.4167,19.4249],[-110.4179,19.4241],[-110.419,19.4232],[-110.4201,19.4222],[-110.4212,19.4212],[-110.4222,19.4201],[-110.4232,19.419],[-110.4241,19.4179],[-110.4249,19.4167],[-110.4257,19.4154],[-110.4265,19.4141],[-110.4271,19.4128],[-110.4277,19.4115],[-110.4282,19.4101],[-110.4287,19.4087],[-110.4291,19.4073],[-110.4294,19.4059],[-110.4297,19.4044],[-110.4299,19.4029],[-110.43,19.4015],[-110.43,19.4],[-110.43,19.3985],[-110.4299,19.3971],[-110.4297,19.3956],[-110.4294,19.3941],[-110.4291,19.3927],[-110.4287,19.3913],[-110.4282,19.3899],[-110.4277,19.3885],[-110.4271,19.3872],[-110.4265,19.3859],[-110.4257,19.3846],[-110.4249,19.3833],[-110.4241,19.3821],[-110.4232,19.381],[-110.4222,19.3799],[-110.4212,19.3788],[-110.4201,19.3778],[-110.419,19.3768],[-110.4179,19.3759],[-110.4167,19.3751],[-110.4154,19.3743],[-110.4141,19.3735],[-110.4128,19.3729],[-110.4115,19.3723],[-110.4101,19.3718],[-110.4087,19.3713],[-110.4073,19.3709],[-110.4059,19.3706],[-110.4044,19.3703],[-110.4029,19.3701],[-110.4015,19.37],[-110.4,19.37]]]},"properties":{"storm_name":"RACHEL-26","fuente":"GDACS","alertlevel":"Green","url":"https://www.gdacs.org/report.aspx?eventid=1001329&episodeid=52&eventtype=TC","paises":"Mexico","layer":"storm_track","kind":"wind_radii_forecast","wind_kt":34}},{"type":"Feature","geometry":{"type":"Polygon","coordinates":[[[-110.8,19.27],[-110.7985,19.27],[-110.7971,19.2701],[-110.7956,19.2703],[-110.7941,19.2706],[-110.7927,19.2709],[-110.7913,19.2713],[-110.7899,19.2718],[-110.7885,19.2723],[-110.7872,19.2729],[-110.7859,19.2735],[-110.7846,19.2743],[-110.7833,19.2751],[-110.7821,19.2759],[-110.781,19.2768],[-110.7799,19.2778],[-110.7788,19.2788],[-110.7778,19.2799],[-110.7768,19.281],[-110.7759,19.2821],[-110.7751,19.2833],[-110.7743,19.2846],[-110.7735,19.2859],[-110.7729,19.2872],[-110.7723,19.2885],[-110.7718,19.2899],[-110.7713,19.2913],[-110.7709,19.2927],[-110.7706,19.2941],[-110.7703,19.2956],[-110.7701,19.2971],[-110.77,19.2985],[-110.77,19.3],[-110.77,19.3015],[-110.7701,19.3029],[-110.7703,19.3044],[-110.7706,19.3059],[-110.7709,19.3073],[-110.7713,19.3087],[-110.7718,19.3101],[-110.7723,19.3115],[-110.7729,19.3128],[-110.7735,19.3141],[-110.7743,19.3154],[-110.7751,19.3167],[-110.7759,19.3179],[-110.7768,19.319],[-110.7778,19.3201],[-110.7788,19.3212],[-110.7799,19.3222],[-110.781,19.3232],[-110.7821,19.3241],[-110.7833,19.3249],[-110.7846,19.3257],[-110.7859,19.3265],[-110.7872,19.3271],[-110.7885,19.3277],[-110.7899,19.3282],[-110.7913,19.3287],[-110.7927,19.3291],[-110.7941,19.3294],[-110.7956,19.3297],[-110.7971,19.3299],[-110.7985,19.33],[-110.8,19.33],[-110.8015,19.33],[-110.8029,19.3299],[-110.8044,19.3297],[-110.8059,19.3294],[-110.8073,19.3291],[-110.8087,19.3287],[-110.8101,19.3282],[-110.8115,19.3277],[-110.8128,19.3271],[-110.8141,19.3265],[-110.8154,19.3257],[-110.8167,19.3249],[-110.8179,19.3241],[-110.819,19.3232],[-110.8201,19.3222],[-110.8212,19.3212],[-110.8222,19.3201],[-110.8232,19.319],[-110.8241,19.3179],[-110.8249,19.3167],[-110.8257,19.3154],[-110.8265,19.3141],[-110.8271,19.3128],[-110.8277,19.3115],[-110.8282,19.3101],[-110.8287,19.3087],[-110.8291,19.3073],[-110.8294,19.3059],[-110.8297,19.3044],[-110.8299,19.3029],[-110.83,19.3015],[-110.83,19.3],[-110.83,19.2985],[-110.8299,19.2971],[-110.8297,19.2956],[-110.8294,19.2941],[-110.8291,19.2927],[-110.8287,19.2913],[-110.8282,19.2899],[-110.8277,19.2885],[-110.8271,19.2872],[-110.8265,19.2859],[-110.8257,19.2846],[-110.8249,19.2833],[-110.8241,19.2821],[-110.8232,19.281],[-110.8222,19.2799],[-110.8212,19.2788],[-110.8201,19.2778],[-110.819,19.2768],[-110.8179,19.2759],[-110.8167,19.2751],[-110.8154,19.2743],[-110.8141,19.2735],[-110.8128,19.2729],[-110.8115,19.2723],[-110.8101,19.2718],[-110.8087,19.2713],[-110.8073,19.2709],[-110.8059,19.2706],[-110.8044,19.2703],[-110.8029,19.2701],[-110.8015,19.27],[-110.8,19.27]]]},"properties":{"storm_name":"RACHEL-26","fuente":"GDACS","alertlevel":"Green","url":"https://www.gdacs.org/report.aspx?eventid=1001329&episodeid=52&eventtype=TC","paises":"Mexico","layer":"storm_track","kind":"wind_radii_forecast","wind_kt":34}},{"type":"Feature","geometry":{"type":"Polygon","coordinates":[[[-111.1,19.27],[-111.0985,19.27],[-111.0971,19.2701],[-111.0956,19.2703],[-111.0941,19.2706],[-111.0927,19.2709],[-111.0913,19.2713],[-111.0899,19.2718],[-111.0885,19.2723],[-111.0872,19.2729],[-111.0859,19.2735],[-111.0846,19.2743],[-111.0833,19.2751],[-111.0821,19.2759],[-111.081,19.2768],[-111.0799,19.2778],[-111.0788,19.2788],[-111.0778,19.2799],[-111.0768,19.281],[-111.0759,19.2821],[-111.0751,19.2833],[-111.0743,19.2846],[-111.0735,19.2859],[-111.0729,19.2872],[-111.0723,19.2885],[-111.0718,19.2899],[-111.0713,19.2913],[-111.0709,19.2927],[-111.0706,19.2941],[-111.0703,19.2956],[-111.0701,19.2971],[-111.07,19.2985],[-111.07,19.3],[-111.07,19.3015],[-111.0701,19.3029],[-111.0703,19.3044],[-111.0706,19.3059],[-111.0709,19.3073],[-111.0713,19.3087],[-111.0718,19.3101],[-111.0723,19.3115],[-111.0729,19.3128],[-111.0735,19.3141],[-111.0743,19.3154],[-111.0751,19.3167],[-111.0759,19.3179],[-111.0768,19.319],[-111.0778,19.3201],[-111.0788,19.3212],[-111.0799,19.3222],[-111.081,19.3232],[-111.0821,19.3241],[-111.0833,19.3249],[-111.0846,19.3257],[-111.0859,19.3265],[-111.0872,19.3271],[-111.0885,19.3277],[-111.0899,19.3282],[-111.0913,19.3287],[-111.0927,19.3291],[-111.0941,19.3294],[-111.0956,19.3297],[-111.0971,19.3299],[-111.0985,19.33],[-111.1,19.33],[-111.1015,19.33],[-111.1029,19.3299],[-111.1044,19.3297],[-111.1059,19.3294],[-111.1073,19.3291],[-111.1087,19.3287],[-111.1101,19.3282],[-111.1115,19.3277],[-111.1128,19.3271],[-111.1141,19.3265],[-111.1154,19.3257],[-111.1167,19.3249],[-111.1179,19.3241],[-111.119,19.3232],[-111.1201,19.3222],[-111.1212,19.3212],[-111.1222,19.3201],[-111.1232,19.319],[-111.1241,19.3179],[-111.1249,19.3167],[-111.1257,19.3154],[-111.1265,19.3141],[-111.1271,19.3128],[-111.1277,19.3115],[-111.1282,19.3101],[-111.1287,19.3087],[-111.1291,19.3073],[-111.1294,19.3059],[-111.1297,19.3044],[-111.1299,19.3029],[-111.13,19.3015],[-111.13,19.3],[-111.13,19.2985],[-111.1299,19.2971],[-111.1297,19.2956],[-111.1294,19.2941],[-111.1291,19.2927],[-111.1287,19.2913],[-111.1282,19.2899],[-111.1277,19.2885],[-111.1271,19.2872],[-111.1265,19.2859],[-111.1257,19.2846],[-111.1249,19.2833],[-111.1241,19.2821],[-111.1232,19.281],[-111.1222,19.2799],[-111.1212,19.2788],[-111.1201,19.2778],[-111.119,19.2768],[-111.1179,19.2759],[-111.1167,19.2751],[-111.1154,19.2743],[-111.1141,19.2735],[-111.1128,19.2729],[-111.1115,19.2723],[-111.1101,19.2718],[-111.1087,19.2713],[-111.1073,19.2709],[-111.1059,19.2706],[-111.1044,19.2703],[-111.1029,19.2701],[-111.1015,19.27],[-111.1,19.27]]]},"properties":{"storm_name":"RACHEL-26","fuente":"GDACS","alertlevel":"Green","url":"https://www.gdacs.org/report.aspx?eventid=1001329&episodeid=52&eventtype=TC","paises":"Mexico","layer":"storm_track","kind":"wind_radii_forecast","wind_kt":34}},{"type":"Feature","geometry":{"type":"Polygon","coordinates":[[[-111.5,19.37],[-111.4985,19.37],[-111.4971,19.3701],[-111.4956,19.3703],[-111.4941,19.3706],[-111.4927,19.3709],[-111.4913,19.3713],[-111.4899,19.3718],[-111.4885,19.3723],[-111.4872,19.3729],[-111.4859,19.3735],[-111.4846,19.3743],[-111.4833,19.3751],[-111.4821,19.3759],[-111.481,19.3768],[-111.4799,19.3778],[-111.4788,19.3788],[-111.4778,19.3799],[-111.4768,19.381],[-111.4759,19.3821],[-111.4751,19.3833],[-111.4743,19.3846],[-111.4735,19.3859],[-111.4729,19.3872],[-111.4723,19.3885],[-111.4718,19.3899],[-111.4713,19.3913],[-111.4709,19.3927],[-111.4706,19.3941],[-111.4703,19.3956],[-111.4701,19.3971],[-111.47,19.3985],[-111.47,19.4],[-111.47,19.4015],[-111.4701,19.4029],[-111.4703,19.4044],[-111.4706,19.4059],[-111.4709,19.4073],[-111.4713,19.4087],[-111.4718,19.4101],[-111.4723,19.4115],[-111.4729,19.4128],[-111.4735,19.4141],[-111.4743,19.4154],[-111.4751,19.4167],[-111.4759,19.4179],[-111.4768,19.419],[-111.4778,19.4201],[-111.4788,19.4212],[-111.4799,19.4222],[-111.481,19.4232],[-111.4821,19.4241],[-111.4833,19.4249],[-111.4846,19.4257],[-111.4859,19.4265],[-111.4872,19.4271],[-111.4885,19.4277],[-111.4899,19.4282],[-111.4913,19.4287],[-111.4927,19.4291],[-111.4941,19.4294],[-111.4956,19.4297],[-111.4971,19.4299],[-111.4985,19.43],[-111.5,19.43],[-111.5015,19.43],[-111.5029,19.4299],[-111.5044,19.4297],[-111.5059,19.4294],[-111.5073,19.4291],[-111.5087,19.4287],[-111.5101,19.4282],[-111.5115,19.4277],[-111.5128,19.4271],[-111.5141,19.4265],[-111.5154,19.4257],[-111.5167,19.4249],[-111.5179,19.4241],[-111.519,19.4232],[-111.5201,19.4222],[-111.5212,19.4212],[-111.5222,19.4201],[-111.5232,19.419],[-111.5241,19.4179],[-111.5249,19.4167],[-111.5257,19.4154],[-111.5265,19.4141],[-111.5271,19.4128],[-111.5277,19.4115],[-111.5282,19.4101],[-111.5287,19.4087],[-111.5291,19.4073],[-111.5294,19.4059],[-111.5297,19.4044],[-111.5299,19.4029],[-111.53,19.4015],[-111.53,19.4],[-111.53,19.3985],[-111.5299,19.3971],[-111.5297,19.3956],[-111.5294,19.3941],[-111.5291,19.3927],[-111.5287,19.3913],[-111.5282,19.3899],[-111.5277,19.3885],[-111.5271,19.3872],[-111.5265,19.3859],[-111.5257,19.3846],[-111.5249,19.3833],[-111.5241,19.3821],[-111.5232,19.381],[-111.5222,19.3799],[-111.5212,19.3788],[-111.5201,19.3778],[-111.519,19.3768],[-111.5179,19.3759],[-111.5167,19.3751],[-111.5154,19.3743],[-111.5141,19.3735],[-111.5128,19.3729],[-111.5115,19.3723],[-111.5101,19.3718],[-111.5087,19.3713],[-111.5073,19.3709],[-111.5059,19.3706],[-111.5044,19.3703],[-111.5029,19.3701],[-111.5015,19.37],[-111.5,19.37]]]},"properties":{"storm_name":"RACHEL-26","fuente":"GDACS","alertlevel":"Green","url":"https://www.gdacs.org/report.aspx?eventid=1001329&episodeid=52&eventtype=TC","paises":"Mexico","layer":"storm_track","kind":"wind_radii_forecast","wind_kt":34}},{"type":"Feature","geometry":{"type":"Polygon","coordinates":[[[-111.8,19.37],[-111.7985,19.37],[-111.7971,19.3701],[-111.7956,19.3703],[-111.7941,19.3706],[-111.7927,19.3709],[-111.7913,19.3713],[-111.7899,19.3718],[-111.7885,19.3723],[-111.7872,19.3729],[-111.7859,19.3735],[-111.7846,19.3743],[-111.7833,19.3751],[-111.7821,19.3759],[-111.781,19.3768],[-111.7799,19.3778],[-111.7788,19.3788],[-111.7778,19.3799],[-111.7768,19.381],[-111.7759,19.3821],[-111.7751,19.3833],[-111.7743,19.3846],[-111.7735,19.3859],[-111.7729,19.3872],[-111.7723,19.3885],[-111.7718,19.3899],[-111.7713,19.3913],[-111.7709,19.3927],[-111.7706,19.3941],[-111.7703,19.3956],[-111.7701,19.3971],[-111.77,19.3985],[-111.77,19.4],[-111.77,19.4015],[-111.7701,19.4029],[-111.7703,19.4044],[-111.7706,19.4059],[-111.7709,19.4073],[-111.7713,19.4087],[-111.7718,19.4101],[-111.7723,19.4115],[-111.7729,19.4128],[-111.7735,19.4141],[-111.7743,19.4154],[-111.7751,19.4167],[-111.7759,19.4179],[-111.7768,19.419],[-111.7778,19.4201],[-111.7788,19.4212],[-111.7799,19.4222],[-111.781,19.4232],[-111.7821,19.4241],[-111.7833,19.4249],[-111.7846,19.4257],[-111.7859,19.4265],[-111.7872,19.4271],[-111.7885,19.4277],[-111.7899,19.4282],[-111.7913,19.4287],[-111.7927,19.4291],[-111.7941,19.4294],[-111.7956,19.4297],[-111.7971,19.4299],[-111.7985,19.43],[-111.8,19.43],[-111.8015,19.43],[-111.8029,19.4299],[-111.8044,19.4297],[-111.8059,19.4294],[-111.8073,19.4291],[-111.8087,19.4287],[-111.8101,19.4282],[-111.8115,19.4277],[-111.8128,19.4271],[-111.8141,19.4265],[-111.8154,19.4257],[-111.8167,19.4249],[-111.8179,19.4241],[-111.819,19.4232],[-111.8201,19.4222],[-111.8212,19.4212],[-111.8222,19.4201],[-111.8232,19.419],[-111.8241,19.4179],[-111.8249,19.4167],[-111.8257,19.4154],[-111.8265,19.4141],[-111.8271,19.4128],[-111.8277,19.4115],[-111.8282,19.4101],[-111.8287,19.4087],[-111.8291,19.4073],[-111.8294,19.4059],[-111.8297,19.4044],[-111.8299,19.4029],[-111.83,19.4015],[-111.83,19.4],[-111.83,19.3985],[-111.8299,19.3971],[-111.8297,19.3956],[-111.8294,19.3941],[-111.8291,19.3927],[-111.8287,19.3913],[-111.8282,19.3899],[-111.8277,19.3885],[-111.8271,19.3872],[-111.8265,19.3859],[-111.8257,19.3846],[-111.8249,19.3833],[-111.8241,19.3821],[-111.8232,19.381],[-111.8222,19.3799],[-111.8212,19.3788],[-111.8201,19.3778],[-111.819,19.3768],[-111.8179,19.3759],[-111.8167,19.3751],[-111.8154,19.3743],[-111.8141,19.3735],[-111.8128,19.3729],[-111.8115,19.3723],[-111.8101,19.3718],[-111.8087,19.3713],[-111.8073,19.3709],[-111.8059,19.3706],[-111.8044,19.3703],[-111.8029,19.3701],[-111.8015,19.37],[-111.8,19.37]]]},"properties":{"storm_name":"RACHEL-26","fuente":"GDACS","alertlevel":"Green","url":"https://www.gdacs.org/report.aspx?eventid=1001329&episodeid=52&eventtype=TC","paises":"Mexico","layer":"storm_track","kind":"wind_radii_forecast","wind_kt":34}},{"type":"Feature","geometry":{"type":"Polygon","coordinates":[[[-112.1,19.57],[-112.0985,19.57],[-112.0971,19.5701],[-112.0956,19.5703],[-112.0941,19.5706],[-112.0927,19.5709],[-112.0913,19.5713],[-112.0899,19.5718],[-112.0885,19.5723],[-112.0872,19.5729],[-112.0859,19.5735],[-112.0846,19.5743],[-112.0833,19.5751],[-112.0821,19.5759],[-112.081,19.5768],[-112.0799,19.5778],[-112.0788,19.5788],[-112.0778,19.5799],[-112.0768,19.581],[-112.0759,19.5821],[-112.0751,19.5833],[-112.0743,19.5846],[-112.0735,19.5859],[-112.0729,19.5872],[-112.0723,19.5885],[-112.0718,19.5899],[-112.0713,19.5913],[-112.0709,19.5927],[-112.0706,19.5941],[-112.0703,19.5956],[-112.0701,19.5971],[-112.07,19.5985],[-112.07,19.6],[-112.07,19.6015],[-112.0701,19.6029],[-112.0703,19.6044],[-112.0706,19.6059],[-112.0709,19.6073],[-112.0713,19.6087],[-112.0718,19.6101],[-112.0723,19.6115],[-112.0729,19.6128],[-112.0735,19.6141],[-112.0743,19.6154],[-112.0751,19.6167],[-112.0759,19.6179],[-112.0768,19.619],[-112.0778,19.6201],[-112.0788,19.6212],[-112.0799,19.6222],[-112.081,19.6232],[-112.0821,19.6241],[-112.0833,19.6249],[-112.0846,19.6257],[-112.0859,19.6265],[-112.0872,19.6271],[-112.0885,19.6277],[-112.0899,19.6282],[-112.0913,19.6287],[-112.0927,19.6291],[-112.0941,19.6294],[-112.0956,19.6297],[-112.0971,19.6299],[-112.0985,19.63],[-112.1,19.63],[-112.1015,19.63],[-112.1029,19.6299],[-112.1044,19.6297],[-112.1059,19.6294],[-112.1073,19.6291],[-112.1087,19.6287],[-112.1101,19.6282],[-112.1115,19.6277],[-112.1128,19.6271],[-112.1141,19.6265],[-112.1154,19.6257],[-112.1167,19.6249],[-112.1179,19.6241],[-112.119,19.6232],[-112.1201,19.6222],[-112.1212,19.6212],[-112.1222,19.6201],[-112.1232,19.619],[-112.1241,19.6179],[-112.1249,19.6167],[-112.1257,19.6154],[-112.1265,19.6141],[-112.1271,19.6128],[-112.1277,19.6115],[-112.1282,19.6101],[-112.1287,19.6087],[-112.1291,19.6073],[-112.1294,19.6059],[-112.1297,19.6044],[-112.1299,19.6029],[-112.13,19.6015],[-112.13,19.6],[-112.13,19.5985],[-112.1299,19.5971],[-112.1297,19.5956],[-112.1294,19.5941],[-112.1291,19.5927],[-112.1287,19.5913],[-112.1282,19.5899],[-112.1277,19.5885],[-112.1271,19.5872],[-112.1265,19.5859],[-112.1257,19.5846],[-112.1249,19.5833],[-112.1241,19.5821],[-112.1232,19.581],[-112.1222,19.5799],[-112.1212,19.5788],[-112.1201,19.5778],[-112.119,19.5768],[-112.1179,19.5759],[-112.1167,19.5751],[-112.1154,19.5743],[-112.1141,19.5735],[-112.1128,19.5729],[-112.1115,19.5723],[-112.1101,19.5718],[-112.1087,19.5713],[-112.1073,19.5709],[-112.1059,19.5706],[-112.1044,19.5703],[-112.1029,19.5701],[-112.1015,19.57],[-112.1,19.57]]]},"properties":{"storm_name":"RACHEL-26","fuente":"GDACS","alertlevel":"Green","url":"https://www.gdacs.org/report.aspx?eventid=1001329&episodeid=52&eventtype=TC","paises":"Mexico","layer":"storm_track","kind":"wind_radii_forecast","wind_kt":34}},{"type":"Feature","geometry":{"type":"Polygon","coordinates":[[[-112.5,19.77],[-112.4985,19.77],[-112.4971,19.7701],[-112.4956,19.7703],[-112.4941,19.7706],[-112.4927,19.7709],[-112.4913,19.7713],[-112.4899,19.7718],[-112.4885,19.7723],[-112.4872,19.7729],[-112.4859,19.7735],[-112.4846,19.7743],[-112.4833,19.7751],[-112.4821,19.7759],[-112.481,19.7768],[-112.4799,19.7778],[-112.4788,19.7788],[-112.4778,19.7799],[-112.4768,19.781],[-112.4759,19.7821],[-112.4751,19.7833],[-112.4743,19.7846],[-112.4735,19.7859],[-112.4729,19.7872],[-112.4723,19.7885],[-112.4718,19.7899],[-112.4713,19.7913],[-112.4709,19.7927],[-112.4706,19.7941],[-112.4703,19.7956],[-112.4701,19.7971],[-112.47,19.7985],[-112.47,19.8],[-112.47,19.8015],[-112.4701,19.8029],[-112.4703,19.8044],[-112.4706,19.8059],[-112.4709,19.8073],[-112.4713,19.8087],[-112.4718,19.8101],[-112.4723,19.8115],[-112.4729,19.8128],[-112.4735,19.8141],[-112.4743,19.8154],[-112.4751,19.8167],[-112.4759,19.8179],[-112.4768,19.819],[-112.4778,19.8201],[-112.4788,19.8212],[-112.4799,19.8222],[-112.481,19.8232],[-112.4821,19.8241],[-112.4833,19.8249],[-112.4846,19.8257],[-112.4859,19.8265],[-112.4872,19.8271],[-112.4885,19.8277],[-112.4899,19.8282],[-112.4913,19.8287],[-112.4927,19.8291],[-112.4941,19.8294],[-112.4956,19.8297],[-112.4971,19.8299],[-112.4985,19.83],[-112.5,19.83],[-112.5015,19.83],[-112.5029,19.8299],[-112.5044,19.8297],[-112.5059,19.8294],[-112.5073,19.8291],[-112.5087,19.8287],[-112.5101,19.8282],[-112.5115,19.8277],[-112.5128,19.8271],[-112.5141,19.8265],[-112.5154,19.8257],[-112.5167,19.8249],[-112.5179,19.8241],[-112.519,19.8232],[-112.5201,19.8222],[-112.5212,19.8212],[-112.5222,19.8201],[-112.5232,19.819],[-112.5241,19.8179],[-112.5249,19.8167],[-112.5257,19.8154],[-112.5265,19.8141],[-112.5271,19.8128],[-112.5277,19.8115],[-112.5282,19.8101],[-112.5287,19.8087],[-112.5291,19.8073],[-112.5294,19.8059],[-112.5297,19.8044],[-112.5299,19.8029],[-112.53,19.8015],[-112.53,19.8],[-112.53,19.7985],[-112.5299,19.7971],[-112.5297,19.7956],[-112.5294,19.7941],[-112.5291,19.7927],[-112.5287,19.7913],[-112.5282,19.7899],[-112.5277,19.7885],[-112.5271,19.7872],[-112.5265,19.7859],[-112.5257,19.7846],[-112.5249,19.7833],[-112.5241,19.7821],[-112.5232,19.781],[-112.5222,19.7799],[-112.5212,19.7788],[-112.5201,19.7778],[-112.519,19.7768],[-112.5179,19.7759],[-112.5167,19.7751],[-112.5154,19.7743],[-112.5141,19.7735],[-112.5128,19.7729],[-112.5115,19.7723],[-112.5101,19.7718],[-112.5087,19.7713],[-112.5073,19.7709],[-112.5059,19.7706],[-112.5044,19.7703],[-112.5029,19.7701],[-112.5015,19.77],[-112.5,19.77]]]},"properties":{"storm_name":"RACHEL-26","fuente":"GDACS","alertlevel":"Green","url":"https://www.gdacs.org/report.aspx?eventid=1001329&episodeid=52&eventtype=TC","paises":"Mexico","layer":"storm_track","kind":"wind_radii_forecast","wind_kt":34}},{"type":"Feature","geometry":{"type":"Polygon","coordinates":[[[-112.8,19.97],[-112.7985,19.97],[-112.7971,19.9701],[-112.7956,19.9703],[-112.7941,19.9706],[-112.7927,19.9709],[-112.7913,19.9713],[-112.7899,19.9718],[-112.7885,19.9723],[-112.7872,19.9729],[-112.7859,19.9735],[-112.7846,19.9743],[-112.7833,19.9751],[-112.7821,19.9759],[-112.781,19.9768],[-112.7799,19.9778],[-112.7788,19.9788],[-112.7778,19.9799],[-112.7768,19.981],[-112.7759,19.9821],[-112.7751,19.9833],[-112.7743,19.9846],[-112.7735,19.9859],[-112.7729,19.9872],[-112.7723,19.9885],[-112.7718,19.9899],[-112.7713,19.9913],[-112.7709,19.9927],[-112.7706,19.9941],[-112.7703,19.9956],[-112.7701,19.9971],[-112.77,19.9985],[-112.77,20.0],[-112.77,20.0015],[-112.7701,20.0029],[-112.7703,20.0044],[-112.7706,20.0059],[-112.7709,20.0073],[-112.7713,20.0087],[-112.7718,20.0101],[-112.7723,20.0115],[-112.7729,20.0128],[-112.7735,20.0141],[-112.7743,20.0154],[-112.7751,20.0167],[-112.7759,20.0179],[-112.7768,20.019],[-112.7778,20.0201],[-112.7788,20.0212],[-112.7799,20.0222],[-112.781,20.0232],[-112.7821,20.0241],[-112.7833,20.0249],[-112.7846,20.0257],[-112.7859,20.0265],[-112.7872,20.0271],[-112.7885,20.0277],[-112.7899,20.0282],[-112.7913,20.0287],[-112.7927,20.0291],[-112.7941,20.0294],[-112.7956,20.0297],[-112.7971,20.0299],[-112.7985,20.03],[-112.8,20.03],[-112.8015,20.03],[-112.8029,20.0299],[-112.8044,20.0297],[-112.8059,20.0294],[-112.8073,20.0291],[-112.8087,20.0287],[-112.8101,20.0282],[-112.8115,20.0277],[-112.8128,20.0271],[-112.8141,20.0265],[-112.8154,20.0257],[-112.8167,20.0249],[-112.8179,20.0241],[-112.819,20.0232],[-112.8201,20.0222],[-112.8212,20.0212],[-112.8222,20.0201],[-112.8232,20.019],[-112.8241,20.0179],[-112.8249,20.0167],[-112.8257,20.0154],[-112.8265,20.0141],[-112.8271,20.0128],[-112.8277,20.0115],[-112.8282,20.0101],[-112.8287,20.0087],[-112.8291,20.0073],[-112.8294,20.0059],[-112.8297,20.0044],[-112.8299,20.0029],[-112.83,20.0015],[-112.83,20.0],[-112.83,19.9985],[-112.8299,19.9971],[-112.8297,19.9956],[-112.8294,19.9941],[-112.8291,19.9927],[-112.8287,19.9913],[-112.8282,19.9899],[-112.8277,19.9885],[-112.8271,19.9872],[-112.8265,19.9859],[-112.8257,19.9846],[-112.8249,19.9833],[-112.8241,19.9821],[-112.8232,19.981],[-112.8222,19.9799],[-112.8212,19.9788],[-112.8201,19.9778],[-112.819,19.9768],[-112.8179,19.9759],[-112.8167,19.9751],[-112.8154,19.9743],[-112.8141,19.9735],[-112.8128,19.9729],[-112.8115,19.9723],[-112.8101,19.9718],[-112.8087,19.9713],[-112.8073,19.9709],[-112.8059,19.9706],[-112.8044,19.9703],[-112.8029,19.9701],[-112.8015,19.97],[-112.8,19.97]]]},"properties":{"storm_name":"RACHEL-26","fuente":"GDACS","alertlevel":"Green","url":"https://www.gdacs.org/report.aspx?eventid=1001329&episodeid=52&eventtype=TC","paises":"Mexico","layer":"storm_track","kind":"wind_radii_forecast","wind_kt":34}},{"type":"Feature","geometry":{"type":"Polygon","coordinates":[[[-113.2,20.17],[-113.1985,20.17],[-113.1971,20.1701],[-113.1956,20.1703],[-113.1941,20.1706],[-113.1927,20.1709],[-113.1913,20.1713],[-113.1899,20.1718],[-113.1885,20.1723],[-113.1872,20.1729],[-113.1859,20.1735],[-113.1846,20.1743],[-113.1833,20.1751],[-113.1821,20.1759],[-113.181,20.1768],[-113.1799,20.1778],[-113.1788,20.1788],[-113.1778,20.1799],[-113.1768,20.181],[-113.1759,20.1821],[-113.1751,20.1833],[-113.1743,20.1846],[-113.1735,20.1859],[-113.1729,20.1872],[-113.1723,20.1885],[-113.1718,20.1899],[-113.1713,20.1913],[-113.1709,20.1927],[-113.1706,20.1941],[-113.1703,20.1956],[-113.1701,20.1971],[-113.17,20.1985],[-113.17,20.2],[-113.17,20.2015],[-113.1701,20.2029],[-113.1703,20.2044],[-113.1706,20.2059],[-113.1709,20.2073],[-113.1713,20.2087],[-113.1718,20.2101],[-113.1723,20.2115],[-113.1729,20.2128],[-113.1735,20.2141],[-113.1743,20.2154],[-113.1751,20.2167],[-113.1759,20.2179],[-113.1768,20.219],[-113.1778,20.2201],[-113.1788,20.2212],[-113.1799,20.2222],[-113.181,20.2232],[-113.1821,20.2241],[-113.1833,20.2249],[-113.1846,20.2257],[-113.1859,20.2265],[-113.1872,20.2271],[-113.1885,20.2277],[-113.1899,20.2282],[-113.1913,20.2287],[-113.1927,20.2291],[-113.1941,20.2294],[-113.1956,20.2297],[-113.1971,20.2299],[-113.1985,20.23],[-113.2,20.23],[-113.2015,20.23],[-113.2029,20.2299],[-113.2044,20.2297],[-113.2059,20.2294],[-113.2073,20.2291],[-113.2087,20.2287],[-113.2101,20.2282],[-113.2115,20.2277],[-113.2128,20.2271],[-113.2141,20.2265],[-113.2154,20.2257],[-113.2167,20.2249],[-113.2179,20.2241],[-113.219,20.2232],[-113.2201,20.2222],[-113.2212,20.2212],[-113.2222,20.2201],[-113.2232,20.219],[-113.2241,20.2179],[-113.2249,20.2167],[-113.2257,20.2154],[-113.2265,20.2141],[-113.2271,20.2128],[-113.2277,20.2115],[-113.2282,20.2101],[-113.2287,20.2087],[-113.2291,20.2073],[-113.2294,20.2059],[-113.2297,20.2044],[-113.2299,20.2029],[-113.23,20.2015],[-113.23,20.2],[-113.23,20.1985],[-113.2299,20.1971],[-113.2297,20.1956],[-113.2294,20.1941],[-113.2291,20.1927],[-113.2287,20.1913],[-113.2282,20.1899],[-113.2277,20.1885],[-113.2271,20.1872],[-113.2265,20.1859],[-113.2257,20.1846],[-113.2249,20.1833],[-113.2241,20.1821],[-113.2232,20.181],[-113.2222,20.1799],[-113.2212,20.1788],[-113.2201,20.1778],[-113.219,20.1768],[-113.2179,20.1759],[-113.2167,20.1751],[-113.2154,20.1743],[-113.2141,20.1735],[-113.2128,20.1729],[-113.2115,20.1723],[-113.2101,20.1718],[-113.2087,20.1713],[-113.2073,20.1709],[-113.2059,20.1706],[-113.2044,20.1703],[-113.2029,20.1701],[-113.2015,20.17],[-113.2,20.17]]]},"properties":{"storm_name":"RACHEL-26","fuente":"GDACS","alertlevel":"Green","url":"https://www.gdacs.org/report.aspx?eventid=1001329&episodeid=52&eventtype=TC","paises":"Mexico","layer":"storm_track","kind":"wind_radii_forecast","wind_kt":34}},{"type":"Feature","geometry":{"type":"Polygon","coordinates":[[[-113.8,20.17],[-113.7985,20.17],[-113.7971,20.1701],[-113.7956,20.1703],[-113.7941,20.1706],[-113.7927,20.1709],[-113.7913,20.1713],[-113.7899,20.1718],[-113.7885,20.1723],[-113.7872,20.1729],[-113.7859,20.1735],[-113.7846,20.1743],[-113.7833,20.1751],[-113.7821,20.1759],[-113.781,20.1768],[-113.7799,20.1778],[-113.7788,20.1788],[-113.7778,20.1799],[-113.7768,20.181],[-113.7759,20.1821],[-113.7751,20.1833],[-113.7743,20.1846],[-113.7735,20.1859],[-113.7729,20.1872],[-113.7723,20.1885],[-113.7718,20.1899],[-113.7713,20.1913],[-113.7709,20.1927],[-113.7706,20.1941],[-113.7703,20.1956],[-113.7701,20.1971],[-113.77,20.1985],[-113.77,20.2],[-113.77,20.2015],[-113.7701,20.2029],[-113.7703,20.2044],[-113.7706,20.2059],[-113.7709,20.2073],[-113.7713,20.2087],[-113.7718,20.2101],[-113.7723,20.2115],[-113.7729,20.2128],[-113.7735,20.2141],[-113.7743,20.2154],[-113.7751,20.2167],[-113.7759,20.2179],[-113.7768,20.219],[-113.7778,20.2201],[-113.7788,20.2212],[-113.7799,20.2222],[-113.781,20.2232],[-113.7821,20.2241],[-113.7833,20.2249],[-113.7846,20.2257],[-113.7859,20.2265],[-113.7872,20.2271],[-113.7885,20.2277],[-113.7899,20.2282],[-113.7913,20.2287],[-113.7927,20.2291],[-113.7941,20.2294],[-113.7956,20.2297],[-113.7971,20.2299],[-113.7985,20.23],[-113.8,20.23],[-113.8015,20.23],[-113.8029,20.2299],[-113.8044,20.2297],[-113.8059,20.2294],[-113.8073,20.2291],[-113.8087,20.2287],[-113.8101,20.2282],[-113.8115,20.2277],[-113.8128,20.2271],[-113.8141,20.2265],[-113.8154,20.2257],[-113.8167,20.2249],[-113.8179,20.2241],[-113.819,20.2232],[-113.8201,20.2222],[-113.8212,20.2212],[-113.8222,20.2201],[-113.8232,20.219],[-113.8241,20.2179],[-113.8249,20.2167],[-113.8257,20.2154],[-113.8265,20.2141],[-113.8271,20.2128],[-113.8277,20.2115],[-113.8282,20.2101],[-113.8287,20.2087],[-113.8291,20.2073],[-113.8294,20.2059],[-113.8297,20.2044],[-113.8299,20.2029],[-113.83,20.2015],[-113.83,20.2],[-113.83,20.1985],[-113.8299,20.1971],[-113.8297,20.1956],[-113.8294,20.1941],[-113.8291,20.1927],[-113.8287,20.1913],[-113.8282,20.1899],[-113.8277,20.1885],[-113.8271,20.1872],[-113.8265,20.1859],[-113.8257,20.1846],[-113.8249,20.1833],[-113.8241,20.1821],[-113.8232,20.181],[-113.8222,20.1799],[-113.8212,20.1788],[-113.8201,20.1778],[-113.819,20.1768],[-113.8179,20.1759],[-113.8167,20.1751],[-113.8154,20.1743],[-113.8141,20.1735],[-113.8128,20.1729],[-113.8115,20.1723],[-113.8101,20.1718],[-113.8087,20.1713],[-113.8073,20.1709],[-113.8059,20.1706],[-113.8044,20.1703],[-113.8029,20.1701],[-113.8015,20.17],[-113.8,20.17]]]},"properties":{"storm_name":"RACHEL-26","fuente":"GDACS","alertlevel":"Green","url":"https://www.gdacs.org/report.aspx?eventid=1001329&episodeid=52&eventtype=TC","paises":"Mexico","layer":"storm_track","kind":"wind_radii_forecast","wind_kt":34}},{"type":"Feature","geometry":{"type":"Polygon","coordinates":[[[-114.3,20.07],[-114.2985,20.07],[-114.2971,20.0701],[-114.2956,20.0703],[-114.2941,20.0706],[-114.2927,20.0709],[-114.2913,20.0713],[-114.2899,20.0718],[-114.2885,20.0723],[-114.2872,20.0729],[-114.2859,20.0735],[-114.2846,20.0743],[-114.2833,20.0751],[-114.2821,20.0759],[-114.281,20.0768],[-114.2799,20.0778],[-114.2788,20.0788],[-114.2778,20.0799],[-114.2768,20.081],[-114.2759,20.0821],[-114.2751,20.0833],[-114.2743,20.0846],[-114.2735,20.0859],[-114.2729,20.0872],[-114.2723,20.0885],[-114.2718,20.0899],[-114.2713,20.0913],[-114.2709,20.0927],[-114.2706,20.0941],[-114.2703,20.0956],[-114.2701,20.0971],[-114.27,20.0985],[-114.27,20.1],[-114.27,20.1015],[-114.2701,20.1029],[-114.2703,20.1044],[-114.2706,20.1059],[-114.2709,20.1073],[-114.2713,20.1087],[-114.2718,20.1101],[-114.2723,20.1115],[-114.2729,20.1128],[-114.2735,20.1141],[-114.2743,20.1154],[-114.2751,20.1167],[-114.2759,20.1179],[-114.2768,20.119],[-114.2778,20.1201],[-114.2788,20.1212],[-114.2799,20.1222],[-114.281,20.1232],[-114.2821,20.1241],[-114.2833,20.1249],[-114.2846,20.1257],[-114.2859,20.1265],[-114.2872,20.1271],[-114.2885,20.1277],[-114.2899,20.1282],[-114.2913,20.1287],[-114.2927,20.1291],[-114.2941,20.1294],[-114.2956,20.1297],[-114.2971,20.1299],[-114.2985,20.13],[-114.3,20.13],[-114.3015,20.13],[-114.3029,20.1299],[-114.3044,20.1297],[-114.3059,20.1294],[-114.3073,20.1291],[-114.3087,20.1287],[-114.3101,20.1282],[-114.3115,20.1277],[-114.3128,20.1271],[-114.3141,20.1265],[-114.3154,20.1257],[-114.3167,20.1249],[-114.3179,20.1241],[-114.319,20.1232],[-114.3201,20.1222],[-114.3212,20.1212],[-114.3222,20.1201],[-114.3232,20.119],[-114.3241,20.1179],[-114.3249,20.1167],[-114.3257,20.1154],[-114.3265,20.1141],[-114.3271,20.1128],[-114.3277,20.1115],[-114.3282,20.1101],[-114.3287,20.1087],[-114.3291,20.1073],[-114.3294,20.1059],[-114.3297,20.1044],[-114.3299,20.1029],[-114.33,20.1015],[-114.33,20.1],[-114.33,20.0985],[-114.3299,20.0971],[-114.3297,20.0956],[-114.3294,20.0941],[-114.3291,20.0927],[-114.3287,20.0913],[-114.3282,20.0899],[-114.3277,20.0885],[-114.3271,20.0872],[-114.3265,20.0859],[-114.3257,20.0846],[-114.3249,20.0833],[-114.3241,20.0821],[-114.3232,20.081],[-114.3222,20.0799],[-114.3212,20.0788],[-114.3201,20.0778],[-114.319,20.0768],[-114.3179,20.0759],[-114.3167,20.0751],[-114.3154,20.0743],[-114.3141,20.0735],[-114.3128,20.0729],[-114.3115,20.0723],[-114.3101,20.0718],[-114.3087,20.0713],[-114.3073,20.0709],[-114.3059,20.0706],[-114.3044,20.0703],[-114.3029,20.0701],[-114.3015,20.07],[-114.3,20.07]]]},"properties":{"storm_name":"RACHEL-26","fuente":"GDACS","alertlevel":"Green","url":"https://www.gdacs.org/report.aspx?eventid=1001329&episodeid=52&eventtype=TC","paises":"Mexico","layer":"storm_track","kind":"wind_radii_forecast","wind_kt":34}},{"type":"Feature","geometry":{"type":"Polygon","coordinates":[[[-114.8,20.17],[-114.7985,20.17],[-114.7971,20.1701],[-114.7956,20.1703],[-114.7941,20.1706],[-114.7927,20.1709],[-114.7913,20.1713],[-114.7899,20.1718],[-114.7885,20.1723],[-114.7872,20.1729],[-114.7859,20.1735],[-114.7846,20.1743],[-114.7833,20.1751],[-114.7821,20.1759],[-114.781,20.1768],[-114.7799,20.1778],[-114.7788,20.1788],[-114.7778,20.1799],[-114.7768,20.181],[-114.7759,20.1821],[-114.7751,20.1833],[-114.7743,20.1846],[-114.7735,20.1859],[-114.7729,20.1872],[-114.7723,20.1885],[-114.7718,20.1899],[-114.7713,20.1913],[-114.7709,20.1927],[-114.7706,20.1941],[-114.7703,20.1956],[-114.7701,20.1971],[-114.77,20.1985],[-114.77,20.2],[-114.77,20.2015],[-114.7701,20.2029],[-114.7703,20.2044],[-114.7706,20.2059],[-114.7709,20.2073],[-114.7713,20.2087],[-114.7718,20.2101],[-114.7723,20.2115],[-114.7729,20.2128],[-114.7735,20.2141],[-114.7743,20.2154],[-114.7751,20.2167],[-114.7759,20.2179],[-114.7768,20.219],[-114.7778,20.2201],[-114.7788,20.2212],[-114.7799,20.2222],[-114.781,20.2232],[-114.7821,20.2241],[-114.7833,20.2249],[-114.7846,20.2257],[-114.7859,20.2265],[-114.7872,20.2271],[-114.7885,20.2277],[-114.7899,20.2282],[-114.7913,20.2287],[-114.7927,20.2291],[-114.7941,20.2294],[-114.7956,20.2297],[-114.7971,20.2299],[-114.7985,20.23],[-114.8,20.23],[-114.8015,20.23],[-114.8029,20.2299],[-114.8044,20.2297],[-114.8059,20.2294],[-114.8073,20.2291],[-114.8087,20.2287],[-114.8101,20.2282],[-114.8115,20.2277],[-114.8128,20.2271],[-114.8141,20.2265],[-114.8154,20.2257],[-114.8167,20.2249],[-114.8179,20.2241],[-114.819,20.2232],[-114.8201,20.2222],[-114.8212,20.2212],[-114.8222,20.2201],[-114.8232,20.219],[-114.8241,20.2179],[-114.8249,20.2167],[-114.8257,20.2154],[-114.8265,20.2141],[-114.8271,20.2128],[-114.8277,20.2115],[-114.8282,20.2101],[-114.8287,20.2087],[-114.8291,20.2073],[-114.8294,20.2059],[-114.8297,20.2044],[-114.8299,20.2029],[-114.83,20.2015],[-114.83,20.2],[-114.83,20.1985],[-114.8299,20.1971],[-114.8297,20.1956],[-114.8294,20.1941],[-114.8291,20.1927],[-114.8287,20.1913],[-114.8282,20.1899],[-114.8277,20.1885],[-114.8271,20.1872],[-114.8265,20.1859],[-114.8257,20.1846],[-114.8249,20.1833],[-114.8241,20.1821],[-114.8232,20.181],[-114.8222,20.1799],[-114.8212,20.1788],[-114.8201,20.1778],[-114.819,20.1768],[-114.8179,20.1759],[-114.8167,20.1751],[-114.8154,20.1743],[-114.8141,20.1735],[-114.8128,20.1729],[-114.8115,20.1723],[-114.8101,20.1718],[-114.8087,20.1713],[-114.8073,20.1709],[-114.8059,20.1706],[-114.8044,20.1703],[-114.8029,20.1701],[-114.8015,20.17],[-114.8,20.17]]]},"properties":{"storm_name":"RACHEL-26","fuente":"GDACS","alertlevel":"Green","url":"https://www.gdacs.org/report.aspx?eventid=1001329&episodeid=52&eventtype=TC","paises":"Mexico","layer":"storm_track","kind":"wind_radii_forecast","wind_kt":34}},{"type":"Feature","geometry":{"type":"Polygon","coordinates":[[[-115.6,20.37],[-115.5985,20.37],[-115.5971,20.3701],[-115.5956,20.3703],[-115.5941,20.3706],[-115.5927,20.3709],[-115.5913,20.3713],[-115.5899,20.3718],[-115.5885,20.3723],[-115.5872,20.3729],[-115.5859,20.3735],[-115.5846,20.3743],[-115.5833,20.3751],[-115.5821,20.3759],[-115.581,20.3768],[-115.5799,20.3778],[-115.5788,20.3788],[-115.5778,20.3799],[-115.5768,20.381],[-115.5759,20.3821],[-115.5751,20.3833],[-115.5743,20.3846],[-115.5735,20.3859],[-115.5729,20.3872],[-115.5723,20.3885],[-115.5718,20.3899],[-115.5713,20.3913],[-115.5709,20.3927],[-115.5706,20.3941],[-115.5703,20.3956],[-115.5701,20.3971],[-115.57,20.3985],[-115.57,20.4],[-115.57,20.4015],[-115.5701,20.4029],[-115.5703,20.4044],[-115.5706,20.4059],[-115.5709,20.4073],[-115.5713,20.4087],[-115.5718,20.4101],[-115.5723,20.4115],[-115.5729,20.4128],[-115.5735,20.4141],[-115.5743,20.4154],[-115.5751,20.4167],[-115.5759,20.4179],[-115.5768,20.419],[-115.5778,20.4201],[-115.5788,20.4212],[-115.5799,20.4222],[-115.581,20.4232],[-115.5821,20.4241],[-115.5833,20.4249],[-115.5846,20.4257],[-115.5859,20.4265],[-115.5872,20.4271],[-115.5885,20.4277],[-115.5899,20.4282],[-115.5913,20.4287],[-115.5927,20.4291],[-115.5941,20.4294],[-115.5956,20.4297],[-115.5971,20.4299],[-115.5985,20.43],[-115.6,20.43],[-115.6015,20.43],[-115.6029,20.4299],[-115.6044,20.4297],[-115.6059,20.4294],[-115.6073,20.4291],[-115.6087,20.4287],[-115.6101,20.4282],[-115.6115,20.4277],[-115.6128,20.4271],[-115.6141,20.4265],[-115.6154,20.4257],[-115.6167,20.4249],[-115.6179,20.4241],[-115.619,20.4232],[-115.6201,20.4222],[-115.6212,20.4212],[-115.6222,20.4201],[-115.6232,20.419],[-115.6241,20.4179],[-115.6249,20.4167],[-115.6257,20.4154],[-115.6265,20.4141],[-115.6271,20.4128],[-115.6277,20.4115],[-115.6282,20.4101],[-115.6287,20.4087],[-115.6291,20.4073],[-115.6294,20.4059],[-115.6297,20.4044],[-115.6299,20.4029],[-115.63,20.4015],[-115.63,20.4],[-115.63,20.3985],[-115.6299,20.3971],[-115.6297,20.3956],[-115.6294,20.3941],[-115.6291,20.3927],[-115.6287,20.3913],[-115.6282,20.3899],[-115.6277,20.3885],[-115.6271,20.3872],[-115.6265,20.3859],[-115.6257,20.3846],[-115.6249,20.3833],[-115.6241,20.3821],[-115.6232,20.381],[-115.6222,20.3799],[-115.6212,20.3788],[-115.6201,20.3778],[-115.619,20.3768],[-115.6179,20.3759],[-115.6167,20.3751],[-115.6154,20.3743],[-115.6141,20.3735],[-115.6128,20.3729],[-115.6115,20.3723],[-115.6101,20.3718],[-115.6087,20.3713],[-115.6073,20.3709],[-115.6059,20.3706],[-115.6044,20.3703],[-115.6029,20.3701],[-115.6015,20.37],[-115.6,20.37]]]},"properties":{"storm_name":"RACHEL-26","fuente":"GDACS","alertlevel":"Green","url":"https://www.gdacs.org/report.aspx?eventid=1001329&episodeid=52&eventtype=TC","paises":"Mexico","layer":"storm_track","kind":"wind_radii_forecast","wind_kt":34}},{"type":"Feature","geometry":{"type":"Polygon","coordinates":[[[-116.2,20.37],[-116.1985,20.37],[-116.1971,20.3701],[-116.1956,20.3703],[-116.1941,20.3706],[-116.1927,20.3709],[-116.1913,20.3713],[-116.1899,20.3718],[-116.1885,20.3723],[-116.1872,20.3729],[-116.1859,20.3735],[-116.1846,20.3743],[-116.1833,20.3751],[-116.1821,20.3759],[-116.181,20.3768],[-116.1799,20.3778],[-116.1788,20.3788],[-116.1778,20.3799],[-116.1768,20.381],[-116.1759,20.3821],[-116.1751,20.3833],[-116.1743,20.3846],[-116.1735,20.3859],[-116.1729,20.3872],[-116.1723,20.3885],[-116.1718,20.3899],[-116.1713,20.3913],[-116.1709,20.3927],[-116.1706,20.3941],[-116.1703,20.3956],[-116.1701,20.3971],[-116.17,20.3985],[-116.17,20.4],[-116.17,20.4015],[-116.1701,20.4029],[-116.1703,20.4044],[-116.1706,20.4059],[-116.1709,20.4073],[-116.1713,20.4087],[-116.1718,20.4101],[-116.1723,20.4115],[-116.1729,20.4128],[-116.1735,20.4141],[-116.1743,20.4154],[-116.1751,20.4167],[-116.1759,20.4179],[-116.1768,20.419],[-116.1778,20.4201],[-116.1788,20.4212],[-116.1799,20.4222],[-116.181,20.4232],[-116.1821,20.4241],[-116.1833,20.4249],[-116.1846,20.4257],[-116.1859,20.4265],[-116.1872,20.4271],[-116.1885,20.4277],[-116.1899,20.4282],[-116.1913,20.4287],[-116.1927,20.4291],[-116.1941,20.4294],[-116.1956,20.4297],[-116.1971,20.4299],[-116.1985,20.43],[-116.2,20.43],[-116.2015,20.43],[-116.2029,20.4299],[-116.2044,20.4297],[-116.2059,20.4294],[-116.2073,20.4291],[-116.2087,20.4287],[-116.2101,20.4282],[-116.2115,20.4277],[-116.2128,20.4271],[-116.2141,20.4265],[-116.2154,20.4257],[-116.2167,20.4249],[-116.2179,20.4241],[-116.219,20.4232],[-116.2201,20.4222],[-116.2212,20.4212],[-116.2222,20.4201],[-116.2232,20.419],[-116.2241,20.4179],[-116.2249,20.4167],[-116.2257,20.4154],[-116.2265,20.4141],[-116.2271,20.4128],[-116.2277,20.4115],[-116.2282,20.4101],[-116.2287,20.4087],[-116.2291,20.4073],[-116.2294,20.4059],[-116.2297,20.4044],[-116.2299,20.4029],[-116.23,20.4015],[-116.23,20.4],[-116.23,20.3985],[-116.2299,20.3971],[-116.2297,20.3956],[-116.2294,20.3941],[-116.2291,20.3927],[-116.2287,20.3913],[-116.2282,20.3899],[-116.2277,20.3885],[-116.2271,20.3872],[-116.2265,20.3859],[-116.2257,20.3846],[-116.2249,20.3833],[-116.2241,20.3821],[-116.2232,20.381],[-116.2222,20.3799],[-116.2212,20.3788],[-116.2201,20.3778],[-116.219,20.3768],[-116.2179,20.3759],[-116.2167,20.3751],[-116.2154,20.3743],[-116.2141,20.3735],[-116.2128,20.3729],[-116.2115,20.3723],[-116.2101,20.3718],[-116.2087,20.3713],[-116.2073,20.3709],[-116.2059,20.3706],[-116.2044,20.3703],[-116.2029,20.3701],[-116.2015,20.37],[-116.2,20.37]]]},"properties":{"storm_name":"RACHEL-26","fuente":"GDACS","alertlevel":"Green","url":"https://www.gdacs.org/report.aspx?eventid=1001329&episodeid=52&eventtype=TC","paises":"Mexico","layer":"storm_track","kind":"wind_radii_forecast","wind_kt":34}},{"type":"Feature","geometry":{"type":"Polygon","coordinates":[[[-117.1,20.27],[-117.0985,20.27],[-117.0971,20.2701],[-117.0956,20.2703],[-117.0941,20.2706],[-117.0927,20.2709],[-117.0913,20.2713],[-117.0899,20.2718],[-117.0885,20.2723],[-117.0872,20.2729],[-117.0859,20.2735],[-117.0846,20.2743],[-117.0833,20.2751],[-117.0821,20.2759],[-117.081,20.2768],[-117.0799,20.2778],[-117.0788,20.2788],[-117.0778,20.2799],[-117.0768,20.281],[-117.0759,20.2821],[-117.0751,20.2833],[-117.0743,20.2846],[-117.0735,20.2859],[-117.0729,20.2872],[-117.0723,20.2885],[-117.0718,20.2899],[-117.0713,20.2913],[-117.0709,20.2927],[-117.0706,20.2941],[-117.0703,20.2956],[-117.0701,20.2971],[-117.07,20.2985],[-117.07,20.3],[-117.07,20.3015],[-117.0701,20.3029],[-117.0703,20.3044],[-117.0706,20.3059],[-117.0709,20.3073],[-117.0713,20.3087],[-117.0718,20.3101],[-117.0723,20.3115],[-117.0729,20.3128],[-117.0735,20.3141],[-117.0743,20.3154],[-117.0751,20.3167],[-117.0759,20.3179],[-117.0768,20.319],[-117.0778,20.3201],[-117.0788,20.3212],[-117.0799,20.3222],[-117.081,20.3232],[-117.0821,20.3241],[-117.0833,20.3249],[-117.0846,20.3257],[-117.0859,20.3265],[-117.0872,20.3271],[-117.0885,20.3277],[-117.0899,20.3282],[-117.0913,20.3287],[-117.0927,20.3291],[-117.0941,20.3294],[-117.0956,20.3297],[-117.0971,20.3299],[-117.0985,20.33],[-117.1,20.33],[-117.1015,20.33],[-117.1029,20.3299],[-117.1044,20.3297],[-117.1059,20.3294],[-117.1073,20.3291],[-117.1087,20.3287],[-117.1101,20.3282],[-117.1115,20.3277],[-117.1128,20.3271],[-117.1141,20.3265],[-117.1154,20.3257],[-117.1167,20.3249],[-117.1179,20.3241],[-117.119,20.3232],[-117.1201,20.3222],[-117.1212,20.3212],[-117.1222,20.3201],[-117.1232,20.319],[-117.1241,20.3179],[-117.1249,20.3167],[-117.1257,20.3154],[-117.1265,20.3141],[-117.1271,20.3128],[-117.1277,20.3115],[-117.1282,20.3101],[-117.1287,20.3087],[-117.1291,20.3073],[-117.1294,20.3059],[-117.1297,20.3044],[-117.1299,20.3029],[-117.13,20.3015],[-117.13,20.3],[-117.13,20.2985],[-117.1299,20.2971],[-117.1297,20.2956],[-117.1294,20.2941],[-117.1291,20.2927],[-117.1287,20.2913],[-117.1282,20.2899],[-117.1277,20.2885],[-117.1271,20.2872],[-117.1265,20.2859],[-117.1257,20.2846],[-117.1249,20.2833],[-117.1241,20.2821],[-117.1232,20.281],[-117.1222,20.2799],[-117.1212,20.2788],[-117.1201,20.2778],[-117.119,20.2768],[-117.1179,20.2759],[-117.1167,20.2751],[-117.1154,20.2743],[-117.1141,20.2735],[-117.1128,20.2729],[-117.1115,20.2723],[-117.1101,20.2718],[-117.1087,20.2713],[-117.1073,20.2709],[-117.1059,20.2706],[-117.1044,20.2703],[-117.1029,20.2701],[-117.1015,20.27],[-117.1,20.27]]]},"properties":{"storm_name":"RACHEL-26","fuente":"GDACS","alertlevel":"Green","url":"https://www.gdacs.org/report.aspx?eventid=1001329&episodeid=52&eventtype=TC","paises":"Mexico","layer":"storm_track","kind":"wind_radii_forecast","wind_kt":34}},{"type":"Feature","geometry":{"type":"Polygon","coordinates":[[[-117.9,20.37],[-117.8985,20.37],[-117.8971,20.3701],[-117.8956,20.3703],[-117.8941,20.3706],[-117.8927,20.3709],[-117.8913,20.3713],[-117.8899,20.3718],[-117.8885,20.3723],[-117.8872,20.3729],[-117.8859,20.3735],[-117.8846,20.3743],[-117.8833,20.3751],[-117.8821,20.3759],[-117.881,20.3768],[-117.8799,20.3778],[-117.8788,20.3788],[-117.8778,20.3799],[-117.8768,20.381],[-117.8759,20.3821],[-117.8751,20.3833],[-117.8743,20.3846],[-117.8735,20.3859],[-117.8729,20.3872],[-117.8723,20.3885],[-117.8718,20.3899],[-117.8713,20.3913],[-117.8709,20.3927],[-117.8706,20.3941],[-117.8703,20.3956],[-117.8701,20.3971],[-117.87,20.3985],[-117.87,20.4],[-117.87,20.4015],[-117.8701,20.4029],[-117.8703,20.4044],[-117.8706,20.4059],[-117.8709,20.4073],[-117.8713,20.4087],[-117.8718,20.4101],[-117.8723,20.4115],[-117.8729,20.4128],[-117.8735,20.4141],[-117.8743,20.4154],[-117.8751,20.4167],[-117.8759,20.4179],[-117.8768,20.419],[-117.8778,20.4201],[-117.8788,20.4212],[-117.8799,20.4222],[-117.881,20.4232],[-117.8821,20.4241],[-117.8833,20.4249],[-117.8846,20.4257],[-117.8859,20.4265],[-117.8872,20.4271],[-117.8885,20.4277],[-117.8899,20.4282],[-117.8913,20.4287],[-117.8927,20.4291],[-117.8941,20.4294],[-117.8956,20.4297],[-117.8971,20.4299],[-117.8985,20.43],[-117.9,20.43],[-117.9015,20.43],[-117.9029,20.4299],[-117.9044,20.4297],[-117.9059,20.4294],[-117.9073,20.4291],[-117.9087,20.4287],[-117.9101,20.4282],[-117.9115,20.4277],[-117.9128,20.4271],[-117.9141,20.4265],[-117.9154,20.4257],[-117.9167,20.4249],[-117.9179,20.4241],[-117.919,20.4232],[-117.9201,20.4222],[-117.9212,20.4212],[-117.9222,20.4201],[-117.9232,20.419],[-117.9241,20.4179],[-117.9249,20.4167],[-117.9257,20.4154],[-117.9265,20.4141],[-117.9271,20.4128],[-117.9277,20.4115],[-117.9282,20.4101],[-117.9287,20.4087],[-117.9291,20.4073],[-117.9294,20.4059],[-117.9297,20.4044],[-117.9299,20.4029],[-117.93,20.4015],[-117.93,20.4],[-117.93,20.3985],[-117.9299,20.3971],[-117.9297,20.3956],[-117.9294,20.3941],[-117.9291,20.3927],[-117.9287,20.3913],[-117.9282,20.3899],[-117.9277,20.3885],[-117.9271,20.3872],[-117.9265,20.3859],[-117.9257,20.3846],[-117.9249,20.3833],[-117.9241,20.3821],[-117.9232,20.381],[-117.9222,20.3799],[-117.9212,20.3788],[-117.9201,20.3778],[-117.919,20.3768],[-117.9179,20.3759],[-117.9167,20.3751],[-117.9154,20.3743],[-117.9141,20.3735],[-117.9128,20.3729],[-117.9115,20.3723],[-117.9101,20.3718],[-117.9087,20.3713],[-117.9073,20.3709],[-117.9059,20.3706],[-117.9044,20.3703],[-117.9029,20.3701],[-117.9015,20.37],[-117.9,20.37]]]},"properties":{"storm_name":"RACHEL-26","fuente":"GDACS","alertlevel":"Green","url":"https://www.gdacs.org/report.aspx?eventid=1001329&episodeid=52&eventtype=TC","paises":"Mexico","layer":"storm_track","kind":"wind_radii_forecast","wind_kt":34}},{"type":"Feature","geometry":{"type":"Polygon","coordinates":[[[-118.6,20.27],[-118.5985,20.27],[-118.5971,20.2701],[-118.5956,20.2703],[-118.5941,20.2706],[-118.5927,20.2709],[-118.5913,20.2713],[-118.5899,20.2718],[-118.5885,20.2723],[-118.5872,20.2729],[-118.5859,20.2735],[-118.5846,20.2743],[-118.5833,20.2751],[-118.5821,20.2759],[-118.581,20.2768],[-118.5799,20.2778],[-118.5788,20.2788],[-118.5778,20.2799],[-118.5768,20.281],[-118.5759,20.2821],[-118.5751,20.2833],[-118.5743,20.2846],[-118.5735,20.2859],[-118.5729,20.2872],[-118.5723,20.2885],[-118.5718,20.2899],[-118.5713,20.2913],[-118.5709,20.2927],[-118.5706,20.2941],[-118.5703,20.2956],[-118.5701,20.2971],[-118.57,20.2985],[-118.57,20.3],[-118.57,20.3015],[-118.5701,20.3029],[-118.5703,20.3044],[-118.5706,20.3059],[-118.5709,20.3073],[-118.5713,20.3087],[-118.5718,20.3101],[-118.5723,20.3115],[-118.5729,20.3128],[-118.5735,20.3141],[-118.5743,20.3154],[-118.5751,20.3167],[-118.5759,20.3179],[-118.5768,20.319],[-118.5778,20.3201],[-118.5788,20.3212],[-118.5799,20.3222],[-118.581,20.3232],[-118.5821,20.3241],[-118.5833,20.3249],[-118.5846,20.3257],[-118.5859,20.3265],[-118.5872,20.3271],[-118.5885,20.3277],[-118.5899,20.3282],[-118.5913,20.3287],[-118.5927,20.3291],[-118.5941,20.3294],[-118.5956,20.3297],[-118.5971,20.3299],[-118.5985,20.33],[-118.6,20.33],[-118.6015,20.33],[-118.6029,20.3299],[-118.6044,20.3297],[-118.6059,20.3294],[-118.6073,20.3291],[-118.6087,20.3287],[-118.6101,20.3282],[-118.6115,20.3277],[-118.6128,20.3271],[-118.6141,20.3265],[-118.6154,20.3257],[-118.6167,20.3249],[-118.6179,20.3241],[-118.619,20.3232],[-118.6201,20.3222],[-118.6212,20.3212],[-118.6222,20.3201],[-118.6232,20.319],[-118.6241,20.3179],[-118.6249,20.3167],[-118.6257,20.3154],[-118.6265,20.3141],[-118.6271,20.3128],[-118.6277,20.3115],[-118.6282,20.3101],[-118.6287,20.3087],[-118.6291,20.3073],[-118.6294,20.3059],[-118.6297,20.3044],[-118.6299,20.3029],[-118.63,20.3015],[-118.63,20.3],[-118.63,20.2985],[-118.6299,20.2971],[-118.6297,20.2956],[-118.6294,20.2941],[-118.6291,20.2927],[-118.6287,20.2913],[-118.6282,20.2899],[-118.6277,20.2885],[-118.6271,20.2872],[-118.6265,20.2859],[-118.6257,20.2846],[-118.6249,20.2833],[-118.6241,20.2821],[-118.6232,20.281],[-118.6222,20.2799],[-118.6212,20.2788],[-118.6201,20.2778],[-118.619,20.2768],[-118.6179,20.2759],[-118.6167,20.2751],[-118.6154,20.2743],[-118.6141,20.2735],[-118.6128,20.2729],[-118.6115,20.2723],[-118.6101,20.2718],[-118.6087,20.2713],[-118.6073,20.2709],[-118.6059,20.2706],[-118.6044,20.2703],[-118.6029,20.2701],[-118.6015,20.27],[-118.6,20.27]]]},"properties":{"storm_name":"RACHEL-26","fuente":"GDACS","alertlevel":"Green","url":"https://www.gdacs.org/report.aspx?eventid=1001329&episodeid=52&eventtype=TC","paises":"Mexico","layer":"storm_track","kind":"wind_radii_forecast","wind_kt":34}},{"type":"Feature","geometry":{"type":"Polygon","coordinates":[[[-119.5,20.47],[-119.4985,20.47],[-119.4971,20.4701],[-119.4956,20.4703],[-119.4941,20.4706],[-119.4927,20.4709],[-119.4913,20.4713],[-119.4899,20.4718],[-119.4885,20.4723],[-119.4872,20.4729],[-119.4859,20.4735],[-119.4846,20.4743],[-119.4833,20.4751],[-119.4821,20.4759],[-119.481,20.4768],[-119.4799,20.4778],[-119.4788,20.4788],[-119.4778,20.4799],[-119.4768,20.481],[-119.4759,20.4821],[-119.4751,20.4833],[-119.4743,20.4846],[-119.4735,20.4859],[-119.4729,20.4872],[-119.4723,20.4885],[-119.4718,20.4899],[-119.4713,20.4913],[-119.4709,20.4927],[-119.4706,20.4941],[-119.4703,20.4956],[-119.4701,20.4971],[-119.47,20.4985],[-119.47,20.5],[-119.47,20.5015],[-119.4701,20.5029],[-119.4703,20.5044],[-119.4706,20.5059],[-119.4709,20.5073],[-119.4713,20.5087],[-119.4718,20.5101],[-119.4723,20.5115],[-119.4729,20.5128],[-119.4735,20.5141],[-119.4743,20.5154],[-119.4751,20.5167],[-119.4759,20.5179],[-119.4768,20.519],[-119.4778,20.5201],[-119.4788,20.5212],[-119.4799,20.5222],[-119.481,20.5232],[-119.4821,20.5241],[-119.4833,20.5249],[-119.4846,20.5257],[-119.4859,20.5265],[-119.4872,20.5271],[-119.4885,20.5277],[-119.4899,20.5282],[-119.4913,20.5287],[-119.4927,20.5291],[-119.4941,20.5294],[-119.4956,20.5297],[-119.4971,20.5299],[-119.4985,20.53],[-119.5,20.53],[-119.5015,20.53],[-119.5029,20.5299],[-119.5044,20.5297],[-119.5059,20.5294],[-119.5073,20.5291],[-119.5087,20.5287],[-119.5101,20.5282],[-119.5115,20.5277],[-119.5128,20.5271],[-119.5141,20.5265],[-119.5154,20.5257],[-119.5167,20.5249],[-119.5179,20.5241],[-119.519,20.5232],[-119.5201,20.5222],[-119.5212,20.5212],[-119.5222,20.5201],[-119.5232,20.519],[-119.5241,20.5179],[-119.5249,20.5167],[-119.5257,20.5154],[-119.5265,20.5141],[-119.5271,20.5128],[-119.5277,20.5115],[-119.5282,20.5101],[-119.5287,20.5087],[-119.5291,20.5073],[-119.5294,20.5059],[-119.5297,20.5044],[-119.5299,20.5029],[-119.53,20.5015],[-119.53,20.5],[-119.53,20.4985],[-119.5299,20.4971],[-119.5297,20.4956],[-119.5294,20.4941],[-119.5291,20.4927],[-119.5287,20.4913],[-119.5282,20.4899],[-119.5277,20.4885],[-119.5271,20.4872],[-119.5265,20.4859],[-119.5257,20.4846],[-119.5249,20.4833],[-119.5241,20.4821],[-119.5232,20.481],[-119.5222,20.4799],[-119.5212,20.4788],[-119.5201,20.4778],[-119.519,20.4768],[-119.5179,20.4759],[-119.5167,20.4751],[-119.5154,20.4743],[-119.5141,20.4735],[-119.5128,20.4729],[-119.5115,20.4723],[-119.5101,20.4718],[-119.5087,20.4713],[-119.5073,20.4709],[-119.5059,20.4706],[-119.5044,20.4703],[-119.5029,20.4701],[-119.5015,20.47],[-119.5,20.47]]]},"properties":{"storm_name":"RACHEL-26","fuente":"GDACS","alertlevel":"Green","url":"https://www.gdacs.org/report.aspx?eventid=1001329&episodeid=52&eventtype=TC","paises":"Mexico","layer":"storm_track","kind":"wind_radii_forecast","wind_kt":34}},{"type":"Feature","geometry":{"type":"Polygon","coordinates":[[[-120.1,20.47],[-120.0985,20.47],[-120.0971,20.4701],[-120.0956,20.4703],[-120.0941,20.4706],[-120.0927,20.4709],[-120.0913,20.4713],[-120.0899,20.4718],[-120.0885,20.4723],[-120.0872,20.4729],[-120.0859,20.4735],[-120.0846,20.4743],[-120.0833,20.4751],[-120.0821,20.4759],[-120.081,20.4768],[-120.0799,20.4778],[-120.0788,20.4788],[-120.0778,20.4799],[-120.0768,20.481],[-120.0759,20.4821],[-120.0751,20.4833],[-120.0743,20.4846],[-120.0735,20.4859],[-120.0729,20.4872],[-120.0723,20.4885],[-120.0718,20.4899],[-120.0713,20.4913],[-120.0709,20.4927],[-120.0706,20.4941],[-120.0703,20.4956],[-120.0701,20.4971],[-120.07,20.4985],[-120.07,20.5],[-120.07,20.5015],[-120.0701,20.5029],[-120.0703,20.5044],[-120.0706,20.5059],[-120.0709,20.5073],[-120.0713,20.5087],[-120.0718,20.5101],[-120.0723,20.5115],[-120.0729,20.5128],[-120.0735,20.5141],[-120.0743,20.5154],[-120.0751,20.5167],[-120.0759,20.5179],[-120.0768,20.519],[-120.0778,20.5201],[-120.0788,20.5212],[-120.0799,20.5222],[-120.081,20.5232],[-120.0821,20.5241],[-120.0833,20.5249],[-120.0846,20.5257],[-120.0859,20.5265],[-120.0872,20.5271],[-120.0885,20.5277],[-120.0899,20.5282],[-120.0913,20.5287],[-120.0927,20.5291],[-120.0941,20.5294],[-120.0956,20.5297],[-120.0971,20.5299],[-120.0985,20.53],[-120.1,20.53],[-120.1015,20.53],[-120.1029,20.5299],[-120.1044,20.5297],[-120.1059,20.5294],[-120.1073,20.5291],[-120.1087,20.5287],[-120.1101,20.5282],[-120.1115,20.5277],[-120.1128,20.5271],[-120.1141,20.5265],[-120.1154,20.5257],[-120.1167,20.5249],[-120.1179,20.5241],[-120.119,20.5232],[-120.1201,20.5222],[-120.1212,20.5212],[-120.1222,20.5201],[-120.1232,20.519],[-120.1241,20.5179],[-120.1249,20.5167],[-120.1257,20.5154],[-120.1265,20.5141],[-120.1271,20.5128],[-120.1277,20.5115],[-120.1282,20.5101],[-120.1287,20.5087],[-120.1291,20.5073],[-120.1294,20.5059],[-120.1297,20.5044],[-120.1299,20.5029],[-120.13,20.5015],[-120.13,20.5],[-120.13,20.4985],[-120.1299,20.4971],[-120.1297,20.4956],[-120.1294,20.4941],[-120.1291,20.4927],[-120.1287,20.4913],[-120.1282,20.4899],[-120.1277,20.4885],[-120.1271,20.4872],[-120.1265,20.4859],[-120.1257,20.4846],[-120.1249,20.4833],[-120.1241,20.4821],[-120.1232,20.481],[-120.1222,20.4799],[-120.1212,20.4788],[-120.1201,20.4778],[-120.119,20.4768],[-120.1179,20.4759],[-120.1167,20.4751],[-120.1154,20.4743],[-120.1141,20.4735],[-120.1128,20.4729],[-120.1115,20.4723],[-120.1101,20.4718],[-120.1087,20.4713],[-120.1073,20.4709],[-120.1059,20.4706],[-120.1044,20.4703],[-120.1029,20.4701],[-120.1015,20.47],[-120.1,20.47]]]},"properties":{"storm_name":"RACHEL-26","fuente":"GDACS","alertlevel":"Green","url":"https://www.gdacs.org/report.aspx?eventid=1001329&episodeid=52&eventtype=TC","paises":"Mexico","layer":"storm_track","kind":"wind_radii_forecast","wind_kt":34}},{"type":"Feature","geometry":{"type":"Polygon","coordinates":[[[-120.4,20.37],[-120.3985,20.37],[-120.3971,20.3701],[-120.3956,20.3703],[-120.3941,20.3706],[-120.3927,20.3709],[-120.3913,20.3713],[-120.3899,20.3718],[-120.3885,20.3723],[-120.3872,20.3729],[-120.3859,20.3735],[-120.3846,20.3743],[-120.3833,20.3751],[-120.3821,20.3759],[-120.381,20.3768],[-120.3799,20.3778],[-120.3788,20.3788],[-120.3778,20.3799],[-120.3768,20.381],[-120.3759,20.3821],[-120.3751,20.3833],[-120.3743,20.3846],[-120.3735,20.3859],[-120.3729,20.3872],[-120.3723,20.3885],[-120.3718,20.3899],[-120.3713,20.3913],[-120.3709,20.3927],[-120.3706,20.3941],[-120.3703,20.3956],[-120.3701,20.3971],[-120.37,20.3985],[-120.37,20.4],[-120.37,20.4015],[-120.3701,20.4029],[-120.3703,20.4044],[-120.3706,20.4059],[-120.3709,20.4073],[-120.3713,20.4087],[-120.3718,20.4101],[-120.3723,20.4115],[-120.3729,20.4128],[-120.3735,20.4141],[-120.3743,20.4154],[-120.3751,20.4167],[-120.3759,20.4179],[-120.3768,20.419],[-120.3778,20.4201],[-120.3788,20.4212],[-120.3799,20.4222],[-120.381,20.4232],[-120.3821,20.4241],[-120.3833,20.4249],[-120.3846,20.4257],[-120.3859,20.4265],[-120.3872,20.4271],[-120.3885,20.4277],[-120.3899,20.4282],[-120.3913,20.4287],[-120.3927,20.4291],[-120.3941,20.4294],[-120.3956,20.4297],[-120.3971,20.4299],[-120.3985,20.43],[-120.4,20.43],[-120.4015,20.43],[-120.4029,20.4299],[-120.4044,20.4297],[-120.4059,20.4294],[-120.4073,20.4291],[-120.4087,20.4287],[-120.4101,20.4282],[-120.4115,20.4277],[-120.4128,20.4271],[-120.4141,20.4265],[-120.4154,20.4257],[-120.4167,20.4249],[-120.4179,20.4241],[-120.419,20.4232],[-120.4201,20.4222],[-120.4212,20.4212],[-120.4222,20.4201],[-120.4232,20.419],[-120.4241,20.4179],[-120.4249,20.4167],[-120.4257,20.4154],[-120.4265,20.4141],[-120.4271,20.4128],[-120.4277,20.4115],[-120.4282,20.4101],[-120.4287,20.4087],[-120.4291,20.4073],[-120.4294,20.4059],[-120.4297,20.4044],[-120.4299,20.4029],[-120.43,20.4015],[-120.43,20.4],[-120.43,20.3985],[-120.4299,20.3971],[-120.4297,20.3956],[-120.4294,20.3941],[-120.4291,20.3927],[-120.4287,20.3913],[-120.4282,20.3899],[-120.4277,20.3885],[-120.4271,20.3872],[-120.4265,20.3859],[-120.4257,20.3846],[-120.4249,20.3833],[-120.4241,20.3821],[-120.4232,20.381],[-120.4222,20.3799],[-120.4212,20.3788],[-120.4201,20.3778],[-120.419,20.3768],[-120.4179,20.3759],[-120.4167,20.3751],[-120.4154,20.3743],[-120.4141,20.3735],[-120.4128,20.3729],[-120.4115,20.3723],[-120.4101,20.3718],[-120.4087,20.3713],[-120.4073,20.3709],[-120.4059,20.3706],[-120.4044,20.3703],[-120.4029,20.3701],[-120.4015,20.37],[-120.4,20.37]]]},"properties":{"storm_name":"RACHEL-26","fuente":"GDACS","alertlevel":"Green","url":"https://www.gdacs.org/report.aspx?eventid=1001329&episodeid=52&eventtype=TC","paises":"Mexico","layer":"storm_track","kind":"wind_radii_forecast","wind_kt":34}},{"type":"Feature","geometry":{"type":"Polygon","coordinates":[[[-121.2,20.57],[-121.1985,20.57],[-121.1971,20.5701],[-121.1956,20.5703],[-121.1941,20.5706],[-121.1927,20.5709],[-121.1913,20.5713],[-121.1899,20.5718],[-121.1885,20.5723],[-121.1872,20.5729],[-121.1859,20.5735],[-121.1846,20.5743],[-121.1833,20.5751],[-121.1821,20.5759],[-121.181,20.5768],[-121.1799,20.5778],[-121.1788,20.5788],[-121.1778,20.5799],[-121.1768,20.581],[-121.1759,20.5821],[-121.1751,20.5833],[-121.1743,20.5846],[-121.1735,20.5859],[-121.1729,20.5872],[-121.1723,20.5885],[-121.1718,20.5899],[-121.1713,20.5913],[-121.1709,20.5927],[-121.1706,20.5941],[-121.1703,20.5956],[-121.1701,20.5971],[-121.17,20.5985],[-121.17,20.6],[-121.17,20.6015],[-121.1701,20.6029],[-121.1703,20.6044],[-121.1706,20.6059],[-121.1709,20.6073],[-121.1713,20.6087],[-121.1718,20.6101],[-121.1723,20.6115],[-121.1729,20.6128],[-121.1735,20.6141],[-121.1743,20.6154],[-121.1751,20.6167],[-121.1759,20.6179],[-121.1768,20.619],[-121.1778,20.6201],[-121.1788,20.6212],[-121.1799,20.6222],[-121.181,20.6232],[-121.1821,20.6241],[-121.1833,20.6249],[-121.1846,20.6257],[-121.1859,20.6265],[-121.1872,20.6271],[-121.1885,20.6277],[-121.1899,20.6282],[-121.1913,20.6287],[-121.1927,20.6291],[-121.1941,20.6294],[-121.1956,20.6297],[-121.1971,20.6299],[-121.1985,20.63],[-121.2,20.63],[-121.2015,20.63],[-121.2029,20.6299],[-121.2044,20.6297],[-121.2059,20.6294],[-121.2073,20.6291],[-121.2087,20.6287],[-121.2101,20.6282],[-121.2115,20.6277],[-121.2128,20.6271],[-121.2141,20.6265],[-121.2154,20.6257],[-121.2167,20.6249],[-121.2179,20.6241],[-121.219,20.6232],[-121.2201,20.6222],[-121.2212,20.6212],[-121.2222,20.6201],[-121.2232,20.619],[-121.2241,20.6179],[-121.2249,20.6167],[-121.2257,20.6154],[-121.2265,20.6141],[-121.2271,20.6128],[-121.2277,20.6115],[-121.2282,20.6101],[-121.2287,20.6087],[-121.2291,20.6073],[-121.2294,20.6059],[-121.2297,20.6044],[-121.2299,20.6029],[-121.23,20.6015],[-121.23,20.6],[-121.23,20.5985],[-121.2299,20.5971],[-121.2297,20.5956],[-121.2294,20.5941],[-121.2291,20.5927],[-121.2287,20.5913],[-121.2282,20.5899],[-121.2277,20.5885],[-121.2271,20.5872],[-121.2265,20.5859],[-121.2257,20.5846],[-121.2249,20.5833],[-121.2241,20.5821],[-121.2232,20.581],[-121.2222,20.5799],[-121.2212,20.5788],[-121.2201,20.5778],[-121.219,20.5768],[-121.2179,20.5759],[-121.2167,20.5751],[-121.2154,20.5743],[-121.2141,20.5735],[-121.2128,20.5729],[-121.2115,20.5723],[-121.2101,20.5718],[-121.2087,20.5713],[-121.2073,20.5709],[-121.2059,20.5706],[-121.2044,20.5703],[-121.2029,20.5701],[-121.2015,20.57],[-121.2,20.57]]]},"properties":{"storm_name":"RACHEL-26","fuente":"GDACS","alertlevel":"Green","url":"https://www.gdacs.org/report.aspx?eventid=1001329&episodeid=52&eventtype=TC","paises":"Mexico","layer":"storm_track","kind":"wind_radii_forecast","wind_kt":34}},{"type":"Feature","geometry":{"type":"Polygon","coordinates":[[[-121.8,20.87],[-121.7985,20.87],[-121.7971,20.8701],[-121.7956,20.8703],[-121.7941,20.8706],[-121.7927,20.8709],[-121.7913,20.8713],[-121.7899,20.8718],[-121.7885,20.8723],[-121.7872,20.8729],[-121.7859,20.8735],[-121.7846,20.8743],[-121.7833,20.8751],[-121.7821,20.8759],[-121.781,20.8768],[-121.7799,20.8778],[-121.7788,20.8788],[-121.7778,20.8799],[-121.7768,20.881],[-121.7759,20.8821],[-121.7751,20.8833],[-121.7743,20.8846],[-121.7735,20.8859],[-121.7729,20.8872],[-121.7723,20.8885],[-121.7718,20.8899],[-121.7713,20.8913],[-121.7709,20.8927],[-121.7706,20.8941],[-121.7703,20.8956],[-121.7701,20.8971],[-121.77,20.8985],[-121.77,20.9],[-121.77,20.9015],[-121.7701,20.9029],[-121.7703,20.9044],[-121.7706,20.9059],[-121.7709,20.9073],[-121.7713,20.9087],[-121.7718,20.9101],[-121.7723,20.9115],[-121.7729,20.9128],[-121.7735,20.9141],[-121.7743,20.9154],[-121.7751,20.9167],[-121.7759,20.9179],[-121.7768,20.919],[-121.7778,20.9201],[-121.7788,20.9212],[-121.7799,20.9222],[-121.781,20.9232],[-121.7821,20.9241],[-121.7833,20.9249],[-121.7846,20.9257],[-121.7859,20.9265],[-121.7872,20.9271],[-121.7885,20.9277],[-121.7899,20.9282],[-121.7913,20.9287],[-121.7927,20.9291],[-121.7941,20.9294],[-121.7956,20.9297],[-121.7971,20.9299],[-121.7985,20.93],[-121.8,20.93],[-121.8015,20.93],[-121.8029,20.9299],[-121.8044,20.9297],[-121.8059,20.9294],[-121.8073,20.9291],[-121.8087,20.9287],[-121.8101,20.9282],[-121.8115,20.9277],[-121.8128,20.9271],[-121.8141,20.9265],[-121.8154,20.9257],[-121.8167,20.9249],[-121.8179,20.9241],[-121.819,20.9232],[-121.8201,20.9222],[-121.8212,20.9212],[-121.8222,20.9201],[-121.8232,20.919],[-121.8241,20.9179],[-121.8249,20.9167],[-121.8257,20.9154],[-121.8265,20.9141],[-121.8271,20.9128],[-121.8277,20.9115],[-121.8282,20.9101],[-121.8287,20.9087],[-121.8291,20.9073],[-121.8294,20.9059],[-121.8297,20.9044],[-121.8299,20.9029],[-121.83,20.9015],[-121.83,20.9],[-121.83,20.8985],[-121.8299,20.8971],[-121.8297,20.8956],[-121.8294,20.8941],[-121.8291,20.8927],[-121.8287,20.8913],[-121.8282,20.8899],[-121.8277,20.8885],[-121.8271,20.8872],[-121.8265,20.8859],[-121.8257,20.8846],[-121.8249,20.8833],[-121.8241,20.8821],[-121.8232,20.881],[-121.8222,20.8799],[-121.8212,20.8788],[-121.8201,20.8778],[-121.819,20.8768],[-121.8179,20.8759],[-121.8167,20.8751],[-121.8154,20.8743],[-121.8141,20.8735],[-121.8128,20.8729],[-121.8115,20.8723],[-121.8101,20.8718],[-121.8087,20.8713],[-121.8073,20.8709],[-121.8059,20.8706],[-121.8044,20.8703],[-121.8029,20.8701],[-121.8015,20.87],[-121.8,20.87]]]},"properties":{"storm_name":"RACHEL-26","fuente":"GDACS","alertlevel":"Green","url":"https://www.gdacs.org/report.aspx?eventid=1001329&episodeid=52&eventtype=TC","paises":"Mexico","layer":"storm_track","kind":"wind_radii_forecast","wind_kt":34}},{"type":"Feature","geometry":{"type":"Polygon","coordinates":[[[-122.3,21.17],[-122.2985,21.17],[-122.2971,21.1701],[-122.2956,21.1703],[-122.2941,21.1706],[-122.2927,21.1709],[-122.2913,21.1713],[-122.2899,21.1718],[-122.2885,21.1723],[-122.2872,21.1729],[-122.2859,21.1735],[-122.2846,21.1743],[-122.2833,21.1751],[-122.2821,21.1759],[-122.281,21.1768],[-122.2799,21.1778],[-122.2788,21.1788],[-122.2778,21.1799],[-122.2768,21.181],[-122.2759,21.1821],[-122.2751,21.1833],[-122.2743,21.1846],[-122.2735,21.1859],[-122.2729,21.1872],[-122.2723,21.1885],[-122.2718,21.1899],[-122.2713,21.1913],[-122.2709,21.1927],[-122.2706,21.1941],[-122.2703,21.1956],[-122.2701,21.1971],[-122.27,21.1985],[-122.27,21.2],[-122.27,21.2015],[-122.2701,21.2029],[-122.2703,21.2044],[-122.2706,21.2059],[-122.2709,21.2073],[-122.2713,21.2087],[-122.2718,21.2101],[-122.2723,21.2115],[-122.2729,21.2128],[-122.2735,21.2141],[-122.2743,21.2154],[-122.2751,21.2167],[-122.2759,21.2179],[-122.2768,21.219],[-122.2778,21.2201],[-122.2788,21.2212],[-122.2799,21.2222],[-122.281,21.2232],[-122.2821,21.2241],[-122.2833,21.2249],[-122.2846,21.2257],[-122.2859,21.2265],[-122.2872,21.2271],[-122.2885,21.2277],[-122.2899,21.2282],[-122.2913,21.2287],[-122.2927,21.2291],[-122.2941,21.2294],[-122.2956,21.2297],[-122.2971,21.2299],[-122.2985,21.23],[-122.3,21.23],[-122.3015,21.23],[-122.3029,21.2299],[-122.3044,21.2297],[-122.3059,21.2294],[-122.3073,21.2291],[-122.3087,21.2287],[-122.3101,21.2282],[-122.3115,21.2277],[-122.3128,21.2271],[-122.3141,21.2265],[-122.3154,21.2257],[-122.3167,21.2249],[-122.3179,21.2241],[-122.319,21.2232],[-122.3201,21.2222],[-122.3212,21.2212],[-122.3222,21.2201],[-122.3232,21.219],[-122.3241,21.2179],[-122.3249,21.2167],[-122.3257,21.2154],[-122.3265,21.2141],[-122.3271,21.2128],[-122.3277,21.2115],[-122.3282,21.2101],[-122.3287,21.2087],[-122.3291,21.2073],[-122.3294,21.2059],[-122.3297,21.2044],[-122.3299,21.2029],[-122.33,21.2015],[-122.33,21.2],[-122.33,21.1985],[-122.3299,21.1971],[-122.3297,21.1956],[-122.3294,21.1941],[-122.3291,21.1927],[-122.3287,21.1913],[-122.3282,21.1899],[-122.3277,21.1885],[-122.3271,21.1872],[-122.3265,21.1859],[-122.3257,21.1846],[-122.3249,21.1833],[-122.3241,21.1821],[-122.3232,21.181],[-122.3222,21.1799],[-122.3212,21.1788],[-122.3201,21.1778],[-122.319,21.1768],[-122.3179,21.1759],[-122.3167,21.1751],[-122.3154,21.1743],[-122.3141,21.1735],[-122.3128,21.1729],[-122.3115,21.1723],[-122.3101,21.1718],[-122.3087,21.1713],[-122.3073,21.1709],[-122.3059,21.1706],[-122.3044,21.1703],[-122.3029,21.1701],[-122.3015,21.17],[-122.3,21.17]]]},"properties":{"storm_name":"RACHEL-26","fuente":"GDACS","alertlevel":"Green","url":"https://www.gdacs.org/report.aspx?eventid=1001329&episodeid=52&eventtype=TC","paises":"Mexico","layer":"storm_track","kind":"wind_radii_forecast","wind_kt":34}},{"type":"Feature","geometry":{"type":"Polygon","coordinates":[[[-122.9,21.37],[-122.8985,21.37],[-122.8971,21.3701],[-122.8956,21.3703],[-122.8941,21.3706],[-122.8927,21.3709],[-122.8913,21.3713],[-122.8899,21.3718],[-122.8885,21.3723],[-122.8872,21.3729],[-122.8859,21.3735],[-122.8846,21.3743],[-122.8833,21.3751],[-122.8821,21.3759],[-122.881,21.3768],[-122.8799,21.3778],[-122.8788,21.3788],[-122.8778,21.3799],[-122.8768,21.381],[-122.8759,21.3821],[-122.8751,21.3833],[-122.8743,21.3846],[-122.8735,21.3859],[-122.8729,21.3872],[-122.8723,21.3885],[-122.8718,21.3899],[-122.8713,21.3913],[-122.8709,21.3927],[-122.8706,21.3941],[-122.8703,21.3956],[-122.8701,21.3971],[-122.87,21.3985],[-122.87,21.4],[-122.87,21.4015],[-122.8701,21.4029],[-122.8703,21.4044],[-122.8706,21.4059],[-122.8709,21.4073],[-122.8713,21.4087],[-122.8718,21.4101],[-122.8723,21.4115],[-122.8729,21.4128],[-122.8735,21.4141],[-122.8743,21.4154],[-122.8751,21.4167],[-122.8759,21.4179],[-122.8768,21.419],[-122.8778,21.4201],[-122.8788,21.4212],[-122.8799,21.4222],[-122.881,21.4232],[-122.8821,21.4241],[-122.8833,21.4249],[-122.8846,21.4257],[-122.8859,21.4265],[-122.8872,21.4271],[-122.8885,21.4277],[-122.8899,21.4282],[-122.8913,21.4287],[-122.8927,21.4291],[-122.8941,21.4294],[-122.8956,21.4297],[-122.8971,21.4299],[-122.8985,21.43],[-122.9,21.43],[-122.9015,21.43],[-122.9029,21.4299],[-122.9044,21.4297],[-122.9059,21.4294],[-122.9073,21.4291],[-122.9087,21.4287],[-122.9101,21.4282],[-122.9115,21.4277],[-122.9128,21.4271],[-122.9141,21.4265],[-122.9154,21.4257],[-122.9167,21.4249],[-122.9179,21.4241],[-122.919,21.4232],[-122.9201,21.4222],[-122.9212,21.4212],[-122.9222,21.4201],[-122.9232,21.419],[-122.9241,21.4179],[-122.9249,21.4167],[-122.9257,21.4154],[-122.9265,21.4141],[-122.9271,21.4128],[-122.9277,21.4115],[-122.9282,21.4101],[-122.9287,21.4087],[-122.9291,21.4073],[-122.9294,21.4059],[-122.9297,21.4044],[-122.9299,21.4029],[-122.93,21.4015],[-122.93,21.4],[-122.93,21.3985],[-122.9299,21.3971],[-122.9297,21.3956],[-122.9294,21.3941],[-122.9291,21.3927],[-122.9287,21.3913],[-122.9282,21.3899],[-122.9277,21.3885],[-122.9271,21.3872],[-122.9265,21.3859],[-122.9257,21.3846],[-122.9249,21.3833],[-122.9241,21.3821],[-122.9232,21.381],[-122.9222,21.3799],[-122.9212,21.3788],[-122.9201,21.3778],[-122.919,21.3768],[-122.9179,21.3759],[-122.9167,21.3751],[-122.9154,21.3743],[-122.9141,21.3735],[-122.9128,21.3729],[-122.9115,21.3723],[-122.9101,21.3718],[-122.9087,21.3713],[-122.9073,21.3709],[-122.9059,21.3706],[-122.9044,21.3703],[-122.9029,21.3701],[-122.9015,21.37],[-122.9,21.37]]]},"properties":{"storm_name":"RACHEL-26","fuente":"GDACS","alertlevel":"Green","url":"https://www.gdacs.org/report.aspx?eventid=1001329&episodeid=52&eventtype=TC","paises":"Mexico","layer":"storm_track","kind":"wind_radii_forecast","wind_kt":34}},{"type":"Feature","geometry":{"type":"Polygon","coordinates":[[[-123.9,21.77],[-123.8985,21.77],[-123.8971,21.7701],[-123.8956,21.7703],[-123.8941,21.7706],[-123.8927,21.7709],[-123.8913,21.7713],[-123.8899,21.7718],[-123.8885,21.7723],[-123.8872,21.7729],[-123.8859,21.7735],[-123.8846,21.7743],[-123.8833,21.7751],[-123.8821,21.7759],[-123.881,21.7768],[-123.8799,21.7778],[-123.8788,21.7788],[-123.8778,21.7799],[-123.8768,21.781],[-123.8759,21.7821],[-123.8751,21.7833],[-123.8743,21.7846],[-123.8735,21.7859],[-123.8729,21.7872],[-123.8723,21.7885],[-123.8718,21.7899],[-123.8713,21.7913],[-123.8709,21.7927],[-123.8706,21.7941],[-123.8703,21.7956],[-123.8701,21.7971],[-123.87,21.7985],[-123.87,21.8],[-123.87,21.8015],[-123.8701,21.8029],[-123.8703,21.8044],[-123.8706,21.8059],[-123.8709,21.8073],[-123.8713,21.8087],[-123.8718,21.8101],[-123.8723,21.8115],[-123.8729,21.8128],[-123.8735,21.8141],[-123.8743,21.8154],[-123.8751,21.8167],[-123.8759,21.8179],[-123.8768,21.819],[-123.8778,21.8201],[-123.8788,21.8212],[-123.8799,21.8222],[-123.881,21.8232],[-123.8821,21.8241],[-123.8833,21.8249],[-123.8846,21.8257],[-123.8859,21.8265],[-123.8872,21.8271],[-123.8885,21.8277],[-123.8899,21.8282],[-123.8913,21.8287],[-123.8927,21.8291],[-123.8941,21.8294],[-123.8956,21.8297],[-123.8971,21.8299],[-123.8985,21.83],[-123.9,21.83],[-123.9015,21.83],[-123.9029,21.8299],[-123.9044,21.8297],[-123.9059,21.8294],[-123.9073,21.8291],[-123.9087,21.8287],[-123.9101,21.8282],[-123.9115,21.8277],[-123.9128,21.8271],[-123.9141,21.8265],[-123.9154,21.8257],[-123.9167,21.8249],[-123.9179,21.8241],[-123.919,21.8232],[-123.9201,21.8222],[-123.9212,21.8212],[-123.9222,21.8201],[-123.9232,21.819],[-123.9241,21.8179],[-123.9249,21.8167],[-123.9257,21.8154],[-123.9265,21.8141],[-123.9271,21.8128],[-123.9277,21.8115],[-123.9282,21.8101],[-123.9287,21.8087],[-123.9291,21.8073],[-123.9294,21.8059],[-123.9297,21.8044],[-123.9299,21.8029],[-123.93,21.8015],[-123.93,21.8],[-123.93,21.7985],[-123.9299,21.7971],[-123.9297,21.7956],[-123.9294,21.7941],[-123.9291,21.7927],[-123.9287,21.7913],[-123.9282,21.7899],[-123.9277,21.7885],[-123.9271,21.7872],[-123.9265,21.7859],[-123.9257,21.7846],[-123.9249,21.7833],[-123.9241,21.7821],[-123.9232,21.781],[-123.9222,21.7799],[-123.9212,21.7788],[-123.9201,21.7778],[-123.919,21.7768],[-123.9179,21.7759],[-123.9167,21.7751],[-123.9154,21.7743],[-123.9141,21.7735],[-123.9128,21.7729],[-123.9115,21.7723],[-123.9101,21.7718],[-123.9087,21.7713],[-123.9073,21.7709],[-123.9059,21.7706],[-123.9044,21.7703],[-123.9029,21.7701],[-123.9015,21.77],[-123.9,21.77]]]},"properties":{"storm_name":"RACHEL-26","fuente":"GDACS","alertlevel":"Green","url":"https://www.gdacs.org/report.aspx?eventid=1001329&episodeid=52&eventtype=TC","paises":"Mexico","layer":"storm_track","kind":"wind_radii_forecast","wind_kt":34}},{"type":"Feature","geometry":{"type":"Polygon","coordinates":[[[-124.2,22.07],[-124.1985,22.07],[-124.1971,22.0701],[-124.1956,22.0703],[-124.1941,22.0706],[-124.1927,22.0709],[-124.1913,22.0713],[-124.1899,22.0718],[-124.1885,22.0723],[-124.1872,22.0729],[-124.1859,22.0735],[-124.1846,22.0743],[-124.1833,22.0751],[-124.1821,22.0759],[-124.181,22.0768],[-124.1799,22.0778],[-124.1788,22.0788],[-124.1778,22.0799],[-124.1768,22.081],[-124.1759,22.0821],[-124.1751,22.0833],[-124.1743,22.0846],[-124.1735,22.0859],[-124.1729,22.0872],[-124.1723,22.0885],[-124.1718,22.0899],[-124.1713,22.0913],[-124.1709,22.0927],[-124.1706,22.0941],[-124.1703,22.0956],[-124.1701,22.0971],[-124.17,22.0985],[-124.17,22.1],[-124.17,22.1015],[-124.1701,22.1029],[-124.1703,22.1044],[-124.1706,22.1059],[-124.1709,22.1073],[-124.1713,22.1087],[-124.1718,22.1101],[-124.1723,22.1115],[-124.1729,22.1128],[-124.1735,22.1141],[-124.1743,22.1154],[-124.1751,22.1167],[-124.1759,22.1179],[-124.1768,22.119],[-124.1778,22.1201],[-124.1788,22.1212],[-124.1799,22.1222],[-124.181,22.1232],[-124.1821,22.1241],[-124.1833,22.1249],[-124.1846,22.1257],[-124.1859,22.1265],[-124.1872,22.1271],[-124.1885,22.1277],[-124.1899,22.1282],[-124.1913,22.1287],[-124.1927,22.1291],[-124.1941,22.1294],[-124.1956,22.1297],[-124.1971,22.1299],[-124.1985,22.13],[-124.2,22.13],[-124.2015,22.13],[-124.2029,22.1299],[-124.2044,22.1297],[-124.2059,22.1294],[-124.2073,22.1291],[-124.2087,22.1287],[-124.2101,22.1282],[-124.2115,22.1277],[-124.2128,22.1271],[-124.2141,22.1265],[-124.2154,22.1257],[-124.2167,22.1249],[-124.2179,22.1241],[-124.219,22.1232],[-124.2201,22.1222],[-124.2212,22.1212],[-124.2222,22.1201],[-124.2232,22.119],[-124.2241,22.1179],[-124.2249,22.1167],[-124.2257,22.1154],[-124.2265,22.1141],[-124.2271,22.1128],[-124.2277,22.1115],[-124.2282,22.1101],[-124.2287,22.1087],[-124.2291,22.1073],[-124.2294,22.1059],[-124.2297,22.1044],[-124.2299,22.1029],[-124.23,22.1015],[-124.23,22.1],[-124.23,22.0985],[-124.2299,22.0971],[-124.2297,22.0956],[-124.2294,22.0941],[-124.2291,22.0927],[-124.2287,22.0913],[-124.2282,22.0899],[-124.2277,22.0885],[-124.2271,22.0872],[-124.2265,22.0859],[-124.2257,22.0846],[-124.2249,22.0833],[-124.2241,22.0821],[-124.2232,22.081],[-124.2222,22.0799],[-124.2212,22.0788],[-124.2201,22.0778],[-124.219,22.0768],[-124.2179,22.0759],[-124.2167,22.0751],[-124.2154,22.0743],[-124.2141,22.0735],[-124.2128,22.0729],[-124.2115,22.0723],[-124.2101,22.0718],[-124.2087,22.0713],[-124.2073,22.0709],[-124.2059,22.0706],[-124.2044,22.0703],[-124.2029,22.0701],[-124.2015,22.07],[-124.2,22.07]]]},"properties":{"storm_name":"RACHEL-26","fuente":"GDACS","alertlevel":"Green","url":"https://www.gdacs.org/report.aspx?eventid=1001329&episodeid=52&eventtype=TC","paises":"Mexico","layer":"storm_track","kind":"wind_radii_forecast","wind_kt":34}},{"type":"Feature","geometry":{"type":"Polygon","coordinates":[[[-124.6,22.37],[-124.5985,22.37],[-124.5971,22.3701],[-124.5956,22.3703],[-124.5941,22.3706],[-124.5927,22.3709],[-124.5913,22.3713],[-124.5899,22.3718],[-124.5885,22.3723],[-124.5872,22.3729],[-124.5859,22.3735],[-124.5846,22.3743],[-124.5833,22.3751],[-124.5821,22.3759],[-124.581,22.3768],[-124.5799,22.3778],[-124.5788,22.3788],[-124.5778,22.3799],[-124.5768,22.381],[-124.5759,22.3821],[-124.5751,22.3833],[-124.5743,22.3846],[-124.5735,22.3859],[-124.5729,22.3872],[-124.5723,22.3885],[-124.5718,22.3899],[-124.5713,22.3913],[-124.5709,22.3927],[-124.5706,22.3941],[-124.5703,22.3956],[-124.5701,22.3971],[-124.57,22.3985],[-124.57,22.4],[-124.57,22.4015],[-124.5701,22.4029],[-124.5703,22.4044],[-124.5706,22.4059],[-124.5709,22.4073],[-124.5713,22.4087],[-124.5718,22.4101],[-124.5723,22.4115],[-124.5729,22.4128],[-124.5735,22.4141],[-124.5743,22.4154],[-124.5751,22.4167],[-124.5759,22.4179],[-124.5768,22.419],[-124.5778,22.4201],[-124.5788,22.4212],[-124.5799,22.4222],[-124.581,22.4232],[-124.5821,22.4241],[-124.5833,22.4249],[-124.5846,22.4257],[-124.5859,22.4265],[-124.5872,22.4271],[-124.5885,22.4277],[-124.5899,22.4282],[-124.5913,22.4287],[-124.5927,22.4291],[-124.5941,22.4294],[-124.5956,22.4297],[-124.5971,22.4299],[-124.5985,22.43],[-124.6,22.43],[-124.6015,22.43],[-124.6029,22.4299],[-124.6044,22.4297],[-124.6059,22.4294],[-124.6073,22.4291],[-124.6087,22.4287],[-124.6101,22.4282],[-124.6115,22.4277],[-124.6128,22.4271],[-124.6141,22.4265],[-124.6154,22.4257],[-124.6167,22.4249],[-124.6179,22.4241],[-124.619,22.4232],[-124.6201,22.4222],[-124.6212,22.4212],[-124.6222,22.4201],[-124.6232,22.419],[-124.6241,22.4179],[-124.6249,22.4167],[-124.6257,22.4154],[-124.6265,22.4141],[-124.6271,22.4128],[-124.6277,22.4115],[-124.6282,22.4101],[-124.6287,22.4087],[-124.6291,22.4073],[-124.6294,22.4059],[-124.6297,22.4044],[-124.6299,22.4029],[-124.63,22.4015],[-124.63,22.4],[-124.63,22.3985],[-124.6299,22.3971],[-124.6297,22.3956],[-124.6294,22.3941],[-124.6291,22.3927],[-124.6287,22.3913],[-124.6282,22.3899],[-124.6277,22.3885],[-124.6271,22.3872],[-124.6265,22.3859],[-124.6257,22.3846],[-124.6249,22.3833],[-124.6241,22.3821],[-124.6232,22.381],[-124.6222,22.3799],[-124.6212,22.3788],[-124.6201,22.3778],[-124.619,22.3768],[-124.6179,22.3759],[-124.6167,22.3751],[-124.6154,22.3743],[-124.6141,22.3735],[-124.6128,22.3729],[-124.6115,22.3723],[-124.6101,22.3718],[-124.6087,22.3713],[-124.6073,22.3709],[-124.6059,22.3706],[-124.6044,22.3703],[-124.6029,22.3701],[-124.6015,22.37],[-124.6,22.37]]]},"properties":{"storm_name":"RACHEL-26","fuente":"GDACS","alertlevel":"Green","url":"https://www.gdacs.org/report.aspx?eventid=1001329&episodeid=52&eventtype=TC","paises":"Mexico","layer":"storm_track","kind":"wind_radii_forecast","wind_kt":34}},{"type":"Feature","geometry":{"type":"Polygon","coordinates":[[[-125.5,22.57],[-125.4985,22.57],[-125.4971,22.5701],[-125.4956,22.5703],[-125.4941,22.5706],[-125.4927,22.5709],[-125.4913,22.5713],[-125.4899,22.5718],[-125.4885,22.5723],[-125.4872,22.5729],[-125.4859,22.5735],[-125.4846,22.5743],[-125.4833,22.5751],[-125.4821,22.5759],[-125.481,22.5768],[-125.4799,22.5778],[-125.4788,22.5788],[-125.4778,22.5799],[-125.4768,22.581],[-125.4759,22.5821],[-125.4751,22.5833],[-125.4743,22.5846],[-125.4735,22.5859],[-125.4729,22.5872],[-125.4723,22.5885],[-125.4718,22.5899],[-125.4713,22.5913],[-125.4709,22.5927],[-125.4706,22.5941],[-125.4703,22.5956],[-125.4701,22.5971],[-125.47,22.5985],[-125.47,22.6],[-125.47,22.6015],[-125.4701,22.6029],[-125.4703,22.6044],[-125.4706,22.6059],[-125.4709,22.6073],[-125.4713,22.6087],[-125.4718,22.6101],[-125.4723,22.6115],[-125.4729,22.6128],[-125.4735,22.6141],[-125.4743,22.6154],[-125.4751,22.6167],[-125.4759,22.6179],[-125.4768,22.619],[-125.4778,22.6201],[-125.4788,22.6212],[-125.4799,22.6222],[-125.481,22.6232],[-125.4821,22.6241],[-125.4833,22.6249],[-125.4846,22.6257],[-125.4859,22.6265],[-125.4872,22.6271],[-125.4885,22.6277],[-125.4899,22.6282],[-125.4913,22.6287],[-125.4927,22.6291],[-125.4941,22.6294],[-125.4956,22.6297],[-125.4971,22.6299],[-125.4985,22.63],[-125.5,22.63],[-125.5015,22.63],[-125.5029,22.6299],[-125.5044,22.6297],[-125.5059,22.6294],[-125.5073,22.6291],[-125.5087,22.6287],[-125.5101,22.6282],[-125.5115,22.6277],[-125.5128,22.6271],[-125.5141,22.6265],[-125.5154,22.6257],[-125.5167,22.6249],[-125.5179,22.6241],[-125.519,22.6232],[-125.5201,22.6222],[-125.5212,22.6212],[-125.5222,22.6201],[-125.5232,22.619],[-125.5241,22.6179],[-125.5249,22.6167],[-125.5257,22.6154],[-125.5265,22.6141],[-125.5271,22.6128],[-125.5277,22.6115],[-125.5282,22.6101],[-125.5287,22.6087],[-125.5291,22.6073],[-125.5294,22.6059],[-125.5297,22.6044],[-125.5299,22.6029],[-125.53,22.6015],[-125.53,22.6],[-125.53,22.5985],[-125.5299,22.5971],[-125.5297,22.5956],[-125.5294,22.5941],[-125.5291,22.5927],[-125.5287,22.5913],[-125.5282,22.5899],[-125.5277,22.5885],[-125.5271,22.5872],[-125.5265,22.5859],[-125.5257,22.5846],[-125.5249,22.5833],[-125.5241,22.5821],[-125.5232,22.581],[-125.5222,22.5799],[-125.5212,22.5788],[-125.5201,22.5778],[-125.519,22.5768],[-125.5179,22.5759],[-125.5167,22.5751],[-125.5154,22.5743],[-125.5141,22.5735],[-125.5128,22.5729],[-125.5115,22.5723],[-125.5101,22.5718],[-125.5087,22.5713],[-125.5073,22.5709],[-125.5059,22.5706],[-125.5044,22.5703],[-125.5029,22.5701],[-125.5015,22.57],[-125.5,22.57]]]},"properties":{"storm_name":"RACHEL-26","fuente":"GDACS","alertlevel":"Green","url":"https://www.gdacs.org/report.aspx?eventid=1001329&episodeid=52&eventtype=TC","paises":"Mexico","layer":"storm_track","kind":"wind_radii_forecast","wind_kt":34}},{"type":"Feature","geometry":{"type":"Polygon","coordinates":[[[-124.9,22.67],[-124.8985,22.67],[-124.8971,22.6701],[-124.8956,22.6703],[-124.8941,22.6706],[-124.8927,22.6709],[-124.8913,22.6713],[-124.8899,22.6718],[-124.8885,22.6723],[-124.8872,22.6729],[-124.8859,22.6735],[-124.8846,22.6743],[-124.8833,22.6751],[-124.8821,22.6759],[-124.881,22.6768],[-124.8799,22.6778],[-124.8788,22.6788],[-124.8778,22.6799],[-124.8768,22.681],[-124.8759,22.6821],[-124.8751,22.6833],[-124.8743,22.6846],[-124.8735,22.6859],[-124.8729,22.6872],[-124.8723,22.6885],[-124.8718,22.6899],[-124.8713,22.6913],[-124.8709,22.6927],[-124.8706,22.6941],[-124.8703,22.6956],[-124.8701,22.6971],[-124.87,22.6985],[-124.87,22.7],[-124.87,22.7015],[-124.8701,22.7029],[-124.8703,22.7044],[-124.8706,22.7059],[-124.8709,22.7073],[-124.8713,22.7087],[-124.8718,22.7101],[-124.8723,22.7115],[-124.8729,22.7128],[-124.8735,22.7141],[-124.8743,22.7154],[-124.8751,22.7167],[-124.8759,22.7179],[-124.8768,22.719],[-124.8778,22.7201],[-124.8788,22.7212],[-124.8799,22.7222],[-124.881,22.7232],[-124.8821,22.7241],[-124.8833,22.7249],[-124.8846,22.7257],[-124.8859,22.7265],[-124.8872,22.7271],[-124.8885,22.7277],[-124.8899,22.7282],[-124.8913,22.7287],[-124.8927,22.7291],[-124.8941,22.7294],[-124.8956,22.7297],[-124.8971,22.7299],[-124.8985,22.73],[-124.9,22.73],[-124.9015,22.73],[-124.9029,22.7299],[-124.9044,22.7297],[-124.9059,22.7294],[-124.9073,22.7291],[-124.9087,22.7287],[-124.9101,22.7282],[-124.9115,22.7277],[-124.9128,22.7271],[-124.9141,22.7265],[-124.9154,22.7257],[-124.9167,22.7249],[-124.9179,22.7241],[-124.919,22.7232],[-124.9201,22.7222],[-124.9212,22.7212],[-124.9222,22.7201],[-124.9232,22.719],[-124.9241,22.7179],[-124.9249,22.7167],[-124.9257,22.7154],[-124.9265,22.7141],[-124.9271,22.7128],[-124.9277,22.7115],[-124.9282,22.7101],[-124.9287,22.7087],[-124.9291,22.7073],[-124.9294,22.7059],[-124.9297,22.7044],[-124.9299,22.7029],[-124.93,22.7015],[-124.93,22.7],[-124.93,22.6985],[-124.9299,22.6971],[-124.9297,22.6956],[-124.9294,22.6941],[-124.9291,22.6927],[-124.9287,22.6913],[-124.9282,22.6899],[-124.9277,22.6885],[-124.9271,22.6872],[-124.9265,22.6859],[-124.9257,22.6846],[-124.9249,22.6833],[-124.9241,22.6821],[-124.9232,22.681],[-124.9222,22.6799],[-124.9212,22.6788],[-124.9201,22.6778],[-124.919,22.6768],[-124.9179,22.6759],[-124.9167,22.6751],[-124.9154,22.6743],[-124.9141,22.6735],[-124.9128,22.6729],[-124.9115,22.6723],[-124.9101,22.6718],[-124.9087,22.6713],[-124.9073,22.6709],[-124.9059,22.6706],[-124.9044,22.6703],[-124.9029,22.6701],[-124.9015,22.67],[-124.9,22.67]]]},"properties":{"storm_name":"RACHEL-26","fuente":"GDACS","alertlevel":"Green","url":"https://www.gdacs.org/report.aspx?eventid=1001329&episodeid=52&eventtype=TC","paises":"Mexico","layer":"storm_track","kind":"wind_radii_forecast","wind_kt":34}},{"type":"Feature","geometry":{"type":"Polygon","coordinates":[[[-124.6,22.77],[-124.5985,22.77],[-124.5971,22.7701],[-124.5956,22.7703],[-124.5941,22.7706],[-124.5927,22.7709],[-124.5913,22.7713],[-124.5899,22.7718],[-124.5885,22.7723],[-124.5872,22.7729],[-124.5859,22.7735],[-124.5846,22.7743],[-124.5833,22.7751],[-124.5821,22.7759],[-124.581,22.7768],[-124.5799,22.7778],[-124.5788,22.7788],[-124.5778,22.7799],[-124.5768,22.781],[-124.5759,22.7821],[-124.5751,22.7833],[-124.5743,22.7846],[-124.5735,22.7859],[-124.5729,22.7872],[-124.5723,22.7885],[-124.5718,22.7899],[-124.5713,22.7913],[-124.5709,22.7927],[-124.5706,22.7941],[-124.5703,22.7956],[-124.5701,22.7971],[-124.57,22.7985],[-124.57,22.8],[-124.57,22.8015],[-124.5701,22.8029],[-124.5703,22.8044],[-124.5706,22.8059],[-124.5709,22.8073],[-124.5713,22.8087],[-124.5718,22.8101],[-124.5723,22.8115],[-124.5729,22.8128],[-124.5735,22.8141],[-124.5743,22.8154],[-124.5751,22.8167],[-124.5759,22.8179],[-124.5768,22.819],[-124.5778,22.8201],[-124.5788,22.8212],[-124.5799,22.8222],[-124.581,22.8232],[-124.5821,22.8241],[-124.5833,22.8249],[-124.5846,22.8257],[-124.5859,22.8265],[-124.5872,22.8271],[-124.5885,22.8277],[-124.5899,22.8282],[-124.5913,22.8287],[-124.5927,22.8291],[-124.5941,22.8294],[-124.5956,22.8297],[-124.5971,22.8299],[-124.5985,22.83],[-124.6,22.83],[-124.6015,22.83],[-124.6029,22.8299],[-124.6044,22.8297],[-124.6059,22.8294],[-124.6073,22.8291],[-124.6087,22.8287],[-124.6101,22.8282],[-124.6115,22.8277],[-124.6128,22.8271],[-124.6141,22.8265],[-124.6154,22.8257],[-124.6167,22.8249],[-124.6179,22.8241],[-124.619,22.8232],[-124.6201,22.8222],[-124.6212,22.8212],[-124.6222,22.8201],[-124.6232,22.819],[-124.6241,22.8179],[-124.6249,22.8167],[-124.6257,22.8154],[-124.6265,22.8141],[-124.6271,22.8128],[-124.6277,22.8115],[-124.6282,22.8101],[-124.6287,22.8087],[-124.6291,22.8073],[-124.6294,22.8059],[-124.6297,22.8044],[-124.6299,22.8029],[-124.63,22.8015],[-124.63,22.8],[-124.63,22.7985],[-124.6299,22.7971],[-124.6297,22.7956],[-124.6294,22.7941],[-124.6291,22.7927],[-124.6287,22.7913],[-124.6282,22.7899],[-124.6277,22.7885],[-124.6271,22.7872],[-124.6265,22.7859],[-124.6257,22.7846],[-124.6249,22.7833],[-124.6241,22.7821],[-124.6232,22.781],[-124.6222,22.7799],[-124.6212,22.7788],[-124.6201,22.7778],[-124.619,22.7768],[-124.6179,22.7759],[-124.6167,22.7751],[-124.6154,22.7743],[-124.6141,22.7735],[-124.6128,22.7729],[-124.6115,22.7723],[-124.6101,22.7718],[-124.6087,22.7713],[-124.6073,22.7709],[-124.6059,22.7706],[-124.6044,22.7703],[-124.6029,22.7701],[-124.6015,22.77],[-124.6,22.77]]]},"properties":{"storm_name":"RACHEL-26","fuente":"GDACS","alertlevel":"Green","url":"https://www.gdacs.org/report.aspx?eventid=1001329&episodeid=52&eventtype=TC","paises":"Mexico","layer":"storm_track","kind":"wind_radii_forecast","wind_kt":34}},{"type":"Feature","geometry":{"type":"Polygon","coordinates":[[[-124.0,23.27],[-123.9985,23.27],[-123.9971,23.2701],[-123.9956,23.2703],[-123.9941,23.2706],[-123.9927,23.2709],[-123.9913,23.2713],[-123.9899,23.2718],[-123.9885,23.2723],[-123.9872,23.2729],[-123.9859,23.2735],[-123.9846,23.2743],[-123.9833,23.2751],[-123.9821,23.2759],[-123.981,23.2768],[-123.9799,23.2778],[-123.9788,23.2788],[-123.9778,23.2799],[-123.9768,23.281],[-123.9759,23.2821],[-123.9751,23.2833],[-123.9743,23.2846],[-123.9735,23.2859],[-123.9729,23.2872],[-123.9723,23.2885],[-123.9718,23.2899],[-123.9713,23.2913],[-123.9709,23.2927],[-123.9706,23.2941],[-123.9703,23.2956],[-123.9701,23.2971],[-123.97,23.2985],[-123.97,23.3],[-123.97,23.3015],[-123.9701,23.3029],[-123.9703,23.3044],[-123.9706,23.3059],[-123.9709,23.3073],[-123.9713,23.3087],[-123.9718,23.3101],[-123.9723,23.3115],[-123.9729,23.3128],[-123.9735,23.3141],[-123.9743,23.3154],[-123.9751,23.3167],[-123.9759,23.3179],[-123.9768,23.319],[-123.9778,23.3201],[-123.9788,23.3212],[-123.9799,23.3222],[-123.981,23.3232],[-123.9821,23.3241],[-123.9833,23.3249],[-123.9846,23.3257],[-123.9859,23.3265],[-123.9872,23.3271],[-123.9885,23.3277],[-123.9899,23.3282],[-123.9913,23.3287],[-123.9927,23.3291],[-123.9941,23.3294],[-123.9956,23.3297],[-123.9971,23.3299],[-123.9985,23.33],[-124.0,23.33],[-124.0015,23.33],[-124.0029,23.3299],[-124.0044,23.3297],[-124.0059,23.3294],[-124.0073,23.3291],[-124.0087,23.3287],[-124.0101,23.3282],[-124.0115,23.3277],[-124.0128,23.3271],[-124.0141,23.3265],[-124.0154,23.3257],[-124.0167,23.3249],[-124.0179,23.3241],[-124.019,23.3232],[-124.0201,23.3222],[-124.0212,23.3212],[-124.0222,23.3201],[-124.0232,23.319],[-124.0241,23.3179],[-124.0249,23.3167],[-124.0257,23.3154],[-124.0265,23.3141],[-124.0271,23.3128],[-124.0277,23.3115],[-124.0282,23.3101],[-124.0287,23.3087],[-124.0291,23.3073],[-124.0294,23.3059],[-124.0297,23.3044],[-124.0299,23.3029],[-124.03,23.3015],[-124.03,23.3],[-124.03,23.2985],[-124.0299,23.2971],[-124.0297,23.2956],[-124.0294,23.2941],[-124.0291,23.2927],[-124.0287,23.2913],[-124.0282,23.2899],[-124.0277,23.2885],[-124.0271,23.2872],[-124.0265,23.2859],[-124.0257,23.2846],[-124.0249,23.2833],[-124.0241,23.2821],[-124.0232,23.281],[-124.0222,23.2799],[-124.0212,23.2788],[-124.0201,23.2778],[-124.019,23.2768],[-124.0179,23.2759],[-124.0167,23.2751],[-124.0154,23.2743],[-124.0141,23.2735],[-124.0128,23.2729],[-124.0115,23.2723],[-124.0101,23.2718],[-124.0087,23.2713],[-124.0073,23.2709],[-124.0059,23.2706],[-124.0044,23.2703],[-124.0029,23.2701],[-124.0015,23.27],[-124.0,23.27]]]},"properties":{"storm_name":"RACHEL-26","fuente":"GDACS","alertlevel":"Green","url":"https://www.gdacs.org/report.aspx?eventid=1001329&episodeid=52&eventtype=TC","paises":"Mexico","layer":"storm_track","kind":"wind_radii_forecast","wind_kt":34}},{"type":"Feature","geometry":{"type":"Polygon","coordinates":[[[-123.3,23.77],[-123.2985,23.77],[-123.2971,23.7701],[-123.2956,23.7703],[-123.2941,23.7706],[-123.2927,23.7709],[-123.2913,23.7713],[-123.2899,23.7718],[-123.2885,23.7723],[-123.2872,23.7729],[-123.2859,23.7735],[-123.2846,23.7743],[-123.2833,23.7751],[-123.2821,23.7759],[-123.281,23.7768],[-123.2799,23.7778],[-123.2788,23.7788],[-123.2778,23.7799],[-123.2768,23.781],[-123.2759,23.7821],[-123.2751,23.7833],[-123.2743,23.7846],[-123.2735,23.7859],[-123.2729,23.7872],[-123.2723,23.7885],[-123.2718,23.7899],[-123.2713,23.7913],[-123.2709,23.7927],[-123.2706,23.7941],[-123.2703,23.7956],[-123.2701,23.7971],[-123.27,23.7985],[-123.27,23.8],[-123.27,23.8015],[-123.2701,23.8029],[-123.2703,23.8044],[-123.2706,23.8059],[-123.2709,23.8073],[-123.2713,23.8087],[-123.2718,23.8101],[-123.2723,23.8115],[-123.2729,23.8128],[-123.2735,23.8141],[-123.2743,23.8154],[-123.2751,23.8167],[-123.2759,23.8179],[-123.2768,23.819],[-123.2778,23.8201],[-123.2788,23.8212],[-123.2799,23.8222],[-123.281,23.8232],[-123.2821,23.8241],[-123.2833,23.8249],[-123.2846,23.8257],[-123.2859,23.8265],[-123.2872,23.8271],[-123.2885,23.8277],[-123.2899,23.8282],[-123.2913,23.8287],[-123.2927,23.8291],[-123.2941,23.8294],[-123.2956,23.8297],[-123.2971,23.8299],[-123.2985,23.83],[-123.3,23.83],[-123.3015,23.83],[-123.3029,23.8299],[-123.3044,23.8297],[-123.3059,23.8294],[-123.3073,23.8291],[-123.3087,23.8287],[-123.3101,23.8282],[-123.3115,23.8277],[-123.3128,23.8271],[-123.3141,23.8265],[-123.3154,23.8257],[-123.3167,23.8249],[-123.3179,23.8241],[-123.319,23.8232],[-123.3201,23.8222],[-123.3212,23.8212],[-123.3222,23.8201],[-123.3232,23.819],[-123.3241,23.8179],[-123.3249,23.8167],[-123.3257,23.8154],[-123.3265,23.8141],[-123.3271,23.8128],[-123.3277,23.8115],[-123.3282,23.8101],[-123.3287,23.8087],[-123.3291,23.8073],[-123.3294,23.8059],[-123.3297,23.8044],[-123.3299,23.8029],[-123.33,23.8015],[-123.33,23.8],[-123.33,23.7985],[-123.3299,23.7971],[-123.3297,23.7956],[-123.3294,23.7941],[-123.3291,23.7927],[-123.3287,23.7913],[-123.3282,23.7899],[-123.3277,23.7885],[-123.3271,23.7872],[-123.3265,23.7859],[-123.3257,23.7846],[-123.3249,23.7833],[-123.3241,23.7821],[-123.3232,23.781],[-123.3222,23.7799],[-123.3212,23.7788],[-123.3201,23.7778],[-123.319,23.7768],[-123.3179,23.7759],[-123.3167,23.7751],[-123.3154,23.7743],[-123.3141,23.7735],[-123.3128,23.7729],[-123.3115,23.7723],[-123.3101,23.7718],[-123.3087,23.7713],[-123.3073,23.7709],[-123.3059,23.7706],[-123.3044,23.7703],[-123.3029,23.7701],[-123.3015,23.77],[-123.3,23.77]]]},"properties":{"storm_name":"RACHEL-26","fuente":"GDACS","alertlevel":"Green","url":"https://www.gdacs.org/report.aspx?eventid=1001329&episodeid=52&eventtype=TC","paises":"Mexico","layer":"storm_track","kind":"wind_radii_forecast","wind_kt":34}},{"type":"Feature","geometry":{"type":"Polygon","coordinates":[[[-121.0,25.27],[-120.9985,25.27],[-120.9971,25.2701],[-120.9956,25.2703],[-120.9941,25.2706],[-120.9927,25.2709],[-120.9913,25.2713],[-120.9899,25.2718],[-120.9885,25.2723],[-120.9872,25.2729],[-120.9859,25.2735],[-120.9846,25.2743],[-120.9833,25.2751],[-120.9821,25.2759],[-120.981,25.2768],[-120.9799,25.2778],[-120.9788,25.2788],[-120.9778,25.2799],[-120.9768,25.281],[-120.9759,25.2821],[-120.9751,25.2833],[-120.9743,25.2846],[-120.9735,25.2859],[-120.9729,25.2872],[-120.9723,25.2885],[-120.9718,25.2899],[-120.9713,25.2913],[-120.9709,25.2927],[-120.9706,25.2941],[-120.9703,25.2956],[-120.9701,25.2971],[-120.97,25.2985],[-120.97,25.3],[-120.97,25.3015],[-120.9701,25.3029],[-120.9703,25.3044],[-120.9706,25.3059],[-120.9709,25.3073],[-120.9713,25.3087],[-120.9718,25.3101],[-120.9723,25.3115],[-120.9729,25.3128],[-120.9735,25.3141],[-120.9743,25.3154],[-120.9751,25.3167],[-120.9759,25.3179],[-120.9768,25.319],[-120.9778,25.3201],[-120.9788,25.3212],[-120.9799,25.3222],[-120.981,25.3232],[-120.9821,25.3241],[-120.9833,25.3249],[-120.9846,25.3257],[-120.9859,25.3265],[-120.9872,25.3271],[-120.9885,25.3277],[-120.9899,25.3282],[-120.9913,25.3287],[-120.9927,25.3291],[-120.9941,25.3294],[-120.9956,25.3297],[-120.9971,25.3299],[-120.9985,25.33],[-121.0,25.33],[-121.0015,25.33],[-121.0029,25.3299],[-121.0044,25.3297],[-121.0059,25.3294],[-121.0073,25.3291],[-121.0087,25.3287],[-121.0101,25.3282],[-121.0115,25.3277],[-121.0128,25.3271],[-121.0141,25.3265],[-121.0154,25.3257],[-121.0167,25.3249],[-121.0179,25.3241],[-121.019,25.3232],[-121.0201,25.3222],[-121.0212,25.3212],[-121.0222,25.3201],[-121.0232,25.319],[-121.0241,25.3179],[-121.0249,25.3167],[-121.0257,25.3154],[-121.0265,25.3141],[-121.0271,25.3128],[-121.0277,25.3115],[-121.0282,25.3101],[-121.0287,25.3087],[-121.0291,25.3073],[-121.0294,25.3059],[-121.0297,25.3044],[-121.0299,25.3029],[-121.03,25.3015],[-121.03,25.3],[-121.03,25.2985],[-121.0299,25.2971],[-121.0297,25.2956],[-121.0294,25.2941],[-121.0291,25.2927],[-121.0287,25.2913],[-121.0282,25.2899],[-121.0277,25.2885],[-121.0271,25.2872],[-121.0265,25.2859],[-121.0257,25.2846],[-121.0249,25.2833],[-121.0241,25.2821],[-121.0232,25.281],[-121.0222,25.2799],[-121.0212,25.2788],[-121.0201,25.2778],[-121.019,25.2768],[-121.0179,25.2759],[-121.0167,25.2751],[-121.0154,25.2743],[-121.0141,25.2735],[-121.0128,25.2729],[-121.0115,25.2723],[-121.0101,25.2718],[-121.0087,25.2713],[-121.0073,25.2709],[-121.0059,25.2706],[-121.0044,25.2703],[-121.0029,25.2701],[-121.0015,25.27],[-121.0,25.27]]]},"properties":{"storm_name":"RACHEL-26","fuente":"GDACS","alertlevel":"Green","url":"https://www.gdacs.org/report.aspx?eventid=1001329&episodeid=52&eventtype=TC","paises":"Mexico","layer":"storm_track","kind":"wind_radii_forecast","wind_kt":34}},{"type":"Feature","geometry":{"type":"Polygon","coordinates":[[[-118.1,28.87],[-118.0985,28.87],[-118.0971,28.8701],[-118.0956,28.8703],[-118.0941,28.8706],[-118.0927,28.8709],[-118.0913,28.8713],[-118.0899,28.8718],[-118.0885,28.8723],[-118.0872,28.8729],[-118.0859,28.8735],[-118.0846,28.8743],[-118.0833,28.8751],[-118.0821,28.8759],[-118.081,28.8768],[-118.0799,28.8778],[-118.0788,28.8788],[-118.0778,28.8799],[-118.0768,28.881],[-118.0759,28.8821],[-118.0751,28.8833],[-118.0743,28.8846],[-118.0735,28.8859],[-118.0729,28.8872],[-118.0723,28.8885],[-118.0718,28.8899],[-118.0713,28.8913],[-118.0709,28.8927],[-118.0706,28.8941],[-118.0703,28.8956],[-118.0701,28.8971],[-118.07,28.8985],[-118.07,28.9],[-118.07,28.9015],[-118.0701,28.9029],[-118.0703,28.9044],[-118.0706,28.9059],[-118.0709,28.9073],[-118.0713,28.9087],[-118.0718,28.9101],[-118.0723,28.9115],[-118.0729,28.9128],[-118.0735,28.9141],[-118.0743,28.9154],[-118.0751,28.9167],[-118.0759,28.9179],[-118.0768,28.919],[-118.0778,28.9201],[-118.0788,28.9212],[-118.0799,28.9222],[-118.081,28.9232],[-118.0821,28.9241],[-118.0833,28.9249],[-118.0846,28.9257],[-118.0859,28.9265],[-118.0872,28.9271],[-118.0885,28.9277],[-118.0899,28.9282],[-118.0913,28.9287],[-118.0927,28.9291],[-118.0941,28.9294],[-118.0956,28.9297],[-118.0971,28.9299],[-118.0985,28.93],[-118.1,28.93],[-118.1015,28.93],[-118.1029,28.9299],[-118.1044,28.9297],[-118.1059,28.9294],[-118.1073,28.9291],[-118.1087,28.9287],[-118.1101,28.9282],[-118.1115,28.9277],[-118.1128,28.9271],[-118.1141,28.9265],[-118.1154,28.9257],[-118.1167,28.9249],[-118.1179,28.9241],[-118.119,28.9232],[-118.1201,28.9222],[-118.1212,28.9212],[-118.1222,28.9201],[-118.1232,28.919],[-118.1241,28.9179],[-118.1249,28.9167],[-118.1257,28.9154],[-118.1265,28.9141],[-118.1271,28.9128],[-118.1277,28.9115],[-118.1282,28.9101],[-118.1287,28.9087],[-118.1291,28.9073],[-118.1294,28.9059],[-118.1297,28.9044],[-118.1299,28.9029],[-118.13,28.9015],[-118.13,28.9],[-118.13,28.8985],[-118.1299,28.8971],[-118.1297,28.8956],[-118.1294,28.8941],[-118.1291,28.8927],[-118.1287,28.8913],[-118.1282,28.8899],[-118.1277,28.8885],[-118.1271,28.8872],[-118.1265,28.8859],[-118.1257,28.8846],[-118.1249,28.8833],[-118.1241,28.8821],[-118.1232,28.881],[-118.1222,28.8799],[-118.1212,28.8788],[-118.1201,28.8778],[-118.119,28.8768],[-118.1179,28.8759],[-118.1167,28.8751],[-118.1154,28.8743],[-118.1141,28.8735],[-118.1128,28.8729],[-118.1115,28.8723],[-118.1101,28.8718],[-118.1087,28.8713],[-118.1073,28.8709],[-118.1059,28.8706],[-118.1044,28.8703],[-118.1029,28.8701],[-118.1015,28.87],[-118.1,28.87]]]},"properties":{"storm_name":"RACHEL-26","fuente":"GDACS","alertlevel":"Green","url":"https://www.gdacs.org/report.aspx?eventid=1001329&episodeid=52&eventtype=TC","paises":"Mexico","layer":"storm_track","kind":"wind_radii_forecast","wind_kt":34}},{"type":"Feature","geometry":{"type":"Polygon","coordinates":[[[-116.0,33.87],[-115.9985,33.87],[-115.9971,33.8701],[-115.9956,33.8703],[-115.9941,33.8706],[-115.9927,33.8709],[-115.9913,33.8713],[-115.9899,33.8718],[-115.9885,33.8723],[-115.9872,33.8729],[-115.9859,33.8735],[-115.9846,33.8743],[-115.9833,33.8751],[-115.9821,33.8759],[-115.981,33.8768],[-115.9799,33.8778],[-115.9788,33.8788],[-115.9778,33.8799],[-115.9768,33.881],[-115.9759,33.8821],[-115.9751,33.8833],[-115.9743,33.8846],[-115.9735,33.8859],[-115.9729,33.8872],[-115.9723,33.8885],[-115.9718,33.8899],[-115.9713,33.8913],[-115.9709,33.8927],[-115.9706,33.8941],[-115.9703,33.8956],[-115.9701,33.8971],[-115.97,33.8985],[-115.97,33.9],[-115.97,33.9015],[-115.9701,33.9029],[-115.9703,33.9044],[-115.9706,33.9059],[-115.9709,33.9073],[-115.9713,33.9087],[-115.9718,33.9101],[-115.9723,33.9115],[-115.9729,33.9128],[-115.9735,33.9141],[-115.9743,33.9154],[-115.9751,33.9167],[-115.9759,33.9179],[-115.9768,33.919],[-115.9778,33.9201],[-115.9788,33.9212],[-115.9799,33.9222],[-115.981,33.9232],[-115.9821,33.9241],[-115.9833,33.9249],[-115.9846,33.9257],[-115.9859,33.9265],[-115.9872,33.9271],[-115.9885,33.9277],[-115.9899,33.9282],[-115.9913,33.9287],[-115.9927,33.9291],[-115.9941,33.9294],[-115.9956,33.9297],[-115.9971,33.9299],[-115.9985,33.93],[-116.0,33.93],[-116.0015,33.93],[-116.0029,33.9299],[-116.0044,33.9297],[-116.0059,33.9294],[-116.0073,33.9291],[-116.0087,33.9287],[-116.0101,33.9282],[-116.0115,33.9277],[-116.0128,33.9271],[-116.0141,33.9265],[-116.0154,33.9257],[-116.0167,33.9249],[-116.0179,33.9241],[-116.019,33.9232],[-116.0201,33.9222],[-116.0212,33.9212],[-116.0222,33.9201],[-116.0232,33.919],[-116.0241,33.9179],[-116.0249,33.9167],[-116.0257,33.9154],[-116.0265,33.9141],[-116.0271,33.9128],[-116.0277,33.9115],[-116.0282,33.9101],[-116.0287,33.9087],[-116.0291,33.9073],[-116.0294,33.9059],[-116.0297,33.9044],[-116.0299,33.9029],[-116.03,33.9015],[-116.03,33.9],[-116.03,33.8985],[-116.0299,33.8971],[-116.0297,33.8956],[-116.0294,33.8941],[-116.0291,33.8927],[-116.0287,33.8913],[-116.0282,33.8899],[-116.0277,33.8885],[-116.0271,33.8872],[-116.0265,33.8859],[-116.0257,33.8846],[-116.0249,33.8833],[-116.0241,33.8821],[-116.0232,33.881],[-116.0222,33.8799],[-116.0212,33.8788],[-116.0201,33.8778],[-116.019,33.8768],[-116.0179,33.8759],[-116.0167,33.8751],[-116.0154,33.8743],[-116.0141,33.8735],[-116.0128,33.8729],[-116.0115,33.8723],[-116.0101,33.8718],[-116.0087,33.8713],[-116.0073,33.8709],[-116.0059,33.8706],[-116.0044,33.8703],[-116.0029,33.8701],[-116.0015,33.87],[-116.0,33.87]]]},"properties":{"storm_name":"RACHEL-26","fuente":"GDACS","alertlevel":"Green","url":"https://www.gdacs.org/report.aspx?eventid=1001329&episodeid=52&eventtype=TC","paises":"Mexico","layer":"storm_track","kind":"wind_radii_forecast","wind_kt":34}},{"type":"Feature","geometry":{"type":"Polygon","coordinates":[[[-123.3,23.55],[-123.2905,23.5502],[-123.2809,23.5506],[-123.2714,23.5514],[-123.262,23.5524],[-123.2526,23.5538],[-123.2432,23.5555],[-123.2339,23.5574],[-123.2247,23.5597],[-123.2156,23.5622],[-123.2065,23.5651],[-123.1976,23.5682],[-123.1889,23.5716],[-123.1802,23.5753],[-123.1717,23.5793],[-123.1634,23.5835],[-123.1552,23.588],[-120.7802,24.982],[-120.7681,24.9891],[-120.7562,24.9966],[-120.7446,25.0045],[-120.7334,25.0127],[-120.7225,25.0213],[-120.7119,25.0302],[-120.7016,25.0395],[-120.6918,25.0491],[-120.6823,25.059],[-120.6731,25.0691],[-117.5788,28.5435],[-117.5649,28.5597],[-117.5517,28.5762],[-117.5391,28.5932],[-117.5272,28.6105],[-117.5161,28.6282],[-117.5056,28.6462],[-117.4958,28.6645],[-117.4868,28.6831],[-115.1521,33.6157],[-115.1407,33.6404],[-115.1303,33.6655],[-115.121,33.6908],[-115.1127,33.7164],[-115.1055,33.7422],[-115.0994,33.7682],[-115.0945,33.7944],[-115.0906,33.8207],[-115.0878,33.8471],[-115.0861,33.8735],[-115.0856,33.9],[-115.0861,33.9265],[-115.0878,33.9529],[-115.0906,33.9793],[-115.0945,34.0056],[-115.0994,34.0318],[-115.1055,34.0578],[-115.1127,34.0836],[-115.121,34.1092],[-115.1303,34.1345],[-115.1407,34.1596],[-115.1521,34.1843],[-115.1646,34.2087],[-115.1781,34.2327],[-115.1926,34.2563],[-115.2081,34.2795],[-115.2245,34.3022],[-115.2419,34.3244],[-115.2602,34.3461],[-115.2794,34.3673],[-115.2995,34.3879],[-115.3204,34.4079],[-115.3422,34.4272],[-115.3648,34.446],[-115.3881,34.464],[-115.4122,34.4814],[-115.437,34.4981],[-115.4625,34.514],[-115.4886,34.5292],[-115.5154,34.5437],[-115.5428,34.5573],[-115.5707,34.5702],[-115.5991,34.5822],[-115.6281,34.5934],[-115.6574,34.6037],[-115.6872,34.6132],[-115.7174,34.6219],[-115.7479,34.6296],[-115.7788,34.6365],[-115.8099,34.6424],[-115.8412,34.6475],[-115.8727,34.6516],[-115.9044,34.6548],[-115.9362,34.6572],[-115.9681,34.6585],[-116.0,34.659],[-116.0319,34.6585],[-116.0638,34.6572],[-116.0956,34.6548],[-116.1273,34.6516],[-116.1588,34.6475],[-116.1901,34.6424],[-116.2212,34.6365],[-116.2521,34.6296],[-116.2826,34.6219],[-116.3128,34.6132],[-116.3426,34.6037],[-116.3719,34.5934],[-116.4009,34.5822],[-116.4293,34.5702],[-116.4572,34.5573],[-116.4846,34.5437],[-116.5114,34.5292],[-116.5375,34.514],[-116.563,34.4981],[-116.5878,34.4814],[-116.6119,34.464],[-116.6352,34.446],[-116.6578,34.4272],[-116.6796,34.4079],[-116.7005,34.3879],[-116.7206,34.3673],[-116.7398,34.3461],[-116.7581,34.3244],[-116.7755,34.3022],[-116.7919,34.2795],[-116.8074,34.2563],[-116.8219,34.2327],[-116.8354,34.2087],[-116.8479,34.1843],[-116.8593,34.1596],[-116.8697,34.1345],[-116.879,34.1092],[-118.7036,29.1479],[-121.3105,25.5557],[-123.4682,23.997],[-123.4756,23.9915],[-123.4828,23.9858],[-123.4898,23.9798],[-123.4965,23.9737],[-123.5031,23.9673],[-123.5093,23.9607],[-123.5153,23.9539],[-123.5211,23.9469],[-123.5265,23.9398],[-123.5317,23.9325],[-123.5366,23.925],[-123.5413,23.9174],[-123.5456,23.9096],[-123.5496,23.9017],[-123.5533,23.8937],[-123.5568,23.8855],[-123.5599,23.8773],[-123.5627,23.8689],[-123.5651,23.8605],[-123.5673,23.852],[-123.5691,23.8434],[-123.5706,23.8348],[-123.5717,23.8261],[-123.5726,23.8174],[-123.5731,23.8087],[-123.5732,23.8],[-123.5731,23.7913],[-123.5726,23.7826],[-123.5717,23.7739],[-123.5706,23.7652],[-123.5691,23.7566],[-123.5673,23.748],[-123.5651,23.7395],[-123.5627,23.7311],[-123.5599,23.7227],[-123.5568,23.7145],[-123.5533,23.7063],[-123.5496,23.6983],[-123.5456,23.6904],[-123.5413,23.6826],[-123.5366,23.675],[-123.5317,23.6675],[-123.5265,23.6602],[-123.5211,23.6531],[-123.5153,23.6461],[-123.5093,23.6393],[-123.5031,23.6327],[-123.4965,23.6263],[-123.4898,23.6202],[-123.4828,23.6142],[-123.4756,23.6085],[-123.4682,23.603],[-123.4606,23.5977],[-123.4528,23.5927],[-123.4448,23.588],[-123.4366,23.5835],[-123.4283,23.5793],[-123.4198,23.5753],[-123.4111,23.5716],[-123.4024,23.5682],[-123.3935,23.5651],[-123.3844,23.5622],[-123.3753,23.5597],[-123.3661,23.5574],[-123.3568,23.5555],[-123.3474,23.5538],[-123.338,23.5524],[-123.3286,23.5514],[-123.3191,23.5506],[-123.3095,23.5502],[-123.3,23.55]]]},"properties":{"storm_name":"RACHEL-26","fuente":"GDACS","alertlevel":"Green","url":"https://www.gdacs.org/report.aspx?eventid=1001329&episodeid=52&eventtype=TC","paises":"Mexico","layer":"storm_track","kind":"wind_radii_forecast","wind_kt":34}},{"type":"Feature","geometry":{"type":"Point","coordinates":[-123.3,23.8]},"properties":{"storm_name":"RACHEL-26","fuente":"GDACS","alertlevel":"Green","url":"https://www.gdacs.org/report.aspx?eventid=1001329&episodeid=52&eventtype=TC","paises":"Mexico","layer":"storm","name":"RACHEL-26","intensity_kt":105,"class_label":"Categoría 3","last_update":"2026-10-10T03:00:00","basin":"Mexico"}},{"type":"Feature","geometry":{"type":"Point","coordinates":[151.5,21.4]},"properties":{"storm_name":"KOGUMA-26","fuente":"GDACS","alertlevel":"Green","url":"https://www.gdacs.org/report.aspx?eventid=1001333&episodeid=21&eventtype=TC","paises":"","layer":"storm_track","kind":"forecast_point"}},{"type":"Feature","geometry":{"type":"Polygon","coordinates":[[[168.0,9.833],[168.0415,9.8337],[168.0829,9.8358],[168.1243,9.8394],[168.1655,9.8444],[168.2064,9.8507],[168.2472,9.8585],[168.2876,9.8677],[168.3277,9.8782],[168.3674,9.8901],[168.4066,9.9034],[168.4453,9.918],[168.4835,9.9339],[168.5212,9.9511],[168.5581,9.9696],[168.5944,9.9893],[168.63,10.0103],[168.6648,10.0325],[168.6988,10.0559],[168.7319,10.0804],[168.7642,10.106],[168.7955,10.1327],[168.8258,10.1605],[168.8552,10.1893],[168.8835,10.2191],[168.9107,10.2499],[168.9368,10.2815],[168.9618,10.3141],[168.9856,10.3474],[169.0082,10.3816],[169.0296,10.4165],[169.0497,10.4521],[169.0685,10.4884],[169.0861,10.5253],[169.1023,10.5628],[169.1171,10.6009],[169.1307,10.6394],[169.1428,10.6783],[169.1535,10.7177],[169.1629,10.7574],[169.1708,10.7974],[169.1773,10.8376],[169.1823,10.878],[169.1859,10.9186],[169.1881,10.9593],[169.1888,11.0],[169.1881,11.0407],[169.1859,11.0814],[169.1823,11.122],[169.1773,11.1624],[169.1708,11.2026],[169.1629,11.2426],[169.1535,11.2823],[169.1428,11.3217],[169.1307,11.3606],[169.1171,11.3991],[169.1023,11.4372],[169.0861,11.4747],[169.0685,11.5116],[169.0497,11.5479],[169.0296,11.5835],[168.8461,11.8958],[168.6661,12.4988],[168.6548,12.535],[168.6422,12.5707],[168.6283,12.6061],[168.6132,12.6409],[168.5968,12.6752],[168.5792,12.7089],[168.5605,12.742],[168.5405,12.7744],[168.5194,12.8062],[168.4972,12.8372],[168.4739,12.8674],[168.4496,12.8968],[167.8519,13.5968],[167.8264,13.6253],[167.8,13.653],[167.7725,13.6798],[167.7441,13.7056],[167.7148,13.7304],[167.6847,13.7542],[167.6537,13.777],[167.6219,13.7987],[167.067,14.1687],[166.5421,14.6954],[166.5166,14.7201],[166.4903,14.7439],[166.4631,14.7668],[166.4351,14.7888],[166.4064,14.8098],[166.3769,14.8299],[166.3467,14.8489],[166.3158,14.8669],[166.2843,14.8838],[166.2522,14.8997],[165.1051,15.4357],[164.7492,15.8646],[164.7283,15.8894],[164.7065,15.9136],[164.6839,15.937],[164.6604,15.9596],[164.6361,15.9815],[164.6111,16.0025],[164.5853,16.0226],[164.5588,16.0419],[164.5316,16.0602],[164.5038,16.0777],[164.4753,16.0941],[164.4463,16.1097],[164.4168,16.1242],[164.3867,16.1377],[164.3561,16.1502],[164.3252,16.1617],[164.2938,16.1721],[164.262,16.1815],[164.23,16.1898],[163.4302,16.3898],[163.3979,16.397],[162.8537,16.5016],[162.2848,16.7293],[162.1006,17.2136],[162.0886,17.2435],[162.0755,17.273],[162.0614,17.302],[162.0462,17.3305],[162.03,17.3585],[162.0128,17.3859],[161.9945,17.4128],[161.9754,17.439],[161.9552,17.4646],[161.9342,17.4894],[161.9122,17.5136],[161.8894,17.537],[161.8658,17.5596],[161.8413,17.5815],[161.816,17.6025],[161.79,17.6226],[161.7633,17.6419],[161.7359,17.6602],[160.7207,18.3083],[159.97,18.8828],[159.9261,18.9143],[159.8811,18.9444],[159.8349,18.9729],[159.7878,18.9999],[159.7397,19.0253],[159.6907,19.0491],[159.6408,19.0712],[159.5902,19.0917],[159.5389,19.1105],[159.4869,19.1275],[158.333,19.4829],[157.5664,19.8892],[156.3157,20.5884],[154.947,21.3729],[154.8992,21.3999],[153.8023,21.9999],[153.7533,22.0253],[153.7034,22.0491],[152.4741,22.6241],[150.9035,24.1587],[150.8588,24.1999],[149.584,25.3626],[149.0917,26.3725],[149.1722,27.6202],[149.7286,29.3472],[151.7806,31.1918],[159.8624,36.1336],[159.9665,36.1996],[160.0676,36.2683],[160.1655,36.3398],[160.2602,36.4139],[160.3516,36.4906],[160.4394,36.5697],[160.5237,36.6512],[160.6043,36.7349],[160.6812,36.8207],[160.7541,36.9087],[160.8231,36.9985],[160.888,37.0902],[160.9488,37.1836],[161.0054,37.2786],[161.0578,37.3751],[161.1058,37.4729],[161.1494,37.572],[161.1885,37.6723],[161.2232,37.7735],[161.2533,37.8756],[161.2789,37.9785],[161.2998,38.0821],[161.3161,38.1861],[161.3278,38.2905],[161.3348,38.3952],[161.3372,38.5],[161.3348,38.6048],[161.3278,38.7095],[161.3161,38.8139],[161.2998,38.9179],[161.2789,39.0215],[161.2533,39.1244],[161.2232,39.2265],[161.1885,39.3277],[161.1494,39.428],[161.1058,39.5271],[161.0578,39.6249],[161.0054,39.7214],[160.9488,39.8164],[160.888,39.9098],[160.8231,40.0015],[160.7541,40.0913],[160.6812,40.1793],[160.6043,40.2651],[160.5237,40.3488],[160.4394,40.4303],[160.3516,40.5094],[160.2602,40.5861],[160.1655,40.6602],[160.0676,40.7317],[159.9665,40.8004],[159.8624,40.8664],[159.7554,40.9295],[159.6457,40.9896],[159.5334,41.0467],[159.4186,41.1007],[159.3014,41.1515],[159.1821,41.1991],[159.0607,41.2434],[158.9374,41.2843],[158.8124,41.3219],[158.6858,41.356],[158.5577,41.3867],[158.4283,41.4138],[158.2978,41.4374],[158.1663,41.4574],[158.034,41.4738],[157.9011,41.4865],[157.7677,41.4957],[157.6339,41.5012],[157.5,41.503],[157.3661,41.5012],[157.2323,41.4957],[157.0989,41.4865],[156.966,41.4738],[156.8337,41.4574],[156.7022,41.4374],[156.5717,41.4138],[156.4423,41.3867],[156.3142,41.356],[156.1876,41.3219],[156.0626,41.2843],[155.9393,41.2434],[155.8179,41.1991],[155.6986,41.1515],[155.5814,41.1007],[155.4666,41.0467],[155.3543,40.9896],[155.2446,40.9295],[155.1376,40.8664],[155.0335,40.8004],[154.9324,40.7317],[154.8345,40.6602],[154.7398,40.5861],[154.6484,40.5094],[154.5606,40.4303],[154.4763,40.3488],[154.3957,40.2651],[148.3253,33.9326],[148.2753,33.8767],[148.2277,33.8195],[148.1824,33.7609],[148.1397,33.701],[146.3286,31.034],[146.296,30.9831],[146.2654,30.9312],[146.2369,30.8784],[146.2106,30.8248],[146.1864,30.7705],[146.1645,30.7154],[146.1448,30.6598],[146.1274,30.6035],[145.4687,28.3035],[145.4539,28.2468],[145.4413,28.1896],[145.431,28.1321],[145.423,28.0744],[145.4172,28.0164],[145.4138,27.9582],[145.4126,27.9],[145.4138,27.8418],[145.4172,27.7836],[145.423,27.7256],[145.431,27.6679],[145.754,25.8394],[145.7651,25.7879],[145.7782,25.7369],[145.7933,25.6863],[145.8104,25.6362],[145.8294,25.5866],[145.8503,25.5377],[145.8731,25.4895],[146.7174,23.842],[146.7436,23.7953],[146.7715,23.7495],[146.8011,23.7046],[146.8325,23.6607],[146.8655,23.6177],[148.134,22.0196],[148.1721,21.9731],[148.2119,21.9278],[148.2534,21.8839],[148.2965,21.8413],[148.3412,21.8001],[148.3875,21.7604],[148.4352,21.7222],[148.4844,21.6856],[150.5075,20.2172],[150.5524,20.1857],[150.5985,20.1556],[150.6457,20.1271],[150.6939,20.1001],[150.7431,20.0747],[150.7933,20.0509],[152.2378,19.3783],[153.2907,18.8056],[154.3653,18.1934],[154.9977,17.2739],[155.0364,17.2214],[155.077,17.1703],[155.1194,17.1205],[155.1637,17.0721],[155.2097,17.0253],[155.2574,16.98],[155.3067,16.9363],[155.3577,16.8943],[155.4101,16.854],[155.464,16.8155],[155.5192,16.7787],[155.5758,16.7438],[155.6336,16.7108],[155.6926,16.6798],[155.7527,16.6507],[155.8139,16.6236],[155.876,16.5986],[155.939,16.5757],[156.0027,16.5548],[156.0673,16.5361],[156.1324,16.5195],[156.1982,16.5051],[156.2644,16.4929],[156.331,16.4829],[156.398,16.4751],[156.4652,16.4695],[156.5325,16.4661],[156.6,16.465],[156.6675,16.4661],[156.7348,16.4695],[156.802,16.4751],[156.869,16.4829],[157.5522,16.5679],[158.5131,16.2725],[158.5657,16.2571],[158.6188,16.2436],[158.6724,16.2318],[158.7264,16.2218],[158.7807,16.2136],[158.8353,16.2072],[158.8901,16.2027],[158.945,16.1999],[159.0,16.199],[159.055,16.1999],[159.1099,16.2027],[159.1647,16.2072],[159.2193,16.2136],[159.2736,16.2218],[159.3276,16.2318],[159.3812,16.2436],[159.4343,16.2571],[159.4869,16.2725],[160.0151,16.4277],[160.5272,16.1921],[160.8639,15.658],[160.8804,15.6336],[160.8977,15.6098],[160.916,15.5865],[160.935,15.5639],[160.9549,15.5419],[160.9756,15.5207],[160.997,15.5001],[161.0192,15.4802],[161.042,15.4611],[161.0656,15.4428],[161.0898,15.4253],[161.1146,15.4086],[161.14,15.3927],[161.166,15.3777],[161.1925,15.3636],[161.2195,15.3504],[161.2469,15.3381],[161.2748,15.3267],[162.2383,14.9416],[162.7828,14.6758],[162.8129,14.6623],[162.8435,14.6498],[162.8745,14.6383],[162.9059,14.6279],[162.9377,14.6185],[162.9698,14.6102],[163.4577,14.4883],[163.7529,14.1354],[163.7738,14.1106],[163.7955,14.0864],[163.818,14.063],[163.8414,14.0404],[163.8656,14.0185],[163.8906,13.9975],[163.9163,13.9774],[163.9428,13.9581],[163.9699,13.9398],[163.9976,13.9223],[165.1455,13.2173],[165.6598,12.7046],[166.1682,12.1798],[166.6835,11.581],[166.8421,11.3031],[166.8227,11.1624],[166.8177,11.122],[166.8141,11.0814],[166.8119,11.0407],[166.8112,11.0],[166.8119,10.9593],[166.8141,10.9186],[166.8177,10.878],[166.8227,10.8376],[166.8292,10.7974],[166.8371,10.7574],[166.8465,10.7177],[166.8572,10.6783],[166.8693,10.6394],[166.8829,10.6009],[166.8977,10.5628],[166.9139,10.5253],[166.9315,10.4884],[166.9503,10.4521],[166.9704,10.4165],[166.9918,10.3816],[167.0144,10.3474],[167.0382,10.3141],[167.0632,10.2815],[167.0893,10.2499],[167.1165,10.2191],[167.1448,10.1893],[167.1742,10.1605],[167.2045,10.1327],[167.2358,10.106],[167.2681,10.0804],[167.3012,10.0559],[167.3352,10.0325],[167.37,10.0103],[167.4056,9.9893],[167.4419,9.9696],[167.4788,9.9511],[167.5165,9.9339],[167.5547,9.918],[167.5934,9.9034],[167.6326,9.8901],[167.6723,9.8782],[167.7124,9.8677],[167.7528,9.8585],[167.7936,9.8507],[167.8345,9.8444],[167.8757,9.8394],[167.9171,9.8358],[167.9585,9.8337],[168.0,9.833]]]},"properties":{"storm_name":"KOGUMA-26","fuente":"GDACS","alertlevel":"Green","url":"https://www.gdacs.org/report.aspx?eventid=1001333&episodeid=21&eventtype=TC","paises":"","layer":"storm_track","kind":"wind_radii_forecast","wind_kt":34}},{"type":"Feature","geometry":{"type":"Polygon","coordinates":[[[164.5,14.283],[164.515,14.2833],[164.5301,14.284],[164.5451,14.2853],[164.56,14.2871],[164.5749,14.2893],[164.5896,14.2921],[164.6043,14.2954],[164.6188,14.2992],[164.6332,14.3034],[164.6474,14.3081],[164.6615,14.3134],[164.6753,14.3191],[164.689,14.3252],[164.7024,14.3318],[164.7156,14.3389],[164.7285,14.3464],[164.7411,14.3543],[164.7534,14.3626],[164.7654,14.3714],[164.7771,14.3806],[164.7885,14.3901],[164.7995,14.4],[164.8101,14.4103],[164.8204,14.421],[164.8303,14.432],[164.8397,14.4433],[164.8488,14.4549],[164.8574,14.4668],[164.8656,14.479],[164.8734,14.4915],[164.8806,14.5042],[164.8875,14.5172],[164.8938,14.5304],[164.8997,14.5438],[164.9051,14.5574],[164.91,14.5711],[164.9144,14.5851],[164.9183,14.5991],[164.9217,14.6133],[164.9246,14.6276],[164.9269,14.642],[164.9287,14.6564],[164.9301,14.6709],[164.9308,14.6854],[164.9311,14.7],[164.9308,14.7146],[164.9301,14.7291],[164.9287,14.7436],[164.9269,14.758],[164.9246,14.7724],[164.9217,14.7867],[164.9183,14.8009],[164.9144,14.8149],[164.91,14.8289],[164.9051,14.8426],[164.8997,14.8562],[164.8938,14.8696],[164.8875,14.8828],[164.8806,14.8958],[164.8734,14.9085],[164.8656,14.921],[164.8574,14.9332],[164.8488,14.9451],[164.8397,14.9567],[164.3407,15.5567],[164.3312,15.568],[164.3213,15.579],[164.311,15.5897],[164.3003,15.6],[164.2893,15.6099],[164.2779,15.6194],[164.2662,15.6286],[164.2541,15.6374],[164.2418,15.6457],[164.2291,15.6536],[164.2162,15.6611],[164.203,15.6682],[164.1895,15.6748],[164.1758,15.6809],[164.162,15.6866],[164.1479,15.6919],[164.1336,15.6966],[164.1192,15.7008],[164.1046,15.7046],[163.3538,15.8923],[162.8277,16.1494],[162.8112,16.1568],[162.7946,16.1636],[161.9837,16.4881],[161.6697,17.1192],[161.6614,17.1347],[161.6526,17.15],[161.6432,17.165],[161.6332,17.1796],[161.6228,17.1939],[161.6118,17.2078],[161.6003,17.2214],[161.5883,17.2346],[161.5759,17.2473],[161.563,17.2597],[161.5497,17.2716],[161.5359,17.283],[161.5217,17.294],[161.5072,17.3045],[161.4922,17.3145],[160.4418,17.9833],[160.4239,17.9944],[160.4056,18.0049],[160.387,18.0148],[160.368,18.024],[160.3486,18.0326],[159.3561,18.4619],[159.3279,18.4733],[159.2994,18.4837],[159.2705,18.4932],[157.9711,18.8932],[157.9418,18.9017],[157.9123,18.9092],[157.8824,18.9158],[157.8524,18.9213],[157.021,19.0725],[156.1138,19.8999],[156.0913,19.9198],[156.068,19.9389],[156.044,19.9572],[156.0194,19.9747],[155.9941,19.9914],[154.646,20.8602],[154.6175,20.8777],[154.5882,20.8941],[153.4901,21.4941],[153.4602,21.5097],[153.4297,21.5242],[152.0468,22.1704],[150.2429,23.5912],[148.9834,24.9484],[148.3388,26.2558],[148.4246,27.7378],[149.0489,29.7194],[151.2105,31.8976],[158.5727,37.6893],[158.6082,37.7191],[158.6423,37.7499],[158.6751,37.7815],[158.7064,37.8141],[158.7362,37.8474],[158.7646,37.8816],[158.7914,37.9165],[158.8166,37.9521],[158.8403,37.9884],[158.8622,38.0253],[158.8826,38.0628],[158.9012,38.1009],[158.9182,38.1394],[158.9334,38.1783],[158.9469,38.2177],[158.9586,38.2574],[158.9685,38.2974],[158.9767,38.3376],[158.983,38.378],[158.9875,38.4186],[158.9903,38.4593],[158.9912,38.5],[158.9903,38.5407],[158.9875,38.5814],[158.983,38.622],[158.9767,38.6624],[158.9685,38.7026],[158.9586,38.7426],[158.9469,38.7823],[158.9334,38.8217],[158.9182,38.8606],[158.9012,38.8991],[158.8826,38.9372],[158.8622,38.9747],[158.8403,39.0116],[158.8166,39.0479],[158.7914,39.0835],[158.7646,39.1184],[158.7362,39.1526],[158.7064,39.1859],[158.6751,39.2185],[158.6423,39.2501],[158.6082,39.2809],[158.5727,39.3107],[158.5359,39.3395],[158.4978,39.3673],[158.4585,39.394],[158.4181,39.4196],[158.3765,39.4441],[158.3339,39.4675],[158.2902,39.4897],[158.2456,39.5107],[158.2001,39.5304],[158.1537,39.5489],[158.1065,39.5661],[158.0586,39.582],[158.01,39.5966],[157.9608,39.6099],[157.911,39.6218],[157.8607,39.6323],[157.81,39.6415],[157.7589,39.6493],[157.7075,39.6556],[157.6559,39.6606],[157.604,39.6642],[157.552,39.6663],[157.5,39.667],[157.448,39.6663],[157.396,39.6642],[157.3441,39.6606],[157.2925,39.6556],[157.2411,39.6493],[157.19,39.6415],[157.1393,39.6323],[157.089,39.6218],[157.0392,39.6099],[156.99,39.5966],[156.9414,39.582],[156.8935,39.5661],[156.8463,39.5489],[156.7999,39.5304],[156.7544,39.5107],[156.7098,39.4897],[156.6661,39.4675],[156.6235,39.4441],[156.5819,39.4196],[156.5415,39.394],[156.5022,39.3673],[156.4641,39.3395],[156.4273,39.3107],[149.2367,33.5395],[149.2024,33.5107],[149.1694,33.4809],[149.1377,33.4501],[149.1072,33.4185],[149.0781,33.3859],[149.0503,33.3526],[147.0398,30.7598],[147.0178,30.7304],[146.997,30.7005],[146.9774,30.6699],[146.959,30.6388],[146.9419,30.6071],[146.9261,30.575],[146.9117,30.5424],[146.8985,30.5093],[146.8867,30.4759],[146.8762,30.4422],[146.201,28.1422],[146.1921,28.1081],[146.1846,28.0738],[146.1784,28.0393],[146.1736,28.0046],[146.1701,27.9698],[146.168,27.9349],[146.1673,27.9],[146.168,27.8651],[146.1701,27.8302],[146.1736,27.7954],[146.1784,27.7607],[146.4803,25.9839],[146.4854,25.9552],[146.4916,25.9266],[146.4989,25.8982],[146.5073,25.8701],[146.5168,25.8423],[146.5273,25.8148],[146.5389,25.7876],[146.5516,25.7608],[147.3627,24.1608],[147.3762,24.1344],[147.3908,24.1085],[147.4063,24.083],[147.4227,24.058],[147.4402,24.0336],[147.4585,24.0098],[147.4778,23.9865],[147.4979,23.9639],[148.9059,22.4639],[148.9267,22.4419],[148.9483,22.4207],[148.9706,22.4001],[150.8158,20.7404],[150.841,20.7185],[150.8669,20.6975],[150.8936,20.6774],[150.9211,20.6581],[150.9492,20.6398],[150.9781,20.6223],[151.0075,20.6059],[151.0376,20.5903],[151.0682,20.5758],[152.534,19.8927],[153.6118,19.3059],[153.6416,19.2903],[154.9762,18.6184],[155.9898,17.7001],[156.0122,17.6802],[156.0354,17.6611],[156.0592,17.6428],[156.0837,17.6253],[156.1088,17.6086],[156.1345,17.5927],[156.1608,17.5777],[156.1876,17.5636],[156.2149,17.5504],[156.2427,17.5381],[156.2709,17.5267],[156.2996,17.5163],[156.3286,17.5068],[156.3579,17.4983],[156.3875,17.4908],[156.4174,17.4842],[156.4475,17.4787],[157.481,17.2908],[158.7295,16.9068],[158.7587,16.8983],[158.7882,16.8908],[158.818,16.8842],[158.848,16.8787],[158.8782,16.8741],[158.9085,16.8706],[158.9389,16.868],[158.9694,16.8665],[159.0,16.866],[159.0306,16.8665],[159.974,16.9105],[160.8083,16.5256],[161.1323,15.8808],[161.1405,15.8653],[161.1493,15.85],[161.1587,15.835],[161.1686,15.8204],[161.179,15.8061],[161.1899,15.7922],[161.2013,15.7786],[161.2133,15.7654],[161.2256,15.7527],[161.2385,15.7403],[161.2518,15.7284],[161.2655,15.717],[161.2796,15.706],[161.2941,15.6955],[161.309,15.6855],[161.3242,15.676],[161.3398,15.667],[161.3557,15.6585],[161.3719,15.6506],[161.3883,15.6432],[161.4051,15.6364],[162.4054,15.2364],[162.4224,15.2302],[162.4395,15.2245],[162.4568,15.2194],[162.4744,15.2149],[162.492,15.2109],[163.103,15.0935],[163.7531,14.931],[164.1603,14.4433],[164.1697,14.432],[164.1796,14.421],[164.1899,14.4103],[164.2005,14.4],[164.2115,14.3901],[164.2229,14.3806],[164.2346,14.3714],[164.2466,14.3626],[164.2589,14.3543],[164.2715,14.3464],[164.2844,14.3389],[164.2976,14.3318],[164.311,14.3252],[164.3247,14.3191],[164.3385,14.3134],[164.3526,14.3081],[164.3668,14.3034],[164.3812,14.2992],[164.3957,14.2954],[164.4104,14.2921],[164.4251,14.2893],[164.44,14.2871],[164.4549,14.2853],[164.4699,14.284],[164.485,14.2833],[164.5,14.283]]]},"properties":{"storm_name":"KOGUMA-26","fuente":"GDACS","alertlevel":"Green","url":"https://www.gdacs.org/report.aspx?eventid=1001333&episodeid=21&eventtype=TC","paises":"","layer":"storm_track","kind":"wind_radii_forecast","wind_kt":34}},{"type":"Feature","geometry":{"type":"Polygon","coordinates":[[[159.0,17.2],[159.0183,17.2003],[159.0366,17.2012],[159.0549,17.2027],[159.073,17.2049],[159.0911,17.2076],[159.1091,17.2109],[159.127,17.2149],[159.1447,17.2194],[159.1622,17.2245],[159.1795,17.2302],[159.1966,17.2364],[159.2135,17.2432],[159.2301,17.2506],[159.2464,17.2585],[159.2624,17.267],[159.2781,17.276],[159.2935,17.2855],[159.3085,17.2955],[159.3231,17.306],[159.3374,17.317],[159.3512,17.3284],[159.3646,17.3403],[159.3775,17.3527],[159.39,17.3654],[159.4021,17.3786],[159.4136,17.3922],[159.4246,17.4061],[159.4351,17.4204],[159.4451,17.435],[159.4545,17.45],[159.4634,17.4653],[159.4717,17.4808],[159.4795,17.4966],[159.4866,17.5127],[159.4932,17.529],[159.4992,17.5455],[159.5045,17.5622],[159.5093,17.579],[159.5134,17.596],[159.5169,17.6132],[159.5197,17.6304],[159.522,17.6477],[159.5236,17.6651],[159.5245,17.6826],[159.5248,17.7],[159.5245,17.7174],[159.5236,17.7349],[159.522,17.7523],[159.5197,17.7696],[159.5169,17.7868],[159.5134,17.804],[159.5093,17.821],[159.5045,17.8378],[159.4992,17.8545],[159.4932,17.871],[159.4866,17.8873],[159.4795,17.9034],[159.4717,17.9192],[159.4634,17.9347],[159.4545,17.95],[159.4451,17.965],[159.4351,17.9796],[159.4246,17.9939],[159.4136,18.0078],[159.4021,18.0214],[159.39,18.0346],[159.3775,18.0473],[159.3646,18.0597],[159.3512,18.0716],[159.3374,18.083],[159.3231,18.094],[159.3085,18.1045],[159.2935,18.1145],[159.2781,18.124],[159.2624,18.133],[159.2464,18.1415],[159.2301,18.1494],[159.2135,18.1568],[159.1966,18.1636],[159.1795,18.1698],[159.1622,18.1755],[159.1447,18.1806],[159.127,18.1851],[157.8105,18.5036],[156.8682,18.7486],[155.868,19.6597],[155.8545,19.6716],[155.8405,19.683],[155.8262,19.694],[154.5373,20.6256],[154.5175,20.6396],[154.4972,20.653],[154.4764,20.6656],[154.4551,20.6776],[154.4334,20.6889],[154.4114,20.6995],[153.2732,21.224],[151.8474,21.89],[149.985,23.3548],[148.6692,24.7695],[147.9514,26.2171],[147.8691,27.8439],[148.5291,29.9749],[150.6414,32.3617],[158.092,38.0202],[158.1131,38.0367],[158.1334,38.0537],[158.1529,38.0713],[158.1716,38.0894],[158.1895,38.1079],[158.2066,38.127],[158.2228,38.1465],[158.2381,38.1665],[158.2525,38.1869],[158.266,38.2076],[158.2786,38.2287],[158.2902,38.2501],[158.3009,38.2719],[158.3106,38.2939],[158.3193,38.3161],[158.327,38.3386],[158.3337,38.3613],[158.3393,38.3842],[158.344,38.4072],[158.3476,38.4303],[158.3502,38.4535],[158.3518,38.4767],[158.3523,38.5],[158.3518,38.5233],[158.3502,38.5465],[158.3476,38.5697],[158.344,38.5928],[158.3393,38.6158],[158.3337,38.6387],[158.327,38.6614],[158.3193,38.6839],[158.3106,38.7061],[158.3009,38.7281],[158.2902,38.7499],[158.2786,38.7713],[158.266,38.7924],[158.2525,38.8131],[158.2381,38.8335],[158.2228,38.8535],[158.2066,38.873],[158.1895,38.8921],[158.1716,38.9106],[158.1529,38.9287],[158.1334,38.9463],[158.1131,38.9633],[158.092,38.9798],[158.0703,38.9957],[158.0478,39.011],[158.0247,39.0256],[158.001,39.0396],[157.9766,39.053],[157.9516,39.0656],[157.9261,39.0776],[157.9001,39.0889],[157.8736,39.0995],[157.8467,39.1093],[157.8193,39.1184],[157.7915,39.1268],[157.7634,39.1344],[157.7349,39.1412],[157.7062,39.1472],[157.6772,39.1524],[157.648,39.1569],[157.6186,39.1605],[157.5891,39.1633],[157.5595,39.1654],[157.5297,39.1666],[157.5,39.167],[157.4703,39.1666],[157.4405,39.1654],[157.4109,39.1633],[157.3814,39.1605],[157.352,39.1569],[157.3228,39.1524],[157.2938,39.1472],[157.2651,39.1412],[157.2366,39.1344],[157.2085,39.1268],[157.1807,39.1184],[157.1533,39.1093],[157.1264,39.0995],[157.0999,39.0889],[157.0739,39.0776],[157.0484,39.0656],[157.0234,39.053],[156.999,39.0396],[156.9753,39.0256],[156.9522,39.011],[156.9297,38.9957],[156.908,38.9798],[156.8869,38.9633],[149.7873,33.0597],[149.7726,33.0473],[149.7584,33.0346],[149.7448,33.0214],[149.7318,33.0078],[149.7193,32.9939],[147.5441,30.5078],[147.532,30.4939],[147.5204,30.4796],[147.5094,30.465],[147.499,30.45],[147.4892,30.4347],[147.48,30.4192],[147.4715,30.4034],[147.4636,30.3873],[147.4564,30.371],[147.4498,30.3545],[147.4439,30.3378],[147.4387,30.321],[146.751,28.021],[146.7466,28.004],[146.7428,27.9868],[146.7397,27.9696],[146.7373,27.9523],[146.7356,27.9349],[146.7346,27.9174],[146.7342,27.9],[146.7346,27.8826],[146.7356,27.8651],[146.8446,26.0651],[146.8463,26.0477],[146.8486,26.0304],[146.8517,26.0132],[146.8554,25.996],[146.8598,25.979],[146.8648,25.9622],[146.8705,25.9455],[146.8768,25.929],[146.8838,25.9127],[146.8914,25.8966],[147.698,24.2966],[147.7061,24.2808],[147.7148,24.2653],[147.7241,24.25],[147.734,24.235],[147.7445,24.2204],[147.7555,24.2061],[147.767,24.1922],[147.7791,24.1786],[149.1839,22.6786],[149.1963,22.6654],[149.2093,22.6527],[149.2227,22.6403],[151.065,20.9806],[151.081,20.9667],[151.0975,20.9534],[151.1145,20.9406],[151.1319,20.9283],[151.1498,20.9167],[151.1682,20.9056],[151.1869,20.8951],[151.206,20.8852],[151.2255,20.876],[152.6841,20.1959],[153.7028,19.547],[153.7236,19.5344],[153.7449,19.5224],[153.7666,19.5111],[153.7886,19.5005],[155.1963,18.882],[156.2342,17.9403],[156.2476,17.9284],[156.2615,17.917],[156.2758,17.906],[156.2905,17.8955],[156.3055,17.8855],[156.3209,17.876],[156.3367,17.867],[156.3528,17.8585],[156.3691,17.8506],[156.3858,17.8432],[156.4027,17.8364],[156.4199,17.8302],[156.4373,17.8245],[156.4548,17.8194],[156.4726,17.8149],[156.4905,17.8109],[156.5086,17.8076],[156.5267,17.8049],[156.545,17.8027],[157.5931,17.6917],[158.8034,17.2364],[158.8205,17.2302],[158.8378,17.2245],[158.8553,17.2194],[158.873,17.2149],[158.8909,17.2109],[158.9089,17.2076],[158.927,17.2049],[158.9451,17.2027],[158.9634,17.2012],[158.9817,17.2003],[159.0,17.2]]]},"properties":{"storm_name":"KOGUMA-26","fuente":"GDACS","alertlevel":"Green","url":"https://www.gdacs.org/report.aspx?eventid=1001333&episodeid=21&eventtype=TC","paises":"","layer":"storm_track","kind":"wind_radii_forecast","wind_kt":34}},{"type":"Feature","geometry":{"type":"Polygon","coordinates":[[[151.5,22.899],[151.5,22.7324],[151.475,22.7322],[151.4501,22.7316],[151.4251,22.7306],[151.4002,22.7292],[151.3753,22.7274],[151.3504,22.7251],[151.3256,22.7225],[151.3008,22.7195],[151.2761,22.716],[151.2515,22.7122],[151.2269,22.708],[151.2025,22.7033],[151.1781,22.6983],[151.1538,22.6929],[151.1296,22.687],[151.1055,22.6808],[151.0816,22.6742],[151.0578,22.6672],[151.0341,22.6598],[151.0105,22.6521],[150.9871,22.6439],[150.9639,22.6354],[150.9408,22.6265],[150.9179,22.6172],[150.8952,22.6076],[150.8726,22.5976],[150.8503,22.5872],[150.8281,22.5765],[150.8062,22.5654],[150.7844,22.5539],[150.7629,22.5421],[150.7416,22.53],[150.7206,22.5175],[150.6997,22.5046],[150.6792,22.4915],[150.6588,22.478],[150.6387,22.4641],[150.6189,22.45],[150.5994,22.4355],[150.5801,22.4207],[150.5611,22.4056],[150.5424,22.3902],[150.524,22.3745],[150.5059,22.3585],[150.4881,22.3422],[150.4706,22.3256],[150.4534,22.3087],[150.4365,22.2916],[150.4199,22.2742],[150.4037,22.2565],[150.3878,22.2385],[150.3723,22.2203],[150.3571,22.2019],[150.3422,22.1832],[150.3277,22.1643],[150.3136,22.1451],[150.2998,22.1257],[150.2864,22.1061],[150.2733,22.0863],[150.2606,22.0662],[150.2483,22.046],[150.2364,22.0255],[150.2249,22.0049],[150.2137,21.9841],[150.203,21.9631],[150.1926,21.942],[150.1827,21.9206],[150.1731,21.8991],[150.164,21.8775],[150.1552,21.8557],[150.1469,21.8338],[150.1389,21.8117],[150.1314,21.7896],[150.1243,21.7673],[150.1177,21.7449],[150.1114,21.7223],[150.1056,21.6997],[150.1002,21.677],[150.0952,21.6542],[150.0906,21.6314],[150.0865,21.6084],[150.0828,21.5854],[150.0796,21.5624],[150.0767,21.5393],[150.0743,21.5161],[150.0724,21.4929],[150.0709,21.4697],[150.0698,21.4465],[150.0691,21.4233],[150.0689,21.4],[150.3372,21.4],[150.3374,21.3811],[150.3379,21.3622],[150.3388,21.3433],[150.3401,21.3245],[150.3417,21.3056],[150.3436,21.2868],[150.3459,21.2681],[150.3485,21.2493],[150.3515,21.2306],[150.3549,21.212],[150.3586,21.1934],[150.3626,21.1749],[150.367,21.1565],[150.3718,21.1381],[150.3769,21.1198],[150.3823,21.1016],[150.388,21.0835],[150.3941,21.0655],[150.4006,21.0475],[150.4074,21.0297],[150.4145,21.012],[150.4219,20.9944],[150.4297,20.977],[150.4378,20.9597],[150.4462,20.9425],[150.4549,20.9254],[150.464,20.9085],[150.4733,20.8917],[150.483,20.8751],[150.493,20.8587],[150.5033,20.8424],[150.5139,20.8263],[150.5248,20.8104],[150.536,20.7946],[150.5475,20.779],[150.5593,20.7637],[150.5714,20.7485],[150.5837,20.7335],[150.5964,20.7187],[150.6093,20.7041],[150.6224,20.6897],[150.6359,20.6756],[150.6496,20.6617],[150.6636,20.648],[150.6778,20.6345],[150.6923,20.6212],[150.707,20.6082],[150.722,20.5955],[150.7372,20.5829],[150.7526,20.5707],[150.7682,20.5587],[150.7841,20.5469],[150.8002,20.5354],[150.8165,20.5242],[150.8331,20.5132],[150.8498,20.5025],[150.8667,20.4921],[150.8838,20.4819],[150.9011,20.472],[150.9186,20.4624],[150.9363,20.4531],[150.9541,20.4441],[150.9721,20.4354],[150.9903,20.427],[151.0086,20.4188],[151.0271,20.411],[151.0457,20.4035],[151.0644,20.3962],[151.0833,20.3893],[151.1023,20.3827],[151.1214,20.3764],[151.1407,20.3704],[151.16,20.3647],[151.1795,20.3593],[151.1991,20.3543],[151.2187,20.3496],[151.2384,20.3451],[151.2582,20.3411],[151.2781,20.3373],[151.2981,20.3338],[151.3181,20.3307],[151.3382,20.3279],[151.3583,20.3255],[151.3785,20.3233],[151.3987,20.3215],[151.4189,20.32],[151.4391,20.3189],[151.4594,20.3181],[151.4797,20.3176],[151.5,20.3174],[151.5,20.0676],[151.525,20.0678],[151.5499,20.0684],[151.5749,20.0694],[151.5998,20.0708],[151.6247,20.0726],[151.6496,20.0749],[151.6744,20.0775],[151.6992,20.0805],[151.7239,20.084],[151.7485,20.0878],[151.7731,20.092],[151.7975,20.0967],[151.8219,20.1017],[151.8462,20.1071],[151.8704,20.113],[151.8945,20.1192],[151.9184,20.1258],[151.9422,20.1328],[151.9659,20.1402],[151.9895,20.1479],[152.0129,20.1561],[152.0361,20.1646],[152.0592,20.1735],[152.0821,20.1828],[152.1048,20.1924],[152.1274,20.2024],[152.1497,20.2128],[152.1719,20.2235],[152.1938,20.2346],[152.2156,20.2461],[152.2371,20.2579],[152.2584,20.27],[152.2794,20.2825],[152.3003,20.2954],[152.3208,20.3085],[152.3412,20.322],[152.3613,20.3359],[152.3811,20.35],[152.4006,20.3645],[152.4199,20.3793],[152.4389,20.3944],[152.4576,20.4098],[152.476,20.4255],[152.4941,20.4415],[152.5119,20.4578],[152.5294,20.4744],[152.5466,20.4913],[152.5635,20.5084],[152.5801,20.5258],[152.5963,20.5435],[152.6122,20.5615],[152.6277,20.5797],[152.6429,20.5981],[152.6578,20.6168],[152.6723,20.6357],[152.6864,20.6549],[152.7002,20.6743],[152.7136,20.6939],[152.7267,20.7137],[152.7394,20.7338],[152.7517,20.754],[152.7636,20.7745],[152.7751,20.7951],[152.7863,20.8159],[152.797,20.8369],[152.8074,20.858],[152.8173,20.8794],[152.8269,20.9009],[152.836,20.9225],[152.8448,20.9443],[152.8531,20.9662],[152.8611,20.9883],[152.8686,21.0104],[152.8757,21.0327],[152.8823,21.0551],[152.8886,21.0777],[152.8944,21.1003],[152.8998,21.123],[152.9048,21.1458],[152.9094,21.1686],[152.9135,21.1916],[152.9172,21.2146],[152.9204,21.2376],[152.9233,21.2607],[152.9257,21.2839],[152.9276,21.3071],[152.9291,21.3303],[152.9302,21.3535],[152.9309,21.3767],[152.9311,21.4],[153.11,21.4],[153.1097,21.4262],[153.109,21.4523],[153.1078,21.4785],[153.1061,21.5046],[153.1039,21.5306],[153.1012,21.5567],[153.098,21.5827],[153.0943,21.6086],[153.0902,21.6345],[153.0855,21.6603],[153.0804,21.686],[153.0748,21.7117],[153.0687,21.7372],[153.0622,21.7626],[153.0551,21.788],[153.0476,21.8132],[153.0396,21.8383],[153.0312,21.8632],[153.0223,21.888],[153.0129,21.9127],[153.0031,21.9372],[152.9928,21.9615],[152.982,21.9857],[152.9708,22.0097],[152.9591,22.0335],[152.947,22.0571],[152.9345,22.0805],[152.9215,22.1037],[152.9081,22.1267],[152.8943,22.1495],[152.88,22.172],[152.8653,22.1943],[152.8503,22.2164],[152.8347,22.2382],[152.8188,22.2598],[152.8025,22.2811],[152.7858,22.3021],[152.7687,22.3229],[152.7512,22.3433],[152.7333,22.3635],[152.7151,22.3834],[152.6965,22.403],[152.6775,22.4223],[152.6581,22.4413],[152.6384,22.4599],[152.6184,22.4783],[152.598,22.4963],[152.5773,22.514],[152.5562,22.5313],[152.5349,22.5483],[152.5132,22.5649],[152.4912,22.5812],[152.4689,22.5971],[152.4463,22.6127],[152.4235,22.6279],[152.4003,22.6427],[152.3769,22.6572],[152.3532,22.6712],[152.3292,22.6849],[152.305,22.6982],[152.2805,22.711],[152.2558,22.7235],[152.2309,22.7356],[152.2058,22.7473],[152.1804,22.7585],[152.1548,22.7694],[152.1291,22.7798],[152.1031,22.7898],[152.077,22.7994],[152.0506,22.8086],[152.0242,22.8173],[151.9975,22.8256],[151.9707,22.8335],[151.9438,22.8409],[151.9167,22.8479],[151.8895,22.8545],[151.8622,22.8606],[151.8347,22.8662],[151.8072,22.8714],[151.7796,22.8762],[151.7519,22.8805],[151.7241,22.8844],[151.6962,22.8878],[151.6683,22.8908],[151.6403,22.8933],[151.6123,22.8953],[151.5843,22.8969],[151.5562,22.8981],[151.5281,22.8988],[151.5,22.899]]]},"properties":{"storm_name":"KOGUMA-26","fuente":"GDACS","alertlevel":"Green","url":"https://www.gdacs.org/report.aspx?eventid=1001333&episodeid=21&eventtype=TC","paises":"","layer":"storm_track","kind":"wind_radii_forecast","wind_kt":34}},{"type":"Feature","geometry":{"type":"Polygon","coordinates":[[[151.5,22.316],[151.5,22.2328],[151.4844,22.2326],[151.4688,22.2323],[151.4532,22.2316],[151.4376,22.2307],[151.422,22.2296],[151.4065,22.2282],[151.391,22.2266],[151.3755,22.2247],[151.3601,22.2225],[151.3447,22.2201],[151.3293,22.2175],[151.314,22.2146],[151.2988,22.2114],[151.2836,22.208],[151.2685,22.2044],[151.2535,22.2005],[151.2385,22.1964],[151.2236,22.192],[151.2088,22.1874],[151.1941,22.1825],[151.1795,22.1775],[151.1649,22.1721],[151.1505,22.1666],[151.1362,22.1608],[151.122,22.1547],[151.1079,22.1485],[151.0939,22.142],[151.0801,22.1353],[151.0664,22.1284],[151.0528,22.1212],[151.0393,22.1138],[151.026,22.1062],[151.0129,22.0984],[150.9998,22.0904],[150.987,22.0822],[150.9743,22.0737],[150.9617,22.0651],[150.9493,22.0562],[150.9371,22.0472],[150.9251,22.0379],[150.9132,22.0285],[150.9015,22.0189],[150.89,22.0091],[150.8787,21.999],[150.8675,21.9889],[150.8566,21.9785],[150.8458,21.9679],[150.8353,21.9572],[150.825,21.9463],[150.8148,21.9353],[150.8049,21.9241],[150.7952,21.9127],[150.7857,21.9012],[150.7764,21.8895],[150.7673,21.8777],[150.7585,21.8657],[150.7499,21.8536],[150.7415,21.8413],[150.7333,21.8289],[150.7254,21.8164],[150.7177,21.8037],[150.7103,21.791],[150.703,21.7781],[150.6961,21.7651],[150.6894,21.7519],[150.6829,21.7387],[150.6767,21.7254],[150.6707,21.712],[150.665,21.6984],[150.6595,21.6848],[150.6543,21.6711],[150.6493,21.6573],[150.6446,21.6435],[150.6402,21.6295],[150.636,21.6155],[150.6321,21.6015],[150.6285,21.5873],[150.6251,21.5731],[150.622,21.5589],[150.6192,21.5446],[150.6166,21.5303],[150.6143,21.5159],[150.6122,21.5015],[150.6105,21.487],[150.609,21.4726],[150.6077,21.4581],[150.6068,21.4436],[150.6061,21.4291],[150.6057,21.4145],[150.6056,21.4],[150.6056,21.4],[150.6057,21.3855],[150.6061,21.3709],[150.6068,21.3564],[150.6077,21.3419],[150.609,21.3274],[150.6105,21.313],[150.6122,21.2985],[150.6143,21.2841],[150.6166,21.2697],[150.6192,21.2554],[150.622,21.2411],[150.6251,21.2269],[150.6285,21.2127],[150.6321,21.1985],[150.636,21.1845],[150.6402,21.1705],[150.6446,21.1565],[150.6493,21.1427],[150.6543,21.1289],[150.6595,21.1152],[150.665,21.1016],[150.6707,21.088],[150.6767,21.0746],[150.6829,21.0613],[150.6894,21.0481],[150.6961,21.0349],[150.703,21.0219],[150.7103,21.009],[150.7177,20.9963],[150.7254,20.9836],[150.7333,20.9711],[150.7415,20.9587],[150.7499,20.9464],[150.7585,20.9343],[150.7673,20.9223],[150.7764,20.9105],[150.7857,20.8988],[150.7952,20.8873],[150.8049,20.8759],[150.8148,20.8647],[150.825,20.8537],[150.8353,20.8428],[150.8458,20.8321],[150.8566,20.8215],[150.8675,20.8111],[150.8787,20.801],[150.89,20.7909],[150.9015,20.7811],[150.9132,20.7715],[150.9251,20.7621],[150.9371,20.7528],[150.9493,20.7438],[150.9617,20.7349],[150.9743,20.7263],[150.987,20.7178],[150.9998,20.7096],[151.0129,20.7016],[151.026,20.6938],[151.0393,20.6862],[151.0528,20.6788],[151.0664,20.6716],[151.0801,20.6647],[151.0939,20.658],[151.1079,20.6515],[151.122,20.6453],[151.1362,20.6392],[151.1505,20.6334],[151.1649,20.6279],[151.1795,20.6225],[151.1941,20.6175],[151.2088,20.6126],[151.2236,20.608],[151.2385,20.6036],[151.2535,20.5995],[151.2685,20.5956],[151.2836,20.592],[151.2988,20.5886],[151.314,20.5854],[151.3293,20.5825],[151.3447,20.5799],[151.3601,20.5775],[151.3755,20.5753],[151.391,20.5734],[151.4065,20.5718],[151.422,20.5704],[151.4376,20.5693],[151.4532,20.5684],[151.4688,20.5677],[151.4844,20.5674],[151.5,20.5672],[151.5,20.484],[151.5172,20.4841],[151.5343,20.4845],[151.5515,20.4852],[151.5686,20.4862],[151.5858,20.4874],[151.6028,20.489],[151.6199,20.4908],[151.6369,20.4929],[151.6539,20.4952],[151.6708,20.4979],[151.6877,20.5008],[151.7046,20.504],[151.7213,20.5074],[151.738,20.5112],[151.7546,20.5152],[151.7712,20.5194],[151.7877,20.524],[151.804,20.5288],[151.8203,20.5339],[151.8365,20.5392],[151.8526,20.5448],[151.8686,20.5507],[151.8844,20.5568],[151.9002,20.5631],[151.9158,20.5698],[151.9313,20.5767],[151.9467,20.5838],[151.9619,20.5912],[151.977,20.5988],[151.9919,20.6067],[152.0067,20.6148],[152.0214,20.6231],[152.0359,20.6317],[152.0502,20.6406],[152.0643,20.6496],[152.0783,20.6589],[152.0921,20.6684],[152.1057,20.6781],[152.1192,20.6881],[152.1324,20.6983],[152.1455,20.7086],[152.1583,20.7192],[152.171,20.73],[152.1835,20.741],[152.1957,20.7523],[152.2077,20.7637],[152.2196,20.7753],[152.2312,20.787],[152.2425,20.799],[152.2537,20.8112],[152.2646,20.8235],[152.2753,20.836],[152.2858,20.8487],[152.296,20.8616],[152.3059,20.8746],[152.3157,20.8878],[152.3252,20.9011],[152.3344,20.9146],[152.3434,20.9282],[152.3521,20.942],[152.3605,20.9559],[152.3687,20.9699],[152.3766,20.9841],[152.3843,20.9984],[152.3917,21.0129],[152.3988,21.0274],[152.4057,21.0421],[152.4122,21.0568],[152.4185,21.0717],[152.4245,21.0867],[152.4303,21.1018],[152.4357,21.1169],[152.4409,21.1322],[152.4458,21.1475],[152.4504,21.1629],[152.4547,21.1784],[152.4587,21.1939],[152.4624,21.2095],[152.4658,21.2252],[152.4689,21.2409],[152.4718,21.2567],[152.4743,21.2725],[152.4765,21.2884],[152.4785,21.3042],[152.4801,21.3202],[152.4815,21.3361],[152.4825,21.3521],[152.4833,21.368],[152.4837,21.384],[152.4839,21.4],[152.4839,21.4],[152.4837,21.416],[152.4833,21.432],[152.4825,21.4479],[152.4815,21.4639],[152.4801,21.4798],[152.4785,21.4958],[152.4765,21.5116],[152.4743,21.5275],[152.4718,21.5433],[152.4689,21.5591],[152.4658,21.5748],[152.4624,21.5905],[152.4587,21.6061],[152.4547,21.6216],[152.4504,21.6371],[152.4458,21.6525],[152.4409,21.6678],[152.4357,21.6831],[152.4303,21.6982],[152.4245,21.7133],[152.4185,21.7283],[152.4122,21.7432],[152.4057,21.7579],[152.3988,21.7726],[152.3917,21.7871],[152.3843,21.8016],[152.3766,21.8159],[152.3687,21.8301],[152.3605,21.8441],[152.3521,21.858],[152.3434,21.8718],[152.3344,21.8854],[152.3252,21.8989],[152.3157,21.9122],[152.3059,21.9254],[152.296,21.9384],[152.2858,21.9513],[152.2753,21.964],[152.2646,21.9765],[152.2537,21.9888],[152.2425,22.001],[152.2312,22.013],[152.2196,22.0247],[152.2077,22.0363],[152.1957,22.0477],[152.1835,22.059],[152.171,22.07],[152.1583,22.0808],[152.1455,22.0914],[152.1324,22.1017],[152.1192,22.1119],[152.1057,22.1219],[152.0921,22.1316],[152.0783,22.1411],[152.0643,22.1504],[152.0502,22.1594],[152.0359,22.1683],[152.0214,22.1769],[152.0067,22.1852],[151.9919,22.1933],[151.977,22.2012],[151.9619,22.2088],[151.9467,22.2162],[151.9313,22.2233],[151.9158,22.2302],[151.9002,22.2369],[151.8844,22.2432],[151.8686,22.2493],[151.8526,22.2552],[151.8365,22.2608],[151.8203,22.2661],[151.804,22.2712],[151.7877,22.276],[151.7712,22.2806],[151.7546,22.2848],[151.738,22.2888],[151.7213,22.2926],[151.7046,22.296],[151.6877,22.2992],[151.6708,22.3021],[151.6539,22.3048],[151.6369,22.3071],[151.6199,22.3092],[151.6028,22.311],[151.5858,22.3126],[151.5686,22.3138],[151.5515,22.3148],[151.5343,22.3155],[151.5172,22.3159],[151.5,22.316]]]},"properties":{"storm_name":"KOGUMA-26","fuente":"GDACS","alertlevel":"Green","url":"https://www.gdacs.org/report.aspx?eventid=1001333&episodeid=21&eventtype=TC","paises":"","layer":"storm_track","kind":"wind_radii_forecast","wind_kt":34}},{"type":"Feature","geometry":{"type":"Polygon","coordinates":[[[151.5,21.9829],[151.5,21.7331],[151.4938,21.7331],[151.4875,21.7329],[151.4813,21.7327],[151.475,21.7323],[151.4688,21.7318],[151.4626,21.7313],[151.4564,21.7306],[151.4502,21.7299],[151.444,21.729],[151.4379,21.728],[151.4317,21.727],[151.4256,21.7258],[151.4195,21.7246],[151.4134,21.7232],[151.4074,21.7218],[151.4014,21.7202],[151.3954,21.7186],[151.3894,21.7168],[151.3835,21.715],[151.3776,21.713],[151.3718,21.711],[151.366,21.7089],[151.3602,21.7066],[151.3545,21.7043],[151.3488,21.7019],[151.3432,21.6994],[151.3376,21.6968],[151.332,21.6941],[151.3265,21.6913],[151.3211,21.6885],[151.3157,21.6855],[151.3104,21.6825],[151.3051,21.6794],[151.2999,21.6762],[151.2948,21.6729],[151.2897,21.6695],[151.2847,21.666],[151.2797,21.6625],[151.2748,21.6589],[151.27,21.6552],[151.2653,21.6514],[151.2606,21.6475],[151.256,21.6436],[151.2515,21.6396],[151.247,21.6355],[151.2426,21.6314],[151.2383,21.6272],[151.2341,21.6229],[151.23,21.6185],[151.2259,21.6141],[151.222,21.6096],[151.2181,21.6051],[151.2143,21.6005],[151.2106,21.5958],[151.2069,21.5911],[151.2034,21.5863],[151.1999,21.5814],[151.1966,21.5765],[151.1933,21.5716],[151.1902,21.5666],[151.1871,21.5615],[151.1841,21.5564],[151.1812,21.5512],[151.1784,21.546],[151.1757,21.5408],[151.1732,21.5355],[151.1707,21.5302],[151.1683,21.5248],[151.166,21.5194],[151.1638,21.5139],[151.1617,21.5084],[151.1597,21.5029],[151.1579,21.4974],[151.1561,21.4918],[151.1544,21.4862],[151.1529,21.4806],[151.1514,21.4749],[151.15,21.4693],[151.1488,21.4636],[151.1477,21.4578],[151.1466,21.4521],[151.1457,21.4464],[151.1449,21.4406],[151.1442,21.4348],[151.1436,21.429],[151.1431,21.4232],[151.1427,21.4174],[151.1424,21.4116],[151.1423,21.4058],[151.1422,21.4],[151.1422,21.4],[151.1423,21.3942],[151.1424,21.3884],[151.1427,21.3826],[151.1431,21.3768],[151.1436,21.371],[151.1442,21.3652],[151.1449,21.3594],[151.1457,21.3536],[151.1466,21.3479],[151.1477,21.3422],[151.1488,21.3364],[151.15,21.3307],[151.1514,21.3251],[151.1529,21.3194],[151.1544,21.3138],[151.1561,21.3082],[151.1579,21.3026],[151.1597,21.2971],[151.1617,21.2916],[151.1638,21.2861],[151.166,21.2806],[151.1683,21.2752],[151.1707,21.2698],[151.1732,21.2645],[151.1757,21.2592],[151.1784,21.254],[151.1812,21.2488],[151.1841,21.2436],[151.1871,21.2385],[151.1902,21.2334],[151.1933,21.2284],[151.1966,21.2235],[151.1999,21.2186],[151.2034,21.2137],[151.2069,21.2089],[151.2106,21.2042],[151.2143,21.1995],[151.2181,21.1949],[151.222,21.1904],[151.2259,21.1859],[151.23,21.1815],[151.2341,21.1771],[151.2383,21.1728],[151.2426,21.1686],[151.247,21.1645],[151.2515,21.1604],[151.256,21.1564],[151.2606,21.1525],[151.2653,21.1486],[151.27,21.1448],[151.2748,21.1411],[151.2797,21.1375],[151.2847,21.134],[151.2897,21.1305],[151.2948,21.1271],[151.2999,21.1238],[151.3051,21.1206],[151.3104,21.1175],[151.3157,21.1145],[151.3211,21.1115],[151.3265,21.1087],[151.332,21.1059],[151.3376,21.1032],[151.3432,21.1006],[151.3488,21.0981],[151.3545,21.0957],[151.3602,21.0934],[151.366,21.0911],[151.3718,21.089],[151.3776,21.087],[151.3835,21.085],[151.3894,21.0832],[151.3954,21.0814],[151.4014,21.0798],[151.4074,21.0782],[151.4134,21.0768],[151.4195,21.0754],[151.4256,21.0742],[151.4317,21.073],[151.4379,21.072],[151.444,21.071],[151.4502,21.0701],[151.4564,21.0694],[151.4626,21.0687],[151.4688,21.0682],[151.475,21.0677],[151.4813,21.0673],[151.4875,21.0671],[151.4938,21.0669],[151.5,21.0669],[151.5,20.9003],[151.5094,20.9004],[151.5187,20.9006],[151.5281,20.901],[151.5374,20.9016],[151.5468,20.9022],[151.5561,20.9031],[151.5654,20.9041],[151.5747,20.9052],[151.584,20.9065],[151.5932,20.9079],[151.6024,20.9095],[151.6116,20.9113],[151.6207,20.9131],[151.6298,20.9152],[151.6389,20.9174],[151.6479,20.9197],[151.6569,20.9222],[151.6658,20.9248],[151.6747,20.9276],[151.6835,20.9305],[151.6923,20.9335],[151.701,20.9367],[151.7097,20.9401],[151.7183,20.9435],[151.7268,20.9472],[151.7353,20.9509],[151.7436,20.9548],[151.7519,20.9588],[151.7602,20.963],[151.7683,20.9673],[151.7764,20.9717],[151.7844,20.9763],[151.7923,20.9809],[151.8001,20.9858],[151.8078,20.9907],[151.8154,20.9958],[151.823,21.001],[151.8304,21.0063],[151.8377,21.0117],[151.845,21.0172],[151.8521,21.0229],[151.8591,21.0287],[151.866,21.0346],[151.8728,21.0406],[151.8795,21.0467],[151.886,21.0529],[151.8925,21.0592],[151.8988,21.0657],[151.905,21.0722],[151.9111,21.0788],[151.9171,21.0856],[151.9229,21.0924],[151.9286,21.0993],[151.9342,21.1063],[151.9396,21.1134],[151.9449,21.1206],[151.9501,21.1279],[151.9551,21.1352],[151.96,21.1427],[151.9648,21.1502],[151.9694,21.1578],[151.9738,21.1654],[151.9782,21.1732],[151.9823,21.181],[151.9864,21.1888],[151.9903,21.1968],[151.994,21.2048],[151.9976,21.2128],[152.001,21.2209],[152.0043,21.2291],[152.0074,21.2373],[152.0104,21.2456],[152.0132,21.2539],[152.0159,21.2623],[152.0184,21.2707],[152.0207,21.2791],[152.0229,21.2876],[152.0249,21.2961],[152.0268,21.3047],[152.0285,21.3132],[152.0301,21.3218],[152.0314,21.3305],[152.0327,21.3391],[152.0337,21.3478],[152.0346,21.3565],[152.0354,21.3651],[152.0359,21.3738],[152.0363,21.3826],[152.0366,21.3913],[152.0367,21.4],[152.1261,21.4],[152.126,21.4102],[152.1257,21.4203],[152.1252,21.4305],[152.1246,21.4407],[152.1237,21.4508],[152.1227,21.4609],[152.1214,21.471],[152.12,21.4811],[152.1184,21.4912],[152.1166,21.5012],[152.1146,21.5112],[152.1124,21.5212],[152.1101,21.5311],[152.1075,21.541],[152.1048,21.5509],[152.1019,21.5607],[152.0987,21.5704],[152.0955,21.5801],[152.092,21.5898],[152.0883,21.5994],[152.0845,21.6089],[152.0805,21.6184],[152.0763,21.6278],[152.072,21.6371],[152.0674,21.6464],[152.0627,21.6555],[152.0579,21.6646],[152.0528,21.6737],[152.0476,21.6826],[152.0422,21.6915],[152.0367,21.7002],[152.031,21.7089],[152.0251,21.7175],[152.0191,21.726],[152.0129,21.7344],[152.0065,21.7426],[152.0,21.7508],[151.9934,21.7589],[151.9866,21.7669],[151.9796,21.7747],[151.9725,21.7824],[151.9653,21.7901],[151.9579,21.7976],[151.9504,21.8049],[151.9427,21.8122],[151.9349,21.8193],[151.927,21.8263],[151.9189,21.8332],[151.9108,21.84],[151.9025,21.8466],[151.894,21.853],[151.8855,21.8594],[151.8768,21.8656],[151.868,21.8716],[151.8591,21.8775],[151.8501,21.8833],[151.841,21.8889],[151.8318,21.8944],[151.8225,21.8997],[151.8131,21.9048],[151.8035,21.9099],[151.7939,21.9147],[151.7842,21.9194],[151.7745,21.9239],[151.7646,21.9283],[151.7547,21.9325],[151.7446,21.9366],[151.7345,21.9405],[151.7244,21.9442],[151.7141,21.9478],[151.7038,21.9512],[151.6935,21.9544],[151.6831,21.9575],[151.6726,21.9604],[151.662,21.9631],[151.6515,21.9656],[151.6408,21.968],[151.6302,21.9702],[151.6195,21.9722],[151.6087,21.9741],[151.5979,21.9758],[151.5871,21.9773],[151.5763,21.9786],[151.5654,21.9797],[151.5546,21.9807],[151.5437,21.9815],[151.5328,21.9821],[151.5219,21.9826],[151.5109,21.9829],[151.5,21.9829]]]},"properties":{"storm_name":"KOGUMA-26","fuente":"GDACS","alertlevel":"Green","url":"https://www.gdacs.org/report.aspx?eventid=1001333&episodeid=21&eventtype=TC","paises":"","layer":"storm_track","kind":"wind_radii_forecast","wind_kt":34}},{"type":"Feature","geometry":{"type":"Polygon","coordinates":[[[149.6,24.6655],[149.6,24.3324],[149.5747,24.3322],[149.5495,24.3316],[149.5242,24.3306],[149.499,24.3292],[149.4738,24.3274],[149.4487,24.3251],[149.4236,24.3225],[149.3985,24.3195],[149.3736,24.316],[149.3486,24.3122],[149.3238,24.308],[149.299,24.3033],[149.2744,24.2983],[149.2498,24.2929],[149.2254,24.287],[149.201,24.2808],[149.1768,24.2742],[149.1527,24.2672],[149.1287,24.2598],[149.1049,24.2521],[149.0813,24.2439],[149.0578,24.2354],[149.0344,24.2265],[149.0112,24.2172],[148.9883,24.2076],[148.9655,24.1976],[148.9428,24.1872],[148.9204,24.1765],[148.8982,24.1654],[148.8762,24.1539],[148.8545,24.1421],[148.8329,24.13],[148.8116,24.1175],[148.7906,24.1046],[148.7697,24.0915],[148.7492,24.078],[148.7289,24.0641],[148.7088,24.05],[148.6891,24.0355],[148.6696,24.0207],[148.6504,24.0056],[148.6314,23.9902],[148.6128,23.9745],[148.5945,23.9585],[148.5765,23.9422],[148.5588,23.9256],[148.5414,23.9087],[148.5243,23.8916],[148.5076,23.8742],[148.4911,23.8565],[148.4751,23.8385],[148.4594,23.8203],[148.444,23.8019],[148.4289,23.7832],[148.4143,23.7643],[148.4,23.7451],[148.386,23.7257],[148.3724,23.7061],[148.3592,23.6863],[148.3464,23.6662],[148.334,23.646],[148.3219,23.6255],[148.3103,23.6049],[148.299,23.5841],[148.2881,23.5631],[148.2776,23.542],[148.2676,23.5206],[148.2579,23.4991],[148.2486,23.4775],[148.2398,23.4557],[148.2314,23.4338],[148.2233,23.4117],[148.2157,23.3896],[148.2086,23.3673],[148.2018,23.3449],[148.1955,23.3223],[148.1896,23.2997],[148.1841,23.277],[148.1791,23.2542],[148.1745,23.2314],[148.1703,23.2084],[148.1666,23.1854],[148.1633,23.1624],[148.1604,23.1393],[148.158,23.1161],[148.156,23.0929],[148.1545,23.0697],[148.1534,23.0465],[148.1527,23.0233],[148.1525,23.0],[148.5144,23.0],[148.5145,22.9826],[148.515,22.9651],[148.5159,22.9477],[148.517,22.9303],[148.5185,22.9129],[148.5203,22.8955],[148.5225,22.8782],[148.5249,22.8609],[148.5277,22.8437],[148.5309,22.8265],[148.5343,22.8093],[148.5381,22.7922],[148.5422,22.7752],[148.5466,22.7582],[148.5514,22.7414],[148.5564,22.7245],[148.5618,22.7078],[148.5675,22.6912],[148.5735,22.6747],[148.5798,22.6582],[148.5865,22.6419],[148.5934,22.6256],[148.6007,22.6095],[148.6082,22.5935],[148.6161,22.5777],[148.6242,22.5619],[148.6327,22.5463],[148.6414,22.5308],[148.6505,22.5155],[148.6598,22.5003],[148.6694,22.4853],[148.6793,22.4704],[148.6895,22.4557],[148.7,22.4412],[148.7107,22.4268],[148.7217,22.4126],[148.733,22.3986],[148.7445,22.3848],[148.7563,22.3711],[148.7684,22.3576],[148.7807,22.3444],[148.7932,22.3313],[148.806,22.3185],[148.8191,22.3058],[148.8323,22.2934],[148.8459,22.2811],[148.8596,22.2691],[148.8736,22.2574],[148.8878,22.2458],[148.9022,22.2345],[148.9168,22.2234],[148.9316,22.2125],[148.9467,22.2019],[148.9619,22.1915],[148.9773,22.1814],[148.9929,22.1715],[149.0087,22.1619],[149.0247,22.1525],[149.0409,22.1434],[149.0572,22.1346],[149.0737,22.126],[149.0903,22.1176],[149.1071,22.1096],[149.1241,22.1018],[149.1412,22.0943],[149.1584,22.0871],[149.1758,22.0801],[149.1933,22.0734],[149.2109,22.067],[149.2287,22.0609],[149.2466,22.0551],[149.2645,22.0496],[149.2826,22.0443],[149.3008,22.0394],[149.319,22.0347],[149.3374,22.0304],[149.3558,22.0263],[149.3743,22.0225],[149.3929,22.019],[149.4115,22.0159],[149.4302,22.013],[149.4489,22.0104],[149.4677,22.0081],[149.4865,22.0061],[149.5054,22.0045],[149.5243,22.0031],[149.5432,22.002],[149.5621,22.0013],[149.5811,22.0008],[149.6,22.0007],[149.6,21.501],[149.6284,21.5012],[149.6568,21.5019],[149.6852,21.5031],[149.7136,21.5047],[149.7419,21.5067],[149.7702,21.5092],[149.7985,21.5122],[149.8266,21.5156],[149.8547,21.5195],[149.8828,21.5238],[149.9107,21.5286],[149.9386,21.5338],[149.9663,21.5394],[149.994,21.5455],[150.0215,21.5521],[150.0489,21.5591],[150.0761,21.5665],[150.1032,21.5744],[150.1302,21.5827],[150.157,21.5914],[150.1836,21.6006],[150.21,21.6102],[150.2363,21.6202],[150.2623,21.6306],[150.2882,21.6415],[150.3139,21.6527],[150.3393,21.6644],[150.3645,21.6765],[150.3895,21.689],[150.4142,21.7018],[150.4387,21.7151],[150.4629,21.7288],[150.4869,21.7428],[150.5106,21.7573],[150.534,21.7721],[150.5572,21.7873],[150.58,21.8029],[150.6026,21.8188],[150.6248,21.8351],[150.6467,21.8517],[150.6684,21.8687],[150.6896,21.886],[150.7106,21.9037],[150.7312,21.9217],[150.7515,21.9401],[150.7714,21.9587],[150.791,21.9777],[150.8102,21.997],[150.829,22.0166],[150.8475,22.0365],[150.8655,22.0567],[150.8832,22.0771],[150.9005,22.0979],[150.9174,22.1189],[150.9339,22.1402],[150.95,22.1618],[150.9657,22.1836],[150.981,22.2057],[150.9958,22.228],[151.0103,22.2505],[151.0243,22.2733],[151.0378,22.2963],[151.051,22.3195],[151.0636,22.3429],[151.0759,22.3665],[151.0877,22.3903],[151.099,22.4143],[151.1099,22.4385],[151.1203,22.4628],[151.1302,22.4873],[151.1397,22.512],[151.1487,22.5368],[151.1573,22.5617],[151.1654,22.5868],[151.173,22.612],[151.1801,22.6374],[151.1867,22.6628],[151.1929,22.6883],[151.1985,22.714],[151.2037,22.7397],[151.2084,22.7655],[151.2126,22.7914],[151.2163,22.8173],[151.2195,22.8433],[151.2222,22.8694],[151.2245,22.8954],[151.2262,22.9215],[151.2275,22.9477],[151.2282,22.9738],[151.2284,23.0],[151.4094,23.0],[151.4091,23.0291],[151.4083,23.0581],[151.4069,23.0872],[151.405,23.1162],[151.4025,23.1452],[151.3995,23.1741],[151.3959,23.203],[151.3918,23.2318],[151.3871,23.2605],[151.3819,23.2892],[151.3761,23.3178],[151.3698,23.3463],[151.363,23.3747],[151.3556,23.4029],[151.3477,23.4311],[151.3393,23.4591],[151.3303,23.487],[151.3208,23.5147],[151.3108,23.5422],[151.3003,23.5696],[151.2892,23.5969],[151.2776,23.6239],[151.2655,23.6508],[151.253,23.6774],[151.2399,23.7039],[151.2263,23.7301],[151.2122,23.7561],[151.1976,23.7819],[151.1825,23.8075],[151.167,23.8328],[151.1509,23.8578],[151.1344,23.8826],[151.1175,23.9071],[151.1,23.9314],[151.0822,23.9553],[151.0638,23.979],[151.045,24.0023],[151.0258,24.0254],[151.0062,24.0482],[150.9861,24.0706],[150.9656,24.0927],[150.9446,24.1145],[150.9233,24.1359],[150.9016,24.157],[150.8794,24.1777],[150.8569,24.1981],[150.834,24.2181],[150.8107,24.2377],[150.7871,24.257],[150.763,24.2759],[150.7387,24.2944],[150.714,24.3125],[150.6889,24.3302],[150.6635,24.3475],[150.6378,24.3643],[150.6118,24.3808],[150.5855,24.3968],[150.5588,24.4125],[150.5319,24.4276],[150.5047,24.4424],[150.4772,24.4567],[150.4495,24.4706],[150.4214,24.484],[150.3932,24.497],[150.3647,24.5095],[150.3359,24.5216],[150.307,24.5331],[150.2778,24.5443],[150.2484,24.5549],[150.2188,24.5651],[150.1891,24.5748],[150.1591,24.584],[150.129,24.5928],[150.0987,24.601],[150.0683,24.6088],[150.0377,24.6161],[150.007,24.6229],[149.9762,24.6291],[149.9452,24.6349],[149.9142,24.6402],[149.883,24.645],[149.8518,24.6493],[149.8205,24.6531],[149.7891,24.6564],[149.7577,24.6592],[149.7262,24.6615],[149.6947,24.6633],[149.6631,24.6645],[149.6316,24.6653],[149.6,24.6655]]]},"properties":{"storm_name":"KOGUMA-26","fuente":"GDACS","alertlevel":"Green","url":"https://www.gdacs.org/report.aspx?eventid=1001333&episodeid=21&eventtype=TC","paises":"","layer":"storm_track","kind":"wind_radii_forecast","wind_kt":34}},{"type":"Feature","geometry":{"type":"Polygon","coordinates":[[[149.6,23.8328],[149.6,23.6662],[149.5874,23.6661],[149.5747,23.6658],[149.5621,23.6653],[149.5495,23.6646],[149.5369,23.6637],[149.5243,23.6626],[149.5118,23.6613],[149.4993,23.6597],[149.4868,23.658],[149.4743,23.6561],[149.4619,23.654],[149.4495,23.6517],[149.4372,23.6491],[149.4249,23.6464],[149.4127,23.6435],[149.4005,23.6404],[149.3884,23.6371],[149.3763,23.6336],[149.3644,23.6299],[149.3525,23.626],[149.3406,23.622],[149.3289,23.6177],[149.3172,23.6133],[149.3056,23.6086],[149.2941,23.6038],[149.2827,23.5988],[149.2714,23.5936],[149.2602,23.5882],[149.2491,23.5827],[149.2381,23.577],[149.2272,23.5711],[149.2165,23.565],[149.2058,23.5587],[149.1953,23.5523],[149.1849,23.5457],[149.1746,23.539],[149.1644,23.5321],[149.1544,23.525],[149.1445,23.5177],[149.1348,23.5104],[149.1252,23.5028],[149.1157,23.4951],[149.1064,23.4872],[149.0972,23.4792],[149.0882,23.4711],[149.0794,23.4628],[149.0707,23.4544],[149.0621,23.4458],[149.0538,23.4371],[149.0456,23.4282],[149.0375,23.4193],[149.0297,23.4102],[149.022,23.4009],[149.0145,23.3916],[149.0071,23.3821],[149.0,23.3725],[148.993,23.3628],[148.9862,23.353],[148.9796,23.3431],[148.9732,23.3331],[148.967,23.323],[148.961,23.3128],[148.9551,23.3025],[148.9495,23.2921],[148.9441,23.2816],[148.9388,23.271],[148.9338,23.2603],[148.9289,23.2496],[148.9243,23.2388],[148.9199,23.2279],[148.9157,23.2169],[148.9117,23.2059],[148.9079,23.1948],[148.9043,23.1836],[148.9009,23.1724],[148.8977,23.1612],[148.8948,23.1499],[148.8921,23.1385],[148.8895,23.1271],[148.8872,23.1157],[148.8852,23.1042],[148.8833,23.0927],[148.8816,23.0812],[148.8802,23.0696],[148.879,23.0581],[148.878,23.0465],[148.8772,23.0349],[148.8767,23.0233],[148.8764,23.0116],[148.8762,23.0],[148.8762,23.0],[148.8764,22.9884],[148.8767,22.9767],[148.8772,22.9651],[148.878,22.9535],[148.879,22.9419],[148.8802,22.9304],[148.8816,22.9188],[148.8833,22.9073],[148.8852,22.8958],[148.8872,22.8843],[148.8895,22.8729],[148.8921,22.8615],[148.8948,22.8501],[148.8977,22.8388],[148.9009,22.8276],[148.9043,22.8164],[148.9079,22.8052],[148.9117,22.7941],[148.9157,22.7831],[148.9199,22.7721],[148.9243,22.7612],[148.9289,22.7504],[148.9338,22.7397],[148.9388,22.729],[148.9441,22.7184],[148.9495,22.7079],[148.9551,22.6975],[148.961,22.6872],[148.967,22.677],[148.9732,22.6669],[148.9796,22.6569],[148.9862,22.647],[148.993,22.6372],[149.0,22.6275],[149.0071,22.6179],[149.0145,22.6084],[149.022,22.5991],[149.0297,22.5898],[149.0375,22.5807],[149.0456,22.5718],[149.0538,22.5629],[149.0621,22.5542],[149.0707,22.5456],[149.0794,22.5372],[149.0882,22.5289],[149.0972,22.5208],[149.1064,22.5128],[149.1157,22.5049],[149.1252,22.4972],[149.1348,22.4896],[149.1445,22.4823],[149.1544,22.475],[149.1644,22.4679],[149.1746,22.461],[149.1849,22.4543],[149.1953,22.4477],[149.2058,22.4413],[149.2165,22.435],[149.2272,22.4289],[149.2381,22.423],[149.2491,22.4173],[149.2602,22.4118],[149.2714,22.4064],[149.2827,22.4012],[149.2941,22.3962],[149.3056,22.3914],[149.3172,22.3867],[149.3289,22.3823],[149.3406,22.378],[149.3525,22.374],[149.3644,22.3701],[149.3763,22.3664],[149.3884,22.3629],[149.4005,22.3596],[149.4127,22.3565],[149.4249,22.3536],[149.4372,22.3509],[149.4495,22.3483],[149.4619,22.346],[149.4743,22.3439],[149.4868,22.342],[149.4993,22.3403],[149.5118,22.3387],[149.5243,22.3374],[149.5369,22.3363],[149.5495,22.3354],[149.5621,22.3347],[149.5747,22.3342],[149.5874,22.3339],[149.6,22.3338],[149.6,22.1672],[149.6158,22.1674],[149.6316,22.1677],[149.6473,22.1684],[149.6631,22.1693],[149.6788,22.1704],[149.6946,22.1718],[149.7103,22.1734],[149.7259,22.1753],[149.7415,22.1775],[149.7571,22.1799],[149.7726,22.1825],[149.7881,22.1854],[149.8035,22.1886],[149.8189,22.192],[149.8342,22.1956],[149.8494,22.1995],[149.8645,22.2036],[149.8796,22.208],[149.8945,22.2126],[149.9094,22.2175],[149.9242,22.2225],[149.9389,22.2279],[149.9535,22.2334],[149.968,22.2392],[149.9823,22.2453],[149.9966,22.2515],[150.0107,22.258],[150.0247,22.2647],[150.0386,22.2716],[150.0523,22.2788],[150.066,22.2862],[150.0794,22.2938],[150.0927,22.3016],[150.1059,22.3096],[150.1189,22.3178],[150.1318,22.3263],[150.1445,22.3349],[150.157,22.3438],[150.1693,22.3528],[150.1815,22.3621],[150.1935,22.3715],[150.2054,22.3811],[150.217,22.3909],[150.2285,22.401],[150.2397,22.4111],[150.2508,22.4215],[150.2616,22.4321],[150.2723,22.4428],[150.2828,22.4537],[150.293,22.4647],[150.3031,22.4759],[150.3129,22.4873],[150.3225,22.4988],[150.3319,22.5105],[150.3411,22.5223],[150.35,22.5343],[150.3587,22.5464],[150.3672,22.5587],[150.3755,22.5711],[150.3835,22.5836],[150.3913,22.5963],[150.3988,22.609],[150.4061,22.6219],[150.4131,22.6349],[150.4199,22.6481],[150.4265,22.6613],[150.4328,22.6746],[150.4388,22.688],[150.4446,22.7016],[150.4501,22.7152],[150.4554,22.7289],[150.4604,22.7427],[150.4652,22.7565],[150.4696,22.7705],[150.4739,22.7845],[150.4778,22.7985],[150.4815,22.8127],[150.4849,22.8269],[150.4881,22.8411],[150.4909,22.8554],[150.4936,22.8697],[150.4959,22.8841],[150.4979,22.8985],[150.4997,22.913],[150.5012,22.9274],[150.5025,22.9419],[150.5035,22.9564],[150.5041,22.9709],[150.5046,22.9855],[150.5047,23.0],[150.5047,23.0],[150.5046,23.0145],[150.5041,23.0291],[150.5035,23.0436],[150.5025,23.0581],[150.5012,23.0726],[150.4997,23.087],[150.4979,23.1015],[150.4959,23.1159],[150.4936,23.1303],[150.4909,23.1446],[150.4881,23.1589],[150.4849,23.1731],[150.4815,23.1873],[150.4778,23.2015],[150.4739,23.2155],[150.4696,23.2295],[150.4652,23.2435],[150.4604,23.2573],[150.4554,23.2711],[150.4501,23.2848],[150.4446,23.2984],[150.4388,23.312],[150.4328,23.3254],[150.4265,23.3387],[150.4199,23.3519],[150.4131,23.3651],[150.4061,23.3781],[150.3988,23.391],[150.3913,23.4037],[150.3835,23.4164],[150.3755,23.4289],[150.3672,23.4413],[150.3587,23.4536],[150.35,23.4657],[150.3411,23.4777],[150.3319,23.4895],[150.3225,23.5012],[150.3129,23.5127],[150.3031,23.5241],[150.293,23.5353],[150.2828,23.5463],[150.2723,23.5572],[150.2616,23.5679],[150.2508,23.5785],[150.2397,23.5889],[150.2285,23.599],[150.217,23.6091],[150.2054,23.6189],[150.1935,23.6285],[150.1815,23.6379],[150.1693,23.6472],[150.157,23.6562],[150.1445,23.6651],[150.1318,23.6737],[150.1189,23.6822],[150.1059,23.6904],[150.0927,23.6984],[150.0794,23.7062],[150.066,23.7138],[150.0523,23.7212],[150.0386,23.7284],[150.0247,23.7353],[150.0107,23.742],[149.9966,23.7485],[149.9823,23.7547],[149.968,23.7608],[149.9535,23.7666],[149.9389,23.7721],[149.9242,23.7775],[149.9094,23.7825],[149.8945,23.7874],[149.8796,23.792],[149.8645,23.7964],[149.8494,23.8005],[149.8342,23.8044],[149.8189,23.808],[149.8035,23.8114],[149.7881,23.8146],[149.7726,23.8175],[149.7571,23.8201],[149.7415,23.8225],[149.7259,23.8247],[149.7103,23.8266],[149.6946,23.8282],[149.6788,23.8296],[149.6631,23.8307],[149.6473,23.8316],[149.6316,23.8323],[149.6158,23.8326],[149.6,23.8328]]]},"properties":{"storm_name":"KOGUMA-26","fuente":"GDACS","alertlevel":"Green","url":"https://www.gdacs.org/report.aspx?eventid=1001333&episodeid=21&eventtype=TC","paises":"","layer":"storm_track","kind":"wind_radii_forecast","wind_kt":34}},{"type":"Feature","geometry":{"type":"Polygon","coordinates":[[[149.6,23.4997],[149.6,23.3331],[149.5937,23.3331],[149.5874,23.3329],[149.5811,23.3327],[149.5748,23.3323],[149.5685,23.3318],[149.5622,23.3313],[149.5559,23.3306],[149.5496,23.3299],[149.5434,23.329],[149.5372,23.328],[149.531,23.327],[149.5248,23.3258],[149.5186,23.3246],[149.5125,23.3232],[149.5063,23.3218],[149.5003,23.3202],[149.4942,23.3186],[149.4882,23.3168],[149.4822,23.315],[149.4762,23.313],[149.4703,23.311],[149.4644,23.3089],[149.4586,23.3066],[149.4528,23.3043],[149.4471,23.3019],[149.4414,23.2994],[149.4357,23.2968],[149.4301,23.2941],[149.4246,23.2913],[149.4191,23.2885],[149.4136,23.2855],[149.4082,23.2825],[149.4029,23.2794],[149.3976,23.2762],[149.3924,23.2729],[149.3873,23.2695],[149.3822,23.266],[149.3772,23.2625],[149.3723,23.2589],[149.3674,23.2552],[149.3626,23.2514],[149.3579,23.2475],[149.3532,23.2436],[149.3486,23.2396],[149.3441,23.2355],[149.3397,23.2314],[149.3353,23.2272],[149.3311,23.2229],[149.3269,23.2185],[149.3228,23.2141],[149.3188,23.2096],[149.3148,23.2051],[149.311,23.2005],[149.3072,23.1958],[149.3036,23.1911],[149.3,23.1863],[149.2965,23.1814],[149.2931,23.1765],[149.2898,23.1716],[149.2866,23.1666],[149.2835,23.1615],[149.2805,23.1564],[149.2776,23.1512],[149.2747,23.146],[149.272,23.1408],[149.2694,23.1355],[149.2669,23.1302],[149.2645,23.1248],[149.2622,23.1194],[149.2599,23.1139],[149.2578,23.1084],[149.2558,23.1029],[149.2539,23.0974],[149.2521,23.0918],[149.2505,23.0862],[149.2489,23.0806],[149.2474,23.0749],[149.246,23.0693],[149.2448,23.0636],[149.2436,23.0578],[149.2426,23.0521],[149.2416,23.0464],[149.2408,23.0406],[149.2401,23.0348],[149.2395,23.029],[149.239,23.0232],[149.2386,23.0174],[149.2383,23.0116],[149.2382,23.0058],[149.2381,23.0],[149.2381,23.0],[149.2382,22.9942],[149.2383,22.9884],[149.2386,22.9826],[149.239,22.9768],[149.2395,22.971],[149.2401,22.9652],[149.2408,22.9594],[149.2416,22.9536],[149.2426,22.9479],[149.2436,22.9422],[149.2448,22.9364],[149.246,22.9307],[149.2474,22.9251],[149.2489,22.9194],[149.2505,22.9138],[149.2521,22.9082],[149.2539,22.9026],[149.2558,22.8971],[149.2578,22.8916],[149.2599,22.8861],[149.2622,22.8806],[149.2645,22.8752],[149.2669,22.8698],[149.2694,22.8645],[149.272,22.8592],[149.2747,22.854],[149.2776,22.8488],[149.2805,22.8436],[149.2835,22.8385],[149.2866,22.8334],[149.2898,22.8284],[149.2931,22.8235],[149.2965,22.8186],[149.3,22.8137],[149.3036,22.8089],[149.3072,22.8042],[149.311,22.7995],[149.3148,22.7949],[149.3188,22.7904],[149.3228,22.7859],[149.3269,22.7815],[149.3311,22.7771],[149.3353,22.7728],[149.3397,22.7686],[149.3441,22.7645],[149.3486,22.7604],[149.3532,22.7564],[149.3579,22.7525],[149.3626,22.7486],[149.3674,22.7448],[149.3723,22.7411],[149.3772,22.7375],[149.3822,22.734],[149.3873,22.7305],[149.3924,22.7271],[149.3976,22.7238],[149.4029,22.7206],[149.4082,22.7175],[149.4136,22.7145],[149.4191,22.7115],[149.4246,22.7087],[149.4301,22.7059],[149.4357,22.7032],[149.4414,22.7006],[149.4471,22.6981],[149.4528,22.6957],[149.4586,22.6934],[149.4644,22.6911],[149.4703,22.689],[149.4762,22.687],[149.4822,22.685],[149.4882,22.6832],[149.4942,22.6814],[149.5003,22.6798],[149.5063,22.6782],[149.5125,22.6768],[149.5186,22.6754],[149.5248,22.6742],[149.531,22.673],[149.5372,22.672],[149.5434,22.671],[149.5496,22.6701],[149.5559,22.6694],[149.5622,22.6687],[149.5685,22.6682],[149.5748,22.6677],[149.5811,22.6673],[149.5874,22.6671],[149.5937,22.6669],[149.6,22.6669],[149.6,22.5003],[149.6095,22.5004],[149.6189,22.5006],[149.6284,22.501],[149.6379,22.5016],[149.6473,22.5022],[149.6567,22.5031],[149.6662,22.5041],[149.6755,22.5052],[149.6849,22.5065],[149.6943,22.5079],[149.7036,22.5095],[149.7129,22.5113],[149.7221,22.5131],[149.7313,22.5152],[149.7405,22.5174],[149.7496,22.5197],[149.7587,22.5222],[149.7677,22.5248],[149.7767,22.5276],[149.7857,22.5305],[149.7945,22.5335],[149.8033,22.5367],[149.8121,22.5401],[149.8208,22.5435],[149.8294,22.5472],[149.838,22.5509],[149.8464,22.5548],[149.8548,22.5588],[149.8632,22.563],[149.8714,22.5673],[149.8796,22.5717],[149.8876,22.5763],[149.8956,22.5809],[149.9035,22.5858],[149.9113,22.5907],[149.9191,22.5958],[149.9267,22.601],[149.9342,22.6063],[149.9416,22.6117],[149.9489,22.6172],[149.9561,22.6229],[149.9632,22.6287],[149.9702,22.6346],[149.9771,22.6406],[149.9838,22.6467],[149.9905,22.6529],[149.997,22.6592],[150.0034,22.6657],[150.0097,22.6722],[150.0158,22.6788],[150.0218,22.6856],[150.0277,22.6924],[150.0335,22.6993],[150.0391,22.7063],[150.0446,22.7134],[150.05,22.7206],[150.0552,22.7279],[150.0603,22.7352],[150.0653,22.7427],[150.0701,22.7502],[150.0748,22.7578],[150.0793,22.7654],[150.0837,22.7732],[150.0879,22.781],[150.092,22.7888],[150.0959,22.7968],[150.0997,22.8048],[150.1033,22.8128],[150.1068,22.8209],[150.1101,22.8291],[150.1132,22.8373],[150.1162,22.8456],[150.1191,22.8539],[150.1218,22.8623],[150.1243,22.8707],[150.1267,22.8791],[150.1289,22.8876],[150.131,22.8961],[150.1328,22.9047],[150.1346,22.9132],[150.1361,22.9218],[150.1375,22.9305],[150.1388,22.9391],[150.1398,22.9478],[150.1407,22.9565],[150.1415,22.9651],[150.1421,22.9738],[150.1425,22.9826],[150.1427,22.9913],[150.1428,23.0],[150.1428,23.0],[150.1427,23.0087],[150.1425,23.0174],[150.1421,23.0262],[150.1415,23.0349],[150.1407,23.0435],[150.1398,23.0522],[150.1388,23.0609],[150.1375,23.0695],[150.1361,23.0782],[150.1346,23.0868],[150.1328,23.0953],[150.131,23.1039],[150.1289,23.1124],[150.1267,23.1209],[150.1243,23.1293],[150.1218,23.1377],[150.1191,23.1461],[150.1162,23.1544],[150.1132,23.1627],[150.1101,23.1709],[150.1068,23.1791],[150.1033,23.1872],[150.0997,23.1952],[150.0959,23.2032],[150.092,23.2112],[150.0879,23.219],[150.0837,23.2268],[150.0793,23.2346],[150.0748,23.2422],[150.0701,23.2498],[150.0653,23.2573],[150.0603,23.2648],[150.0552,23.2721],[150.05,23.2794],[150.0446,23.2866],[150.0391,23.2937],[150.0335,23.3007],[150.0277,23.3076],[150.0218,23.3144],[150.0158,23.3212],[150.0097,23.3278],[150.0034,23.3343],[149.997,23.3408],[149.9905,23.3471],[149.9838,23.3533],[149.9771,23.3594],[149.9702,23.3654],[149.9632,23.3713],[149.9561,23.3771],[149.9489,23.3828],[149.9416,23.3883],[149.9342,23.3937],[149.9267,23.399],[149.9191,23.4042],[149.9113,23.4093],[149.9035,23.4142],[149.8956,23.4191],[149.8876,23.4237],[149.8796,23.4283],[149.8714,23.4327],[149.8632,23.437],[149.8548,23.4412],[149.8464,23.4452],[149.838,23.4491],[149.8294,23.4528],[149.8208,23.4565],[149.8121,23.4599],[149.8033,23.4633],[149.7945,23.4665],[149.7857,23.4695],[149.7767,23.4724],[149.7677,23.4752],[149.7587,23.4778],[149.7496,23.4803],[149.7405,23.4826],[149.7313,23.4848],[149.7221,23.4869],[149.7129,23.4887],[149.7036,23.4905],[149.6943,23.4921],[149.6849,23.4935],[149.6755,23.4948],[149.6662,23.4959],[149.6567,23.4969],[149.6473,23.4978],[149.6379,23.4984],[149.6284,23.499],[149.6189,23.4994],[149.6095,23.4996],[149.6,23.4997]]]},"properties":{"storm_name":"KOGUMA-26","fuente":"GDACS","alertlevel":"Green","url":"https://www.gdacs.org/report.aspx?eventid=1001333&episodeid=21&eventtype=TC","paises":"","layer":"storm_track","kind":"wind_radii_forecast","wind_kt":34}},{"type":"Feature","geometry":{"type":"Polygon","coordinates":[[[148.2,25.999],[148.2,25.6659],[148.1776,25.6657],[148.1553,25.6652],[148.1329,25.6643],[148.1106,25.663],[148.0883,25.6614],[148.0661,25.6595],[148.0439,25.6572],[148.0217,25.6545],[147.9996,25.6515],[147.9775,25.6482],[147.9555,25.6445],[147.9336,25.6404],[147.9118,25.636],[147.89,25.6312],[147.8684,25.6262],[147.8468,25.6207],[147.8254,25.6149],[147.8041,25.6088],[147.7829,25.6024],[147.7618,25.5956],[147.7408,25.5884],[147.72,25.581],[147.6994,25.5732],[147.6789,25.5651],[147.6585,25.5566],[147.6383,25.5479],[147.6183,25.5388],[147.5985,25.5294],[147.5788,25.5197],[147.5594,25.5097],[147.5401,25.4994],[147.521,25.4887],[147.5022,25.4778],[147.4835,25.4666],[147.4651,25.455],[147.4469,25.4432],[147.4289,25.4311],[147.4112,25.4187],[147.3937,25.4061],[147.3764,25.3931],[147.3594,25.3799],[147.3427,25.3664],[147.3262,25.3527],[147.31,25.3387],[147.294,25.3244],[147.2784,25.3099],[147.263,25.2951],[147.2479,25.2801],[147.233,25.2649],[147.2185,25.2494],[147.2043,25.2337],[147.1904,25.2178],[147.1768,25.2016],[147.1635,25.1853],[147.1505,25.1687],[147.1378,25.152],[147.1255,25.135],[147.1134,25.1178],[147.1018,25.1005],[147.0904,25.0829],[147.0794,25.0652],[147.0687,25.0473],[147.0584,25.0293],[147.0484,25.0111],[147.0388,24.9927],[147.0295,24.9742],[147.0206,24.9555],[147.0121,24.9367],[147.0039,24.9178],[146.996,24.8988],[146.9886,24.8796],[146.9815,24.8603],[146.9747,24.8409],[146.9684,24.8214],[146.9624,24.8018],[146.9568,24.7821],[146.9516,24.7623],[146.9468,24.7424],[146.9423,24.7225],[146.9382,24.7025],[146.9345,24.6824],[146.9312,24.6623],[146.9283,24.6421],[146.9258,24.6219],[146.9236,24.6016],[146.9219,24.5813],[146.9205,24.561],[146.9195,24.5407],[146.919,24.5203],[146.9188,24.5],[146.9188,24.5],[146.919,24.4797],[146.9195,24.4593],[146.9205,24.439],[146.9219,24.4187],[146.9236,24.3984],[146.9258,24.3781],[146.9283,24.3579],[146.9312,24.3377],[146.9345,24.3176],[146.9382,24.2975],[146.9423,24.2775],[146.9468,24.2576],[146.9516,24.2377],[146.9568,24.2179],[146.9624,24.1982],[146.9684,24.1786],[146.9747,24.1591],[146.9815,24.1397],[146.9886,24.1204],[146.996,24.1012],[147.0039,24.0822],[147.0121,24.0633],[147.0206,24.0445],[147.0295,24.0258],[147.0388,24.0073],[147.0484,23.9889],[147.0584,23.9707],[147.0687,23.9527],[147.0794,23.9348],[147.0904,23.9171],[147.1018,23.8995],[147.1134,23.8822],[147.1255,23.865],[147.1378,23.848],[147.1505,23.8313],[147.1635,23.8147],[147.1768,23.7984],[147.1904,23.7822],[147.2043,23.7663],[147.2185,23.7506],[147.233,23.7351],[147.2479,23.7199],[147.263,23.7049],[147.2784,23.6901],[147.294,23.6756],[147.31,23.6613],[147.3262,23.6473],[147.3427,23.6336],[147.3594,23.6201],[147.3764,23.6069],[147.3937,23.5939],[147.4112,23.5813],[147.4289,23.5689],[147.4469,23.5568],[147.4651,23.545],[147.4835,23.5334],[147.5022,23.5222],[147.521,23.5113],[147.5401,23.5006],[147.5594,23.4903],[147.5788,23.4803],[147.5985,23.4706],[147.6183,23.4612],[147.6383,23.4521],[147.6585,23.4434],[147.6789,23.4349],[147.6994,23.4268],[147.72,23.419],[147.7408,23.4116],[147.7618,23.4044],[147.7829,23.3976],[147.8041,23.3912],[147.8254,23.3851],[147.8468,23.3793],[147.8684,23.3738],[147.89,23.3688],[147.9118,23.364],[147.9336,23.3596],[147.9555,23.3555],[147.9775,23.3518],[147.9996,23.3485],[148.0217,23.3455],[148.0439,23.3428],[148.0661,23.3405],[148.0883,23.3386],[148.1106,23.337],[148.1329,23.3357],[148.1553,23.3348],[148.1776,23.3343],[148.2,23.3341],[148.2,23.001],[148.2287,23.0012],[148.2575,23.0019],[148.2862,23.0031],[148.3149,23.0047],[148.3436,23.0067],[148.3722,23.0092],[148.4008,23.0122],[148.4293,23.0156],[148.4577,23.0195],[148.4861,23.0238],[148.5143,23.0286],[148.5425,23.0338],[148.5706,23.0394],[148.5985,23.0455],[148.6264,23.0521],[148.6541,23.0591],[148.6816,23.0665],[148.709,23.0744],[148.7363,23.0827],[148.7634,23.0914],[148.7903,23.1006],[148.8171,23.1102],[148.8437,23.1202],[148.87,23.1306],[148.8962,23.1415],[148.9221,23.1527],[148.9479,23.1644],[148.9734,23.1765],[148.9986,23.189],[149.0237,23.2018],[149.0484,23.2151],[149.0729,23.2288],[149.0972,23.2428],[149.1212,23.2573],[149.1449,23.2721],[149.1683,23.2873],[149.1914,23.3029],[149.2142,23.3188],[149.2367,23.3351],[149.2589,23.3517],[149.2807,23.3687],[149.3023,23.386],[149.3235,23.4037],[149.3443,23.4217],[149.3648,23.4401],[149.385,23.4587],[149.4048,23.4777],[149.4242,23.497],[149.4432,23.5166],[149.4619,23.5365],[149.4802,23.5567],[149.4981,23.5771],[149.5156,23.5979],[149.5327,23.6189],[149.5494,23.6402],[149.5657,23.6618],[149.5816,23.6836],[149.597,23.7057],[149.612,23.728],[149.6266,23.7505],[149.6408,23.7733],[149.6545,23.7963],[149.6678,23.8195],[149.6806,23.8429],[149.693,23.8665],[149.7049,23.8903],[149.7164,23.9143],[149.7274,23.9385],[149.7379,23.9628],[149.748,23.9873],[149.7576,24.012],[149.7667,24.0368],[149.7753,24.0617],[149.7835,24.0868],[149.7912,24.112],[149.7984,24.1374],[149.8051,24.1628],[149.8113,24.1883],[149.817,24.214],[149.8223,24.2397],[149.827,24.2655],[149.8313,24.2914],[149.835,24.3173],[149.8383,24.3433],[149.841,24.3694],[149.8433,24.3954],[149.8451,24.4215],[149.8463,24.4477],[149.8471,24.4738],[149.8473,24.5],[149.8473,24.5],[149.8471,24.5262],[149.8463,24.5523],[149.8451,24.5785],[149.8433,24.6046],[149.841,24.6306],[149.8383,24.6567],[149.835,24.6827],[149.8313,24.7086],[149.827,24.7345],[149.8223,24.7603],[149.817,24.786],[149.8113,24.8117],[149.8051,24.8372],[149.7984,24.8626],[149.7912,24.888],[149.7835,24.9132],[149.7753,24.9383],[149.7667,24.9632],[149.7576,24.988],[149.748,25.0127],[149.7379,25.0372],[149.7274,25.0615],[149.7164,25.0857],[149.7049,25.1097],[149.693,25.1335],[149.6806,25.1571],[149.6678,25.1805],[149.6545,25.2037],[149.6408,25.2267],[149.6266,25.2495],[149.612,25.272],[149.597,25.2943],[149.5816,25.3164],[149.5657,25.3382],[149.5494,25.3598],[149.5327,25.3811],[149.5156,25.4021],[149.4981,25.4229],[149.4802,25.4433],[149.4619,25.4635],[149.4432,25.4834],[149.4242,25.503],[149.4048,25.5223],[149.385,25.5413],[149.3648,25.5599],[149.3443,25.5783],[149.3235,25.5963],[149.3023,25.614],[149.2807,25.6313],[149.2589,25.6483],[149.2367,25.6649],[149.2142,25.6812],[149.1914,25.6971],[149.1683,25.7127],[149.1449,25.7279],[149.1212,25.7427],[149.0972,25.7572],[149.0729,25.7712],[149.0484,25.7849],[149.0237,25.7982],[148.9986,25.811],[148.9734,25.8235],[148.9479,25.8356],[148.9221,25.8473],[148.8962,25.8585],[148.87,25.8694],[148.8437,25.8798],[148.8171,25.8898],[148.7903,25.8994],[148.7634,25.9086],[148.7363,25.9173],[148.709,25.9256],[148.6816,25.9335],[148.6541,25.9409],[148.6264,25.9479],[148.5985,25.9545],[148.5706,25.9606],[148.5425,25.9662],[148.5143,25.9714],[148.4861,25.9762],[148.4577,25.9805],[148.4293,25.9844],[148.4008,25.9878],[148.3722,25.9908],[148.3436,25.9933],[148.3149,25.9953],[148.2862,25.9969],[148.2575,25.9981],[148.2287,25.9988],[148.2,25.999]]]},"properties":{"storm_name":"KOGUMA-26","fuente":"GDACS","alertlevel":"Green","url":"https://www.gdacs.org/report.aspx?eventid=1001333&episodeid=21&eventtype=TC","paises":"","layer":"storm_track","kind":"wind_radii_forecast","wind_kt":34}},{"type":"Feature","geometry":{"type":"Polygon","coordinates":[[[148.2,25.3328],[148.2,25.1662],[148.1872,25.1661],[148.1744,25.1658],[148.1617,25.1653],[148.1489,25.1646],[148.1362,25.1637],[148.1235,25.1626],[148.1108,25.1613],[148.0981,25.1597],[148.0855,25.158],[148.0729,25.1561],[148.0603,25.154],[148.0478,25.1517],[148.0353,25.1491],[148.0229,25.1464],[148.0105,25.1435],[147.9982,25.1404],[147.9859,25.1371],[147.9738,25.1336],[147.9616,25.1299],[147.9496,25.126],[147.9376,25.122],[147.9257,25.1177],[147.9139,25.1133],[147.9022,25.1086],[147.8906,25.1038],[147.8791,25.0988],[147.8676,25.0936],[147.8563,25.0882],[147.8451,25.0827],[147.8339,25.077],[147.8229,25.0711],[147.812,25.065],[147.8012,25.0587],[147.7906,25.0523],[147.7801,25.0457],[147.7697,25.039],[147.7594,25.0321],[147.7493,25.025],[147.7393,25.0177],[147.7294,25.0104],[147.7197,25.0028],[147.7101,24.9951],[147.7007,24.9872],[147.6914,24.9792],[147.6823,24.9711],[147.6733,24.9628],[147.6645,24.9544],[147.6559,24.9458],[147.6474,24.9371],[147.6391,24.9282],[147.631,24.9193],[147.6231,24.9102],[147.6153,24.9009],[147.6077,24.8916],[147.6003,24.8821],[147.593,24.8725],[147.586,24.8628],[147.5791,24.853],[147.5724,24.8431],[147.5659,24.8331],[147.5597,24.823],[147.5536,24.8128],[147.5477,24.8025],[147.542,24.7921],[147.5365,24.7816],[147.5312,24.771],[147.5261,24.7603],[147.5212,24.7496],[147.5165,24.7388],[147.512,24.7279],[147.5077,24.7169],[147.5037,24.7059],[147.4999,24.6948],[147.4962,24.6836],[147.4928,24.6724],[147.4896,24.6612],[147.4866,24.6499],[147.4839,24.6385],[147.4813,24.6271],[147.479,24.6157],[147.4769,24.6042],[147.475,24.5927],[147.4733,24.5812],[147.4719,24.5696],[147.4706,24.5581],[147.4696,24.5465],[147.4689,24.5349],[147.4683,24.5233],[147.468,24.5116],[147.4679,24.5],[147.4679,24.5],[147.468,24.4884],[147.4683,24.4767],[147.4689,24.4651],[147.4696,24.4535],[147.4706,24.4419],[147.4719,24.4304],[147.4733,24.4188],[147.475,24.4073],[147.4769,24.3958],[147.479,24.3843],[147.4813,24.3729],[147.4839,24.3615],[147.4866,24.3501],[147.4896,24.3388],[147.4928,24.3276],[147.4962,24.3164],[147.4999,24.3052],[147.5037,24.2941],[147.5077,24.2831],[147.512,24.2721],[147.5165,24.2612],[147.5212,24.2504],[147.5261,24.2397],[147.5312,24.229],[147.5365,24.2184],[147.542,24.2079],[147.5477,24.1975],[147.5536,24.1872],[147.5597,24.177],[147.5659,24.1669],[147.5724,24.1569],[147.5791,24.147],[147.586,24.1372],[147.593,24.1275],[147.6003,24.1179],[147.6077,24.1084],[147.6153,24.0991],[147.6231,24.0898],[147.631,24.0807],[147.6391,24.0718],[147.6474,24.0629],[147.6559,24.0542],[147.6645,24.0456],[147.6733,24.0372],[147.6823,24.0289],[147.6914,24.0208],[147.7007,24.0128],[147.7101,24.0049],[147.7197,23.9972],[147.7294,23.9896],[147.7393,23.9823],[147.7493,23.975],[147.7594,23.9679],[147.7697,23.961],[147.7801,23.9543],[147.7906,23.9477],[147.8012,23.9413],[147.812,23.935],[147.8229,23.9289],[147.8339,23.923],[147.8451,23.9173],[147.8563,23.9118],[147.8676,23.9064],[147.8791,23.9012],[147.8906,23.8962],[147.9022,23.8914],[147.9139,23.8867],[147.9257,23.8823],[147.9376,23.878],[147.9496,23.874],[147.9616,23.8701],[147.9738,23.8664],[147.9859,23.8629],[147.9982,23.8596],[148.0105,23.8565],[148.0229,23.8536],[148.0353,23.8509],[148.0478,23.8483],[148.0603,23.846],[148.0729,23.8439],[148.0855,23.842],[148.0981,23.8403],[148.1108,23.8387],[148.1235,23.8374],[148.1362,23.8363],[148.1489,23.8354],[148.1617,23.8347],[148.1744,23.8342],[148.1872,23.8339],[148.2,23.8338],[148.2,23.6672],[148.216,23.6674],[148.2319,23.6677],[148.2479,23.6684],[148.2638,23.6693],[148.2798,23.6704],[148.2957,23.6718],[148.3115,23.6734],[148.3274,23.6753],[148.3432,23.6775],[148.3589,23.6799],[148.3746,23.6825],[148.3903,23.6854],[148.4059,23.6886],[148.4214,23.692],[148.4369,23.6956],[148.4523,23.6995],[148.4676,23.7036],[148.4828,23.708],[148.498,23.7126],[148.513,23.7175],[148.528,23.7225],[148.5428,23.7279],[148.5576,23.7334],[148.5722,23.7392],[148.5868,23.7453],[148.6012,23.7515],[148.6155,23.758],[148.6296,23.7647],[148.6437,23.7716],[148.6576,23.7788],[148.6713,23.7862],[148.685,23.7938],[148.6984,23.8016],[148.7118,23.8096],[148.7249,23.8178],[148.7379,23.8263],[148.7508,23.8349],[148.7634,23.8438],[148.7759,23.8528],[148.7883,23.8621],[148.8004,23.8715],[148.8124,23.8811],[148.8241,23.8909],[148.8357,23.901],[148.8471,23.9111],[148.8583,23.9215],[148.8693,23.9321],[148.8801,23.9428],[148.8907,23.9537],[148.9011,23.9647],[148.9112,23.9759],[148.9212,23.9873],[148.9309,23.9988],[148.9404,24.0105],[148.9497,24.0223],[148.9587,24.0343],[148.9675,24.0464],[148.9761,24.0587],[148.9845,24.0711],[148.9926,24.0836],[149.0004,24.0963],[149.008,24.109],[149.0154,24.1219],[149.0226,24.1349],[149.0294,24.1481],[149.0361,24.1613],[149.0424,24.1746],[149.0485,24.188],[149.0544,24.2016],[149.06,24.2152],[149.0653,24.2289],[149.0704,24.2427],[149.0752,24.2565],[149.0797,24.2705],[149.084,24.2845],[149.088,24.2985],[149.0917,24.3127],[149.0952,24.3269],[149.0984,24.3411],[149.1013,24.3554],[149.1039,24.3697],[149.1063,24.3841],[149.1084,24.3985],[149.1102,24.413],[149.1117,24.4274],[149.1129,24.4419],[149.1139,24.4564],[149.1146,24.4709],[149.115,24.4855],[149.1152,24.5],[149.1152,24.5],[149.115,24.5145],[149.1146,24.5291],[149.1139,24.5436],[149.1129,24.5581],[149.1117,24.5726],[149.1102,24.587],[149.1084,24.6015],[149.1063,24.6159],[149.1039,24.6303],[149.1013,24.6446],[149.0984,24.6589],[149.0952,24.6731],[149.0917,24.6873],[149.088,24.7015],[149.084,24.7155],[149.0797,24.7295],[149.0752,24.7435],[149.0704,24.7573],[149.0653,24.7711],[149.06,24.7848],[149.0544,24.7984],[149.0485,24.812],[149.0424,24.8254],[149.0361,24.8387],[149.0294,24.8519],[149.0226,24.8651],[149.0154,24.8781],[149.008,24.891],[149.0004,24.9037],[148.9926,24.9164],[148.9845,24.9289],[148.9761,24.9413],[148.9675,24.9536],[148.9587,24.9657],[148.9497,24.9777],[148.9404,24.9895],[148.9309,25.0012],[148.9212,25.0127],[148.9112,25.0241],[148.9011,25.0353],[148.8907,25.0463],[148.8801,25.0572],[148.8693,25.0679],[148.8583,25.0785],[148.8471,25.0889],[148.8357,25.099],[148.8241,25.1091],[148.8124,25.1189],[148.8004,25.1285],[148.7883,25.1379],[148.7759,25.1472],[148.7634,25.1562],[148.7508,25.1651],[148.7379,25.1737],[148.7249,25.1822],[148.7118,25.1904],[148.6984,25.1984],[148.685,25.2062],[148.6713,25.2138],[148.6576,25.2212],[148.6437,25.2284],[148.6296,25.2353],[148.6155,25.242],[148.6012,25.2485],[148.5868,25.2547],[148.5722,25.2608],[148.5576,25.2666],[148.5428,25.2721],[148.528,25.2775],[148.513,25.2825],[148.498,25.2874],[148.4828,25.292],[148.4676,25.2964],[148.4523,25.3005],[148.4369,25.3044],[148.4214,25.308],[148.4059,25.3114],[148.3903,25.3146],[148.3746,25.3175],[148.3589,25.3201],[148.3432,25.3225],[148.3274,25.3247],[148.3115,25.3266],[148.2957,25.3282],[148.2798,25.3296],[148.2638,25.3307],[148.2479,25.3316],[148.2319,25.3323],[148.216,25.3326],[148.2,25.3328]]]},"properties":{"storm_name":"KOGUMA-26","fuente":"GDACS","alertlevel":"Green","url":"https://www.gdacs.org/report.aspx?eventid=1001333&episodeid=21&eventtype=TC","paises":"","layer":"storm_track","kind":"wind_radii_forecast","wind_kt":34}},{"type":"Feature","geometry":{"type":"Polygon","coordinates":[[[148.2,24.9997],[148.2,24.8331],[148.1936,24.8331],[148.1872,24.8329],[148.1808,24.8327],[148.1745,24.8323],[148.1681,24.8318],[148.1617,24.8313],[148.1554,24.8306],[148.1491,24.8299],[148.1427,24.829],[148.1364,24.828],[148.1302,24.827],[148.1239,24.8258],[148.1177,24.8246],[148.1114,24.8232],[148.1053,24.8218],[148.0991,24.8202],[148.093,24.8186],[148.0869,24.8168],[148.0808,24.815],[148.0748,24.813],[148.0688,24.811],[148.0629,24.8089],[148.057,24.8066],[148.0511,24.8043],[148.0453,24.8019],[148.0395,24.7994],[148.0338,24.7968],[148.0281,24.7941],[148.0225,24.7913],[148.017,24.7885],[148.0115,24.7855],[148.006,24.7825],[148.0006,24.7794],[147.9953,24.7762],[147.99,24.7729],[147.9848,24.7695],[147.9797,24.766],[147.9746,24.7625],[147.9696,24.7589],[147.9647,24.7552],[147.9598,24.7514],[147.9551,24.7475],[147.9503,24.7436],[147.9457,24.7396],[147.9411,24.7355],[147.9367,24.7314],[147.9323,24.7272],[147.928,24.7229],[147.9237,24.7185],[147.9196,24.7141],[147.9155,24.7096],[147.9115,24.7051],[147.9076,24.7005],[147.9038,24.6958],[147.9001,24.6911],[147.8965,24.6863],[147.893,24.6814],[147.8896,24.6765],[147.8862,24.6716],[147.883,24.6666],[147.8798,24.6615],[147.8768,24.6564],[147.8738,24.6512],[147.871,24.646],[147.8682,24.6408],[147.8656,24.6355],[147.863,24.6302],[147.8606,24.6248],[147.8582,24.6194],[147.856,24.6139],[147.8539,24.6084],[147.8518,24.6029],[147.8499,24.5974],[147.8481,24.5918],[147.8464,24.5862],[147.8448,24.5806],[147.8433,24.5749],[147.8419,24.5693],[147.8407,24.5636],[147.8395,24.5578],[147.8384,24.5521],[147.8375,24.5464],[147.8367,24.5406],[147.8359,24.5348],[147.8353,24.529],[147.8348,24.5232],[147.8344,24.5174],[147.8342,24.5116],[147.834,24.5058],[147.8339,24.5],[147.8339,24.5],[147.834,24.4942],[147.8342,24.4884],[147.8344,24.4826],[147.8348,24.4768],[147.8353,24.471],[147.8359,24.4652],[147.8367,24.4594],[147.8375,24.4536],[147.8384,24.4479],[147.8395,24.4422],[147.8407,24.4364],[147.8419,24.4307],[147.8433,24.4251],[147.8448,24.4194],[147.8464,24.4138],[147.8481,24.4082],[147.8499,24.4026],[147.8518,24.3971],[147.8539,24.3916],[147.856,24.3861],[147.8582,24.3806],[147.8606,24.3752],[147.863,24.3698],[147.8656,24.3645],[147.8682,24.3592],[147.871,24.354],[147.8738,24.3488],[147.8768,24.3436],[147.8798,24.3385],[147.883,24.3334],[147.8862,24.3284],[147.8896,24.3235],[147.893,24.3186],[147.8965,24.3137],[147.9001,24.3089],[147.9038,24.3042],[147.9076,24.2995],[147.9115,24.2949],[147.9155,24.2904],[147.9196,24.2859],[147.9237,24.2815],[147.928,24.2771],[147.9323,24.2728],[147.9367,24.2686],[147.9411,24.2645],[147.9457,24.2604],[147.9503,24.2564],[147.9551,24.2525],[147.9598,24.2486],[147.9647,24.2448],[147.9696,24.2411],[147.9746,24.2375],[147.9797,24.234],[147.9848,24.2305],[147.99,24.2271],[147.9953,24.2238],[148.0006,24.2206],[148.006,24.2175],[148.0115,24.2145],[148.017,24.2115],[148.0225,24.2087],[148.0281,24.2059],[148.0338,24.2032],[148.0395,24.2006],[148.0453,24.1981],[148.0511,24.1957],[148.057,24.1934],[148.0629,24.1911],[148.0688,24.189],[148.0748,24.187],[148.0808,24.185],[148.0869,24.1832],[148.093,24.1814],[148.0991,24.1798],[148.1053,24.1782],[148.1114,24.1768],[148.1177,24.1754],[148.1239,24.1742],[148.1302,24.173],[148.1364,24.172],[148.1427,24.171],[148.1491,24.1701],[148.1554,24.1694],[148.1617,24.1687],[148.1681,24.1682],[148.1745,24.1677],[148.1808,24.1673],[148.1872,24.1671],[148.1936,24.1669],[148.2,24.1669],[148.2,24.0003],[148.2096,24.0004],[148.2192,24.0006],[148.2287,24.001],[148.2383,24.0016],[148.2479,24.0022],[148.2574,24.0031],[148.2669,24.0041],[148.2764,24.0052],[148.2859,24.0065],[148.2954,24.0079],[148.3048,24.0095],[148.3142,24.0113],[148.3235,24.0131],[148.3328,24.0152],[148.3421,24.0174],[148.3514,24.0197],[148.3605,24.0222],[148.3697,24.0248],[148.3788,24.0276],[148.3878,24.0305],[148.3968,24.0335],[148.4057,24.0367],[148.4146,24.0401],[148.4233,24.0435],[148.4321,24.0472],[148.4407,24.0509],[148.4493,24.0548],[148.4578,24.0588],[148.4662,24.063],[148.4746,24.0673],[148.4828,24.0717],[148.491,24.0763],[148.4991,24.0809],[148.5071,24.0858],[148.515,24.0907],[148.5228,24.0958],[148.5305,24.101],[148.5381,24.1063],[148.5456,24.1117],[148.553,24.1172],[148.5602,24.1229],[148.5674,24.1287],[148.5745,24.1346],[148.5814,24.1406],[148.5883,24.1467],[148.595,24.1529],[148.6016,24.1592],[148.6081,24.1657],[148.6144,24.1722],[148.6206,24.1788],[148.6267,24.1856],[148.6327,24.1924],[148.6385,24.1993],[148.6442,24.2063],[148.6498,24.2134],[148.6552,24.2206],[148.6605,24.2279],[148.6657,24.2352],[148.6707,24.2427],[148.6755,24.2502],[148.6803,24.2578],[148.6848,24.2654],[148.6893,24.2732],[148.6935,24.281],[148.6977,24.2888],[148.7016,24.2968],[148.7055,24.3048],[148.7091,24.3128],[148.7126,24.3209],[148.716,24.3291],[148.7192,24.3373],[148.7222,24.3456],[148.7251,24.3539],[148.7278,24.3623],[148.7304,24.3707],[148.7328,24.3791],[148.735,24.3876],[148.7371,24.3961],[148.739,24.4047],[148.7408,24.4132],[148.7423,24.4218],[148.7438,24.4305],[148.745,24.4391],[148.7461,24.4478],[148.747,24.4565],[148.7478,24.4651],[148.7484,24.4738],[148.7488,24.4826],[148.749,24.4913],[148.7491,24.5],[148.7491,24.5],[148.749,24.5087],[148.7488,24.5174],[148.7484,24.5262],[148.7478,24.5349],[148.747,24.5435],[148.7461,24.5522],[148.745,24.5609],[148.7438,24.5695],[148.7423,24.5782],[148.7408,24.5868],[148.739,24.5953],[148.7371,24.6039],[148.735,24.6124],[148.7328,24.6209],[148.7304,24.6293],[148.7278,24.6377],[148.7251,24.6461],[148.7222,24.6544],[148.7192,24.6627],[148.716,24.6709],[148.7126,24.6791],[148.7091,24.6872],[148.7055,24.6952],[148.7016,24.7032],[148.6977,24.7112],[148.6935,24.719],[148.6893,24.7268],[148.6848,24.7346],[148.6803,24.7422],[148.6755,24.7498],[148.6707,24.7573],[148.6657,24.7648],[148.6605,24.7721],[148.6552,24.7794],[148.6498,24.7866],[148.6442,24.7937],[148.6385,24.8007],[148.6327,24.8076],[148.6267,24.8144],[148.6206,24.8212],[148.6144,24.8278],[148.6081,24.8343],[148.6016,24.8408],[148.595,24.8471],[148.5883,24.8533],[148.5814,24.8594],[148.5745,24.8654],[148.5674,24.8713],[148.5602,24.8771],[148.553,24.8828],[148.5456,24.8883],[148.5381,24.8937],[148.5305,24.899],[148.5228,24.9042],[148.515,24.9093],[148.5071,24.9142],[148.4991,24.9191],[148.491,24.9237],[148.4828,24.9283],[148.4746,24.9327],[148.4662,24.937],[148.4578,24.9412],[148.4493,24.9452],[148.4407,24.9491],[148.4321,24.9528],[148.4233,24.9565],[148.4146,24.9599],[148.4057,24.9633],[148.3968,24.9665],[148.3878,24.9695],[148.3788,24.9724],[148.3697,24.9752],[148.3605,24.9778],[148.3514,24.9803],[148.3421,24.9826],[148.3328,24.9848],[148.3235,24.9869],[148.3142,24.9887],[148.3048,24.9905],[148.2954,24.9921],[148.2859,24.9935],[148.2764,24.9948],[148.2669,24.9959],[148.2574,24.9969],[148.2479,24.9978],[148.2383,24.9984],[148.2287,24.999],[148.2192,24.9994],[148.2096,24.9996],[148.2,24.9997]]]},"properties":{"storm_name":"KOGUMA-26","fuente":"GDACS","alertlevel":"Green","url":"https://www.gdacs.org/report.aspx?eventid=1001333&episodeid=21&eventtype=TC","paises":"","layer":"storm_track","kind":"wind_radii_forecast","wind_kt":34}},{"type":"Feature","geometry":{"type":"Polygon","coordinates":[[[147.4,27.599],[147.4,27.2659],[147.3773,27.2657],[147.3547,27.2652],[147.3321,27.2643],[147.3094,27.263],[147.2868,27.2614],[147.2643,27.2595],[147.2418,27.2572],[147.2193,27.2545],[147.1969,27.2515],[147.1746,27.2482],[147.1523,27.2445],[147.1301,27.2404],[147.108,27.236],[147.0859,27.2312],[147.064,27.2262],[147.0421,27.2207],[147.0204,27.2149],[146.9988,27.2088],[146.9773,27.2024],[146.956,27.1956],[146.9347,27.1884],[146.9137,27.181],[146.8927,27.1732],[146.8719,27.1651],[146.8513,27.1566],[146.8309,27.1479],[146.8106,27.1388],[146.7905,27.1294],[146.7706,27.1197],[146.7509,27.1097],[146.7313,27.0994],[146.712,27.0887],[146.6929,27.0778],[146.674,27.0666],[146.6553,27.055],[146.6369,27.0432],[146.6187,27.0311],[146.6007,27.0187],[146.583,27.0061],[146.5655,26.9931],[146.5483,26.9799],[146.5313,26.9664],[146.5146,26.9527],[146.4981,26.9387],[146.482,26.9244],[146.4661,26.9099],[146.4505,26.8951],[146.4352,26.8801],[146.4202,26.8649],[146.4055,26.8494],[146.3911,26.8337],[146.377,26.8178],[146.3632,26.8016],[146.3497,26.7853],[146.3365,26.7687],[146.3237,26.752],[146.3112,26.735],[146.299,26.7178],[146.2872,26.7005],[146.2757,26.6829],[146.2645,26.6652],[146.2537,26.6473],[146.2432,26.6293],[146.2331,26.6111],[146.2234,26.5927],[146.214,26.5742],[146.2049,26.5555],[146.1963,26.5367],[146.188,26.5178],[146.18,26.4988],[146.1725,26.4796],[146.1653,26.4603],[146.1585,26.4409],[146.152,26.4214],[146.146,26.4018],[146.1403,26.3821],[146.135,26.3623],[146.1301,26.3424],[146.1256,26.3225],[146.1215,26.3025],[146.1177,26.2824],[146.1144,26.2623],[146.1114,26.2421],[146.1088,26.2219],[146.1067,26.2016],[146.1049,26.1813],[146.1035,26.161],[146.1025,26.1407],[146.1019,26.1203],[146.1017,26.1],[146.1017,26.1],[146.1019,26.0797],[146.1025,26.0593],[146.1035,26.039],[146.1049,26.0187],[146.1067,25.9984],[146.1088,25.9781],[146.1114,25.9579],[146.1144,25.9377],[146.1177,25.9176],[146.1215,25.8975],[146.1256,25.8775],[146.1301,25.8576],[146.135,25.8377],[146.1403,25.8179],[146.146,25.7982],[146.152,25.7786],[146.1585,25.7591],[146.1653,25.7397],[146.1725,25.7204],[146.18,25.7012],[146.188,25.6822],[146.1963,25.6633],[146.2049,25.6445],[146.214,25.6258],[146.2234,25.6073],[146.2331,25.5889],[146.2432,25.5707],[146.2537,25.5527],[146.2645,25.5348],[146.2757,25.5171],[146.2872,25.4995],[146.299,25.4822],[146.3112,25.465],[146.3237,25.448],[146.3365,25.4313],[146.3497,25.4147],[146.3632,25.3984],[146.377,25.3822],[146.3911,25.3663],[146.4055,25.3506],[146.4202,25.3351],[146.4352,25.3199],[146.4505,25.3049],[146.4661,25.2901],[146.482,25.2756],[146.4981,25.2613],[146.5146,25.2473],[146.5313,25.2336],[146.5483,25.2201],[146.5655,25.2069],[146.583,25.1939],[146.6007,25.1813],[146.6187,25.1689],[146.6369,25.1568],[146.6553,25.145],[146.674,25.1334],[146.6929,25.1222],[146.712,25.1113],[146.7313,25.1006],[146.7509,25.0903],[146.7706,25.0803],[146.7905,25.0706],[146.8106,25.0612],[146.8309,25.0521],[146.8513,25.0434],[146.8719,25.0349],[146.8927,25.0268],[146.9137,25.019],[146.9347,25.0116],[146.956,25.0044],[146.9773,24.9976],[146.9988,24.9912],[147.0204,24.9851],[147.0421,24.9793],[147.064,24.9738],[147.0859,24.9688],[147.108,24.964],[147.1301,24.9596],[147.1523,24.9555],[147.1746,24.9518],[147.1969,24.9485],[147.2193,24.9455],[147.2418,24.9428],[147.2643,24.9405],[147.2868,24.9386],[147.3094,24.937],[147.3321,24.9357],[147.3547,24.9348],[147.3773,24.9343],[147.4,24.9341],[147.4,24.601],[147.4291,24.6012],[147.4583,24.6019],[147.4874,24.6031],[147.5164,24.6047],[147.5455,24.6067],[147.5745,24.6092],[147.6034,24.6122],[147.6323,24.6156],[147.6611,24.6195],[147.6899,24.6238],[147.7185,24.6286],[147.747,24.6338],[147.7755,24.6394],[147.8038,24.6455],[147.832,24.6521],[147.8601,24.6591],[147.888,24.6665],[147.9158,24.6744],[147.9434,24.6827],[147.9709,24.6914],[147.9982,24.7006],[148.0253,24.7102],[148.0522,24.7202],[148.0789,24.7306],[148.1054,24.7415],[148.1317,24.7527],[148.1578,24.7644],[148.1836,24.7765],[148.2092,24.789],[148.2346,24.8018],[148.2597,24.8151],[148.2845,24.8288],[148.3091,24.8428],[148.3334,24.8573],[148.3574,24.8721],[148.3811,24.8873],[148.4046,24.9029],[148.4277,24.9188],[148.4505,24.9351],[148.4729,24.9517],[148.4951,24.9687],[148.5169,24.986],[148.5384,25.0037],[148.5595,25.0217],[148.5803,25.0401],[148.6007,25.0587],[148.6208,25.0777],[148.6405,25.097],[148.6598,25.1166],[148.6787,25.1365],[148.6972,25.1567],[148.7153,25.1771],[148.7331,25.1979],[148.7504,25.2189],[148.7673,25.2402],[148.7838,25.2618],[148.7999,25.2836],[148.8156,25.3057],[148.8308,25.328],[148.8456,25.3505],[148.8599,25.3733],[148.8738,25.3963],[148.8873,25.4195],[148.9003,25.4429],[148.9128,25.4665],[148.9249,25.4903],[148.9365,25.5143],[148.9477,25.5385],[148.9583,25.5628],[148.9685,25.5873],[148.9783,25.612],[148.9875,25.6368],[148.9963,25.6617],[149.0045,25.6868],[149.0123,25.712],[149.0196,25.7374],[149.0264,25.7628],[149.0327,25.7883],[149.0385,25.814],[149.0438,25.8397],[149.0487,25.8655],[149.053,25.8914],[149.0568,25.9173],[149.0601,25.9433],[149.0629,25.9694],[149.0651,25.9954],[149.0669,26.0215],[149.0682,26.0477],[149.0689,26.0738],[149.0692,26.1],[149.0692,26.1],[149.0689,26.1262],[149.0682,26.1523],[149.0669,26.1785],[149.0651,26.2046],[149.0629,26.2306],[149.0601,26.2567],[149.0568,26.2827],[149.053,26.3086],[149.0487,26.3345],[149.0438,26.3603],[149.0385,26.386],[149.0327,26.4117],[149.0264,26.4372],[149.0196,26.4626],[149.0123,26.488],[149.0045,26.5132],[148.9963,26.5383],[148.9875,26.5632],[148.9783,26.588],[148.9685,26.6127],[148.9583,26.6372],[148.9477,26.6615],[148.9365,26.6857],[148.9249,26.7097],[148.9128,26.7335],[148.9003,26.7571],[148.8873,26.7805],[148.8738,26.8037],[148.8599,26.8267],[148.8456,26.8495],[148.8308,26.872],[148.8156,26.8943],[148.7999,26.9164],[148.7838,26.9382],[148.7673,26.9598],[148.7504,26.9811],[148.7331,27.0021],[148.7153,27.0229],[148.6972,27.0433],[148.6787,27.0635],[148.6598,27.0834],[148.6405,27.103],[148.6208,27.1223],[148.6007,27.1413],[148.5803,27.1599],[148.5595,27.1783],[148.5384,27.1963],[148.5169,27.214],[148.4951,27.2313],[148.4729,27.2483],[148.4505,27.2649],[148.4277,27.2812],[148.4046,27.2971],[148.3811,27.3127],[148.3574,27.3279],[148.3334,27.3427],[148.3091,27.3572],[148.2845,27.3712],[148.2597,27.3849],[148.2346,27.3982],[148.2092,27.411],[148.1836,27.4235],[148.1578,27.4356],[148.1317,27.4473],[148.1054,27.4585],[148.0789,27.4694],[148.0522,27.4798],[148.0253,27.4898],[147.9982,27.4994],[147.9709,27.5086],[147.9434,27.5173],[147.9158,27.5256],[147.888,27.5335],[147.8601,27.5409],[147.832,27.5479],[147.8038,27.5545],[147.7755,27.5606],[147.747,27.5662],[147.7185,27.5714],[147.6899,27.5762],[147.6611,27.5805],[147.6323,27.5844],[147.6034,27.5878],[147.5745,27.5908],[147.5455,27.5933],[147.5164,27.5953],[147.4874,27.5969],[147.4583,27.5981],[147.4291,27.5988],[147.4,27.599]]]},"properties":{"storm_name":"KOGUMA-26","fuente":"GDACS","alertlevel":"Green","url":"https://www.gdacs.org/report.aspx?eventid=1001333&episodeid=21&eventtype=TC","paises":"","layer":"storm_track","kind":"wind_radii_forecast","wind_kt":34}},{"type":"Feature","geometry":{"type":"Polygon","coordinates":[[[147.4,26.9328],[147.4,26.7662],[147.3871,26.7661],[147.3741,26.7658],[147.3612,26.7653],[147.3482,26.7646],[147.3353,26.7637],[147.3225,26.7626],[147.3096,26.7613],[147.2968,26.7597],[147.2839,26.758],[147.2712,26.7561],[147.2584,26.754],[147.2458,26.7517],[147.2331,26.7491],[147.2205,26.7464],[147.208,26.7435],[147.1955,26.7404],[147.1831,26.7371],[147.1708,26.7336],[147.1585,26.7299],[147.1463,26.726],[147.1341,26.722],[147.1221,26.7177],[147.1101,26.7133],[147.0983,26.7086],[147.0865,26.7038],[147.0748,26.6988],[147.0632,26.6936],[147.0517,26.6882],[147.0403,26.6827],[147.0291,26.677],[147.0179,26.6711],[147.0069,26.665],[146.9959,26.6587],[146.9852,26.6523],[146.9745,26.6457],[146.9639,26.639],[146.9535,26.6321],[146.9433,26.625],[146.9331,26.6177],[146.9231,26.6104],[146.9133,26.6028],[146.9036,26.5951],[146.894,26.5872],[146.8847,26.5792],[146.8754,26.5711],[146.8663,26.5628],[146.8574,26.5544],[146.8487,26.5458],[146.8401,26.5371],[146.8317,26.5282],[146.8235,26.5193],[146.8154,26.5102],[146.8075,26.5009],[146.7998,26.4916],[146.7923,26.4821],[146.785,26.4725],[146.7778,26.4628],[146.7709,26.453],[146.7641,26.4431],[146.7575,26.4331],[146.7511,26.423],[146.745,26.4128],[146.739,26.4025],[146.7332,26.3921],[146.7276,26.3816],[146.7223,26.371],[146.7171,26.3603],[146.7122,26.3496],[146.7074,26.3388],[146.7029,26.3279],[146.6986,26.3169],[146.6944,26.3059],[146.6905,26.2948],[146.6869,26.2836],[146.6834,26.2724],[146.6802,26.2612],[146.6771,26.2499],[146.6743,26.2385],[146.6718,26.2271],[146.6694,26.2157],[146.6673,26.2042],[146.6654,26.1927],[146.6637,26.1812],[146.6622,26.1696],[146.661,26.1581],[146.6599,26.1465],[146.6591,26.1349],[146.6586,26.1233],[146.6582,26.1116],[146.6581,26.1],[146.6581,26.1],[146.6582,26.0884],[146.6586,26.0767],[146.6591,26.0651],[146.6599,26.0535],[146.661,26.0419],[146.6622,26.0304],[146.6637,26.0188],[146.6654,26.0073],[146.6673,25.9958],[146.6694,25.9843],[146.6718,25.9729],[146.6743,25.9615],[146.6771,25.9501],[146.6802,25.9388],[146.6834,25.9276],[146.6869,25.9164],[146.6905,25.9052],[146.6944,25.8941],[146.6986,25.8831],[146.7029,25.8721],[146.7074,25.8612],[146.7122,25.8504],[146.7171,25.8397],[146.7223,25.829],[146.7276,25.8184],[146.7332,25.8079],[146.739,25.7975],[146.745,25.7872],[146.7511,25.777],[146.7575,25.7669],[146.7641,25.7569],[146.7709,25.747],[146.7778,25.7372],[146.785,25.7275],[146.7923,25.7179],[146.7998,25.7084],[146.8075,25.6991],[146.8154,25.6898],[146.8235,25.6807],[146.8317,25.6718],[146.8401,25.6629],[146.8487,25.6542],[146.8574,25.6456],[146.8663,25.6372],[146.8754,25.6289],[146.8847,25.6208],[146.894,25.6128],[146.9036,25.6049],[146.9133,25.5972],[146.9231,25.5896],[146.9331,25.5823],[146.9433,25.575],[146.9535,25.5679],[146.9639,25.561],[146.9745,25.5543],[146.9852,25.5477],[146.9959,25.5413],[147.0069,25.535],[147.0179,25.5289],[147.0291,25.523],[147.0403,25.5173],[147.0517,25.5118],[147.0632,25.5064],[147.0748,25.5012],[147.0865,25.4962],[147.0983,25.4914],[147.1101,25.4867],[147.1221,25.4823],[147.1341,25.478],[147.1463,25.474],[147.1585,25.4701],[147.1708,25.4664],[147.1831,25.4629],[147.1955,25.4596],[147.208,25.4565],[147.2205,25.4536],[147.2331,25.4509],[147.2458,25.4483],[147.2584,25.446],[147.2712,25.4439],[147.2839,25.442],[147.2968,25.4403],[147.3096,25.4387],[147.3225,25.4374],[147.3353,25.4363],[147.3482,25.4354],[147.3612,25.4347],[147.3741,25.4342],[147.3871,25.4339],[147.4,25.4338],[147.4,25.2672],[147.4162,25.2674],[147.4324,25.2677],[147.4485,25.2684],[147.4647,25.2693],[147.4808,25.2704],[147.4969,25.2718],[147.513,25.2734],[147.5291,25.2753],[147.5451,25.2775],[147.561,25.2799],[147.5769,25.2825],[147.5928,25.2854],[147.6086,25.2886],[147.6243,25.292],[147.64,25.2956],[147.6556,25.2995],[147.6711,25.3036],[147.6866,25.308],[147.7019,25.3126],[147.7172,25.3175],[147.7323,25.3225],[147.7474,25.3279],[147.7623,25.3334],[147.7772,25.3392],[147.7919,25.3453],[147.8065,25.3515],[147.821,25.358],[147.8354,25.3647],[147.8496,25.3716],[147.8637,25.3788],[147.8776,25.3862],[147.8914,25.3938],[147.9051,25.4016],[147.9186,25.4096],[147.9319,25.4178],[147.9451,25.4263],[147.9581,25.4349],[147.9709,25.4438],[147.9836,25.4528],[147.9961,25.4621],[148.0084,25.4715],[148.0205,25.4811],[148.0324,25.4909],[148.0442,25.501],[148.0557,25.5111],[148.0671,25.5215],[148.0782,25.5321],[148.0891,25.5428],[148.0999,25.5537],[148.1104,25.5647],[148.1207,25.5759],[148.1307,25.5873],[148.1406,25.5988],[148.1502,25.6105],[148.1596,25.6223],[148.1688,25.6343],[148.1777,25.6464],[148.1864,25.6587],[148.1949,25.6711],[148.2031,25.6836],[148.2111,25.6963],[148.2188,25.709],[148.2263,25.7219],[148.2335,25.7349],[148.2405,25.7481],[148.2472,25.7613],[148.2536,25.7746],[148.2598,25.788],[148.2657,25.8016],[148.2714,25.8152],[148.2768,25.8289],[148.2819,25.8427],[148.2868,25.8565],[148.2914,25.8705],[148.2957,25.8845],[148.2998,25.8985],[148.3036,25.9127],[148.3071,25.9269],[148.3103,25.9411],[148.3132,25.9554],[148.3159,25.9697],[148.3183,25.9841],[148.3204,25.9985],[148.3223,26.013],[148.3238,26.0274],[148.3251,26.0419],[148.3261,26.0564],[148.3268,26.0709],[148.3272,26.0855],[148.3273,26.1],[148.3273,26.1],[148.3272,26.1145],[148.3268,26.1291],[148.3261,26.1436],[148.3251,26.1581],[148.3238,26.1726],[148.3223,26.187],[148.3204,26.2015],[148.3183,26.2159],[148.3159,26.2303],[148.3132,26.2446],[148.3103,26.2589],[148.3071,26.2731],[148.3036,26.2873],[148.2998,26.3015],[148.2957,26.3155],[148.2914,26.3295],[148.2868,26.3435],[148.2819,26.3573],[148.2768,26.3711],[148.2714,26.3848],[148.2657,26.3984],[148.2598,26.412],[148.2536,26.4254],[148.2472,26.4387],[148.2405,26.4519],[148.2335,26.4651],[148.2263,26.4781],[148.2188,26.491],[148.2111,26.5037],[148.2031,26.5164],[148.1949,26.5289],[148.1864,26.5413],[148.1777,26.5536],[148.1688,26.5657],[148.1596,26.5777],[148.1502,26.5895],[148.1406,26.6012],[148.1307,26.6127],[148.1207,26.6241],[148.1104,26.6353],[148.0999,26.6463],[148.0891,26.6572],[148.0782,26.6679],[148.0671,26.6785],[148.0557,26.6889],[148.0442,26.699],[148.0324,26.7091],[148.0205,26.7189],[148.0084,26.7285],[147.9961,26.7379],[147.9836,26.7472],[147.9709,26.7562],[147.9581,26.7651],[147.9451,26.7737],[147.9319,26.7822],[147.9186,26.7904],[147.9051,26.7984],[147.8914,26.8062],[147.8776,26.8138],[147.8637,26.8212],[147.8496,26.8284],[147.8354,26.8353],[147.821,26.842],[147.8065,26.8485],[147.7919,26.8547],[147.7772,26.8608],[147.7623,26.8666],[147.7474,26.8721],[147.7323,26.8775],[147.7172,26.8825],[147.7019,26.8874],[147.6866,26.892],[147.6711,26.8964],[147.6556,26.9005],[147.64,26.9044],[147.6243,26.908],[147.6086,26.9114],[147.5928,26.9146],[147.5769,26.9175],[147.561,26.9201],[147.5451,26.9225],[147.5291,26.9247],[147.513,26.9266],[147.4969,26.9282],[147.4808,26.9296],[147.4647,26.9307],[147.4485,26.9316],[147.4324,26.9323],[147.4162,26.9326],[147.4,26.9328]]]},"properties":{"storm_name":"KOGUMA-26","fuente":"GDACS","alertlevel":"Green","url":"https://www.gdacs.org/report.aspx?eventid=1001333&episodeid=21&eventtype=TC","paises":"","layer":"storm_track","kind":"wind_radii_forecast","wind_kt":34}},{"type":"Feature","geometry":{"type":"Polygon","coordinates":[[[147.4,26.5997],[147.4,26.4331],[147.3935,26.4331],[147.3871,26.4329],[147.3806,26.4327],[147.3741,26.4323],[147.3677,26.4318],[147.3612,26.4313],[147.3548,26.4306],[147.3484,26.4299],[147.342,26.429],[147.3356,26.428],[147.3292,26.427],[147.3229,26.4258],[147.3166,26.4246],[147.3103,26.4232],[147.304,26.4218],[147.2978,26.4202],[147.2915,26.4186],[147.2854,26.4168],[147.2792,26.415],[147.2731,26.413],[147.2671,26.411],[147.261,26.4089],[147.2551,26.4066],[147.2491,26.4043],[147.2432,26.4019],[147.2374,26.3994],[147.2316,26.3968],[147.2259,26.3941],[147.2202,26.3913],[147.2145,26.3885],[147.209,26.3855],[147.2034,26.3825],[147.198,26.3794],[147.1926,26.3762],[147.1872,26.3729],[147.182,26.3695],[147.1768,26.366],[147.1716,26.3625],[147.1666,26.3589],[147.1616,26.3552],[147.1566,26.3514],[147.1518,26.3475],[147.147,26.3436],[147.1423,26.3396],[147.1377,26.3355],[147.1332,26.3314],[147.1287,26.3272],[147.1243,26.3229],[147.1201,26.3185],[147.1158,26.3141],[147.1117,26.3096],[147.1077,26.3051],[147.1038,26.3005],[147.0999,26.2958],[147.0961,26.2911],[147.0925,26.2863],[147.0889,26.2814],[147.0854,26.2765],[147.082,26.2716],[147.0788,26.2666],[147.0756,26.2615],[147.0725,26.2564],[147.0695,26.2512],[147.0666,26.246],[147.0638,26.2408],[147.0611,26.2355],[147.0586,26.2302],[147.0561,26.2248],[147.0537,26.2194],[147.0514,26.2139],[147.0493,26.2084],[147.0472,26.2029],[147.0453,26.1974],[147.0434,26.1918],[147.0417,26.1862],[147.0401,26.1806],[147.0386,26.1749],[147.0372,26.1693],[147.0359,26.1636],[147.0347,26.1578],[147.0336,26.1521],[147.0327,26.1464],[147.0318,26.1406],[147.0311,26.1348],[147.0305,26.129],[147.03,26.1232],[147.0296,26.1174],[147.0293,26.1116],[147.0291,26.1058],[147.0291,26.1],[147.0291,26.1],[147.0291,26.0942],[147.0293,26.0884],[147.0296,26.0826],[147.03,26.0768],[147.0305,26.071],[147.0311,26.0652],[147.0318,26.0594],[147.0327,26.0536],[147.0336,26.0479],[147.0347,26.0422],[147.0359,26.0364],[147.0372,26.0307],[147.0386,26.0251],[147.0401,26.0194],[147.0417,26.0138],[147.0434,26.0082],[147.0453,26.0026],[147.0472,25.9971],[147.0493,25.9916],[147.0514,25.9861],[147.0537,25.9806],[147.0561,25.9752],[147.0586,25.9698],[147.0611,25.9645],[147.0638,25.9592],[147.0666,25.954],[147.0695,25.9488],[147.0725,25.9436],[147.0756,25.9385],[147.0788,25.9334],[147.082,25.9284],[147.0854,25.9235],[147.0889,25.9186],[147.0925,25.9137],[147.0961,25.9089],[147.0999,25.9042],[147.1038,25.8995],[147.1077,25.8949],[147.1117,25.8904],[147.1158,25.8859],[147.1201,25.8815],[147.1243,25.8771],[147.1287,25.8728],[147.1332,25.8686],[147.1377,25.8645],[147.1423,25.8604],[147.147,25.8564],[147.1518,25.8525],[147.1566,25.8486],[147.1616,25.8448],[147.1666,25.8411],[147.1716,25.8375],[147.1768,25.834],[147.182,25.8305],[147.1872,25.8271],[147.1926,25.8238],[147.198,25.8206],[147.2034,25.8175],[147.209,25.8145],[147.2145,25.8115],[147.2202,25.8087],[147.2259,25.8059],[147.2316,25.8032],[147.2374,25.8006],[147.2432,25.7981],[147.2491,25.7957],[147.2551,25.7934],[147.261,25.7911],[147.2671,25.789],[147.2731,25.787],[147.2792,25.785],[147.2854,25.7832],[147.2915,25.7814],[147.2978,25.7798],[147.304,25.7782],[147.3103,25.7768],[147.3166,25.7754],[147.3229,25.7742],[147.3292,25.773],[147.3356,25.772],[147.342,25.771],[147.3484,25.7701],[147.3548,25.7694],[147.3612,25.7687],[147.3677,25.7682],[147.3741,25.7677],[147.3806,25.7673],[147.3871,25.7671],[147.3935,25.7669],[147.4,25.7669],[147.4,25.6003],[147.4097,25.6004],[147.4194,25.6006],[147.4291,25.601],[147.4388,25.6016],[147.4485,25.6022],[147.4582,25.6031],[147.4678,25.6041],[147.4774,25.6052],[147.487,25.6065],[147.4966,25.6079],[147.5062,25.6095],[147.5157,25.6113],[147.5252,25.6131],[147.5346,25.6152],[147.544,25.6174],[147.5534,25.6197],[147.5627,25.6222],[147.5719,25.6248],[147.5811,25.6276],[147.5903,25.6305],[147.5994,25.6335],[147.6084,25.6367],[147.6174,25.6401],[147.6263,25.6435],[147.6351,25.6472],[147.6439,25.6509],[147.6526,25.6548],[147.6612,25.6588],[147.6697,25.663],[147.6782,25.6673],[147.6866,25.6717],[147.6948,25.6763],[147.703,25.6809],[147.7111,25.6858],[147.7191,25.6907],[147.727,25.6958],[147.7349,25.701],[147.7426,25.7063],[147.7502,25.7117],[147.7576,25.7172],[147.765,25.7229],[147.7723,25.7287],[147.7795,25.7346],[147.7865,25.7406],[147.7934,25.7467],[147.8002,25.7529],[147.8069,25.7592],[147.8135,25.7657],[147.8199,25.7722],[147.8262,25.7788],[147.8324,25.7856],[147.8384,25.7924],[147.8444,25.7993],[147.8501,25.8063],[147.8558,25.8134],[147.8613,25.8206],[147.8666,25.8279],[147.8719,25.8352],[147.8769,25.8427],[147.8819,25.8502],[147.8866,25.8578],[147.8913,25.8654],[147.8958,25.8732],[147.9001,25.881],[147.9043,25.8888],[147.9083,25.8968],[147.9122,25.9048],[147.9159,25.9128],[147.9194,25.9209],[147.9228,25.9291],[147.9261,25.9373],[147.9292,25.9456],[147.9321,25.9539],[147.9348,25.9623],[147.9374,25.9707],[147.9399,25.9791],[147.9421,25.9876],[147.9442,25.9961],[147.9462,26.0047],[147.9479,26.0132],[147.9496,26.0218],[147.951,26.0305],[147.9523,26.0391],[147.9534,26.0478],[147.9543,26.0565],[147.955,26.0651],[147.9556,26.0738],[147.9561,26.0826],[147.9563,26.0913],[147.9564,26.1],[147.9564,26.1],[147.9563,26.1087],[147.9561,26.1174],[147.9556,26.1262],[147.955,26.1349],[147.9543,26.1435],[147.9534,26.1522],[147.9523,26.1609],[147.951,26.1695],[147.9496,26.1782],[147.9479,26.1868],[147.9462,26.1953],[147.9442,26.2039],[147.9421,26.2124],[147.9399,26.2209],[147.9374,26.2293],[147.9348,26.2377],[147.9321,26.2461],[147.9292,26.2544],[147.9261,26.2627],[147.9228,26.2709],[147.9194,26.2791],[147.9159,26.2872],[147.9122,26.2952],[147.9083,26.3032],[147.9043,26.3112],[147.9001,26.319],[147.8958,26.3268],[147.8913,26.3346],[147.8866,26.3422],[147.8819,26.3498],[147.8769,26.3573],[147.8719,26.3648],[147.8666,26.3721],[147.8613,26.3794],[147.8558,26.3866],[147.8501,26.3937],[147.8444,26.4007],[147.8384,26.4076],[147.8324,26.4144],[147.8262,26.4212],[147.8199,26.4278],[147.8135,26.4343],[147.8069,26.4408],[147.8002,26.4471],[147.7934,26.4533],[147.7865,26.4594],[147.7795,26.4654],[147.7723,26.4713],[147.765,26.4771],[147.7576,26.4828],[147.7502,26.4883],[147.7426,26.4937],[147.7349,26.499],[147.727,26.5042],[147.7191,26.5093],[147.7111,26.5142],[147.703,26.5191],[147.6948,26.5237],[147.6866,26.5283],[147.6782,26.5327],[147.6697,26.537],[147.6612,26.5412],[147.6526,26.5452],[147.6439,26.5491],[147.6351,26.5528],[147.6263,26.5565],[147.6174,26.5599],[147.6084,26.5633],[147.5994,26.5665],[147.5903,26.5695],[147.5811,26.5724],[147.5719,26.5752],[147.5627,26.5778],[147.5534,26.5803],[147.544,26.5826],[147.5346,26.5848],[147.5252,26.5869],[147.5157,26.5887],[147.5062,26.5905],[147.4966,26.5921],[147.487,26.5935],[147.4774,26.5948],[147.4678,26.5959],[147.4582,26.5969],[147.4485,26.5978],[147.4388,26.5984],[147.4291,26.599],[147.4194,26.5994],[147.4097,26.5996],[147.4,26.5997]]]},"properties":{"storm_name":"KOGUMA-26","fuente":"GDACS","alertlevel":"Green","url":"https://www.gdacs.org/report.aspx?eventid=1001333&episodeid=21&eventtype=TC","paises":"","layer":"storm_track","kind":"wind_radii_forecast","wind_kt":34}},{"type":"Feature","geometry":{"type":"Polygon","coordinates":[[[147.3,29.399],[147.3,29.0659],[147.277,29.0657],[147.254,29.0652],[147.231,29.0643],[147.208,29.063],[147.185,29.0614],[147.1621,29.0595],[147.1392,29.0572],[147.1164,29.0545],[147.0936,29.0515],[147.0709,29.0482],[147.0483,29.0445],[147.0257,29.0404],[147.0032,29.036],[146.9809,29.0312],[146.9586,29.0262],[146.9364,29.0207],[146.9143,29.0149],[146.8923,29.0088],[146.8705,29.0024],[146.8488,28.9956],[146.8272,28.9884],[146.8058,28.981],[146.7845,28.9732],[146.7634,28.9651],[146.7425,28.9566],[146.7217,28.9479],[146.7011,28.9388],[146.6807,28.9294],[146.6604,28.9197],[146.6404,28.9097],[146.6206,28.8994],[146.6009,28.8887],[146.5815,28.8778],[146.5623,28.8666],[146.5433,28.855],[146.5246,28.8432],[146.5061,28.8311],[146.4878,28.8187],[146.4698,28.8061],[146.452,28.7931],[146.4345,28.7799],[146.4173,28.7664],[146.4003,28.7527],[146.3836,28.7387],[146.3672,28.7244],[146.351,28.7099],[146.3352,28.6951],[146.3196,28.6801],[146.3044,28.6649],[146.2894,28.6494],[146.2748,28.6337],[146.2604,28.6178],[146.2464,28.6016],[146.2327,28.5853],[146.2194,28.5687],[146.2063,28.552],[146.1936,28.535],[146.1812,28.5178],[146.1692,28.5005],[146.1575,28.4829],[146.1462,28.4652],[146.1352,28.4473],[146.1246,28.4293],[146.1143,28.4111],[146.1044,28.3927],[146.0948,28.3742],[146.0857,28.3555],[146.0768,28.3367],[146.0684,28.3178],[146.0603,28.2988],[146.0527,28.2796],[146.0453,28.2603],[146.0384,28.2409],[146.0319,28.2214],[146.0257,28.2018],[146.02,28.1821],[146.0146,28.1623],[146.0096,28.1424],[146.005,28.1225],[146.0008,28.1025],[145.997,28.0824],[145.9936,28.0623],[145.9906,28.0421],[145.988,28.0219],[145.9858,28.0016],[145.984,27.9813],[145.9826,27.961],[145.9816,27.9407],[145.981,27.9203],[145.9808,27.9],[145.9808,27.9],[145.981,27.8797],[145.9816,27.8593],[145.9826,27.839],[145.984,27.8187],[145.9858,27.7984],[145.988,27.7781],[145.9906,27.7579],[145.9936,27.7377],[145.997,27.7176],[146.0008,27.6975],[146.005,27.6775],[146.0096,27.6576],[146.0146,27.6377],[146.02,27.6179],[146.0257,27.5982],[146.0319,27.5786],[146.0384,27.5591],[146.0453,27.5397],[146.0527,27.5204],[146.0603,27.5012],[146.0684,27.4822],[146.0768,27.4633],[146.0857,27.4445],[146.0948,27.4258],[146.1044,27.4073],[146.1143,27.3889],[146.1246,27.3707],[146.1352,27.3527],[146.1462,27.3348],[146.1575,27.3171],[146.1692,27.2995],[146.1812,27.2822],[146.1936,27.265],[146.2063,27.248],[146.2194,27.2313],[146.2327,27.2147],[146.2464,27.1984],[146.2604,27.1822],[146.2748,27.1663],[146.2894,27.1506],[146.3044,27.1351],[146.3196,27.1199],[146.3352,27.1049],[146.351,27.0901],[146.3672,27.0756],[146.3836,27.0613],[146.4003,27.0473],[146.4173,27.0336],[146.4345,27.0201],[146.452,27.0069],[146.4698,26.9939],[146.4878,26.9813],[146.5061,26.9689],[146.5246,26.9568],[146.5433,26.945],[146.5623,26.9334],[146.5815,26.9222],[146.6009,26.9113],[146.6206,26.9006],[146.6404,26.8903],[146.6604,26.8803],[146.6807,26.8706],[146.7011,26.8612],[146.7217,26.8521],[146.7425,26.8434],[146.7634,26.8349],[146.7845,26.8268],[146.8058,26.819],[146.8272,26.8116],[146.8488,26.8044],[146.8705,26.7976],[146.8923,26.7912],[146.9143,26.7851],[146.9364,26.7793],[146.9586,26.7738],[146.9809,26.7688],[147.0032,26.764],[147.0257,26.7596],[147.0483,26.7555],[147.0709,26.7518],[147.0936,26.7485],[147.1164,26.7455],[147.1392,26.7428],[147.1621,26.7405],[147.185,26.7386],[147.208,26.737],[147.231,26.7357],[147.254,26.7348],[147.277,26.7343],[147.3,26.7341],[147.3,26.2345],[147.3329,26.2347],[147.3658,26.2355],[147.3986,26.2367],[147.4315,26.2385],[147.4643,26.2408],[147.497,26.2436],[147.5297,26.2469],[147.5623,26.2507],[147.5948,26.255],[147.6273,26.2598],[147.6596,26.2651],[147.6918,26.2709],[147.7239,26.2771],[147.7559,26.2839],[147.7878,26.2912],[147.8195,26.299],[147.851,26.3072],[147.8824,26.316],[147.9136,26.3252],[147.9446,26.3349],[147.9754,26.3451],[148.006,26.3557],[148.0364,26.3669],[148.0665,26.3784],[148.0965,26.3905],[148.1262,26.403],[148.1556,26.416],[148.1848,26.4294],[148.2137,26.4433],[148.2423,26.4576],[148.2706,26.4724],[148.2987,26.4875],[148.3264,26.5032],[148.3539,26.5192],[148.381,26.5357],[148.4077,26.5525],[148.4342,26.5698],[148.4603,26.5875],[148.486,26.6056],[148.5114,26.6241],[148.5364,26.643],[148.561,26.6623],[148.5853,26.6819],[148.6092,26.7019],[148.6326,26.7223],[148.6557,26.743],[148.6783,26.7641],[148.7005,26.7855],[148.7223,26.8073],[148.7437,26.8294],[148.7646,26.8518],[148.7851,26.8746],[148.8051,26.8977],[148.8247,26.921],[148.8438,26.9447],[148.8624,26.9686],[148.8806,26.9929],[148.8982,27.0174],[148.9154,27.0422],[148.9321,27.0672],[148.9483,27.0925],[148.964,27.1181],[148.9792,27.1439],[148.9939,27.1699],[149.008,27.1961],[149.0217,27.2226],[149.0348,27.2492],[149.0474,27.2761],[149.0594,27.3031],[149.0709,27.3304],[149.0819,27.3578],[149.0924,27.3853],[149.1023,27.413],[149.1116,27.4409],[149.1204,27.4689],[149.1286,27.4971],[149.1363,27.5253],[149.1434,27.5537],[149.15,27.5822],[149.156,27.6108],[149.1614,27.6395],[149.1663,27.6682],[149.1706,27.697],[149.1743,27.7259],[149.1774,27.7548],[149.18,27.7838],[149.182,27.8128],[149.1835,27.8419],[149.1843,27.8709],[149.1846,27.9],[148.9961,27.9],[148.9959,27.9262],[148.9951,27.9523],[148.9938,27.9785],[148.992,28.0046],[148.9897,28.0306],[148.9868,28.0567],[148.9835,28.0827],[148.9796,28.1086],[148.9753,28.1345],[148.9704,28.1603],[148.965,28.186],[148.9591,28.2117],[148.9527,28.2372],[148.9458,28.2626],[148.9383,28.288],[148.9304,28.3132],[148.922,28.3383],[148.9131,28.3632],[148.9037,28.388],[148.8938,28.4127],[148.8835,28.4372],[148.8726,28.4615],[148.8613,28.4857],[148.8495,28.5097],[148.8372,28.5335],[148.8245,28.5571],[148.8113,28.5805],[148.7976,28.6037],[148.7835,28.6267],[148.7689,28.6495],[148.7539,28.672],[148.7384,28.6943],[148.7225,28.7164],[148.7062,28.7382],[148.6894,28.7598],[148.6722,28.7811],[148.6546,28.8021],[148.6366,28.8229],[148.6181,28.8433],[148.5993,28.8635],[148.5801,28.8834],[148.5605,28.903],[148.5405,28.9223],[148.5201,28.9413],[148.4994,28.9599],[148.4782,28.9783],[148.4568,28.9963],[148.4349,29.014],[148.4128,29.0313],[148.3903,29.0483],[148.3674,29.0649],[148.3442,29.0812],[148.3208,29.0971],[148.297,29.1127],[148.2729,29.1279],[148.2485,29.1427],[148.2238,29.1572],[148.1988,29.1712],[148.1736,29.1849],[148.1481,29.1982],[148.1223,29.211],[148.0963,29.2235],[148.07,29.2356],[148.0435,29.2473],[148.0168,29.2585],[147.9899,29.2694],[147.9627,29.2798],[147.9354,29.2898],[147.9078,29.2994],[147.8801,29.3086],[147.8522,29.3173],[147.8241,29.3256],[147.7959,29.3335],[147.7675,29.3409],[147.739,29.3479],[147.7103,29.3545],[147.6815,29.3606],[147.6526,29.3662],[147.6236,29.3714],[147.5945,29.3762],[147.5653,29.3805],[147.5361,29.3844],[147.5067,29.3878],[147.4773,29.3908],[147.4478,29.3933],[147.4183,29.3953],[147.3888,29.3969],[147.3592,29.3981],[147.3296,29.3988],[147.3,29.399]]]},"properties":{"storm_name":"KOGUMA-26","fuente":"GDACS","alertlevel":"Green","url":"https://www.gdacs.org/report.aspx?eventid=1001333&episodeid=21&eventtype=TC","paises":"","layer":"storm_track","kind":"wind_radii_forecast","wind_kt":34}},{"type":"Feature","geometry":{"type":"Polygon","coordinates":[[[147.3,28.7328],[147.3,28.5662],[147.2868,28.5661],[147.2737,28.5658],[147.2605,28.5653],[147.2474,28.5646],[147.2343,28.5637],[147.2212,28.5626],[147.2081,28.5613],[147.1951,28.5597],[147.1821,28.558],[147.1691,28.5561],[147.1562,28.554],[147.1433,28.5517],[147.1304,28.5491],[147.1176,28.5464],[147.1049,28.5435],[147.0922,28.5404],[147.0796,28.5371],[147.0671,28.5336],[147.0546,28.5299],[147.0422,28.526],[147.0298,28.522],[147.0176,28.5177],[147.0055,28.5133],[146.9934,28.5086],[146.9814,28.5038],[146.9695,28.4988],[146.9578,28.4936],[146.9461,28.4882],[146.9345,28.4827],[146.9231,28.477],[146.9117,28.4711],[146.9005,28.465],[146.8894,28.4587],[146.8785,28.4523],[146.8676,28.4457],[146.8569,28.439],[146.8463,28.4321],[146.8359,28.425],[146.8256,28.4177],[146.8154,28.4104],[146.8054,28.4028],[146.7956,28.3951],[146.7859,28.3872],[146.7763,28.3792],[146.767,28.3711],[146.7577,28.3628],[146.7487,28.3544],[146.7398,28.3458],[146.7311,28.3371],[146.7225,28.3282],[146.7142,28.3193],[146.706,28.3102],[146.698,28.3009],[146.6901,28.2916],[146.6825,28.2821],[146.675,28.2725],[146.6678,28.2628],[146.6607,28.253],[146.6538,28.2431],[146.6472,28.2331],[146.6407,28.223],[146.6344,28.2128],[146.6283,28.2025],[146.6225,28.1921],[146.6168,28.1816],[146.6113,28.171],[146.6061,28.1603],[146.6011,28.1496],[146.5962,28.1388],[146.5916,28.1279],[146.5872,28.1169],[146.5831,28.1059],[146.5791,28.0948],[146.5754,28.0836],[146.5718,28.0724],[146.5686,28.0612],[146.5655,28.0499],[146.5626,28.0385],[146.56,28.0271],[146.5576,28.0157],[146.5554,28.0042],[146.5535,27.9927],[146.5518,27.9812],[146.5503,27.9696],[146.549,27.9581],[146.548,27.9465],[146.5472,27.9349],[146.5466,27.9233],[146.5463,27.9116],[146.5462,27.9],[146.5462,27.9],[146.5463,27.8884],[146.5466,27.8767],[146.5472,27.8651],[146.548,27.8535],[146.549,27.8419],[146.5503,27.8304],[146.5518,27.8188],[146.5535,27.8073],[146.5554,27.7958],[146.5576,27.7843],[146.56,27.7729],[146.5626,27.7615],[146.5655,27.7501],[146.5686,27.7388],[146.5718,27.7276],[146.5754,27.7164],[146.5791,27.7052],[146.5831,27.6941],[146.5872,27.6831],[146.5916,27.6721],[146.5962,27.6612],[146.6011,27.6504],[146.6061,27.6397],[146.6113,27.629],[146.6168,27.6184],[146.6225,27.6079],[146.6283,27.5975],[146.6344,27.5872],[146.6407,27.577],[146.6472,27.5669],[146.6538,27.5569],[146.6607,27.547],[146.6678,27.5372],[146.675,27.5275],[146.6825,27.5179],[146.6901,27.5084],[146.698,27.4991],[146.706,27.4898],[146.7142,27.4807],[146.7225,27.4718],[146.7311,27.4629],[146.7398,27.4542],[146.7487,27.4456],[146.7577,27.4372],[146.767,27.4289],[146.7763,27.4208],[146.7859,27.4128],[146.7956,27.4049],[146.8054,27.3972],[146.8154,27.3896],[146.8256,27.3823],[146.8359,27.375],[146.8463,27.3679],[146.8569,27.361],[146.8676,27.3543],[146.8785,27.3477],[146.8894,27.3413],[146.9005,27.335],[146.9117,27.3289],[146.9231,27.323],[146.9345,27.3173],[146.9461,27.3118],[146.9578,27.3064],[146.9695,27.3012],[146.9814,27.2962],[146.9934,27.2914],[147.0055,27.2867],[147.0176,27.2823],[147.0298,27.278],[147.0422,27.274],[147.0546,27.2701],[147.0671,27.2664],[147.0796,27.2629],[147.0922,27.2596],[147.1049,27.2565],[147.1176,27.2536],[147.1304,27.2509],[147.1433,27.2483],[147.1562,27.246],[147.1691,27.2439],[147.1821,27.242],[147.1951,27.2403],[147.2081,27.2387],[147.2212,27.2374],[147.2343,27.2363],[147.2474,27.2354],[147.2605,27.2347],[147.2737,27.2342],[147.2868,27.2339],[147.3,27.2338],[147.3,26.9007],[147.3197,26.9008],[147.3395,26.9013],[147.3592,26.902],[147.3789,26.9031],[147.3986,26.9045],[147.4182,26.9061],[147.4378,26.9081],[147.4574,26.9104],[147.4769,26.913],[147.4964,26.9159],[147.5158,26.919],[147.5351,26.9225],[147.5544,26.9263],[147.5736,26.9304],[147.5927,26.9347],[147.6117,26.9394],[147.6306,26.9443],[147.6494,26.9496],[147.6681,26.9551],[147.6867,26.9609],[147.7052,26.967],[147.7236,26.9734],[147.7418,26.9801],[147.7599,26.9871],[147.7779,26.9943],[147.7957,27.0018],[147.8134,27.0096],[147.8309,27.0176],[147.8482,27.026],[147.8654,27.0346],[147.8824,27.0434],[147.8992,27.0525],[147.9159,27.0619],[147.9323,27.0715],[147.9486,27.0814],[147.9646,27.0915],[147.9805,27.1019],[147.9962,27.1125],[148.0116,27.1234],[148.0268,27.1345],[148.0418,27.1458],[148.0566,27.1574],[148.0712,27.1691],[148.0855,27.1811],[148.0996,27.1934],[148.1134,27.2058],[148.127,27.2185],[148.1403,27.2313],[148.1534,27.2444],[148.1662,27.2576],[148.1788,27.2711],[148.1911,27.2848],[148.2031,27.2986],[148.2148,27.3126],[148.2263,27.3268],[148.2374,27.3412],[148.2483,27.3557],[148.2589,27.3704],[148.2693,27.3853],[148.2793,27.4003],[148.289,27.4155],[148.2984,27.4308],[148.3075,27.4463],[148.3163,27.4619],[148.3248,27.4777],[148.333,27.4935],[148.3409,27.5095],[148.3484,27.5256],[148.3557,27.5419],[148.3626,27.5582],[148.3692,27.5747],[148.3754,27.5912],[148.3814,27.6078],[148.387,27.6245],[148.3922,27.6414],[148.3972,27.6582],[148.4018,27.6752],[148.406,27.6922],[148.41,27.7093],[148.4136,27.7265],[148.4168,27.7437],[148.4198,27.7609],[148.4223,27.7782],[148.4246,27.7955],[148.4265,27.8129],[148.428,27.8303],[148.4292,27.8477],[148.4301,27.8651],[148.4306,27.8826],[148.4308,27.9],[148.2423,27.9],[148.2422,27.9145],[148.2417,27.9291],[148.241,27.9436],[148.24,27.9581],[148.2387,27.9726],[148.2371,27.987],[148.2353,28.0015],[148.2331,28.0159],[148.2307,28.0303],[148.228,28.0446],[148.225,28.0589],[148.2217,28.0731],[148.2181,28.0873],[148.2143,28.1015],[148.2102,28.1155],[148.2058,28.1295],[148.2011,28.1435],[148.1962,28.1573],[148.191,28.1711],[148.1855,28.1848],[148.1797,28.1984],[148.1737,28.212],[148.1674,28.2254],[148.1608,28.2387],[148.154,28.2519],[148.1469,28.2651],[148.1396,28.2781],[148.132,28.291],[148.1242,28.3037],[148.1161,28.3164],[148.1077,28.3289],[148.0991,28.3413],[148.0903,28.3536],[148.0812,28.3657],[148.0719,28.3777],[148.0623,28.3895],[148.0526,28.4012],[148.0425,28.4127],[148.0323,28.4241],[148.0218,28.4353],[148.0112,28.4463],[148.0003,28.4572],[147.9892,28.4679],[147.9778,28.4785],[147.9663,28.4889],[147.9546,28.499],[147.9426,28.5091],[147.9305,28.5189],[147.9182,28.5285],[147.9057,28.5379],[147.893,28.5472],[147.8801,28.5562],[147.8671,28.5651],[147.8539,28.5737],[147.8405,28.5822],[147.8269,28.5904],[147.8132,28.5984],[147.7993,28.6062],[147.7853,28.6138],[147.7711,28.6212],[147.7568,28.6284],[147.7424,28.6353],[147.7278,28.642],[147.7131,28.6485],[147.6982,28.6547],[147.6833,28.6608],[147.6682,28.6666],[147.653,28.6721],[147.6377,28.6775],[147.6223,28.6825],[147.6068,28.6874],[147.5912,28.692],[147.5755,28.6964],[147.5597,28.7005],[147.5439,28.7044],[147.528,28.708],[147.512,28.7114],[147.4959,28.7146],[147.4798,28.7175],[147.4636,28.7201],[147.4474,28.7225],[147.4311,28.7247],[147.4148,28.7266],[147.3985,28.7282],[147.3821,28.7296],[147.3657,28.7307],[147.3493,28.7316],[147.3329,28.7323],[147.3164,28.7326],[147.3,28.7328]]]},"properties":{"storm_name":"KOGUMA-26","fuente":"GDACS","alertlevel":"Green","url":"https://www.gdacs.org/report.aspx?eventid=1001333&episodeid=21&eventtype=TC","paises":"","layer":"storm_track","kind":"wind_radii_forecast","wind_kt":34}},{"type":"Feature","geometry":{"type":"Polygon","coordinates":[[[147.3,28.3997],[147.3,28.2331],[147.2934,28.2331],[147.2868,28.2329],[147.2803,28.2327],[147.2737,28.2323],[147.2671,28.2318],[147.2606,28.2313],[147.2541,28.2306],[147.2475,28.2299],[147.241,28.229],[147.2345,28.228],[147.2281,28.227],[147.2216,28.2258],[147.2152,28.2246],[147.2088,28.2232],[147.2024,28.2218],[147.1961,28.2202],[147.1898,28.2186],[147.1835,28.2168],[147.1773,28.215],[147.1711,28.213],[147.1649,28.211],[147.1588,28.2089],[147.1527,28.2066],[147.1467,28.2043],[147.1407,28.2019],[147.1348,28.1994],[147.1289,28.1968],[147.123,28.1941],[147.1173,28.1913],[147.1115,28.1885],[147.1059,28.1855],[147.1003,28.1825],[147.0947,28.1794],[147.0892,28.1762],[147.0838,28.1729],[147.0785,28.1695],[147.0732,28.166],[147.0679,28.1625],[147.0628,28.1589],[147.0577,28.1552],[147.0527,28.1514],[147.0478,28.1475],[147.0429,28.1436],[147.0382,28.1396],[147.0335,28.1355],[147.0289,28.1314],[147.0243,28.1272],[147.0199,28.1229],[147.0155,28.1185],[147.0113,28.1141],[147.0071,28.1096],[147.003,28.1051],[146.999,28.1005],[146.9951,28.0958],[146.9912,28.0911],[146.9875,28.0863],[146.9839,28.0814],[146.9804,28.0765],[146.9769,28.0716],[146.9736,28.0666],[146.9703,28.0615],[146.9672,28.0564],[146.9642,28.0512],[146.9612,28.046],[146.9584,28.0408],[146.9557,28.0355],[146.953,28.0302],[146.9505,28.0248],[146.9481,28.0194],[146.9458,28.0139],[146.9436,28.0084],[146.9415,28.0029],[146.9395,27.9974],[146.9377,27.9918],[146.9359,27.9862],[146.9343,27.9806],[146.9327,27.9749],[146.9313,27.9693],[146.93,27.9636],[146.9288,27.9578],[146.9277,27.9521],[146.9267,27.9464],[146.9259,27.9406],[146.9251,27.9348],[146.9245,27.929],[146.924,27.9232],[146.9236,27.9174],[146.9233,27.9116],[146.9231,27.9058],[146.9231,27.9],[146.9231,27.9],[146.9231,27.8942],[146.9233,27.8884],[146.9236,27.8826],[146.924,27.8768],[146.9245,27.871],[146.9251,27.8652],[146.9259,27.8594],[146.9267,27.8536],[146.9277,27.8479],[146.9288,27.8422],[146.93,27.8364],[146.9313,27.8307],[146.9327,27.8251],[146.9343,27.8194],[146.9359,27.8138],[146.9377,27.8082],[146.9395,27.8026],[146.9415,27.7971],[146.9436,27.7916],[146.9458,27.7861],[146.9481,27.7806],[146.9505,27.7752],[146.953,27.7698],[146.9557,27.7645],[146.9584,27.7592],[146.9612,27.754],[146.9642,27.7488],[146.9672,27.7436],[146.9703,27.7385],[146.9736,27.7334],[146.9769,27.7284],[146.9804,27.7235],[146.9839,27.7186],[146.9875,27.7137],[146.9912,27.7089],[146.9951,27.7042],[146.999,27.6995],[147.003,27.6949],[147.0071,27.6904],[147.0113,27.6859],[147.0155,27.6815],[147.0199,27.6771],[147.0243,27.6728],[147.0289,27.6686],[147.0335,27.6645],[147.0382,27.6604],[147.0429,27.6564],[147.0478,27.6525],[147.0527,27.6486],[147.0577,27.6448],[147.0628,27.6411],[147.0679,27.6375],[147.0732,27.634],[147.0785,27.6305],[147.0838,27.6271],[147.0892,27.6238],[147.0947,27.6206],[147.1003,27.6175],[147.1059,27.6145],[147.1115,27.6115],[147.1173,27.6087],[147.123,27.6059],[147.1289,27.6032],[147.1348,27.6006],[147.1407,27.5981],[147.1467,27.5957],[147.1527,27.5934],[147.1588,27.5911],[147.1649,27.589],[147.1711,27.587],[147.1773,27.585],[147.1835,27.5832],[147.1898,27.5814],[147.1961,27.5798],[147.2024,27.5782],[147.2088,27.5768],[147.2152,27.5754],[147.2216,27.5742],[147.2281,27.573],[147.2345,27.572],[147.241,27.571],[147.2475,27.5701],[147.2541,27.5694],[147.2606,27.5687],[147.2671,27.5682],[147.2737,27.5677],[147.2803,27.5673],[147.2868,27.5671],[147.2934,27.5669],[147.3,27.5669],[147.3,27.4003],[147.3099,27.4004],[147.3197,27.4006],[147.3296,27.401],[147.3394,27.4016],[147.3493,27.4022],[147.3591,27.4031],[147.3689,27.4041],[147.3787,27.4052],[147.3884,27.4065],[147.3982,27.4079],[147.4079,27.4095],[147.4175,27.4113],[147.4272,27.4131],[147.4368,27.4152],[147.4463,27.4174],[147.4558,27.4197],[147.4653,27.4222],[147.4747,27.4248],[147.4841,27.4276],[147.4934,27.4305],[147.5026,27.4335],[147.5118,27.4367],[147.5209,27.4401],[147.53,27.4435],[147.5389,27.4472],[147.5478,27.4509],[147.5567,27.4548],[147.5654,27.4588],[147.5741,27.463],[147.5827,27.4673],[147.5912,27.4717],[147.5996,27.4763],[147.6079,27.4809],[147.6162,27.4858],[147.6243,27.4907],[147.6323,27.4958],[147.6403,27.501],[147.6481,27.5063],[147.6558,27.5117],[147.6634,27.5172],[147.6709,27.5229],[147.6783,27.5287],[147.6856,27.5346],[147.6927,27.5406],[147.6998,27.5467],[147.7067,27.5529],[147.7135,27.5592],[147.7202,27.5657],[147.7267,27.5722],[147.7331,27.5788],[147.7394,27.5856],[147.7455,27.5924],[147.7515,27.5993],[147.7574,27.6063],[147.7631,27.6134],[147.7687,27.6206],[147.7742,27.6279],[147.7795,27.6352],[147.7846,27.6427],[147.7896,27.6502],[147.7945,27.6578],[147.7992,27.6654],[147.8038,27.6732],[147.8082,27.681],[147.8124,27.6888],[147.8165,27.6968],[147.8204,27.7048],[147.8242,27.7128],[147.8278,27.7209],[147.8313,27.7291],[147.8346,27.7373],[147.8377,27.7456],[147.8407,27.7539],[147.8435,27.7623],[147.8461,27.7707],[147.8486,27.7791],[147.8509,27.7876],[147.853,27.7961],[147.855,27.8047],[147.8568,27.8132],[147.8584,27.8218],[147.8599,27.8305],[147.8612,27.8391],[147.8623,27.8478],[147.8632,27.8565],[147.864,27.8651],[147.8646,27.8738],[147.865,27.8826],[147.8653,27.8913],[147.8654,27.9],[147.8654,27.9],[147.8653,27.9087],[147.865,27.9174],[147.8646,27.9262],[147.864,27.9349],[147.8632,27.9435],[147.8623,27.9522],[147.8612,27.9609],[147.8599,27.9695],[147.8584,27.9782],[147.8568,27.9868],[147.855,27.9953],[147.853,28.0039],[147.8509,28.0124],[147.8486,28.0209],[147.8461,28.0293],[147.8435,28.0377],[147.8407,28.0461],[147.8377,28.0544],[147.8346,28.0627],[147.8313,28.0709],[147.8278,28.0791],[147.8242,28.0872],[147.8204,28.0952],[147.8165,28.1032],[147.8124,28.1112],[147.8082,28.119],[147.8038,28.1268],[147.7992,28.1346],[147.7945,28.1422],[147.7896,28.1498],[147.7846,28.1573],[147.7795,28.1648],[147.7742,28.1721],[147.7687,28.1794],[147.7631,28.1866],[147.7574,28.1937],[147.7515,28.2007],[147.7455,28.2076],[147.7394,28.2144],[147.7331,28.2212],[147.7267,28.2278],[147.7202,28.2343],[147.7135,28.2408],[147.7067,28.2471],[147.6998,28.2533],[147.6927,28.2594],[147.6856,28.2654],[147.6783,28.2713],[147.6709,28.2771],[147.6634,28.2828],[147.6558,28.2883],[147.6481,28.2937],[147.6403,28.299],[147.6323,28.3042],[147.6243,28.3093],[147.6162,28.3142],[147.6079,28.3191],[147.5996,28.3237],[147.5912,28.3283],[147.5827,28.3327],[147.5741,28.337],[147.5654,28.3412],[147.5567,28.3452],[147.5478,28.3491],[147.5389,28.3528],[147.53,28.3565],[147.5209,28.3599],[147.5118,28.3633],[147.5026,28.3665],[147.4934,28.3695],[147.4841,28.3724],[147.4747,28.3752],[147.4653,28.3778],[147.4558,28.3803],[147.4463,28.3826],[147.4368,28.3848],[147.4272,28.3869],[147.4175,28.3887],[147.4079,28.3905],[147.3982,28.3921],[147.3884,28.3935],[147.3787,28.3948],[147.3689,28.3959],[147.3591,28.3969],[147.3493,28.3978],[147.3394,28.3984],[147.3296,28.399],[147.3197,28.3994],[147.3099,28.3996],[147.3,28.3997]]]},"properties":{"storm_name":"KOGUMA-26","fuente":"GDACS","alertlevel":"Green","url":"https://www.gdacs.org/report.aspx?eventid=1001333&episodeid=21&eventtype=TC","paises":"","layer":"storm_track","kind":"wind_radii_forecast","wind_kt":34}},{"type":"Feature","geometry":{"type":"Polygon","coordinates":[[[148.0,31.699],[148.0,31.5324],[147.9731,31.5322],[147.9462,31.5316],[147.9193,31.5306],[147.8925,31.5292],[147.8656,31.5274],[147.8389,31.5251],[147.8121,31.5225],[147.7854,31.5195],[147.7588,31.516],[147.7323,31.5122],[147.7058,31.508],[147.6795,31.5033],[147.6532,31.4983],[147.627,31.4929],[147.601,31.487],[147.5751,31.4808],[147.5493,31.4742],[147.5236,31.4672],[147.4981,31.4598],[147.4727,31.4521],[147.4475,31.4439],[147.4225,31.4354],[147.3976,31.4265],[147.3729,31.4172],[147.3485,31.4076],[147.3242,31.3976],[147.3001,31.3872],[147.2762,31.3765],[147.2526,31.3654],[147.2292,31.3539],[147.206,31.3421],[147.183,31.33],[147.1603,31.3175],[147.1379,31.3046],[147.1157,31.2915],[147.0938,31.278],[147.0722,31.2641],[147.0508,31.25],[147.0298,31.2355],[147.009,31.2207],[146.9886,31.2056],[146.9684,31.1902],[146.9486,31.1745],[146.9291,31.1585],[146.9099,31.1422],[146.891,31.1256],[146.8725,31.1087],[146.8543,31.0916],[146.8365,31.0742],[146.819,31.0565],[146.8019,31.0385],[146.7851,31.0203],[146.7688,31.0019],[146.7528,30.9832],[146.7371,30.9643],[146.7219,30.9451],[146.707,30.9257],[146.6926,30.9061],[146.6785,30.8863],[146.6649,30.8662],[146.6516,30.846],[146.6388,30.8255],[146.6264,30.8049],[146.6143,30.7841],[146.6028,30.7631],[146.5916,30.742],[146.5809,30.7206],[146.5706,30.6991],[146.5607,30.6775],[146.5513,30.6557],[146.5423,30.6338],[146.5338,30.6117],[146.5257,30.5896],[146.518,30.5673],[146.5109,30.5449],[146.5041,30.5223],[146.4978,30.4997],[146.492,30.477],[146.4866,30.4542],[146.4817,30.4314],[146.4773,30.4084],[146.4733,30.3854],[146.4698,30.3624],[146.4668,30.3393],[146.4642,30.3161],[146.4621,30.2929],[146.4604,30.2697],[146.4593,30.2465],[146.4586,30.2233],[146.4583,30.2],[146.4583,30.2],[146.4586,30.1767],[146.4593,30.1535],[146.4604,30.1303],[146.4621,30.1071],[146.4642,30.0839],[146.4668,30.0607],[146.4698,30.0376],[146.4733,30.0146],[146.4773,29.9916],[146.4817,29.9686],[146.4866,29.9458],[146.492,29.923],[146.4978,29.9003],[146.5041,29.8777],[146.5109,29.8551],[146.518,29.8327],[146.5257,29.8104],[146.5338,29.7883],[146.5423,29.7662],[146.5513,29.7443],[146.5607,29.7225],[146.5706,29.7009],[146.5809,29.6794],[146.5916,29.658],[146.6028,29.6369],[146.6143,29.6159],[146.6264,29.5951],[146.6388,29.5745],[146.6516,29.554],[146.6649,29.5338],[146.6785,29.5137],[146.6926,29.4939],[146.707,29.4743],[146.7219,29.4549],[146.7371,29.4357],[146.7528,29.4168],[146.7688,29.3981],[146.7851,29.3797],[146.8019,29.3615],[146.819,29.3435],[146.8365,29.3258],[146.8543,29.3084],[146.8725,29.2913],[146.891,29.2744],[146.9099,29.2578],[146.9291,29.2415],[146.9486,29.2255],[146.9684,29.2098],[146.9886,29.1944],[147.009,29.1793],[147.0298,29.1645],[147.0508,29.15],[147.0722,29.1359],[147.0938,29.122],[147.1157,29.1085],[147.1379,29.0954],[147.1603,29.0825],[147.183,29.07],[147.206,29.0579],[147.2292,29.0461],[147.2526,29.0346],[147.2762,29.0235],[147.3001,29.0128],[147.3242,29.0024],[147.3485,28.9924],[147.3729,28.9828],[147.3976,28.9735],[147.4225,28.9646],[147.4475,28.9561],[147.4727,28.9479],[147.4981,28.9402],[147.5236,28.9328],[147.5493,28.9258],[147.5751,28.9192],[147.601,28.913],[147.627,28.9071],[147.6532,28.9017],[147.6795,28.8967],[147.7058,28.892],[147.7323,28.8878],[147.7588,28.884],[147.7854,28.8805],[147.8121,28.8775],[147.8389,28.8749],[147.8656,28.8726],[147.8925,28.8708],[147.9193,28.8694],[147.9462,28.8684],[147.9731,28.8678],[148.0,28.8676],[148.0,28.5345],[148.0336,28.5347],[148.0673,28.5355],[148.1009,28.5367],[148.1344,28.5385],[148.168,28.5408],[148.2014,28.5436],[148.2349,28.5469],[148.2682,28.5507],[148.3015,28.555],[148.3346,28.5598],[148.3677,28.5651],[148.4007,28.5709],[148.4335,28.5771],[148.4662,28.5839],[148.4988,28.5912],[148.5312,28.599],[148.5634,28.6072],[148.5955,28.616],[148.6274,28.6252],[148.6591,28.6349],[148.6906,28.6451],[148.7219,28.6557],[148.753,28.6669],[148.7838,28.6784],[148.8144,28.6905],[148.8448,28.703],[148.8749,28.716],[148.9047,28.7294],[148.9343,28.7433],[148.9636,28.7576],[148.9925,28.7724],[149.0212,28.7875],[149.0496,28.8032],[149.0776,28.8192],[149.1053,28.8357],[149.1327,28.8525],[149.1598,28.8698],[149.1864,28.8875],[149.2128,28.9056],[149.2387,28.9241],[149.2643,28.943],[149.2895,28.9623],[149.3143,28.9819],[149.3387,29.0019],[149.3627,29.0223],[149.3862,29.043],[149.4094,29.0641],[149.4321,29.0855],[149.4544,29.1073],[149.4762,29.1294],[149.4976,29.1518],[149.5186,29.1746],[149.5391,29.1977],[149.5591,29.221],[149.5786,29.2447],[149.5976,29.2686],[149.6162,29.2929],[149.6343,29.3174],[149.6518,29.3422],[149.6689,29.3672],[149.6855,29.3925],[149.7015,29.4181],[149.7171,29.4439],[149.7321,29.4699],[149.7465,29.4961],[149.7605,29.5226],[149.7739,29.5492],[149.7868,29.5761],[149.7991,29.6031],[149.8109,29.6304],[149.8221,29.6578],[149.8328,29.6853],[149.8429,29.713],[149.8524,29.7409],[149.8614,29.7689],[149.8699,29.7971],[149.8777,29.8253],[149.885,29.8537],[149.8917,29.8822],[149.8978,29.9108],[149.9034,29.9395],[149.9083,29.9682],[149.9127,29.997],[149.9165,30.0259],[149.9198,30.0548],[149.9224,30.0838],[149.9245,30.1128],[149.9259,30.1419],[149.9268,30.1709],[149.9271,30.2],[149.7344,30.2],[149.7341,30.2262],[149.7333,30.2523],[149.732,30.2785],[149.7302,30.3046],[149.7278,30.3306],[149.7249,30.3567],[149.7215,30.3827],[149.7175,30.4086],[149.713,30.4345],[149.708,30.4603],[149.7025,30.486],[149.6965,30.5117],[149.6899,30.5372],[149.6829,30.5626],[149.6753,30.588],[149.6672,30.6132],[149.6586,30.6383],[149.6495,30.6632],[149.6399,30.688],[149.6298,30.7127],[149.6192,30.7372],[149.6081,30.7615],[149.5965,30.7857],[149.5844,30.8097],[149.5719,30.8335],[149.5589,30.8571],[149.5454,30.8805],[149.5314,30.9037],[149.5169,30.9267],[149.502,30.9495],[149.4867,30.972],[149.4708,30.9943],[149.4546,31.0164],[149.4379,31.0382],[149.4207,31.0598],[149.4032,31.0811],[149.3851,31.1021],[149.3667,31.1229],[149.3479,31.1433],[149.3286,31.1635],[149.309,31.1834],[149.2889,31.203],[149.2685,31.2223],[149.2476,31.2413],[149.2264,31.2599],[149.2048,31.2783],[149.1829,31.2963],[149.1605,31.314],[149.1379,31.3313],[149.1148,31.3483],[149.0915,31.3649],[149.0678,31.3812],[149.0438,31.3971],[149.0194,31.4127],[148.9948,31.4279],[148.9699,31.4427],[148.9446,31.4572],[148.9191,31.4712],[148.8933,31.4849],[148.8672,31.4982],[148.8408,31.511],[148.8142,31.5235],[148.7874,31.5356],[148.7603,31.5473],[148.733,31.5585],[148.7054,31.5694],[148.6777,31.5798],[148.6497,31.5898],[148.6215,31.5994],[148.5932,31.6086],[148.5647,31.6173],[148.536,31.6256],[148.5071,31.6335],[148.4781,31.6409],[148.4489,31.6479],[148.4196,31.6545],[148.3902,31.6606],[148.3606,31.6662],[148.3309,31.6714],[148.3012,31.6762],[148.2713,31.6805],[148.2414,31.6844],[148.2114,31.6878],[148.1813,31.6908],[148.1512,31.6933],[148.121,31.6953],[148.0908,31.6969],[148.0605,31.6981],[148.0303,31.6988],[148.0,31.699]]]},"properties":{"storm_name":"KOGUMA-26","fuente":"GDACS","alertlevel":"Green","url":"https://www.gdacs.org/report.aspx?eventid=1001333&episodeid=21&eventtype=TC","paises":"","layer":"storm_track","kind":"wind_radii_forecast","wind_kt":34}},{"type":"Feature","geometry":{"type":"Polygon","coordinates":[[[148.0,31.1993],[148.0,31.0328],[147.9832,31.0326],[147.9664,31.0323],[147.9496,31.0316],[147.9328,31.0307],[147.916,31.0296],[147.8993,31.0282],[147.8826,31.0266],[147.8659,31.0247],[147.8493,31.0225],[147.8327,31.0201],[147.8161,31.0175],[147.7997,31.0146],[147.7832,31.0114],[147.7669,31.008],[147.7506,31.0044],[147.7344,31.0005],[147.7183,30.9964],[147.7022,30.992],[147.6863,30.9874],[147.6704,30.9825],[147.6547,30.9775],[147.639,30.9721],[147.6235,30.9666],[147.6081,30.9608],[147.5928,30.9547],[147.5776,30.9485],[147.5626,30.942],[147.5476,30.9353],[147.5329,30.9284],[147.5182,30.9212],[147.5037,30.9138],[147.4894,30.9062],[147.4752,30.8984],[147.4612,30.8904],[147.4473,30.8822],[147.4336,30.8737],[147.4201,30.8651],[147.4068,30.8562],[147.3936,30.8472],[147.3806,30.8379],[147.3679,30.8285],[147.3553,30.8189],[147.3429,30.8091],[147.3307,30.799],[147.3187,30.7889],[147.3069,30.7785],[147.2953,30.7679],[147.2839,30.7572],[147.2728,30.7463],[147.2619,30.7353],[147.2512,30.7241],[147.2407,30.7127],[147.2305,30.7012],[147.2205,30.6895],[147.2107,30.6777],[147.2012,30.6657],[147.1919,30.6536],[147.1829,30.6413],[147.1741,30.6289],[147.1655,30.6164],[147.1573,30.6037],[147.1492,30.591],[147.1415,30.5781],[147.134,30.5651],[147.1267,30.5519],[147.1198,30.5387],[147.113,30.5254],[147.1066,30.512],[147.1004,30.4984],[147.0946,30.4848],[147.0889,30.4711],[147.0836,30.4573],[147.0786,30.4435],[147.0738,30.4295],[147.0693,30.4155],[147.0651,30.4015],[147.0611,30.3873],[147.0575,30.3731],[147.0542,30.3589],[147.0511,30.3446],[147.0483,30.3303],[147.0458,30.3159],[147.0436,30.3015],[147.0417,30.287],[147.0401,30.2726],[147.0388,30.2581],[147.0378,30.2436],[147.037,30.2291],[147.0366,30.2145],[147.0364,30.2],[147.0364,30.2],[147.0366,30.1855],[147.037,30.1709],[147.0378,30.1564],[147.0388,30.1419],[147.0401,30.1274],[147.0417,30.113],[147.0436,30.0985],[147.0458,30.0841],[147.0483,30.0697],[147.0511,30.0554],[147.0542,30.0411],[147.0575,30.0269],[147.0611,30.0127],[147.0651,29.9985],[147.0693,29.9845],[147.0738,29.9705],[147.0786,29.9565],[147.0836,29.9427],[147.0889,29.9289],[147.0946,29.9152],[147.1004,29.9016],[147.1066,29.888],[147.113,29.8746],[147.1198,29.8613],[147.1267,29.8481],[147.134,29.8349],[147.1415,29.8219],[147.1492,29.809],[147.1573,29.7963],[147.1655,29.7836],[147.1741,29.7711],[147.1829,29.7587],[147.1919,29.7464],[147.2012,29.7343],[147.2107,29.7223],[147.2205,29.7105],[147.2305,29.6988],[147.2407,29.6873],[147.2512,29.6759],[147.2619,29.6647],[147.2728,29.6537],[147.2839,29.6428],[147.2953,29.6321],[147.3069,29.6215],[147.3187,29.6111],[147.3307,29.601],[147.3429,29.5909],[147.3553,29.5811],[147.3679,29.5715],[147.3806,29.5621],[147.3936,29.5528],[147.4068,29.5438],[147.4201,29.5349],[147.4336,29.5263],[147.4473,29.5178],[147.4612,29.5096],[147.4752,29.5016],[147.4894,29.4938],[147.5037,29.4862],[147.5182,29.4788],[147.5329,29.4716],[147.5476,29.4647],[147.5626,29.458],[147.5776,29.4515],[147.5928,29.4453],[147.6081,29.4392],[147.6235,29.4334],[147.639,29.4279],[147.6547,29.4225],[147.6704,29.4175],[147.6863,29.4126],[147.7022,29.408],[147.7183,29.4036],[147.7344,29.3995],[147.7506,29.3956],[147.7669,29.392],[147.7832,29.3886],[147.7997,29.3854],[147.8161,29.3825],[147.8327,29.3799],[147.8493,29.3775],[147.8659,29.3753],[147.8826,29.3734],[147.8993,29.3718],[147.916,29.3704],[147.9328,29.3693],[147.9496,29.3684],[147.9664,29.3677],[147.9832,29.3674],[148.0,29.3672],[148.0,29.2007],[148.0202,29.2008],[148.0404,29.2013],[148.0605,29.202],[148.0807,29.2031],[148.1008,29.2045],[148.1209,29.2061],[148.1409,29.2081],[148.1609,29.2104],[148.1809,29.213],[148.2008,29.2159],[148.2206,29.219],[148.2404,29.2225],[148.2601,29.2263],[148.2797,29.2304],[148.2993,29.2347],[148.3187,29.2394],[148.3381,29.2443],[148.3573,29.2496],[148.3764,29.2551],[148.3955,29.2609],[148.4144,29.267],[148.4331,29.2734],[148.4518,29.2801],[148.4703,29.2871],[148.4887,29.2943],[148.5069,29.3018],[148.5249,29.3096],[148.5428,29.3176],[148.5606,29.326],[148.5781,29.3346],[148.5955,29.3434],[148.6127,29.3525],[148.6297,29.3619],[148.6466,29.3715],[148.6632,29.3814],[148.6796,29.3915],[148.6959,29.4019],[148.7119,29.4125],[148.7277,29.4234],[148.7432,29.4345],[148.7586,29.4458],[148.7737,29.4574],[148.7886,29.4691],[148.8032,29.4811],[148.8176,29.4934],[148.8317,29.5058],[148.8456,29.5185],[148.8593,29.5313],[148.8726,29.5444],[148.8857,29.5576],[148.8986,29.5711],[148.9111,29.5848],[148.9234,29.5986],[148.9354,29.6126],[148.9472,29.6268],[148.9586,29.6412],[148.9697,29.6557],[148.9806,29.6704],[148.9911,29.6853],[149.0014,29.7003],[149.0113,29.7155],[149.0209,29.7308],[149.0302,29.7463],[149.0392,29.7619],[149.0479,29.7777],[149.0563,29.7935],[149.0643,29.8095],[149.0721,29.8256],[149.0795,29.8419],[149.0865,29.8582],[149.0933,29.8747],[149.0997,29.8912],[149.1057,29.9078],[149.1115,29.9245],[149.1169,29.9414],[149.1219,29.9582],[149.1266,29.9752],[149.131,29.9922],[149.135,30.0093],[149.1387,30.0265],[149.142,30.0437],[149.145,30.0609],[149.1476,30.0782],[149.1499,30.0955],[149.1519,30.1129],[149.1534,30.1303],[149.1547,30.1477],[149.1556,30.1651],[149.1561,30.1826],[149.1563,30.2],[149.1563,30.2],[149.1561,30.2174],[149.1556,30.2349],[149.1547,30.2523],[149.1534,30.2697],[149.1519,30.2871],[149.1499,30.3045],[149.1476,30.3218],[149.145,30.3391],[149.142,30.3563],[149.1387,30.3735],[149.135,30.3907],[149.131,30.4078],[149.1266,30.4248],[149.1219,30.4418],[149.1169,30.4586],[149.1115,30.4755],[149.1057,30.4922],[149.0997,30.5088],[149.0933,30.5253],[149.0865,30.5418],[149.0795,30.5581],[149.0721,30.5744],[149.0643,30.5905],[149.0563,30.6065],[149.0479,30.6223],[149.0392,30.6381],[149.0302,30.6537],[149.0209,30.6692],[149.0113,30.6845],[149.0014,30.6997],[148.9911,30.7147],[148.9806,30.7296],[148.9697,30.7443],[148.9586,30.7588],[148.9472,30.7732],[148.9354,30.7874],[148.9234,30.8014],[148.9111,30.8152],[148.8986,30.8289],[148.8857,30.8424],[148.8726,30.8556],[148.8593,30.8687],[148.8456,30.8815],[148.8317,30.8942],[148.8176,30.9066],[148.8032,30.9189],[148.7886,30.9309],[148.7737,30.9426],[148.7586,30.9542],[148.7432,30.9655],[148.7277,30.9766],[148.7119,30.9875],[148.6959,30.9981],[148.6796,31.0085],[148.6632,31.0186],[148.6466,31.0285],[148.6297,31.0381],[148.6127,31.0475],[148.5955,31.0566],[148.5781,31.0654],[148.5606,31.074],[148.5428,31.0824],[148.5249,31.0904],[148.5069,31.0982],[148.4887,31.1057],[148.4703,31.1129],[148.4518,31.1199],[148.4331,31.1266],[148.4144,31.133],[148.3955,31.1391],[148.3764,31.1449],[148.3573,31.1504],[148.3381,31.1557],[148.3187,31.1606],[148.2993,31.1653],[148.2797,31.1696],[148.2601,31.1737],[148.2404,31.1775],[148.2206,31.181],[148.2008,31.1841],[148.1809,31.187],[148.1609,31.1896],[148.1409,31.1919],[148.1209,31.1939],[148.1008,31.1955],[148.0807,31.1969],[148.0605,31.198],[148.0404,31.1987],[148.0202,31.1992],[148.0,31.1993]]]},"properties":{"storm_name":"KOGUMA-26","fuente":"GDACS","alertlevel":"Green","url":"https://www.gdacs.org/report.aspx?eventid=1001333&episodeid=21&eventtype=TC","paises":"","layer":"storm_track","kind":"wind_radii_forecast","wind_kt":34}},{"type":"Feature","geometry":{"type":"Polygon","coordinates":[[[148.0,30.6997],[148.0,30.5331],[147.9933,30.5331],[147.9865,30.5329],[147.9798,30.5327],[147.9731,30.5323],[147.9664,30.5318],[147.9597,30.5313],[147.953,30.5306],[147.9464,30.5299],[147.9397,30.529],[147.9331,30.528],[147.9265,30.527],[147.9199,30.5258],[147.9133,30.5246],[147.9068,30.5232],[147.9002,30.5218],[147.8938,30.5202],[147.8873,30.5186],[147.8809,30.5168],[147.8745,30.515],[147.8682,30.513],[147.8619,30.511],[147.8556,30.5089],[147.8494,30.5066],[147.8432,30.5043],[147.8371,30.5019],[147.831,30.4994],[147.825,30.4968],[147.8191,30.4941],[147.8131,30.4913],[147.8073,30.4885],[147.8015,30.4855],[147.7958,30.4825],[147.7901,30.4794],[147.7845,30.4762],[147.7789,30.4729],[147.7735,30.4695],[147.768,30.466],[147.7627,30.4625],[147.7574,30.4589],[147.7523,30.4552],[147.7471,30.4514],[147.7421,30.4475],[147.7371,30.4436],[147.7323,30.4396],[147.7275,30.4355],[147.7228,30.4314],[147.7181,30.4272],[147.7136,30.4229],[147.7091,30.4185],[147.7048,30.4141],[147.7005,30.4096],[147.6963,30.4051],[147.6922,30.4005],[147.6882,30.3958],[147.6843,30.3911],[147.6805,30.3863],[147.6768,30.3814],[147.6731,30.3765],[147.6696,30.3716],[147.6662,30.3666],[147.6629,30.3615],[147.6597,30.3564],[147.6566,30.3512],[147.6536,30.346],[147.6507,30.3408],[147.6479,30.3355],[147.6452,30.3302],[147.6426,30.3248],[147.6402,30.3194],[147.6378,30.3139],[147.6356,30.3084],[147.6334,30.3029],[147.6314,30.2974],[147.6295,30.2918],[147.6277,30.2862],[147.626,30.2806],[147.6245,30.2749],[147.623,30.2693],[147.6217,30.2636],[147.6204,30.2578],[147.6193,30.2521],[147.6183,30.2464],[147.6175,30.2406],[147.6167,30.2348],[147.616,30.229],[147.6155,30.2232],[147.6151,30.2174],[147.6148,30.2116],[147.6146,30.2058],[147.6146,30.2],[147.6146,30.2],[147.6146,30.1942],[147.6148,30.1884],[147.6151,30.1826],[147.6155,30.1768],[147.616,30.171],[147.6167,30.1652],[147.6175,30.1594],[147.6183,30.1536],[147.6193,30.1479],[147.6204,30.1422],[147.6217,30.1364],[147.623,30.1307],[147.6245,30.1251],[147.626,30.1194],[147.6277,30.1138],[147.6295,30.1082],[147.6314,30.1026],[147.6334,30.0971],[147.6356,30.0916],[147.6378,30.0861],[147.6402,30.0806],[147.6426,30.0752],[147.6452,30.0698],[147.6479,30.0645],[147.6507,30.0592],[147.6536,30.054],[147.6566,30.0488],[147.6597,30.0436],[147.6629,30.0385],[147.6662,30.0334],[147.6696,30.0284],[147.6731,30.0235],[147.6768,30.0186],[147.6805,30.0137],[147.6843,30.0089],[147.6882,30.0042],[147.6922,29.9995],[147.6963,29.9949],[147.7005,29.9904],[147.7048,29.9859],[147.7091,29.9815],[147.7136,29.9771],[147.7181,29.9728],[147.7228,29.9686],[147.7275,29.9645],[147.7323,29.9604],[147.7371,29.9564],[147.7421,29.9525],[147.7471,29.9486],[147.7523,29.9448],[147.7574,29.9411],[147.7627,29.9375],[147.768,29.934],[147.7735,29.9305],[147.7789,29.9271],[147.7845,29.9238],[147.7901,29.9206],[147.7958,29.9175],[147.8015,29.9145],[147.8073,29.9115],[147.8131,29.9087],[147.8191,29.9059],[147.825,29.9032],[147.831,29.9006],[147.8371,29.8981],[147.8432,29.8957],[147.8494,29.8934],[147.8556,29.8911],[147.8619,29.889],[147.8682,29.887],[147.8745,29.885],[147.8809,29.8832],[147.8873,29.8814],[147.8938,29.8798],[147.9002,29.8782],[147.9068,29.8768],[147.9133,29.8754],[147.9199,29.8742],[147.9265,29.873],[147.9331,29.872],[147.9397,29.871],[147.9464,29.8701],[147.953,29.8694],[147.9597,29.8687],[147.9664,29.8682],[147.9731,29.8677],[147.9798,29.8673],[147.9865,29.8671],[147.9933,29.8669],[148.0,29.8669],[148.0,29.7003],[148.0101,29.7004],[148.0202,29.7006],[148.0303,29.701],[148.0403,29.7016],[148.0504,29.7022],[148.0604,29.7031],[148.0705,29.7041],[148.0805,29.7052],[148.0904,29.7065],[148.1004,29.7079],[148.1103,29.7095],[148.1202,29.7113],[148.1301,29.7131],[148.1399,29.7152],[148.1496,29.7174],[148.1594,29.7197],[148.169,29.7222],[148.1787,29.7248],[148.1882,29.7276],[148.1977,29.7305],[148.2072,29.7335],[148.2166,29.7367],[148.2259,29.7401],[148.2351,29.7435],[148.2443,29.7472],[148.2534,29.7509],[148.2625,29.7548],[148.2714,29.7588],[148.2803,29.763],[148.2891,29.7673],[148.2978,29.7717],[148.3064,29.7763],[148.3149,29.7809],[148.3233,29.7858],[148.3316,29.7907],[148.3398,29.7958],[148.3479,29.801],[148.3559,29.8063],[148.3638,29.8117],[148.3716,29.8172],[148.3793,29.8229],[148.3868,29.8287],[148.3943,29.8346],[148.4016,29.8406],[148.4088,29.8467],[148.4159,29.8529],[148.4228,29.8592],[148.4296,29.8657],[148.4363,29.8722],[148.4429,29.8788],[148.4493,29.8856],[148.4556,29.8924],[148.4617,29.8993],[148.4677,29.9063],[148.4736,29.9134],[148.4793,29.9206],[148.4849,29.9279],[148.4903,29.9352],[148.4956,29.9427],[148.5007,29.9502],[148.5056,29.9578],[148.5105,29.9654],[148.5151,29.9732],[148.5196,29.981],[148.524,29.9888],[148.5281,29.9968],[148.5322,30.0048],[148.536,30.0128],[148.5397,30.0209],[148.5433,30.0291],[148.5466,30.0373],[148.5498,30.0456],[148.5529,30.0539],[148.5557,30.0623],[148.5584,30.0707],[148.561,30.0791],[148.5633,30.0876],[148.5655,30.0961],[148.5675,30.1047],[148.5693,30.1132],[148.571,30.1218],[148.5725,30.1305],[148.5738,30.1391],[148.575,30.1478],[148.5759,30.1565],[148.5767,30.1651],[148.5773,30.1738],[148.5778,30.1826],[148.578,30.1913],[148.5781,30.2],[148.5781,30.2],[148.578,30.2087],[148.5778,30.2174],[148.5773,30.2262],[148.5767,30.2349],[148.5759,30.2435],[148.575,30.2522],[148.5738,30.2609],[148.5725,30.2695],[148.571,30.2782],[148.5693,30.2868],[148.5675,30.2953],[148.5655,30.3039],[148.5633,30.3124],[148.561,30.3209],[148.5584,30.3293],[148.5557,30.3377],[148.5529,30.3461],[148.5498,30.3544],[148.5466,30.3627],[148.5433,30.3709],[148.5397,30.3791],[148.536,30.3872],[148.5322,30.3952],[148.5281,30.4032],[148.524,30.4112],[148.5196,30.419],[148.5151,30.4268],[148.5105,30.4346],[148.5056,30.4422],[148.5007,30.4498],[148.4956,30.4573],[148.4903,30.4648],[148.4849,30.4721],[148.4793,30.4794],[148.4736,30.4866],[148.4677,30.4937],[148.4617,30.5007],[148.4556,30.5076],[148.4493,30.5144],[148.4429,30.5212],[148.4363,30.5278],[148.4296,30.5343],[148.4228,30.5408],[148.4159,30.5471],[148.4088,30.5533],[148.4016,30.5594],[148.3943,30.5654],[148.3868,30.5713],[148.3793,30.5771],[148.3716,30.5828],[148.3638,30.5883],[148.3559,30.5937],[148.3479,30.599],[148.3398,30.6042],[148.3316,30.6093],[148.3233,30.6142],[148.3149,30.6191],[148.3064,30.6237],[148.2978,30.6283],[148.2891,30.6327],[148.2803,30.637],[148.2714,30.6412],[148.2625,30.6452],[148.2534,30.6491],[148.2443,30.6528],[148.2351,30.6565],[148.2259,30.6599],[148.2166,30.6633],[148.2072,30.6665],[148.1977,30.6695],[148.1882,30.6724],[148.1787,30.6752],[148.169,30.6778],[148.1594,30.6803],[148.1496,30.6826],[148.1399,30.6848],[148.1301,30.6869],[148.1202,30.6887],[148.1103,30.6905],[148.1004,30.6921],[148.0904,30.6935],[148.0805,30.6948],[148.0705,30.6959],[148.0604,30.6969],[148.0504,30.6978],[148.0403,30.6984],[148.0303,30.699],[148.0202,30.6994],[148.0101,30.6996],[148.0,30.6997]]]},"properties":{"storm_name":"KOGUMA-26","fuente":"GDACS","alertlevel":"Green","url":"https://www.gdacs.org/report.aspx?eventid=1001333&episodeid=21&eventtype=TC","paises":"","layer":"storm_track","kind":"wind_radii_forecast","wind_kt":34}},{"type":"Feature","geometry":{"type":"Polygon","coordinates":[[[150.2,34.3655],[150.2,34.199],[150.1689,34.1988],[150.1378,34.1981],[150.1068,34.1969],[150.0757,34.1953],[150.0447,34.1933],[150.0138,34.1908],[149.9829,34.1878],[149.9521,34.1844],[149.9213,34.1805],[149.8907,34.1762],[149.8601,34.1714],[149.8296,34.1662],[149.7993,34.1606],[149.7691,34.1545],[149.739,34.1479],[149.709,34.1409],[149.6792,34.1335],[149.6495,34.1256],[149.6201,34.1173],[149.5908,34.1086],[149.5616,34.0994],[149.5327,34.0898],[149.504,34.0798],[149.4755,34.0694],[149.4472,34.0585],[149.4191,34.0473],[149.3913,34.0356],[149.3637,34.0235],[149.3364,34.011],[149.3093,33.9982],[149.2826,33.9849],[149.2561,33.9712],[149.2298,33.9572],[149.2039,33.9427],[149.1783,33.9279],[149.153,33.9127],[149.128,33.8971],[149.1033,33.8812],[149.079,33.8649],[149.055,33.8483],[149.0314,33.8313],[149.0081,33.814],[148.9852,33.7963],[148.9626,33.7783],[148.9404,33.7599],[148.9186,33.7413],[148.8972,33.7223],[148.8762,33.703],[148.8556,33.6834],[148.8354,33.6635],[148.8157,33.6433],[148.7963,33.6229],[148.7774,33.6021],[148.7589,33.5811],[148.7408,33.5598],[148.7232,33.5382],[148.7061,33.5164],[148.6894,33.4943],[148.6731,33.472],[148.6573,33.4495],[148.642,33.4267],[148.6272,33.4037],[148.6128,33.3805],[148.599,33.3571],[148.5856,33.3335],[148.5727,33.3097],[148.5603,33.2857],[148.5484,33.2615],[148.537,33.2372],[148.5261,33.2127],[148.5157,33.188],[148.5059,33.1632],[148.4965,33.1383],[148.4877,33.1132],[148.4794,33.088],[148.4716,33.0626],[148.4643,33.0372],[148.4576,33.0117],[148.4514,32.986],[148.4458,32.9603],[148.4406,32.9345],[148.436,32.9086],[148.432,32.8827],[148.4285,32.8567],[148.4255,32.8306],[148.423,32.8046],[148.4211,32.7785],[148.4198,32.7523],[148.419,32.7262],[148.4187,32.7],[148.2208,32.7],[148.2211,32.6709],[148.222,32.6419],[148.2235,32.6128],[148.2256,32.5838],[148.2283,32.5548],[148.2316,32.5259],[148.2355,32.497],[148.24,32.4682],[148.2451,32.4395],[148.2508,32.4108],[148.2571,32.3822],[148.264,32.3537],[148.2715,32.3253],[148.2796,32.2971],[148.2882,32.2689],[148.2974,32.2409],[148.3073,32.213],[148.3176,32.1853],[148.3286,32.1578],[148.3401,32.1304],[148.3522,32.1031],[148.3649,32.0761],[148.3781,32.0492],[148.3919,32.0226],[148.4062,31.9961],[148.4211,31.9699],[148.4365,31.9439],[148.4524,31.9181],[148.4689,31.8925],[148.4859,31.8672],[148.5035,31.8422],[148.5215,31.8174],[148.5401,31.7929],[148.5591,31.7686],[148.5787,31.7447],[148.5988,31.721],[148.6193,31.6977],[148.6403,31.6746],[148.6618,31.6518],[148.6838,31.6294],[148.7063,31.6073],[148.7291,31.5855],[148.7525,31.5641],[148.7763,31.543],[148.8005,31.5223],[148.8251,31.5019],[148.8502,31.4819],[148.8756,31.4623],[148.9015,31.443],[148.9278,31.4241],[148.9544,31.4056],[148.9815,31.3875],[149.0089,31.3698],[149.0366,31.3525],[149.0648,31.3357],[149.0932,31.3192],[149.122,31.3032],[149.1512,31.2875],[149.1806,31.2724],[149.2104,31.2576],[149.2404,31.2433],[149.2708,31.2294],[149.3014,31.216],[149.3324,31.203],[149.3635,31.1905],[149.395,31.1784],[149.4267,31.1669],[149.4586,31.1557],[149.4907,31.1451],[149.5231,31.1349],[149.5556,31.1252],[149.5884,31.116],[149.6213,31.1072],[149.6545,31.099],[149.6877,31.0912],[149.7212,31.0839],[149.7548,31.0771],[149.7885,31.0709],[149.8223,31.0651],[149.8563,31.0598],[149.8904,31.055],[149.9245,31.0507],[149.9588,31.0469],[149.9931,31.0436],[150.0275,31.0408],[150.0619,31.0385],[150.0964,31.0367],[150.1309,31.0355],[150.1655,31.0347],[150.2,31.0345],[150.2,30.7013],[150.2415,30.7017],[150.2829,30.7026],[150.3243,30.7041],[150.3657,30.7062],[150.407,30.709],[150.4483,30.7123],[150.4894,30.7162],[150.5305,30.7208],[150.5715,30.726],[150.6124,30.7317],[150.6532,30.7381],[150.6938,30.745],[150.7343,30.7526],[150.7746,30.7607],[150.8147,30.7694],[150.8547,30.7788],[150.8944,30.7887],[150.9339,30.7992],[150.9732,30.8102],[151.0123,30.8219],[151.0512,30.8341],[151.0897,30.8469],[151.128,30.8602],[151.166,30.8741],[151.2038,30.8886],[151.2412,30.9036],[151.2783,30.9192],[151.315,30.9353],[151.3515,30.9519],[151.3875,30.9691],[151.4233,30.9868],[151.4586,31.005],[151.4936,31.0238],[151.5281,31.043],[151.5623,31.0628],[151.596,31.0831],[151.6294,31.1038],[151.6622,31.125],[151.6947,31.1468],[151.7267,31.1689],[151.7582,31.1916],[151.7892,31.2147],[151.8198,31.2383],[151.8499,31.2623],[151.8794,31.2867],[151.9085,31.3116],[151.937,31.3369],[151.965,31.3626],[151.9925,31.3888],[152.0194,31.4153],[152.0458,31.4422],[152.0716,31.4695],[152.0968,31.4972],[152.1215,31.5252],[152.1455,31.5536],[152.169,31.5824],[152.1919,31.6115],[152.2142,31.6409],[152.2358,31.6706],[152.2569,31.7007],[152.2773,31.731],[152.2971,31.7617],[152.3162,31.7926],[152.3347,31.8238],[152.3526,31.8553],[152.3697,31.8871],[152.3863,31.9191],[152.4021,31.9513],[152.4173,31.9837],[152.4318,32.0164],[152.4457,32.0493],[152.4588,32.0824],[152.4713,32.1157],[152.4831,32.1491],[152.4941,32.1827],[152.5045,32.2165],[152.5142,32.2504],[152.5232,32.2845],[152.5314,32.3186],[152.539,32.3529],[152.5458,32.3873],[152.552,32.4218],[152.5574,32.4564],[152.5621,32.4911],[152.566,32.5258],[152.5693,32.5606],[152.5718,32.5954],[152.5736,32.6302],[152.5747,32.6651],[152.5751,32.7],[152.1792,32.7],[152.1789,32.7291],[152.178,32.7581],[152.1765,32.7872],[152.1744,32.8162],[152.1717,32.8452],[152.1684,32.8741],[152.1645,32.903],[152.16,32.9318],[152.1549,32.9605],[152.1492,32.9892],[152.1429,33.0178],[152.136,33.0463],[152.1285,33.0747],[152.1204,33.1029],[152.1118,33.1311],[152.1026,33.1591],[152.0927,33.187],[152.0824,33.2147],[152.0714,33.2422],[152.0599,33.2696],[152.0478,33.2969],[152.0351,33.3239],[152.0219,33.3508],[152.0081,33.3774],[151.9938,33.4039],[151.9789,33.4301],[151.9635,33.4561],[151.9476,33.4819],[151.9311,33.5075],[151.9141,33.5328],[151.8965,33.5578],[151.8785,33.5826],[151.8599,33.6071],[151.8409,33.6314],[151.8213,33.6553],[151.8012,33.679],[151.7807,33.7023],[151.7597,33.7254],[151.7382,33.7482],[151.7162,33.7706],[151.6937,33.7927],[151.6709,33.8145],[151.6475,33.8359],[151.6237,33.857],[151.5995,33.8777],[151.5749,33.8981],[151.5498,33.9181],[151.5244,33.9377],[151.4985,33.957],[151.4722,33.9759],[151.4456,33.9944],[151.4185,34.0125],[151.3911,34.0302],[151.3634,34.0475],[151.3352,34.0643],[151.3068,34.0808],[151.278,34.0968],[151.2488,34.1125],[151.2194,34.1276],[151.1896,34.1424],[151.1596,34.1567],[151.1292,34.1706],[151.0986,34.184],[151.0676,34.197],[151.0365,34.2095],[151.005,34.2216],[150.9733,34.2331],[150.9414,34.2443],[150.9093,34.2549],[150.8769,34.2651],[150.8444,34.2748],[150.8116,34.284],[150.7787,34.2928],[150.7455,34.301],[150.7123,34.3088],[150.6788,34.3161],[150.6452,34.3229],[150.6115,34.3291],[150.5777,34.3349],[150.5437,34.3402],[150.5096,34.345],[150.4755,34.3493],[150.4412,34.3531],[150.4069,34.3564],[150.3725,34.3592],[150.3381,34.3615],[150.3036,34.3633],[150.2691,34.3645],[150.2345,34.3653],[150.2,34.3655]]]},"properties":{"storm_name":"KOGUMA-26","fuente":"GDACS","alertlevel":"Green","url":"https://www.gdacs.org/report.aspx?eventid=1001333&episodeid=21&eventtype=TC","paises":"","layer":"storm_track","kind":"wind_radii_forecast","wind_kt":34}},{"type":"Feature","geometry":{"type":"Polygon","coordinates":[[[150.2,33.6993],[150.2,33.5328],[150.1827,33.5326],[150.1655,33.5323],[150.1482,33.5316],[150.131,33.5307],[150.1137,33.5296],[150.0966,33.5282],[150.0794,33.5266],[150.0623,33.5247],[150.0452,33.5225],[150.0282,33.5201],[150.0112,33.5175],[149.9942,33.5146],[149.9774,33.5114],[149.9606,33.508],[149.9439,33.5044],[149.9272,33.5005],[149.9107,33.4964],[149.8942,33.492],[149.8778,33.4874],[149.8615,33.4825],[149.8454,33.4775],[149.8293,33.4721],[149.8133,33.4666],[149.7975,33.4608],[149.7818,33.4547],[149.7662,33.4485],[149.7507,33.442],[149.7354,33.4353],[149.7202,33.4284],[149.7052,33.4212],[149.6903,33.4138],[149.6756,33.4062],[149.661,33.3984],[149.6466,33.3904],[149.6324,33.3822],[149.6183,33.3737],[149.6044,33.3651],[149.5907,33.3562],[149.5772,33.3472],[149.5639,33.3379],[149.5508,33.3285],[149.5378,33.3189],[149.5251,33.3091],[149.5126,33.299],[149.5002,33.2889],[149.4881,33.2785],[149.4762,33.2679],[149.4646,33.2572],[149.4531,33.2463],[149.4419,33.2353],[149.4309,33.2241],[149.4202,33.2127],[149.4097,33.2012],[149.3994,33.1895],[149.3894,33.1777],[149.3796,33.1657],[149.37,33.1536],[149.3608,33.1413],[149.3517,33.1289],[149.343,33.1164],[149.3345,33.1037],[149.3262,33.091],[149.3182,33.0781],[149.3105,33.0651],[149.3031,33.0519],[149.2959,33.0387],[149.2891,33.0254],[149.2824,33.012],[149.2761,32.9984],[149.2701,32.9848],[149.2643,32.9711],[149.2588,32.9573],[149.2536,32.9435],[149.2487,32.9295],[149.2441,32.9155],[149.2398,32.9015],[149.2357,32.8873],[149.232,32.8731],[149.2286,32.8589],[149.2254,32.8446],[149.2226,32.8303],[149.22,32.8159],[149.2178,32.8015],[149.2158,32.787],[149.2142,32.7726],[149.2128,32.7581],[149.2117,32.7436],[149.211,32.7291],[149.2105,32.7145],[149.2104,32.7],[149.0125,32.7],[149.0126,32.6826],[149.0132,32.6651],[149.0141,32.6477],[149.0154,32.6303],[149.017,32.6129],[149.019,32.5955],[149.0213,32.5782],[149.024,32.5609],[149.0271,32.5437],[149.0305,32.5265],[149.0343,32.5093],[149.0384,32.4922],[149.0429,32.4752],[149.0477,32.4582],[149.0529,32.4414],[149.0585,32.4245],[149.0644,32.4078],[149.0706,32.3912],[149.0772,32.3747],[149.0841,32.3582],[149.0913,32.3419],[149.0989,32.3256],[149.1069,32.3095],[149.1151,32.2935],[149.1237,32.2777],[149.1326,32.2619],[149.1419,32.2463],[149.1515,32.2308],[149.1614,32.2155],[149.1716,32.2003],[149.1821,32.1853],[149.1929,32.1704],[149.204,32.1557],[149.2155,32.1412],[149.2272,32.1268],[149.2393,32.1126],[149.2516,32.0986],[149.2642,32.0848],[149.2771,32.0711],[149.2903,32.0576],[149.3038,32.0444],[149.3175,32.0313],[149.3315,32.0185],[149.3458,32.0058],[149.3603,31.9934],[149.3751,31.9811],[149.3901,31.9691],[149.4054,31.9574],[149.4209,31.9458],[149.4367,31.9345],[149.4527,31.9234],[149.4689,31.9125],[149.4853,31.9019],[149.502,31.8915],[149.5189,31.8814],[149.5359,31.8715],[149.5532,31.8619],[149.5707,31.8525],[149.5884,31.8434],[149.6062,31.8346],[149.6243,31.826],[149.6425,31.8176],[149.6609,31.8096],[149.6794,31.8018],[149.6981,31.7943],[149.717,31.7871],[149.736,31.7801],[149.7551,31.7734],[149.7744,31.767],[149.7938,31.7609],[149.8134,31.7551],[149.833,31.7496],[149.8528,31.7443],[149.8727,31.7394],[149.8926,31.7347],[149.9127,31.7304],[149.9329,31.7263],[149.9531,31.7225],[149.9734,31.719],[149.9938,31.7159],[150.0142,31.713],[150.0347,31.7104],[150.0553,31.7081],[150.0759,31.7061],[150.0965,31.7045],[150.1172,31.7031],[150.1378,31.702],[150.1586,31.7013],[150.1793,31.7008],[150.2,31.7007],[150.2,31.5341],[150.2242,31.5343],[150.2484,31.5348],[150.2725,31.5357],[150.2966,31.537],[150.3208,31.5386],[150.3448,31.5405],[150.3688,31.5428],[150.3928,31.5455],[150.4167,31.5485],[150.4406,31.5518],[150.4644,31.5555],[150.4881,31.5596],[150.5117,31.564],[150.5352,31.5688],[150.5586,31.5738],[150.5819,31.5793],[150.6051,31.5851],[150.6281,31.5912],[150.6511,31.5976],[150.6739,31.6044],[150.6965,31.6116],[150.719,31.619],[150.7413,31.6268],[150.7635,31.6349],[150.7855,31.6434],[150.8073,31.6521],[150.829,31.6612],[150.8504,31.6706],[150.8717,31.6803],[150.8927,31.6903],[150.9136,31.7006],[150.9342,31.7113],[150.9546,31.7222],[150.9747,31.7334],[150.9947,31.745],[151.0144,31.7568],[151.0338,31.7689],[151.053,31.7813],[151.0719,31.7939],[151.0906,31.8069],[151.1089,31.8201],[151.1271,31.8336],[151.1449,31.8473],[151.1624,31.8613],[151.1797,31.8756],[151.1966,31.8901],[151.2133,31.9049],[151.2296,31.9199],[151.2456,31.9351],[151.2613,31.9506],[151.2767,31.9663],[151.2918,31.9822],[151.3065,31.9984],[151.3209,32.0147],[151.3349,32.0313],[151.3486,32.048],[151.3619,32.065],[151.3749,32.0822],[151.3876,32.0995],[151.3998,32.1171],[151.4118,32.1348],[151.4233,32.1527],[151.4345,32.1707],[151.4452,32.1889],[151.4557,32.2073],[151.4657,32.2258],[151.4753,32.2445],[151.4846,32.2633],[151.4934,32.2822],[151.5019,32.3012],[151.51,32.3204],[151.5177,32.3397],[151.5249,32.3591],[151.5318,32.3786],[151.5383,32.3982],[151.5443,32.4179],[151.55,32.4377],[151.5552,32.4576],[151.56,32.4775],[151.5644,32.4975],[151.5684,32.5176],[151.572,32.5377],[151.5751,32.5579],[151.5779,32.5781],[151.5802,32.5984],[151.5821,32.6187],[151.5836,32.639],[151.5846,32.6593],[151.5853,32.6797],[151.5855,32.7],[151.3875,32.7],[151.3874,32.7174],[151.3868,32.7349],[151.3859,32.7523],[151.3846,32.7697],[151.383,32.7871],[151.381,32.8045],[151.3787,32.8218],[151.376,32.8391],[151.3729,32.8563],[151.3695,32.8735],[151.3657,32.8907],[151.3616,32.9078],[151.3571,32.9248],[151.3523,32.9418],[151.3471,32.9586],[151.3415,32.9755],[151.3356,32.9922],[151.3294,33.0088],[151.3228,33.0253],[151.3159,33.0418],[151.3087,33.0581],[151.3011,33.0744],[151.2931,33.0905],[151.2849,33.1065],[151.2763,33.1223],[151.2674,33.1381],[151.2581,33.1537],[151.2485,33.1692],[151.2386,33.1845],[151.2284,33.1997],[151.2179,33.2147],[151.2071,33.2296],[151.196,33.2443],[151.1845,33.2588],[151.1728,33.2732],[151.1607,33.2874],[151.1484,33.3014],[151.1358,33.3152],[151.1229,33.3289],[151.1097,33.3424],[151.0962,33.3556],[151.0825,33.3687],[151.0685,33.3815],[151.0542,33.3942],[151.0397,33.4066],[151.0249,33.4189],[151.0099,33.4309],[150.9946,33.4426],[150.9791,33.4542],[150.9633,33.4655],[150.9473,33.4766],[150.9311,33.4875],[150.9147,33.4981],[150.898,33.5085],[150.8811,33.5186],[150.8641,33.5285],[150.8468,33.5381],[150.8293,33.5475],[150.8116,33.5566],[150.7938,33.5654],[150.7757,33.574],[150.7575,33.5824],[150.7391,33.5904],[150.7206,33.5982],[150.7019,33.6057],[150.683,33.6129],[150.664,33.6199],[150.6449,33.6266],[150.6256,33.633],[150.6062,33.6391],[150.5866,33.6449],[150.567,33.6504],[150.5472,33.6557],[150.5273,33.6606],[150.5074,33.6653],[150.4873,33.6696],[150.4671,33.6737],[150.4469,33.6775],[150.4266,33.681],[150.4062,33.6841],[150.3858,33.687],[150.3653,33.6896],[150.3447,33.6919],[150.3241,33.6939],[150.3035,33.6955],[150.2828,33.6969],[150.2622,33.698],[150.2414,33.6987],[150.2207,33.6992],[150.2,33.6993]]]},"properties":{"storm_name":"KOGUMA-26","fuente":"GDACS","alertlevel":"Green","url":"https://www.gdacs.org/report.aspx?eventid=1001333&episodeid=21&eventtype=TC","paises":"","layer":"storm_track","kind":"wind_radii_forecast","wind_kt":34}},{"type":"Feature","geometry":{"type":"Polygon","coordinates":[[[150.2,33.1997],[150.2,33.0331],[150.1931,33.0331],[150.1862,33.0329],[150.1793,33.0327],[150.1724,33.0323],[150.1655,33.0318],[150.1586,33.0313],[150.1518,33.0306],[150.1449,33.0299],[150.1381,33.029],[150.1313,33.028],[150.1245,33.027],[150.1177,33.0258],[150.111,33.0246],[150.1042,33.0232],[150.0975,33.0218],[150.0909,33.0202],[150.0843,33.0186],[150.0777,33.0168],[150.0711,33.015],[150.0646,33.013],[150.0581,33.011],[150.0517,33.0089],[150.0453,33.0066],[150.039,33.0043],[150.0327,33.0019],[150.0265,32.9994],[150.0203,32.9968],[150.0142,32.9941],[150.0081,32.9913],[150.0021,32.9885],[149.9961,32.9855],[149.9902,32.9825],[149.9844,32.9794],[149.9786,32.9762],[149.973,32.9729],[149.9673,32.9695],[149.9618,32.966],[149.9563,32.9625],[149.9509,32.9589],[149.9456,32.9552],[149.9403,32.9514],[149.9351,32.9475],[149.93,32.9436],[149.925,32.9396],[149.9201,32.9355],[149.9153,32.9314],[149.9105,32.9272],[149.9058,32.9229],[149.9013,32.9185],[149.8968,32.9141],[149.8924,32.9096],[149.8881,32.9051],[149.8839,32.9005],[149.8798,32.8958],[149.8757,32.8911],[149.8718,32.8863],[149.868,32.8814],[149.8643,32.8765],[149.8607,32.8716],[149.8572,32.8666],[149.8538,32.8615],[149.8505,32.8564],[149.8473,32.8512],[149.8442,32.846],[149.8412,32.8408],[149.8384,32.8355],[149.8356,32.8302],[149.833,32.8248],[149.8304,32.8194],[149.828,32.8139],[149.8257,32.8084],[149.8235,32.8029],[149.8215,32.7974],[149.8195,32.7918],[149.8176,32.7862],[149.8159,32.7806],[149.8143,32.7749],[149.8128,32.7693],[149.8114,32.7636],[149.8102,32.7578],[149.809,32.7521],[149.808,32.7464],[149.8071,32.7406],[149.8063,32.7348],[149.8057,32.729],[149.8051,32.7232],[149.8047,32.7174],[149.8044,32.7116],[149.8042,32.7058],[149.8042,32.7],[149.8042,32.7],[149.8042,32.6942],[149.8044,32.6884],[149.8047,32.6826],[149.8051,32.6768],[149.8057,32.671],[149.8063,32.6652],[149.8071,32.6594],[149.808,32.6536],[149.809,32.6479],[149.8102,32.6422],[149.8114,32.6364],[149.8128,32.6307],[149.8143,32.6251],[149.8159,32.6194],[149.8176,32.6138],[149.8195,32.6082],[149.8215,32.6026],[149.8235,32.5971],[149.8257,32.5916],[149.828,32.5861],[149.8304,32.5806],[149.833,32.5752],[149.8356,32.5698],[149.8384,32.5645],[149.8412,32.5592],[149.8442,32.554],[149.8473,32.5488],[149.8505,32.5436],[149.8538,32.5385],[149.8572,32.5334],[149.8607,32.5284],[149.8643,32.5235],[149.868,32.5186],[149.8718,32.5137],[149.8757,32.5089],[149.8798,32.5042],[149.8839,32.4995],[149.8881,32.4949],[149.8924,32.4904],[149.8968,32.4859],[149.9013,32.4815],[149.9058,32.4771],[149.9105,32.4728],[149.9153,32.4686],[149.9201,32.4645],[149.925,32.4604],[149.93,32.4564],[149.9351,32.4525],[149.9403,32.4486],[149.9456,32.4448],[149.9509,32.4411],[149.9563,32.4375],[149.9618,32.434],[149.9673,32.4305],[149.973,32.4271],[149.9786,32.4238],[149.9844,32.4206],[149.9902,32.4175],[149.9961,32.4145],[150.0021,32.4115],[150.0081,32.4087],[150.0142,32.4059],[150.0203,32.4032],[150.0265,32.4006],[150.0327,32.3981],[150.039,32.3957],[150.0453,32.3934],[150.0517,32.3911],[150.0581,32.389],[150.0646,32.387],[150.0711,32.385],[150.0777,32.3832],[150.0843,32.3814],[150.0909,32.3798],[150.0975,32.3782],[150.1042,32.3768],[150.111,32.3754],[150.1177,32.3742],[150.1245,32.373],[150.1313,32.372],[150.1381,32.371],[150.1449,32.3701],[150.1518,32.3694],[150.1586,32.3687],[150.1655,32.3682],[150.1724,32.3677],[150.1793,32.3673],[150.1862,32.3671],[150.1931,32.3669],[150.2,32.3669],[150.2,32.2003],[150.2104,32.2004],[150.2207,32.2006],[150.2311,32.201],[150.2414,32.2016],[150.2518,32.2022],[150.2621,32.2031],[150.2724,32.2041],[150.2826,32.2052],[150.2929,32.2065],[150.3031,32.2079],[150.3133,32.2095],[150.3235,32.2113],[150.3336,32.2131],[150.3436,32.2152],[150.3537,32.2174],[150.3637,32.2197],[150.3736,32.2222],[150.3835,32.2248],[150.3933,32.2276],[150.4031,32.2305],[150.4128,32.2335],[150.4224,32.2367],[150.432,32.2401],[150.4415,32.2435],[150.4509,32.2472],[150.4603,32.2509],[150.4696,32.2548],[150.4788,32.2588],[150.4879,32.263],[150.4969,32.2673],[150.5058,32.2717],[150.5146,32.2763],[150.5234,32.2809],[150.532,32.2858],[150.5406,32.2907],[150.549,32.2958],[150.5573,32.301],[150.5656,32.3063],[150.5737,32.3117],[150.5817,32.3172],[150.5895,32.3229],[150.5973,32.3287],[150.6049,32.3346],[150.6125,32.3406],[150.6199,32.3467],[150.6271,32.3529],[150.6343,32.3592],[150.6413,32.3657],[150.6481,32.3722],[150.6549,32.3788],[150.6614,32.3856],[150.6679,32.3924],[150.6742,32.3993],[150.6804,32.4063],[150.6864,32.4134],[150.6923,32.4206],[150.698,32.4279],[150.7035,32.4352],[150.709,32.4427],[150.7142,32.4502],[150.7193,32.4578],[150.7243,32.4654],[150.7291,32.4732],[150.7337,32.481],[150.7381,32.4888],[150.7424,32.4968],[150.7466,32.5048],[150.7505,32.5128],[150.7543,32.5209],[150.758,32.5291],[150.7614,32.5373],[150.7647,32.5456],[150.7678,32.5539],[150.7708,32.5623],[150.7735,32.5707],[150.7761,32.5791],[150.7786,32.5876],[150.7808,32.5961],[150.7829,32.6047],[150.7847,32.6132],[150.7865,32.6218],[150.788,32.6305],[150.7893,32.6391],[150.7905,32.6478],[150.7915,32.6565],[150.7923,32.6651],[150.793,32.6738],[150.7934,32.6826],[150.7937,32.6913],[150.7938,32.7],[150.7938,32.7],[150.7937,32.7087],[150.7934,32.7174],[150.793,32.7262],[150.7923,32.7349],[150.7915,32.7435],[150.7905,32.7522],[150.7893,32.7609],[150.788,32.7695],[150.7865,32.7782],[150.7847,32.7868],[150.7829,32.7953],[150.7808,32.8039],[150.7786,32.8124],[150.7761,32.8209],[150.7735,32.8293],[150.7708,32.8377],[150.7678,32.8461],[150.7647,32.8544],[150.7614,32.8627],[150.758,32.8709],[150.7543,32.8791],[150.7505,32.8872],[150.7466,32.8952],[150.7424,32.9032],[150.7381,32.9112],[150.7337,32.919],[150.7291,32.9268],[150.7243,32.9346],[150.7193,32.9422],[150.7142,32.9498],[150.709,32.9573],[150.7035,32.9648],[150.698,32.9721],[150.6923,32.9794],[150.6864,32.9866],[150.6804,32.9937],[150.6742,33.0007],[150.6679,33.0076],[150.6614,33.0144],[150.6549,33.0212],[150.6481,33.0278],[150.6413,33.0343],[150.6343,33.0408],[150.6271,33.0471],[150.6199,33.0533],[150.6125,33.0594],[150.6049,33.0654],[150.5973,33.0713],[150.5895,33.0771],[150.5817,33.0828],[150.5737,33.0883],[150.5656,33.0937],[150.5573,33.099],[150.549,33.1042],[150.5406,33.1093],[150.532,33.1142],[150.5234,33.1191],[150.5146,33.1237],[150.5058,33.1283],[150.4969,33.1327],[150.4879,33.137],[150.4788,33.1412],[150.4696,33.1452],[150.4603,33.1491],[150.4509,33.1528],[150.4415,33.1565],[150.432,33.1599],[150.4224,33.1633],[150.4128,33.1665],[150.4031,33.1695],[150.3933,33.1724],[150.3835,33.1752],[150.3736,33.1778],[150.3637,33.1803],[150.3537,33.1826],[150.3436,33.1848],[150.3336,33.1869],[150.3235,33.1887],[150.3133,33.1905],[150.3031,33.1921],[150.2929,33.1935],[150.2826,33.1948],[150.2724,33.1959],[150.2621,33.1969],[150.2518,33.1978],[150.2414,33.1984],[150.2311,33.199],[150.2207,33.1994],[150.2104,33.1996],[150.2,33.1997]]]},"properties":{"storm_name":"KOGUMA-26","fuente":"GDACS","alertlevel":"Green","url":"https://www.gdacs.org/report.aspx?eventid=1001333&episodeid=21&eventtype=TC","paises":"","layer":"storm_track","kind":"wind_radii_forecast","wind_kt":34}},{"type":"Feature","geometry":{"type":"Polygon","coordinates":[[[157.5,41.3314],[157.5,40.3321],[157.4591,40.3318],[157.4183,40.331],[157.3775,40.3296],[157.3367,40.3276],[157.296,40.3251],[157.2553,40.3221],[157.2147,40.3184],[157.1742,40.3143],[157.1338,40.3095],[157.0935,40.3043],[157.0533,40.2984],[157.0133,40.2921],[156.9734,40.2851],[156.9337,40.2777],[156.8941,40.2697],[156.8547,40.2611],[156.8156,40.252],[156.7766,40.2424],[156.7378,40.2323],[156.6993,40.2216],[156.6611,40.2104],[156.623,40.1987],[156.5853,40.1865],[156.5478,40.1737],[156.5106,40.1604],[156.4738,40.1467],[156.4372,40.1324],[156.401,40.1176],[156.3651,40.1024],[156.3295,40.0866],[156.2943,40.0704],[156.2595,40.0537],[156.225,40.0365],[156.1909,40.0189],[156.1572,40.0008],[156.124,39.9822],[156.0911,39.9632],[156.0587,39.9437],[156.0268,39.9238],[155.9952,39.9035],[155.9642,39.8827],[155.9336,39.8615],[155.9034,39.8399],[155.8738,39.8179],[155.8447,39.7955],[155.816,39.7727],[155.7879,39.7495],[155.7603,39.7259],[155.7332,39.702],[155.7067,39.6777],[155.6807,39.653],[155.6553,39.628],[155.6304,39.6026],[155.6061,39.5769],[155.5824,39.5508],[155.5592,39.5245],[155.5367,39.4978],[155.5147,39.4709],[155.4934,39.4436],[155.4726,39.416],[155.4525,39.3882],[155.433,39.3601],[155.4141,39.3318],[155.3959,39.3031],[155.3783,39.2743],[155.3614,39.2452],[155.3451,39.2159],[155.3294,39.1863],[155.3145,39.1566],[155.3002,39.1266],[155.2865,39.0965],[155.2736,39.0661],[155.2613,39.0357],[155.2497,39.005],[155.2388,38.9742],[155.2285,38.9432],[155.219,38.9121],[155.2101,38.8809],[155.202,38.8496],[155.1945,38.8181],[155.1878,38.7866],[155.1818,38.755],[155.1764,38.7233],[155.1718,38.6915],[155.1679,38.6597],[155.1647,38.6278],[155.1622,38.5959],[155.1604,38.5639],[155.1593,38.532],[155.159,38.5],[154.5205,38.5],[154.521,38.4593],[154.5223,38.4186],[154.5246,38.378],[154.5278,38.3373],[154.5319,38.2968],[154.5368,38.2563],[154.5427,38.2158],[154.5495,38.1755],[154.5572,38.1352],[154.5658,38.0951],[154.5753,38.0551],[154.5856,38.0152],[154.5969,37.9755],[154.609,37.9359],[154.622,37.8965],[154.6359,37.8573],[154.6507,37.8183],[154.6664,37.7794],[154.6829,37.7409],[154.7002,37.7025],[154.7184,37.6644],[154.7375,37.6265],[154.7574,37.5889],[154.7781,37.5516],[154.7997,37.5146],[154.8221,37.4778],[154.8453,37.4414],[154.8693,37.4053],[154.8941,37.3695],[154.9197,37.3341],[154.9461,37.2991],[154.9733,37.2644],[155.0012,37.23],[155.0299,37.1961],[155.0594,37.1626],[155.0896,37.1294],[155.1205,37.0967],[155.1521,37.0644],[155.1845,37.0326],[155.2176,37.0012],[155.2514,36.9702],[155.2858,36.9397],[155.3209,36.9097],[155.3567,36.8802],[155.3932,36.8512],[155.4303,36.8227],[155.468,36.7947],[155.5063,36.7672],[155.5453,36.7402],[155.5848,36.7138],[155.625,36.6879],[155.6657,36.6625],[155.7069,36.6378],[155.7487,36.6136],[155.791,36.5899],[155.8339,36.5669],[155.8773,36.5444],[155.9211,36.5226],[155.9655,36.5013],[156.0103,36.4806],[156.0555,36.4606],[156.1012,36.4412],[156.1473,36.4224],[156.1939,36.4042],[156.2408,36.3867],[156.2881,36.3698],[156.3358,36.3536],[156.3839,36.338],[156.4323,36.3231],[156.481,36.3089],[156.53,36.2953],[156.5793,36.2824],[156.6289,36.2701],[156.6787,36.2586],[156.7289,36.2477],[156.7792,36.2375],[156.8298,36.228],[156.8805,36.2192],[156.9315,36.2111],[156.9826,36.2037],[157.0339,36.1969],[157.0853,36.1909],[157.1369,36.1856],[157.1886,36.181],[157.2403,36.1771],[157.2922,36.1739],[157.3441,36.1714],[157.396,36.1697],[157.448,36.1686],[157.5,36.1682],[157.5,35.502],[157.5669,35.5025],[157.6337,35.5038],[157.7005,35.5061],[157.7672,35.5093],[157.8339,35.5134],[157.9004,35.5184],[157.9669,35.5244],[158.0331,35.5312],[158.0993,35.5389],[158.1652,35.5476],[158.2309,35.5571],[158.2965,35.5675],[158.3617,35.5789],[158.4267,35.5911],[158.4915,35.6042],[158.5559,35.6182],[158.62,35.633],[158.6838,35.6488],[158.7472,35.6654],[158.8102,35.6828],[158.8728,35.7011],[158.935,35.7203],[158.9968,35.7403],[159.0581,35.7612],[159.1189,35.7829],[159.1793,35.8054],[159.2391,35.8288],[159.2984,35.8529],[159.3572,35.8779],[159.4154,35.9037],[159.473,35.9302],[159.53,35.9576],[159.5864,35.9857],[159.6421,36.0146],[159.6972,36.0442],[159.7517,36.0746],[159.8054,36.1057],[159.8584,36.1376],[159.9108,36.1701],[159.9624,36.2034],[160.0132,36.2374],[160.0633,36.2721],[160.1126,36.3074],[160.1611,36.3434],[160.2088,36.3801],[160.2556,36.4174],[160.3016,36.4554],[160.3468,36.494],[160.3911,36.5331],[160.4345,36.5729],[160.4771,36.6133],[160.5187,36.6543],[160.5594,36.6958],[160.5991,36.7378],[160.638,36.7804],[160.6758,36.8236],[160.7127,36.8672],[160.7487,36.9113],[160.7836,36.9559],[160.8175,37.001],[160.8505,37.0466],[160.8824,37.0925],[160.9132,37.1389],[160.9431,37.1858],[160.9718,37.233],[160.9996,37.2806],[161.0262,37.3286],[161.0518,37.3769],[161.0763,37.4256],[161.0997,37.4746],[161.122,37.524],[161.1433,37.5736],[161.1634,37.6235],[161.1824,37.6736],[161.2002,37.7241],[161.217,37.7747],[161.2326,37.8256],[161.247,37.8767],[161.2604,37.928],[161.2726,37.9794],[161.2836,38.031],[161.2935,38.0828],[161.3022,38.1346],[161.3098,38.1866],[161.3162,38.2387],[161.3214,38.2909],[161.3255,38.3431],[161.3284,38.3954],[161.3302,38.4477],[161.3308,38.5],[161.1179,38.5],[161.1174,38.5494],[161.1157,38.5988],[161.113,38.6482],[161.1091,38.6975],[161.1042,38.7468],[161.0981,38.796],[161.091,38.8451],[161.0827,38.8941],[161.0734,38.9429],[161.063,38.9917],[161.0515,39.0403],[161.0389,39.0887],[161.0252,39.1369],[161.0105,39.185],[160.9947,39.2328],[160.9778,39.2804],[160.9598,39.3278],[160.9409,39.375],[160.9208,39.4218],[160.8997,39.4684],[160.8776,39.5147],[160.8545,39.5607],[160.8303,39.6063],[160.8051,39.6516],[160.779,39.6966],[160.7518,39.7412],[160.7236,39.7854],[160.6944,39.8293],[160.6643,39.8727],[160.6332,39.9157],[160.6012,39.9583],[160.5682,40.0004],[160.5343,40.0421],[160.4994,40.0833],[160.4636,40.124],[160.427,40.1643],[160.3894,40.204],[160.351,40.2432],[160.3117,40.2819],[160.2715,40.32],[160.2305,40.3576],[160.1886,40.3946],[160.146,40.431],[160.1025,40.4669],[160.0583,40.5021],[160.0132,40.5368],[159.9674,40.5708],[159.9209,40.6042],[159.8736,40.6369],[159.8256,40.669],[159.7768,40.7004],[159.7274,40.7312],[159.6773,40.7613],[159.6266,40.7907],[159.5752,40.8194],[159.5231,40.8474],[159.4705,40.8746],[159.4172,40.9012],[159.3634,40.927],[159.309,40.9521],[159.254,40.9764],[159.1985,41.0],[159.1425,41.0228],[159.086,41.0449],[159.029,41.0661],[158.9715,41.0866],[158.9136,41.1063],[158.8553,41.1253],[158.7966,41.1434],[158.7374,41.1607],[158.6779,41.1772],[158.618,41.1928],[158.5578,41.2077],[158.4972,41.2217],[158.4364,41.2349],[158.3753,41.2473],[158.3139,41.2589],[158.2522,41.2696],[158.1903,41.2794],[158.1282,41.2884],[158.066,41.2966],[158.0035,41.3039],[157.9409,41.3103],[157.8782,41.3159],[157.8153,41.3207],[157.7524,41.3245],[157.6893,41.3275],[157.6263,41.3297],[157.5631,41.331],[157.5,41.3314]]]},"properties":{"storm_name":"KOGUMA-26","fuente":"GDACS","alertlevel":"Green","url":"https://www.gdacs.org/report.aspx?eventid=1001333&episodeid=21&eventtype=TC","paises":"","layer":"storm_track","kind":"wind_radii_forecast","wind_kt":34}},{"type":"Feature","geometry":{"type":"Polygon","coordinates":[[[157.5,39.4993],[157.5,38.9997],[157.4889,38.9996],[157.4777,38.9994],[157.4666,38.999],[157.4555,38.9984],[157.4444,38.9978],[157.4333,38.9969],[157.4222,38.9959],[157.4111,38.9948],[157.4001,38.9935],[157.3891,38.9921],[157.3782,38.9905],[157.3673,38.9887],[157.3564,38.9869],[157.3455,38.9848],[157.3348,38.9826],[157.324,38.9803],[157.3133,38.9778],[157.3027,38.9752],[157.2921,38.9724],[157.2816,38.9695],[157.2712,38.9665],[157.2608,38.9633],[157.2505,38.9599],[157.2403,38.9565],[157.2302,38.9528],[157.2201,38.9491],[157.2101,38.9452],[157.2003,38.9412],[157.1905,38.937],[157.1808,38.9327],[157.1712,38.9283],[157.1617,38.9237],[157.1523,38.9191],[157.143,38.9142],[157.1338,38.9093],[157.1247,38.9042],[157.1158,38.899],[157.1069,38.8937],[157.0982,38.8883],[157.0896,38.8828],[157.0811,38.8771],[157.0728,38.8713],[157.0646,38.8654],[157.0565,38.8594],[157.0485,38.8533],[157.0407,38.8471],[157.0331,38.8408],[157.0255,38.8343],[157.0181,38.8278],[157.0109,38.8212],[157.0038,38.8144],[156.9969,38.8076],[156.9901,38.8007],[156.9835,38.7937],[156.977,38.7866],[156.9707,38.7794],[156.9645,38.7721],[156.9586,38.7648],[156.9527,38.7573],[156.9471,38.7498],[156.9416,38.7422],[156.9363,38.7346],[156.9311,38.7268],[156.9262,38.719],[156.9214,38.7112],[156.9167,38.7032],[156.9123,38.6952],[156.908,38.6872],[156.9039,38.6791],[156.9,38.6709],[156.8963,38.6627],[156.8928,38.6544],[156.8894,38.6461],[156.8863,38.6377],[156.8833,38.6293],[156.8805,38.6209],[156.8779,38.6124],[156.8755,38.6039],[156.8733,38.5953],[156.8712,38.5868],[156.8694,38.5782],[156.8678,38.5695],[156.8663,38.5609],[156.865,38.5522],[156.864,38.5435],[156.8631,38.5349],[156.8624,38.5262],[156.8619,38.5174],[156.8616,38.5087],[156.8615,38.5],[156.4359,38.5],[156.4361,38.4855],[156.4365,38.4709],[156.4374,38.4564],[156.4385,38.4419],[156.44,38.4274],[156.4417,38.413],[156.4438,38.3985],[156.4463,38.3841],[156.449,38.3697],[156.4521,38.3554],[156.4555,38.3411],[156.4592,38.3269],[156.4632,38.3127],[156.4675,38.2985],[156.4722,38.2845],[156.4771,38.2705],[156.4824,38.2565],[156.488,38.2427],[156.4939,38.2289],[156.5001,38.2152],[156.5066,38.2016],[156.5134,38.188],[156.5205,38.1746],[156.5279,38.1613],[156.5356,38.1481],[156.5436,38.1349],[156.5519,38.1219],[156.5605,38.109],[156.5693,38.0963],[156.5785,38.0836],[156.5879,38.0711],[156.5976,38.0587],[156.6076,38.0464],[156.6178,38.0343],[156.6283,38.0223],[156.6391,38.0105],[156.6502,37.9988],[156.6615,37.9873],[156.673,37.9759],[156.6849,37.9647],[156.6969,37.9537],[156.7092,37.9428],[156.7218,37.9321],[156.7346,37.9215],[156.7476,37.9111],[156.7608,37.901],[156.7743,37.8909],[156.788,37.8811],[156.8019,37.8715],[156.816,37.8621],[156.8303,37.8528],[156.8449,37.8438],[156.8596,37.8349],[156.8745,37.8263],[156.8897,37.8178],[156.905,37.8096],[156.9205,37.8016],[156.9361,37.7938],[156.9519,37.7862],[156.968,37.7788],[156.9841,37.7716],[157.0004,37.7647],[157.0169,37.758],[157.0335,37.7515],[157.0503,37.7453],[157.0672,37.7392],[157.0842,37.7334],[157.1014,37.7279],[157.1187,37.7225],[157.1361,37.7175],[157.1536,37.7126],[157.1712,37.708],[157.1889,37.7036],[157.2067,37.6995],[157.2246,37.6956],[157.2426,37.692],[157.2606,37.6886],[157.2788,37.6854],[157.297,37.6825],[157.3152,37.6799],[157.3335,37.6775],[157.3519,37.6753],[157.3703,37.6734],[157.3888,37.6718],[157.4073,37.6704],[157.4258,37.6693],[157.4443,37.6684],[157.4629,37.6677],[157.4814,37.6674],[157.5,37.6672],[157.5,37.3341],[157.526,37.3343],[157.552,37.3348],[157.578,37.3357],[157.6039,37.337],[157.6298,37.3386],[157.6557,37.3405],[157.6816,37.3428],[157.7073,37.3455],[157.733,37.3485],[157.7587,37.3518],[157.7843,37.3555],[157.8097,37.3596],[157.8351,37.364],[157.8604,37.3688],[157.8856,37.3738],[157.9106,37.3793],[157.9356,37.3851],[157.9604,37.3912],[157.985,37.3976],[158.0095,37.4044],[158.0339,37.4116],[158.0581,37.419],[158.0821,37.4268],[158.1059,37.4349],[158.1296,37.4434],[158.1531,37.4521],[158.1763,37.4612],[158.1994,37.4706],[158.2222,37.4803],[158.2449,37.4903],[158.2673,37.5006],[158.2894,37.5113],[158.3114,37.5222],[158.3331,37.5334],[158.3545,37.545],[158.3756,37.5568],[158.3965,37.5689],[158.4172,37.5813],[158.4375,37.5939],[158.4576,37.6069],[158.4774,37.6201],[158.4968,37.6336],[158.516,37.6473],[158.5349,37.6613],[158.5534,37.6756],[158.5716,37.6901],[158.5895,37.7049],[158.6071,37.7199],[158.6243,37.7351],[158.6412,37.7506],[158.6577,37.7663],[158.6739,37.7822],[158.6898,37.7984],[158.7052,37.8147],[158.7203,37.8313],[158.735,37.848],[158.7494,37.865],[158.7634,37.8822],[158.777,37.8995],[158.7902,37.9171],[158.803,37.9348],[158.8154,37.9527],[158.8274,37.9707],[158.839,37.9889],[158.8502,38.0073],[158.8609,38.0258],[158.8713,38.0445],[158.8813,38.0633],[158.8908,38.0822],[158.8999,38.1012],[158.9086,38.1204],[158.9168,38.1397],[158.9246,38.1591],[158.932,38.1786],[158.939,38.1982],[158.9455,38.2179],[158.9516,38.2377],[158.9572,38.2576],[158.9624,38.2775],[158.9671,38.2975],[158.9714,38.3176],[158.9752,38.3377],[158.9786,38.3579],[158.9816,38.3781],[158.9841,38.3984],[158.9861,38.4187],[158.9877,38.439],[158.9888,38.4593],[158.9895,38.4797],[158.9897,38.5],[158.7769,38.5],[158.7767,38.5174],[158.7761,38.5349],[158.7752,38.5523],[158.7738,38.5697],[158.7721,38.5871],[158.7699,38.6045],[158.7674,38.6218],[158.7645,38.6391],[158.7612,38.6563],[158.7575,38.6735],[158.7535,38.6907],[158.749,38.7078],[158.7442,38.7248],[158.739,38.7418],[158.7334,38.7586],[158.7275,38.7755],[158.7211,38.7922],[158.7144,38.8088],[158.7073,38.8253],[158.6999,38.8418],[158.6921,38.8581],[158.6839,38.8744],[158.6754,38.8905],[158.6665,38.9065],[158.6573,38.9223],[158.6477,38.9381],[158.6377,38.9537],[158.6275,38.9692],[158.6168,38.9845],[158.6058,38.9997],[158.5945,39.0147],[158.5829,39.0296],[158.5709,39.0443],[158.5586,39.0588],[158.546,39.0732],[158.533,39.0874],[158.5198,39.1014],[158.5062,39.1152],[158.4924,39.1289],[158.4782,39.1424],[158.4637,39.1556],[158.4489,39.1687],[158.4339,39.1815],[158.4185,39.1942],[158.4029,39.2066],[158.387,39.2189],[158.3709,39.2309],[158.3544,39.2426],[158.3377,39.2542],[158.3208,39.2655],[158.3036,39.2766],[158.2861,39.2875],[158.2685,39.2981],[158.2506,39.3085],[158.2324,39.3186],[158.214,39.3285],[158.1955,39.3381],[158.1767,39.3475],[158.1577,39.3566],[158.1385,39.3654],[158.1191,39.374],[158.0995,39.3824],[158.0797,39.3904],[158.0598,39.3982],[158.0396,39.4057],[158.0194,39.4129],[157.9989,39.4199],[157.9783,39.4266],[157.9576,39.433],[157.9367,39.4391],[157.9157,39.4449],[157.8946,39.4504],[157.8733,39.4557],[157.852,39.4606],[157.8305,39.4653],[157.8089,39.4696],[157.7872,39.4737],[157.7655,39.4775],[157.7436,39.481],[157.7217,39.4841],[157.6998,39.487],[157.6777,39.4896],[157.6556,39.4919],[157.6335,39.4939],[157.6113,39.4955],[157.5891,39.4969],[157.5668,39.498],[157.5446,39.4987],[157.5223,39.4992],[157.5,39.4993]]]},"properties":{"storm_name":"KOGUMA-26","fuente":"GDACS","alertlevel":"Green","url":"https://www.gdacs.org/report.aspx?eventid=1001333&episodeid=21&eventtype=TC","paises":"","layer":"storm_track","kind":"wind_radii_forecast","wind_kt":34}},{"type":"Feature","geometry":{"type":"Polygon","coordinates":[[[157.5,39.1662],[157.5,38.5],[157.5,38.5],[157.5,38.5],[157.5,38.5],[157.5,38.5],[157.5,38.5],[157.5,38.5],[157.5,38.5],[157.5,38.5],[157.5,38.5],[157.5,38.5],[157.5,38.5],[157.5,38.5],[157.5,38.5],[157.5,38.5],[157.5,38.5],[157.5,38.5],[157.5,38.5],[157.5,38.5],[157.5,38.5],[157.5,38.5],[157.5,38.5],[157.5,38.5],[157.5,38.5],[157.5,38.5],[157.5,38.5],[157.5,38.5],[157.5,38.5],[157.5,38.5],[157.5,38.5],[157.5,38.5],[157.5,38.5],[157.5,38.5],[157.5,38.5],[157.5,38.5],[157.5,38.5],[157.5,38.5],[157.5,38.5],[157.5,38.5],[157.5,38.5],[157.5,38.5],[157.5,38.5],[157.5,38.5],[157.5,38.5],[157.5,38.5],[157.5,38.5],[157.5,38.5],[157.5,38.5],[157.5,38.5],[157.5,38.5],[157.5,38.5],[157.5,38.5],[157.5,38.5],[157.5,38.5],[157.5,38.5],[157.5,38.5],[157.5,38.5],[157.5,38.5],[157.5,38.5],[157.5,38.5],[157.5,38.5],[157.5,38.5],[157.5,38.5],[157.5,38.5],[157.5,38.5],[157.5,38.5],[157.5,38.5],[157.5,38.5],[157.5,38.5],[157.5,38.5],[157.5,38.5],[157.5,38.5],[157.5,38.5],[157.5,38.5],[157.5,38.5],[157.5,38.5],[157.5,38.5],[157.5,38.5],[157.5,38.5],[157.5,38.5],[157.5,38.5],[157.5,38.5],[157.5,38.5],[157.5,38.5],[157.5,38.5],[157.5,38.5],[157.5,38.5],[157.5,38.5],[157.5,38.5],[157.5,38.5],[157.5,38.5],[157.0744,38.5],[157.0744,38.4942],[157.0746,38.4884],[157.0749,38.4826],[157.0754,38.4768],[157.076,38.471],[157.0767,38.4652],[157.0775,38.4594],[157.0785,38.4536],[157.0796,38.4479],[157.0808,38.4422],[157.0822,38.4364],[157.0837,38.4307],[157.0853,38.4251],[157.087,38.4194],[157.0889,38.4138],[157.0908,38.4082],[157.093,38.4026],[157.0952,38.3971],[157.0976,38.3916],[157.1,38.3861],[157.1026,38.3806],[157.1054,38.3752],[157.1082,38.3698],[157.1112,38.3645],[157.1142,38.3592],[157.1174,38.354],[157.1208,38.3488],[157.1242,38.3436],[157.1277,38.3385],[157.1314,38.3334],[157.1352,38.3284],[157.139,38.3235],[157.143,38.3186],[157.1471,38.3137],[157.1513,38.3089],[157.1557,38.3042],[157.1601,38.2995],[157.1646,38.2949],[157.1692,38.2904],[157.1739,38.2859],[157.1788,38.2815],[157.1837,38.2771],[157.1887,38.2728],[157.1938,38.2686],[157.199,38.2645],[157.2043,38.2604],[157.2097,38.2564],[157.2152,38.2525],[157.2208,38.2486],[157.2264,38.2448],[157.2321,38.2411],[157.238,38.2375],[157.2438,38.234],[157.2498,38.2305],[157.2559,38.2271],[157.262,38.2238],[157.2682,38.2206],[157.2744,38.2175],[157.2808,38.2145],[157.2872,38.2115],[157.2936,38.2087],[157.3002,38.2059],[157.3068,38.2032],[157.3134,38.2006],[157.3201,38.1981],[157.3269,38.1957],[157.3337,38.1934],[157.3406,38.1911],[157.3475,38.189],[157.3544,38.187],[157.3614,38.185],[157.3685,38.1832],[157.3756,38.1814],[157.3827,38.1798],[157.3898,38.1782],[157.397,38.1768],[157.4043,38.1754],[157.4115,38.1742],[157.4188,38.173],[157.4261,38.172],[157.4334,38.171],[157.4408,38.1701],[157.4481,38.1694],[157.4555,38.1687],[157.4629,38.1682],[157.4703,38.1677],[157.4777,38.1673],[157.4851,38.1671],[157.4926,38.1669],[157.5,38.1669],[157.5,38.0003],[157.5111,38.0004],[157.5223,38.0006],[157.5334,38.001],[157.5445,38.0016],[157.5556,38.0022],[157.5667,38.0031],[157.5778,38.0041],[157.5889,38.0052],[157.5999,38.0065],[157.6109,38.0079],[157.6218,38.0095],[157.6327,38.0113],[157.6436,38.0131],[157.6545,38.0152],[157.6652,38.0174],[157.676,38.0197],[157.6867,38.0222],[157.6973,38.0248],[157.7079,38.0276],[157.7184,38.0305],[157.7288,38.0335],[157.7392,38.0367],[157.7495,38.0401],[157.7597,38.0435],[157.7698,38.0472],[157.7799,38.0509],[157.7899,38.0548],[157.7997,38.0588],[157.8095,38.063],[157.8192,38.0673],[157.8288,38.0717],[157.8383,38.0763],[157.8477,38.0809],[157.857,38.0858],[157.8662,38.0907],[157.8753,38.0958],[157.8842,38.101],[157.8931,38.1063],[157.9018,38.1117],[157.9104,38.1172],[157.9189,38.1229],[157.9272,38.1287],[157.9354,38.1346],[157.9435,38.1406],[157.9515,38.1467],[157.9593,38.1529],[157.9669,38.1592],[157.9745,38.1657],[157.9819,38.1722],[157.9891,38.1788],[157.9962,38.1856],[158.0031,38.1924],[158.0099,38.1993],[158.0165,38.2063],[158.023,38.2134],[158.0293,38.2206],[158.0355,38.2279],[158.0414,38.2352],[158.0473,38.2427],[158.0529,38.2502],[158.0584,38.2578],[158.0637,38.2654],[158.0689,38.2732],[158.0738,38.281],[158.0786,38.2888],[158.0833,38.2968],[158.0877,38.3048],[158.092,38.3128],[158.0961,38.3209],[158.1,38.3291],[158.1037,38.3373],[158.1072,38.3456],[158.1106,38.3539],[158.1137,38.3623],[158.1167,38.3707],[158.1195,38.3791],[158.1221,38.3876],[158.1245,38.3961],[158.1267,38.4047],[158.1288,38.4132],[158.1306,38.4218],[158.1322,38.4305],[158.1337,38.4391],[158.135,38.4478],[158.136,38.4565],[158.1369,38.4651],[158.1376,38.4738],[158.1381,38.4826],[158.1384,38.4913],[158.1385,38.5],[158.3513,38.5],[158.3511,38.5116],[158.3508,38.5233],[158.3501,38.5349],[158.3492,38.5465],[158.348,38.5581],[158.3466,38.5696],[158.3449,38.5812],[158.343,38.5927],[158.3408,38.6042],[158.3383,38.6157],[158.3356,38.6271],[158.3327,38.6385],[158.3295,38.6499],[158.326,38.6612],[158.3223,38.6724],[158.3183,38.6836],[158.3141,38.6948],[158.3096,38.7059],[158.3049,38.7169],[158.2999,38.7279],[158.2947,38.7388],[158.2893,38.7496],[158.2836,38.7603],[158.2777,38.771],[158.2715,38.7816],[158.2651,38.7921],[158.2585,38.8025],[158.2516,38.8128],[158.2445,38.823],[158.2372,38.8331],[158.2297,38.8431],[158.2219,38.853],[158.2139,38.8628],[158.2057,38.8725],[158.1973,38.8821],[158.1887,38.8916],[158.1799,38.9009],[158.1708,38.9102],[158.1616,38.9193],[158.1521,38.9282],[158.1425,38.9371],[158.1326,38.9458],[158.1226,38.9544],[158.1124,38.9628],[158.1019,38.9711],[158.0913,38.9792],[158.0806,38.9872],[158.0696,38.9951],[158.0585,39.0028],[158.0472,39.0104],[158.0357,39.0177],[158.0241,39.025],[158.0123,39.0321],[158.0004,39.039],[157.9883,39.0457],[157.976,39.0523],[157.9636,39.0587],[157.9511,39.065],[157.9384,39.0711],[157.9256,39.077],[157.9127,39.0827],[157.8997,39.0882],[157.8865,39.0936],[157.8732,39.0988],[157.8598,39.1038],[157.8462,39.1086],[157.8326,39.1133],[157.8189,39.1177],[157.8051,39.122],[157.7912,39.126],[157.7771,39.1299],[157.7631,39.1336],[157.7489,39.1371],[157.7346,39.1404],[157.7203,39.1435],[157.7059,39.1464],[157.6915,39.1491],[157.677,39.1517],[157.6624,39.154],[157.6478,39.1561],[157.6332,39.158],[157.6185,39.1597],[157.6037,39.1613],[157.589,39.1626],[157.5742,39.1637],[157.5594,39.1646],[157.5446,39.1653],[157.5297,39.1658],[157.5149,39.1661],[157.5,39.1662]]]},"properties":{"storm_name":"KOGUMA-26","fuente":"GDACS","alertlevel":"Green","url":"https://www.gdacs.org/report.aspx?eventid=1001333&episodeid=21&eventtype=TC","paises":"","layer":"storm_track","kind":"wind_radii_forecast","wind_kt":34}},{"type":"Feature","geometry":{"type":"LineString","coordinates":[[147.3,27.9],[148.0,30.2]]},"properties":{"storm_name":"KOGUMA-26","fuente":"GDACS","alertlevel":"Green","url":"https://www.gdacs.org/report.aspx?eventid=1001333&episodeid=21&eventtype=TC","paises":"","layer":"storm_track","kind":"forecast"}},{"type":"Feature","geometry":{"type":"LineString","coordinates":[[147.4,26.1],[147.3,27.9]]},"properties":{"storm_name":"KOGUMA-26","fuente":"GDACS","alertlevel":"Green","url":"https://www.gdacs.org/report.aspx?eventid=1001333&episodeid=21&eventtype=TC","paises":"","layer":"storm_track","kind":"forecast"}},{"type":"Feature","geometry":{"type":"LineString","coordinates":[[148.0,30.2],[150.2,32.7]]},"properties":{"storm_name":"KOGUMA-26","fuente":"GDACS","alertlevel":"Green","url":"https://www.gdacs.org/report.aspx?eventid=1001333&episodeid=21&eventtype=TC","paises":"","layer":"storm_track","kind":"forecast"}},{"type":"Feature","geometry":{"type":"LineString","coordinates":[[148.2,24.5],[147.4,26.1]]},"properties":{"storm_name":"KOGUMA-26","fuente":"GDACS","alertlevel":"Green","url":"https://www.gdacs.org/report.aspx?eventid=1001333&episodeid=21&eventtype=TC","paises":"","layer":"storm_track","kind":"forecast"}},{"type":"Feature","geometry":{"type":"LineString","coordinates":[[149.6,23.0],[148.2,24.5]]},"properties":{"storm_name":"KOGUMA-26","fuente":"GDACS","alertlevel":"Green","url":"https://www.gdacs.org/report.aspx?eventid=1001333&episodeid=21&eventtype=TC","paises":"","layer":"storm_track","kind":"forecast"}},{"type":"Feature","geometry":{"type":"LineString","coordinates":[[150.2,32.7],[157.5,38.5]]},"properties":{"storm_name":"KOGUMA-26","fuente":"GDACS","alertlevel":"Green","url":"https://www.gdacs.org/report.aspx?eventid=1001333&episodeid=21&eventtype=TC","paises":"","layer":"storm_track","kind":"forecast"}},{"type":"Feature","geometry":{"type":"LineString","coordinates":[[151.5,21.4],[149.6,23.0]]},"properties":{"storm_name":"KOGUMA-26","fuente":"GDACS","alertlevel":"Green","url":"https://www.gdacs.org/report.aspx?eventid=1001333&episodeid=21&eventtype=TC","paises":"","layer":"storm_track","kind":"forecast"}},{"type":"Feature","geometry":{"type":"LineString","coordinates":[[153.0,20.7],[151.5,21.4]]},"properties":{"storm_name":"KOGUMA-26","fuente":"GDACS","alertlevel":"Green","url":"https://www.gdacs.org/report.aspx?eventid=1001333&episodeid=21&eventtype=TC","paises":"","layer":"storm_track","kind":"forecast"}},{"type":"Feature","geometry":{"type":"LineString","coordinates":[[154.1,20.1],[153.0,20.7]]},"properties":{"storm_name":"KOGUMA-26","fuente":"GDACS","alertlevel":"Green","url":"https://www.gdacs.org/report.aspx?eventid=1001333&episodeid=21&eventtype=TC","paises":"","layer":"storm_track","kind":"forecast"}},{"type":"Feature","geometry":{"type":"LineString","coordinates":[[155.5,19.3],[154.1,20.1]]},"properties":{"storm_name":"KOGUMA-26","fuente":"GDACS","alertlevel":"Green","url":"https://www.gdacs.org/report.aspx?eventid=1001333&episodeid=21&eventtype=TC","paises":"","layer":"storm_track","kind":"forecast"}},{"type":"Feature","geometry":{"type":"LineString","coordinates":[[156.6,18.3],[155.5,19.3]]},"properties":{"storm_name":"KOGUMA-26","fuente":"GDACS","alertlevel":"Green","url":"https://www.gdacs.org/report.aspx?eventid=1001333&episodeid=21&eventtype=TC","paises":"","layer":"storm_track","kind":"forecast"}},{"type":"Feature","geometry":{"type":"LineString","coordinates":[[157.7,18.1],[156.6,18.3]]},"properties":{"storm_name":"KOGUMA-26","fuente":"GDACS","alertlevel":"Green","url":"https://www.gdacs.org/report.aspx?eventid=1001333&episodeid=21&eventtype=TC","paises":"","layer":"storm_track","kind":"forecast"}},{"type":"Feature","geometry":{"type":"LineString","coordinates":[[159.0,17.7],[157.7,18.1]]},"properties":{"storm_name":"KOGUMA-26","fuente":"GDACS","alertlevel":"Green","url":"https://www.gdacs.org/report.aspx?eventid=1001333&episodeid=21&eventtype=TC","paises":"","layer":"storm_track","kind":"forecast"}},{"type":"Feature","geometry":{"type":"LineString","coordinates":[[160.1,17.5],[159.0,17.7]]},"properties":{"storm_name":"KOGUMA-26","fuente":"GDACS","alertlevel":"Green","url":"https://www.gdacs.org/report.aspx?eventid=1001333&episodeid=21&eventtype=TC","paises":"","layer":"storm_track","kind":"forecast"}},{"type":"Feature","geometry":{"type":"LineString","coordinates":[[161.2,16.9],[160.1,17.5]]},"properties":{"storm_name":"KOGUMA-26","fuente":"GDACS","alertlevel":"Green","url":"https://www.gdacs.org/report.aspx?eventid=1001333&episodeid=21&eventtype=TC","paises":"","layer":"storm_track","kind":"forecast"}},{"type":"Feature","geometry":{"type":"LineString","coordinates":[[161.6,16.1],[161.2,16.9]]},"properties":{"storm_name":"KOGUMA-26","fuente":"GDACS","alertlevel":"Green","url":"https://www.gdacs.org/report.aspx?eventid=1001333&episodeid=21&eventtype=TC","paises":"","layer":"storm_track","kind":"forecast"}},{"type":"Feature","geometry":{"type":"LineString","coordinates":[[162.6,15.7],[161.6,16.1]]},"properties":{"storm_name":"KOGUMA-26","fuente":"GDACS","alertlevel":"Green","url":"https://www.gdacs.org/report.aspx?eventid=1001333&episodeid=21&eventtype=TC","paises":"","layer":"storm_track","kind":"forecast"}},{"type":"Feature","geometry":{"type":"LineString","coordinates":[[163.2,15.5],[162.6,15.7]]},"properties":{"storm_name":"KOGUMA-26","fuente":"GDACS","alertlevel":"Green","url":"https://www.gdacs.org/report.aspx?eventid=1001333&episodeid=21&eventtype=TC","paises":"","layer":"storm_track","kind":"forecast"}},{"type":"Feature","geometry":{"type":"LineString","coordinates":[[164.0,15.3],[163.2,15.5]]},"properties":{"storm_name":"KOGUMA-26","fuente":"GDACS","alertlevel":"Green","url":"https://www.gdacs.org/report.aspx?eventid=1001333&episodeid=21&eventtype=TC","paises":"","layer":"storm_track","kind":"forecast"}},{"type":"Feature","geometry":{"type":"LineString","coordinates":[[164.5,14.7],[164.0,15.3]]},"properties":{"storm_name":"KOGUMA-26","fuente":"GDACS","alertlevel":"Green","url":"https://www.gdacs.org/report.aspx?eventid=1001333&episodeid=21&eventtype=TC","paises":"","layer":"storm_track","kind":"forecast"}},{"type":"Feature","geometry":{"type":"LineString","coordinates":[[165.8,14.0],[164.5,14.7]]},"properties":{"storm_name":"KOGUMA-26","fuente":"GDACS","alertlevel":"Green","url":"https://www.gdacs.org/report.aspx?eventid=1001333&episodeid=21&eventtype=TC","paises":"","layer":"storm_track","kind":"forecast"}},{"type":"Feature","geometry":{"type":"LineString","coordinates":[[166.4,13.4],[165.8,14.0]]},"properties":{"storm_name":"KOGUMA-26","fuente":"GDACS","alertlevel":"Green","url":"https://www.gdacs.org/report.aspx?eventid=1001333&episodeid=21&eventtype=TC","paises":"","layer":"storm_track","kind":"forecast"}},{"type":"Feature","geometry":{"type":"LineString","coordinates":[[167.0,12.9],[166.4,13.4]]},"properties":{"storm_name":"KOGUMA-26","fuente":"GDACS","alertlevel":"Green","url":"https://www.gdacs.org/report.aspx?eventid=1001333&episodeid=21&eventtype=TC","paises":"","layer":"storm_track","kind":"forecast"}},{"type":"Feature","geometry":{"type":"LineString","coordinates":[[167.6,12.2],[167.0,12.9]]},"properties":{"storm_name":"KOGUMA-26","fuente":"GDACS","alertlevel":"Green","url":"https://www.gdacs.org/report.aspx?eventid=1001333&episodeid=21&eventtype=TC","paises":"","layer":"storm_track","kind":"forecast"}},{"type":"Feature","geometry":{"type":"LineString","coordinates":[[167.9,11.5],[167.6,12.2]]},"properties":{"storm_name":"KOGUMA-26","fuente":"GDACS","alertlevel":"Green","url":"https://www.gdacs.org/report.aspx?eventid=1001333&episodeid=21&eventtype=TC","paises":"","layer":"storm_track","kind":"forecast"}},{"type":"Feature","geometry":{"type":"LineString","coordinates":[[168.0,10.5],[168.0,11.0]]},"properties":{"storm_name":"KOGUMA-26","fuente":"GDACS","alertlevel":"Green","url":"https://www.gdacs.org/report.aspx?eventid=1001333&episodeid=21&eventtype=TC","paises":"","layer":"storm_track","kind":"forecast"}},{"type":"Feature","geometry":{"type":"LineString","coordinates":[[168.0,11.0],[167.9,11.5]]},"properties":{"storm_name":"KOGUMA-26","fuente":"GDACS","alertlevel":"Green","url":"https://www.gdacs.org/report.aspx?eventid=1001333&episodeid=21&eventtype=TC","paises":"","layer":"storm_track","kind":"forecast"}},{"type":"Feature","geometry":{"type":"Polygon","coordinates":[[[168.0,10.47],[168.0015,10.47],[168.0029,10.4701],[168.0044,10.4703],[168.0059,10.4706],[168.0073,10.4709],[168.0087,10.4713],[168.0101,10.4718],[168.0115,10.4723],[168.0128,10.4729],[168.0141,10.4735],[168.0154,10.4743],[168.0167,10.4751],[168.0179,10.4759],[168.019,10.4768],[168.0201,10.4778],[168.0212,10.4788],[168.0222,10.4799],[168.0232,10.481],[168.0241,10.4821],[168.0249,10.4833],[168.0257,10.4846],[168.0265,10.4859],[168.0271,10.4872],[168.0277,10.4885],[168.0282,10.4899],[168.0287,10.4913],[168.0291,10.4927],[168.0294,10.4941],[168.0297,10.4956],[168.0299,10.4971],[168.03,10.4985],[168.03,10.5],[168.03,10.5015],[168.0299,10.5029],[168.0297,10.5044],[168.0294,10.5059],[168.0291,10.5073],[168.0287,10.5087],[168.0282,10.5101],[168.0277,10.5115],[168.0271,10.5128],[168.0265,10.5141],[168.0257,10.5154],[168.0249,10.5167],[168.0241,10.5179],[168.0232,10.519],[168.0222,10.5201],[168.0212,10.5212],[168.0201,10.5222],[168.019,10.5232],[168.0179,10.5241],[168.0167,10.5249],[168.0154,10.5257],[168.0141,10.5265],[168.0128,10.5271],[168.0115,10.5277],[168.0101,10.5282],[168.0087,10.5287],[168.0073,10.5291],[168.0059,10.5294],[168.0044,10.5297],[168.0029,10.5299],[168.0015,10.53],[168.0,10.53],[167.9985,10.53],[167.9971,10.5299],[167.9956,10.5297],[167.9941,10.5294],[167.9927,10.5291],[167.9913,10.5287],[167.9899,10.5282],[167.9885,10.5277],[167.9872,10.5271],[167.9859,10.5265],[167.9846,10.5257],[167.9833,10.5249],[167.9821,10.5241],[167.981,10.5232],[167.9799,10.5222],[167.9788,10.5212],[167.9778,10.5201],[167.9768,10.519],[167.9759,10.5179],[167.9751,10.5167],[167.9743,10.5154],[167.9735,10.5141],[167.9729,10.5128],[167.9723,10.5115],[167.9718,10.5101],[167.9713,10.5087],[167.9709,10.5073],[167.9706,10.5059],[167.9703,10.5044],[167.9701,10.5029],[167.97,10.5015],[167.97,10.5],[167.97,10.4985],[167.9701,10.4971],[167.9703,10.4956],[167.9706,10.4941],[167.9709,10.4927],[167.9713,10.4913],[167.9718,10.4899],[167.9723,10.4885],[167.9729,10.4872],[167.9735,10.4859],[167.9743,10.4846],[167.9751,10.4833],[167.9759,10.4821],[167.9768,10.481],[167.9778,10.4799],[167.9788,10.4788],[167.9799,10.4778],[167.981,10.4768],[167.9821,10.4759],[167.9833,10.4751],[167.9846,10.4743],[167.9859,10.4735],[167.9872,10.4729],[167.9885,10.4723],[167.9899,10.4718],[167.9913,10.4713],[167.9927,10.4709],[167.9941,10.4706],[167.9956,10.4703],[167.9971,10.4701],[167.9985,10.47],[168.0,10.47]]]},"properties":{"storm_name":"KOGUMA-26","fuente":"GDACS","alertlevel":"Green","url":"https://www.gdacs.org/report.aspx?eventid=1001333&episodeid=21&eventtype=TC","paises":"","layer":"storm_track","kind":"wind_radii_forecast","wind_kt":34}},{"type":"Feature","geometry":{"type":"Polygon","coordinates":[[[168.0,10.97],[168.0015,10.97],[168.0029,10.9701],[168.0044,10.9703],[168.0059,10.9706],[168.0073,10.9709],[168.0087,10.9713],[168.0101,10.9718],[168.0115,10.9723],[168.0128,10.9729],[168.0141,10.9735],[168.0154,10.9743],[168.0167,10.9751],[168.0179,10.9759],[168.019,10.9768],[168.0201,10.9778],[168.0212,10.9788],[168.0222,10.9799],[168.0232,10.981],[168.0241,10.9821],[168.0249,10.9833],[168.0257,10.9846],[168.0265,10.9859],[168.0271,10.9872],[168.0277,10.9885],[168.0282,10.9899],[168.0287,10.9913],[168.0291,10.9927],[168.0294,10.9941],[168.0297,10.9956],[168.0299,10.9971],[168.03,10.9985],[168.03,11.0],[168.03,11.0015],[168.0299,11.0029],[168.0297,11.0044],[168.0294,11.0059],[168.0291,11.0073],[168.0287,11.0087],[168.0282,11.0101],[168.0277,11.0115],[168.0271,11.0128],[168.0265,11.0141],[168.0257,11.0154],[168.0249,11.0167],[168.0241,11.0179],[168.0232,11.019],[168.0222,11.0201],[168.0212,11.0212],[168.0201,11.0222],[168.019,11.0232],[168.0179,11.0241],[168.0167,11.0249],[168.0154,11.0257],[168.0141,11.0265],[168.0128,11.0271],[168.0115,11.0277],[168.0101,11.0282],[168.0087,11.0287],[168.0073,11.0291],[168.0059,11.0294],[168.0044,11.0297],[168.0029,11.0299],[168.0015,11.03],[168.0,11.03],[167.9985,11.03],[167.9971,11.0299],[167.9956,11.0297],[167.9941,11.0294],[167.9927,11.0291],[167.9913,11.0287],[167.9899,11.0282],[167.9885,11.0277],[167.9872,11.0271],[167.9859,11.0265],[167.9846,11.0257],[167.9833,11.0249],[167.9821,11.0241],[167.981,11.0232],[167.9799,11.0222],[167.9788,11.0212],[167.9778,11.0201],[167.9768,11.019],[167.9759,11.0179],[167.9751,11.0167],[167.9743,11.0154],[167.9735,11.0141],[167.9729,11.0128],[167.9723,11.0115],[167.9718,11.0101],[167.9713,11.0087],[167.9709,11.0073],[167.9706,11.0059],[167.9703,11.0044],[167.9701,11.0029],[167.97,11.0015],[167.97,11.0],[167.97,10.9985],[167.9701,10.9971],[167.9703,10.9956],[167.9706,10.9941],[167.9709,10.9927],[167.9713,10.9913],[167.9718,10.9899],[167.9723,10.9885],[167.9729,10.9872],[167.9735,10.9859],[167.9743,10.9846],[167.9751,10.9833],[167.9759,10.9821],[167.9768,10.981],[167.9778,10.9799],[167.9788,10.9788],[167.9799,10.9778],[167.981,10.9768],[167.9821,10.9759],[167.9833,10.9751],[167.9846,10.9743],[167.9859,10.9735],[167.9872,10.9729],[167.9885,10.9723],[167.9899,10.9718],[167.9913,10.9713],[167.9927,10.9709],[167.9941,10.9706],[167.9956,10.9703],[167.9971,10.9701],[167.9985,10.97],[168.0,10.97]]]},"properties":{"storm_name":"KOGUMA-26","fuente":"GDACS","alertlevel":"Green","url":"https://www.gdacs.org/report.aspx?eventid=1001333&episodeid=21&eventtype=TC","paises":"","layer":"storm_track","kind":"wind_radii_forecast","wind_kt":34}},{"type":"Feature","geometry":{"type":"Polygon","coordinates":[[[167.9,11.47],[167.9015,11.47],[167.9029,11.4701],[167.9044,11.4703],[167.9059,11.4706],[167.9073,11.4709],[167.9087,11.4713],[167.9101,11.4718],[167.9115,11.4723],[167.9128,11.4729],[167.9141,11.4735],[167.9154,11.4743],[167.9167,11.4751],[167.9179,11.4759],[167.919,11.4768],[167.9201,11.4778],[167.9212,11.4788],[167.9222,11.4799],[167.9232,11.481],[167.9241,11.4821],[167.9249,11.4833],[167.9257,11.4846],[167.9265,11.4859],[167.9271,11.4872],[167.9277,11.4885],[167.9282,11.4899],[167.9287,11.4913],[167.9291,11.4927],[167.9294,11.4941],[167.9297,11.4956],[167.9299,11.4971],[167.93,11.4985],[167.93,11.5],[167.93,11.5015],[167.9299,11.5029],[167.9297,11.5044],[167.9294,11.5059],[167.9291,11.5073],[167.9287,11.5087],[167.9282,11.5101],[167.9277,11.5115],[167.9271,11.5128],[167.9265,11.5141],[167.9257,11.5154],[167.9249,11.5167],[167.9241,11.5179],[167.9232,11.519],[167.9222,11.5201],[167.9212,11.5212],[167.9201,11.5222],[167.919,11.5232],[167.9179,11.5241],[167.9167,11.5249],[167.9154,11.5257],[167.9141,11.5265],[167.9128,11.5271],[167.9115,11.5277],[167.9101,11.5282],[167.9087,11.5287],[167.9073,11.5291],[167.9059,11.5294],[167.9044,11.5297],[167.9029,11.5299],[167.9015,11.53],[167.9,11.53],[167.8985,11.53],[167.8971,11.5299],[167.8956,11.5297],[167.8941,11.5294],[167.8927,11.5291],[167.8913,11.5287],[167.8899,11.5282],[167.8885,11.5277],[167.8872,11.5271],[167.8859,11.5265],[167.8846,11.5257],[167.8833,11.5249],[167.8821,11.5241],[167.881,11.5232],[167.8799,11.5222],[167.8788,11.5212],[167.8778,11.5201],[167.8768,11.519],[167.8759,11.5179],[167.8751,11.5167],[167.8743,11.5154],[167.8735,11.5141],[167.8729,11.5128],[167.8723,11.5115],[167.8718,11.5101],[167.8713,11.5087],[167.8709,11.5073],[167.8706,11.5059],[167.8703,11.5044],[167.8701,11.5029],[167.87,11.5015],[167.87,11.5],[167.87,11.4985],[167.8701,11.4971],[167.8703,11.4956],[167.8706,11.4941],[167.8709,11.4927],[167.8713,11.4913],[167.8718,11.4899],[167.8723,11.4885],[167.8729,11.4872],[167.8735,11.4859],[167.8743,11.4846],[167.8751,11.4833],[167.8759,11.4821],[167.8768,11.481],[167.8778,11.4799],[167.8788,11.4788],[167.8799,11.4778],[167.881,11.4768],[167.8821,11.4759],[167.8833,11.4751],[167.8846,11.4743],[167.8859,11.4735],[167.8872,11.4729],[167.8885,11.4723],[167.8899,11.4718],[167.8913,11.4713],[167.8927,11.4709],[167.8941,11.4706],[167.8956,11.4703],[167.8971,11.4701],[167.8985,11.47],[167.9,11.47]]]},"properties":{"storm_name":"KOGUMA-26","fuente":"GDACS","alertlevel":"Green","url":"https://www.gdacs.org/report.aspx?eventid=1001333&episodeid=21&eventtype=TC","paises":"","layer":"storm_track","kind":"wind_radii_forecast","wind_kt":34}},{"type":"Feature","geometry":{"type":"Polygon","coordinates":[[[167.6,12.17],[167.6015,12.17],[167.6029,12.1701],[167.6044,12.1703],[167.6059,12.1706],[167.6073,12.1709],[167.6087,12.1713],[167.6101,12.1718],[167.6115,12.1723],[167.6128,12.1729],[167.6141,12.1735],[167.6154,12.1743],[167.6167,12.1751],[167.6179,12.1759],[167.619,12.1768],[167.6201,12.1778],[167.6212,12.1788],[167.6222,12.1799],[167.6232,12.181],[167.6241,12.1821],[167.6249,12.1833],[167.6257,12.1846],[167.6265,12.1859],[167.6271,12.1872],[167.6277,12.1885],[167.6282,12.1899],[167.6287,12.1913],[167.6291,12.1927],[167.6294,12.1941],[167.6297,12.1956],[167.6299,12.1971],[167.63,12.1985],[167.63,12.2],[167.63,12.2015],[167.6299,12.2029],[167.6297,12.2044],[167.6294,12.2059],[167.6291,12.2073],[167.6287,12.2087],[167.6282,12.2101],[167.6277,12.2115],[167.6271,12.2128],[167.6265,12.2141],[167.6257,12.2154],[167.6249,12.2167],[167.6241,12.2179],[167.6232,12.219],[167.6222,12.2201],[167.6212,12.2212],[167.6201,12.2222],[167.619,12.2232],[167.6179,12.2241],[167.6167,12.2249],[167.6154,12.2257],[167.6141,12.2265],[167.6128,12.2271],[167.6115,12.2277],[167.6101,12.2282],[167.6087,12.2287],[167.6073,12.2291],[167.6059,12.2294],[167.6044,12.2297],[167.6029,12.2299],[167.6015,12.23],[167.6,12.23],[167.5985,12.23],[167.5971,12.2299],[167.5956,12.2297],[167.5941,12.2294],[167.5927,12.2291],[167.5913,12.2287],[167.5899,12.2282],[167.5885,12.2277],[167.5872,12.2271],[167.5859,12.2265],[167.5846,12.2257],[167.5833,12.2249],[167.5821,12.2241],[167.581,12.2232],[167.5799,12.2222],[167.5788,12.2212],[167.5778,12.2201],[167.5768,12.219],[167.5759,12.2179],[167.5751,12.2167],[167.5743,12.2154],[167.5735,12.2141],[167.5729,12.2128],[167.5723,12.2115],[167.5718,12.2101],[167.5713,12.2087],[167.5709,12.2073],[167.5706,12.2059],[167.5703,12.2044],[167.5701,12.2029],[167.57,12.2015],[167.57,12.2],[167.57,12.1985],[167.5701,12.1971],[167.5703,12.1956],[167.5706,12.1941],[167.5709,12.1927],[167.5713,12.1913],[167.5718,12.1899],[167.5723,12.1885],[167.5729,12.1872],[167.5735,12.1859],[167.5743,12.1846],[167.5751,12.1833],[167.5759,12.1821],[167.5768,12.181],[167.5778,12.1799],[167.5788,12.1788],[167.5799,12.1778],[167.581,12.1768],[167.5821,12.1759],[167.5833,12.1751],[167.5846,12.1743],[167.5859,12.1735],[167.5872,12.1729],[167.5885,12.1723],[167.5899,12.1718],[167.5913,12.1713],[167.5927,12.1709],[167.5941,12.1706],[167.5956,12.1703],[167.5971,12.1701],[167.5985,12.17],[167.6,12.17]]]},"properties":{"storm_name":"KOGUMA-26","fuente":"GDACS","alertlevel":"Green","url":"https://www.gdacs.org/report.aspx?eventid=1001333&episodeid=21&eventtype=TC","paises":"","layer":"storm_track","kind":"wind_radii_forecast","wind_kt":34}},{"type":"Feature","geometry":{"type":"Polygon","coordinates":[[[167.0,12.87],[167.0015,12.87],[167.0029,12.8701],[167.0044,12.8703],[167.0059,12.8706],[167.0073,12.8709],[167.0087,12.8713],[167.0101,12.8718],[167.0115,12.8723],[167.0128,12.8729],[167.0141,12.8735],[167.0154,12.8743],[167.0167,12.8751],[167.0179,12.8759],[167.019,12.8768],[167.0201,12.8778],[167.0212,12.8788],[167.0222,12.8799],[167.0232,12.881],[167.0241,12.8821],[167.0249,12.8833],[167.0257,12.8846],[167.0265,12.8859],[167.0271,12.8872],[167.0277,12.8885],[167.0282,12.8899],[167.0287,12.8913],[167.0291,12.8927],[167.0294,12.8941],[167.0297,12.8956],[167.0299,12.8971],[167.03,12.8985],[167.03,12.9],[167.03,12.9015],[167.0299,12.9029],[167.0297,12.9044],[167.0294,12.9059],[167.0291,12.9073],[167.0287,12.9087],[167.0282,12.9101],[167.0277,12.9115],[167.0271,12.9128],[167.0265,12.9141],[167.0257,12.9154],[167.0249,12.9167],[167.0241,12.9179],[167.0232,12.919],[167.0222,12.9201],[167.0212,12.9212],[167.0201,12.9222],[167.019,12.9232],[167.0179,12.9241],[167.0167,12.9249],[167.0154,12.9257],[167.0141,12.9265],[167.0128,12.9271],[167.0115,12.9277],[167.0101,12.9282],[167.0087,12.9287],[167.0073,12.9291],[167.0059,12.9294],[167.0044,12.9297],[167.0029,12.9299],[167.0015,12.93],[167.0,12.93],[166.9985,12.93],[166.9971,12.9299],[166.9956,12.9297],[166.9941,12.9294],[166.9927,12.9291],[166.9913,12.9287],[166.9899,12.9282],[166.9885,12.9277],[166.9872,12.9271],[166.9859,12.9265],[166.9846,12.9257],[166.9833,12.9249],[166.9821,12.9241],[166.981,12.9232],[166.9799,12.9222],[166.9788,12.9212],[166.9778,12.9201],[166.9768,12.919],[166.9759,12.9179],[166.9751,12.9167],[166.9743,12.9154],[166.9735,12.9141],[166.9729,12.9128],[166.9723,12.9115],[166.9718,12.9101],[166.9713,12.9087],[166.9709,12.9073],[166.9706,12.9059],[166.9703,12.9044],[166.9701,12.9029],[166.97,12.9015],[166.97,12.9],[166.97,12.8985],[166.9701,12.8971],[166.9703,12.8956],[166.9706,12.8941],[166.9709,12.8927],[166.9713,12.8913],[166.9718,12.8899],[166.9723,12.8885],[166.9729,12.8872],[166.9735,12.8859],[166.9743,12.8846],[166.9751,12.8833],[166.9759,12.8821],[166.9768,12.881],[166.9778,12.8799],[166.9788,12.8788],[166.9799,12.8778],[166.981,12.8768],[166.9821,12.8759],[166.9833,12.8751],[166.9846,12.8743],[166.9859,12.8735],[166.9872,12.8729],[166.9885,12.8723],[166.9899,12.8718],[166.9913,12.8713],[166.9927,12.8709],[166.9941,12.8706],[166.9956,12.8703],[166.9971,12.8701],[166.9985,12.87],[167.0,12.87]]]},"properties":{"storm_name":"KOGUMA-26","fuente":"GDACS","alertlevel":"Green","url":"https://www.gdacs.org/report.aspx?eventid=1001333&episodeid=21&eventtype=TC","paises":"","layer":"storm_track","kind":"wind_radii_forecast","wind_kt":34}},{"type":"Feature","geometry":{"type":"Polygon","coordinates":[[[166.4,13.37],[166.4015,13.37],[166.4029,13.3701],[166.4044,13.3703],[166.4059,13.3706],[166.4073,13.3709],[166.4087,13.3713],[166.4101,13.3718],[166.4115,13.3723],[166.4128,13.3729],[166.4141,13.3735],[166.4154,13.3743],[166.4167,13.3751],[166.4179,13.3759],[166.419,13.3768],[166.4201,13.3778],[166.4212,13.3788],[166.4222,13.3799],[166.4232,13.381],[166.4241,13.3821],[166.4249,13.3833],[166.4257,13.3846],[166.4265,13.3859],[166.4271,13.3872],[166.4277,13.3885],[166.4282,13.3899],[166.4287,13.3913],[166.4291,13.3927],[166.4294,13.3941],[166.4297,13.3956],[166.4299,13.3971],[166.43,13.3985],[166.43,13.4],[166.43,13.4015],[166.4299,13.4029],[166.4297,13.4044],[166.4294,13.4059],[166.4291,13.4073],[166.4287,13.4087],[166.4282,13.4101],[166.4277,13.4115],[166.4271,13.4128],[166.4265,13.4141],[166.4257,13.4154],[166.4249,13.4167],[166.4241,13.4179],[166.4232,13.419],[166.4222,13.4201],[166.4212,13.4212],[166.4201,13.4222],[166.419,13.4232],[166.4179,13.4241],[166.4167,13.4249],[166.4154,13.4257],[166.4141,13.4265],[166.4128,13.4271],[166.4115,13.4277],[166.4101,13.4282],[166.4087,13.4287],[166.4073,13.4291],[166.4059,13.4294],[166.4044,13.4297],[166.4029,13.4299],[166.4015,13.43],[166.4,13.43],[166.3985,13.43],[166.3971,13.4299],[166.3956,13.4297],[166.3941,13.4294],[166.3927,13.4291],[166.3913,13.4287],[166.3899,13.4282],[166.3885,13.4277],[166.3872,13.4271],[166.3859,13.4265],[166.3846,13.4257],[166.3833,13.4249],[166.3821,13.4241],[166.381,13.4232],[166.3799,13.4222],[166.3788,13.4212],[166.3778,13.4201],[166.3768,13.419],[166.3759,13.4179],[166.3751,13.4167],[166.3743,13.4154],[166.3735,13.4141],[166.3729,13.4128],[166.3723,13.4115],[166.3718,13.4101],[166.3713,13.4087],[166.3709,13.4073],[166.3706,13.4059],[166.3703,13.4044],[166.3701,13.4029],[166.37,13.4015],[166.37,13.4],[166.37,13.3985],[166.3701,13.3971],[166.3703,13.3956],[166.3706,13.3941],[166.3709,13.3927],[166.3713,13.3913],[166.3718,13.3899],[166.3723,13.3885],[166.3729,13.3872],[166.3735,13.3859],[166.3743,13.3846],[166.3751,13.3833],[166.3759,13.3821],[166.3768,13.381],[166.3778,13.3799],[166.3788,13.3788],[166.3799,13.3778],[166.381,13.3768],[166.3821,13.3759],[166.3833,13.3751],[166.3846,13.3743],[166.3859,13.3735],[166.3872,13.3729],[166.3885,13.3723],[166.3899,13.3718],[166.3913,13.3713],[166.3927,13.3709],[166.3941,13.3706],[166.3956,13.3703],[166.3971,13.3701],[166.3985,13.37],[166.4,13.37]]]},"properties":{"storm_name":"KOGUMA-26","fuente":"GDACS","alertlevel":"Green","url":"https://www.gdacs.org/report.aspx?eventid=1001333&episodeid=21&eventtype=TC","paises":"","layer":"storm_track","kind":"wind_radii_forecast","wind_kt":34}},{"type":"Feature","geometry":{"type":"Polygon","coordinates":[[[165.8,13.97],[165.8015,13.97],[165.8029,13.9701],[165.8044,13.9703],[165.8059,13.9706],[165.8073,13.9709],[165.8087,13.9713],[165.8101,13.9718],[165.8115,13.9723],[165.8128,13.9729],[165.8141,13.9735],[165.8154,13.9743],[165.8167,13.9751],[165.8179,13.9759],[165.819,13.9768],[165.8201,13.9778],[165.8212,13.9788],[165.8222,13.9799],[165.8232,13.981],[165.8241,13.9821],[165.8249,13.9833],[165.8257,13.9846],[165.8265,13.9859],[165.8271,13.9872],[165.8277,13.9885],[165.8282,13.9899],[165.8287,13.9913],[165.8291,13.9927],[165.8294,13.9941],[165.8297,13.9956],[165.8299,13.9971],[165.83,13.9985],[165.83,14.0],[165.83,14.0015],[165.8299,14.0029],[165.8297,14.0044],[165.8294,14.0059],[165.8291,14.0073],[165.8287,14.0087],[165.8282,14.0101],[165.8277,14.0115],[165.8271,14.0128],[165.8265,14.0141],[165.8257,14.0154],[165.8249,14.0167],[165.8241,14.0179],[165.8232,14.019],[165.8222,14.0201],[165.8212,14.0212],[165.8201,14.0222],[165.819,14.0232],[165.8179,14.0241],[165.8167,14.0249],[165.8154,14.0257],[165.8141,14.0265],[165.8128,14.0271],[165.8115,14.0277],[165.8101,14.0282],[165.8087,14.0287],[165.8073,14.0291],[165.8059,14.0294],[165.8044,14.0297],[165.8029,14.0299],[165.8015,14.03],[165.8,14.03],[165.7985,14.03],[165.7971,14.0299],[165.7956,14.0297],[165.7941,14.0294],[165.7927,14.0291],[165.7913,14.0287],[165.7899,14.0282],[165.7885,14.0277],[165.7872,14.0271],[165.7859,14.0265],[165.7846,14.0257],[165.7833,14.0249],[165.7821,14.0241],[165.781,14.0232],[165.7799,14.0222],[165.7788,14.0212],[165.7778,14.0201],[165.7768,14.019],[165.7759,14.0179],[165.7751,14.0167],[165.7743,14.0154],[165.7735,14.0141],[165.7729,14.0128],[165.7723,14.0115],[165.7718,14.0101],[165.7713,14.0087],[165.7709,14.0073],[165.7706,14.0059],[165.7703,14.0044],[165.7701,14.0029],[165.77,14.0015],[165.77,14.0],[165.77,13.9985],[165.7701,13.9971],[165.7703,13.9956],[165.7706,13.9941],[165.7709,13.9927],[165.7713,13.9913],[165.7718,13.9899],[165.7723,13.9885],[165.7729,13.9872],[165.7735,13.9859],[165.7743,13.9846],[165.7751,13.9833],[165.7759,13.9821],[165.7768,13.981],[165.7778,13.9799],[165.7788,13.9788],[165.7799,13.9778],[165.781,13.9768],[165.7821,13.9759],[165.7833,13.9751],[165.7846,13.9743],[165.7859,13.9735],[165.7872,13.9729],[165.7885,13.9723],[165.7899,13.9718],[165.7913,13.9713],[165.7927,13.9709],[165.7941,13.9706],[165.7956,13.9703],[165.7971,13.9701],[165.7985,13.97],[165.8,13.97]]]},"properties":{"storm_name":"KOGUMA-26","fuente":"GDACS","alertlevel":"Green","url":"https://www.gdacs.org/report.aspx?eventid=1001333&episodeid=21&eventtype=TC","paises":"","layer":"storm_track","kind":"wind_radii_forecast","wind_kt":34}},{"type":"Feature","geometry":{"type":"Polygon","coordinates":[[[164.5,14.67],[164.5015,14.67],[164.5029,14.6701],[164.5044,14.6703],[164.5059,14.6706],[164.5073,14.6709],[164.5087,14.6713],[164.5101,14.6718],[164.5115,14.6723],[164.5128,14.6729],[164.5141,14.6735],[164.5154,14.6743],[164.5167,14.6751],[164.5179,14.6759],[164.519,14.6768],[164.5201,14.6778],[164.5212,14.6788],[164.5222,14.6799],[164.5232,14.681],[164.5241,14.6821],[164.5249,14.6833],[164.5257,14.6846],[164.5265,14.6859],[164.5271,14.6872],[164.5277,14.6885],[164.5282,14.6899],[164.5287,14.6913],[164.5291,14.6927],[164.5294,14.6941],[164.5297,14.6956],[164.5299,14.6971],[164.53,14.6985],[164.53,14.7],[164.53,14.7015],[164.5299,14.7029],[164.5297,14.7044],[164.5294,14.7059],[164.5291,14.7073],[164.5287,14.7087],[164.5282,14.7101],[164.5277,14.7115],[164.5271,14.7128],[164.5265,14.7141],[164.5257,14.7154],[164.5249,14.7167],[164.5241,14.7179],[164.5232,14.719],[164.5222,14.7201],[164.5212,14.7212],[164.5201,14.7222],[164.519,14.7232],[164.5179,14.7241],[164.5167,14.7249],[164.5154,14.7257],[164.5141,14.7265],[164.5128,14.7271],[164.5115,14.7277],[164.5101,14.7282],[164.5087,14.7287],[164.5073,14.7291],[164.5059,14.7294],[164.5044,14.7297],[164.5029,14.7299],[164.5015,14.73],[164.5,14.73],[164.4985,14.73],[164.4971,14.7299],[164.4956,14.7297],[164.4941,14.7294],[164.4927,14.7291],[164.4913,14.7287],[164.4899,14.7282],[164.4885,14.7277],[164.4872,14.7271],[164.4859,14.7265],[164.4846,14.7257],[164.4833,14.7249],[164.4821,14.7241],[164.481,14.7232],[164.4799,14.7222],[164.4788,14.7212],[164.4778,14.7201],[164.4768,14.719],[164.4759,14.7179],[164.4751,14.7167],[164.4743,14.7154],[164.4735,14.7141],[164.4729,14.7128],[164.4723,14.7115],[164.4718,14.7101],[164.4713,14.7087],[164.4709,14.7073],[164.4706,14.7059],[164.4703,14.7044],[164.4701,14.7029],[164.47,14.7015],[164.47,14.7],[164.47,14.6985],[164.4701,14.6971],[164.4703,14.6956],[164.4706,14.6941],[164.4709,14.6927],[164.4713,14.6913],[164.4718,14.6899],[164.4723,14.6885],[164.4729,14.6872],[164.4735,14.6859],[164.4743,14.6846],[164.4751,14.6833],[164.4759,14.6821],[164.4768,14.681],[164.4778,14.6799],[164.4788,14.6788],[164.4799,14.6778],[164.481,14.6768],[164.4821,14.6759],[164.4833,14.6751],[164.4846,14.6743],[164.4859,14.6735],[164.4872,14.6729],[164.4885,14.6723],[164.4899,14.6718],[164.4913,14.6713],[164.4927,14.6709],[164.4941,14.6706],[164.4956,14.6703],[164.4971,14.6701],[164.4985,14.67],[164.5,14.67]]]},"properties":{"storm_name":"KOGUMA-26","fuente":"GDACS","alertlevel":"Green","url":"https://www.gdacs.org/report.aspx?eventid=1001333&episodeid=21&eventtype=TC","paises":"","layer":"storm_track","kind":"wind_radii_forecast","wind_kt":34}},{"type":"Feature","geometry":{"type":"Polygon","coordinates":[[[164.0,15.27],[164.0015,15.27],[164.0029,15.2701],[164.0044,15.2703],[164.0059,15.2706],[164.0073,15.2709],[164.0087,15.2713],[164.0101,15.2718],[164.0115,15.2723],[164.0128,15.2729],[164.0141,15.2735],[164.0154,15.2743],[164.0167,15.2751],[164.0179,15.2759],[164.019,15.2768],[164.0201,15.2778],[164.0212,15.2788],[164.0222,15.2799],[164.0232,15.281],[164.0241,15.2821],[164.0249,15.2833],[164.0257,15.2846],[164.0265,15.2859],[164.0271,15.2872],[164.0277,15.2885],[164.0282,15.2899],[164.0287,15.2913],[164.0291,15.2927],[164.0294,15.2941],[164.0297,15.2956],[164.0299,15.2971],[164.03,15.2985],[164.03,15.3],[164.03,15.3015],[164.0299,15.3029],[164.0297,15.3044],[164.0294,15.3059],[164.0291,15.3073],[164.0287,15.3087],[164.0282,15.3101],[164.0277,15.3115],[164.0271,15.3128],[164.0265,15.3141],[164.0257,15.3154],[164.0249,15.3167],[164.0241,15.3179],[164.0232,15.319],[164.0222,15.3201],[164.0212,15.3212],[164.0201,15.3222],[164.019,15.3232],[164.0179,15.3241],[164.0167,15.3249],[164.0154,15.3257],[164.0141,15.3265],[164.0128,15.3271],[164.0115,15.3277],[164.0101,15.3282],[164.0087,15.3287],[164.0073,15.3291],[164.0059,15.3294],[164.0044,15.3297],[164.0029,15.3299],[164.0015,15.33],[164.0,15.33],[163.9985,15.33],[163.9971,15.3299],[163.9956,15.3297],[163.9941,15.3294],[163.9927,15.3291],[163.9913,15.3287],[163.9899,15.3282],[163.9885,15.3277],[163.9872,15.3271],[163.9859,15.3265],[163.9846,15.3257],[163.9833,15.3249],[163.9821,15.3241],[163.981,15.3232],[163.9799,15.3222],[163.9788,15.3212],[163.9778,15.3201],[163.9768,15.319],[163.9759,15.3179],[163.9751,15.3167],[163.9743,15.3154],[163.9735,15.3141],[163.9729,15.3128],[163.9723,15.3115],[163.9718,15.3101],[163.9713,15.3087],[163.9709,15.3073],[163.9706,15.3059],[163.9703,15.3044],[163.9701,15.3029],[163.97,15.3015],[163.97,15.3],[163.97,15.2985],[163.9701,15.2971],[163.9703,15.2956],[163.9706,15.2941],[163.9709,15.2927],[163.9713,15.2913],[163.9718,15.2899],[163.9723,15.2885],[163.9729,15.2872],[163.9735,15.2859],[163.9743,15.2846],[163.9751,15.2833],[163.9759,15.2821],[163.9768,15.281],[163.9778,15.2799],[163.9788,15.2788],[163.9799,15.2778],[163.981,15.2768],[163.9821,15.2759],[163.9833,15.2751],[163.9846,15.2743],[163.9859,15.2735],[163.9872,15.2729],[163.9885,15.2723],[163.9899,15.2718],[163.9913,15.2713],[163.9927,15.2709],[163.9941,15.2706],[163.9956,15.2703],[163.9971,15.2701],[163.9985,15.27],[164.0,15.27]]]},"properties":{"storm_name":"KOGUMA-26","fuente":"GDACS","alertlevel":"Green","url":"https://www.gdacs.org/report.aspx?eventid=1001333&episodeid=21&eventtype=TC","paises":"","layer":"storm_track","kind":"wind_radii_forecast","wind_kt":34}},{"type":"Feature","geometry":{"type":"Polygon","coordinates":[[[163.2,15.47],[163.2015,15.47],[163.2029,15.4701],[163.2044,15.4703],[163.2059,15.4706],[163.2073,15.4709],[163.2087,15.4713],[163.2101,15.4718],[163.2115,15.4723],[163.2128,15.4729],[163.2141,15.4735],[163.2154,15.4743],[163.2167,15.4751],[163.2179,15.4759],[163.219,15.4768],[163.2201,15.4778],[163.2212,15.4788],[163.2222,15.4799],[163.2232,15.481],[163.2241,15.4821],[163.2249,15.4833],[163.2257,15.4846],[163.2265,15.4859],[163.2271,15.4872],[163.2277,15.4885],[163.2282,15.4899],[163.2287,15.4913],[163.2291,15.4927],[163.2294,15.4941],[163.2297,15.4956],[163.2299,15.4971],[163.23,15.4985],[163.23,15.5],[163.23,15.5015],[163.2299,15.5029],[163.2297,15.5044],[163.2294,15.5059],[163.2291,15.5073],[163.2287,15.5087],[163.2282,15.5101],[163.2277,15.5115],[163.2271,15.5128],[163.2265,15.5141],[163.2257,15.5154],[163.2249,15.5167],[163.2241,15.5179],[163.2232,15.519],[163.2222,15.5201],[163.2212,15.5212],[163.2201,15.5222],[163.219,15.5232],[163.2179,15.5241],[163.2167,15.5249],[163.2154,15.5257],[163.2141,15.5265],[163.2128,15.5271],[163.2115,15.5277],[163.2101,15.5282],[163.2087,15.5287],[163.2073,15.5291],[163.2059,15.5294],[163.2044,15.5297],[163.2029,15.5299],[163.2015,15.53],[163.2,15.53],[163.1985,15.53],[163.1971,15.5299],[163.1956,15.5297],[163.1941,15.5294],[163.1927,15.5291],[163.1913,15.5287],[163.1899,15.5282],[163.1885,15.5277],[163.1872,15.5271],[163.1859,15.5265],[163.1846,15.5257],[163.1833,15.5249],[163.1821,15.5241],[163.181,15.5232],[163.1799,15.5222],[163.1788,15.5212],[163.1778,15.5201],[163.1768,15.519],[163.1759,15.5179],[163.1751,15.5167],[163.1743,15.5154],[163.1735,15.5141],[163.1729,15.5128],[163.1723,15.5115],[163.1718,15.5101],[163.1713,15.5087],[163.1709,15.5073],[163.1706,15.5059],[163.1703,15.5044],[163.1701,15.5029],[163.17,15.5015],[163.17,15.5],[163.17,15.4985],[163.1701,15.4971],[163.1703,15.4956],[163.1706,15.4941],[163.1709,15.4927],[163.1713,15.4913],[163.1718,15.4899],[163.1723,15.4885],[163.1729,15.4872],[163.1735,15.4859],[163.1743,15.4846],[163.1751,15.4833],[163.1759,15.4821],[163.1768,15.481],[163.1778,15.4799],[163.1788,15.4788],[163.1799,15.4778],[163.181,15.4768],[163.1821,15.4759],[163.1833,15.4751],[163.1846,15.4743],[163.1859,15.4735],[163.1872,15.4729],[163.1885,15.4723],[163.1899,15.4718],[163.1913,15.4713],[163.1927,15.4709],[163.1941,15.4706],[163.1956,15.4703],[163.1971,15.4701],[163.1985,15.47],[163.2,15.47]]]},"properties":{"storm_name":"KOGUMA-26","fuente":"GDACS","alertlevel":"Green","url":"https://www.gdacs.org/report.aspx?eventid=1001333&episodeid=21&eventtype=TC","paises":"","layer":"storm_track","kind":"wind_radii_forecast","wind_kt":34}},{"type":"Feature","geometry":{"type":"Polygon","coordinates":[[[162.6,15.67],[162.6015,15.67],[162.6029,15.6701],[162.6044,15.6703],[162.6059,15.6706],[162.6073,15.6709],[162.6087,15.6713],[162.6101,15.6718],[162.6115,15.6723],[162.6128,15.6729],[162.6141,15.6735],[162.6154,15.6743],[162.6167,15.6751],[162.6179,15.6759],[162.619,15.6768],[162.6201,15.6778],[162.6212,15.6788],[162.6222,15.6799],[162.6232,15.681],[162.6241,15.6821],[162.6249,15.6833],[162.6257,15.6846],[162.6265,15.6859],[162.6271,15.6872],[162.6277,15.6885],[162.6282,15.6899],[162.6287,15.6913],[162.6291,15.6927],[162.6294,15.6941],[162.6297,15.6956],[162.6299,15.6971],[162.63,15.6985],[162.63,15.7],[162.63,15.7015],[162.6299,15.7029],[162.6297,15.7044],[162.6294,15.7059],[162.6291,15.7073],[162.6287,15.7087],[162.6282,15.7101],[162.6277,15.7115],[162.6271,15.7128],[162.6265,15.7141],[162.6257,15.7154],[162.6249,15.7167],[162.6241,15.7179],[162.6232,15.719],[162.6222,15.7201],[162.6212,15.7212],[162.6201,15.7222],[162.619,15.7232],[162.6179,15.7241],[162.6167,15.7249],[162.6154,15.7257],[162.6141,15.7265],[162.6128,15.7271],[162.6115,15.7277],[162.6101,15.7282],[162.6087,15.7287],[162.6073,15.7291],[162.6059,15.7294],[162.6044,15.7297],[162.6029,15.7299],[162.6015,15.73],[162.6,15.73],[162.5985,15.73],[162.5971,15.7299],[162.5956,15.7297],[162.5941,15.7294],[162.5927,15.7291],[162.5913,15.7287],[162.5899,15.7282],[162.5885,15.7277],[162.5872,15.7271],[162.5859,15.7265],[162.5846,15.7257],[162.5833,15.7249],[162.5821,15.7241],[162.581,15.7232],[162.5799,15.7222],[162.5788,15.7212],[162.5778,15.7201],[162.5768,15.719],[162.5759,15.7179],[162.5751,15.7167],[162.5743,15.7154],[162.5735,15.7141],[162.5729,15.7128],[162.5723,15.7115],[162.5718,15.7101],[162.5713,15.7087],[162.5709,15.7073],[162.5706,15.7059],[162.5703,15.7044],[162.5701,15.7029],[162.57,15.7015],[162.57,15.7],[162.57,15.6985],[162.5701,15.6971],[162.5703,15.6956],[162.5706,15.6941],[162.5709,15.6927],[162.5713,15.6913],[162.5718,15.6899],[162.5723,15.6885],[162.5729,15.6872],[162.5735,15.6859],[162.5743,15.6846],[162.5751,15.6833],[162.5759,15.6821],[162.5768,15.681],[162.5778,15.6799],[162.5788,15.6788],[162.5799,15.6778],[162.581,15.6768],[162.5821,15.6759],[162.5833,15.6751],[162.5846,15.6743],[162.5859,15.6735],[162.5872,15.6729],[162.5885,15.6723],[162.5899,15.6718],[162.5913,15.6713],[162.5927,15.6709],[162.5941,15.6706],[162.5956,15.6703],[162.5971,15.6701],[162.5985,15.67],[162.6,15.67]]]},"properties":{"storm_name":"KOGUMA-26","fuente":"GDACS","alertlevel":"Green","url":"https://www.gdacs.org/report.aspx?eventid=1001333&episodeid=21&eventtype=TC","paises":"","layer":"storm_track","kind":"wind_radii_forecast","wind_kt":34}},{"type":"Feature","geometry":{"type":"Polygon","coordinates":[[[161.6,16.07],[161.6015,16.07],[161.6029,16.0701],[161.6044,16.0703],[161.6059,16.0706],[161.6073,16.0709],[161.6087,16.0713],[161.6101,16.0718],[161.6115,16.0723],[161.6128,16.0729],[161.6141,16.0735],[161.6154,16.0743],[161.6167,16.0751],[161.6179,16.0759],[161.619,16.0768],[161.6201,16.0778],[161.6212,16.0788],[161.6222,16.0799],[161.6232,16.081],[161.6241,16.0821],[161.6249,16.0833],[161.6257,16.0846],[161.6265,16.0859],[161.6271,16.0872],[161.6277,16.0885],[161.6282,16.0899],[161.6287,16.0913],[161.6291,16.0927],[161.6294,16.0941],[161.6297,16.0956],[161.6299,16.0971],[161.63,16.0985],[161.63,16.1],[161.63,16.1015],[161.6299,16.1029],[161.6297,16.1044],[161.6294,16.1059],[161.6291,16.1073],[161.6287,16.1087],[161.6282,16.1101],[161.6277,16.1115],[161.6271,16.1128],[161.6265,16.1141],[161.6257,16.1154],[161.6249,16.1167],[161.6241,16.1179],[161.6232,16.119],[161.6222,16.1201],[161.6212,16.1212],[161.6201,16.1222],[161.619,16.1232],[161.6179,16.1241],[161.6167,16.1249],[161.6154,16.1257],[161.6141,16.1265],[161.6128,16.1271],[161.6115,16.1277],[161.6101,16.1282],[161.6087,16.1287],[161.6073,16.1291],[161.6059,16.1294],[161.6044,16.1297],[161.6029,16.1299],[161.6015,16.13],[161.6,16.13],[161.5985,16.13],[161.5971,16.1299],[161.5956,16.1297],[161.5941,16.1294],[161.5927,16.1291],[161.5913,16.1287],[161.5899,16.1282],[161.5885,16.1277],[161.5872,16.1271],[161.5859,16.1265],[161.5846,16.1257],[161.5833,16.1249],[161.5821,16.1241],[161.581,16.1232],[161.5799,16.1222],[161.5788,16.1212],[161.5778,16.1201],[161.5768,16.119],[161.5759,16.1179],[161.5751,16.1167],[161.5743,16.1154],[161.5735,16.1141],[161.5729,16.1128],[161.5723,16.1115],[161.5718,16.1101],[161.5713,16.1087],[161.5709,16.1073],[161.5706,16.1059],[161.5703,16.1044],[161.5701,16.1029],[161.57,16.1015],[161.57,16.1],[161.57,16.0985],[161.5701,16.0971],[161.5703,16.0956],[161.5706,16.0941],[161.5709,16.0927],[161.5713,16.0913],[161.5718,16.0899],[161.5723,16.0885],[161.5729,16.0872],[161.5735,16.0859],[161.5743,16.0846],[161.5751,16.0833],[161.5759,16.0821],[161.5768,16.081],[161.5778,16.0799],[161.5788,16.0788],[161.5799,16.0778],[161.581,16.0768],[161.5821,16.0759],[161.5833,16.0751],[161.5846,16.0743],[161.5859,16.0735],[161.5872,16.0729],[161.5885,16.0723],[161.5899,16.0718],[161.5913,16.0713],[161.5927,16.0709],[161.5941,16.0706],[161.5956,16.0703],[161.5971,16.0701],[161.5985,16.07],[161.6,16.07]]]},"properties":{"storm_name":"KOGUMA-26","fuente":"GDACS","alertlevel":"Green","url":"https://www.gdacs.org/report.aspx?eventid=1001333&episodeid=21&eventtype=TC","paises":"","layer":"storm_track","kind":"wind_radii_forecast","wind_kt":34}},{"type":"Feature","geometry":{"type":"Polygon","coordinates":[[[161.2,16.87],[161.2015,16.87],[161.2029,16.8701],[161.2044,16.8703],[161.2059,16.8706],[161.2073,16.8709],[161.2087,16.8713],[161.2101,16.8718],[161.2115,16.8723],[161.2128,16.8729],[161.2141,16.8735],[161.2154,16.8743],[161.2167,16.8751],[161.2179,16.8759],[161.219,16.8768],[161.2201,16.8778],[161.2212,16.8788],[161.2222,16.8799],[161.2232,16.881],[161.2241,16.8821],[161.2249,16.8833],[161.2257,16.8846],[161.2265,16.8859],[161.2271,16.8872],[161.2277,16.8885],[161.2282,16.8899],[161.2287,16.8913],[161.2291,16.8927],[161.2294,16.8941],[161.2297,16.8956],[161.2299,16.8971],[161.23,16.8985],[161.23,16.9],[161.23,16.9015],[161.2299,16.9029],[161.2297,16.9044],[161.2294,16.9059],[161.2291,16.9073],[161.2287,16.9087],[161.2282,16.9101],[161.2277,16.9115],[161.2271,16.9128],[161.2265,16.9141],[161.2257,16.9154],[161.2249,16.9167],[161.2241,16.9179],[161.2232,16.919],[161.2222,16.9201],[161.2212,16.9212],[161.2201,16.9222],[161.219,16.9232],[161.2179,16.9241],[161.2167,16.9249],[161.2154,16.9257],[161.2141,16.9265],[161.2128,16.9271],[161.2115,16.9277],[161.2101,16.9282],[161.2087,16.9287],[161.2073,16.9291],[161.2059,16.9294],[161.2044,16.9297],[161.2029,16.9299],[161.2015,16.93],[161.2,16.93],[161.1985,16.93],[161.1971,16.9299],[161.1956,16.9297],[161.1941,16.9294],[161.1927,16.9291],[161.1913,16.9287],[161.1899,16.9282],[161.1885,16.9277],[161.1872,16.9271],[161.1859,16.9265],[161.1846,16.9257],[161.1833,16.9249],[161.1821,16.9241],[161.181,16.9232],[161.1799,16.9222],[161.1788,16.9212],[161.1778,16.9201],[161.1768,16.919],[161.1759,16.9179],[161.1751,16.9167],[161.1743,16.9154],[161.1735,16.9141],[161.1729,16.9128],[161.1723,16.9115],[161.1718,16.9101],[161.1713,16.9087],[161.1709,16.9073],[161.1706,16.9059],[161.1703,16.9044],[161.1701,16.9029],[161.17,16.9015],[161.17,16.9],[161.17,16.8985],[161.1701,16.8971],[161.1703,16.8956],[161.1706,16.8941],[161.1709,16.8927],[161.1713,16.8913],[161.1718,16.8899],[161.1723,16.8885],[161.1729,16.8872],[161.1735,16.8859],[161.1743,16.8846],[161.1751,16.8833],[161.1759,16.8821],[161.1768,16.881],[161.1778,16.8799],[161.1788,16.8788],[161.1799,16.8778],[161.181,16.8768],[161.1821,16.8759],[161.1833,16.8751],[161.1846,16.8743],[161.1859,16.8735],[161.1872,16.8729],[161.1885,16.8723],[161.1899,16.8718],[161.1913,16.8713],[161.1927,16.8709],[161.1941,16.8706],[161.1956,16.8703],[161.1971,16.8701],[161.1985,16.87],[161.2,16.87]]]},"properties":{"storm_name":"KOGUMA-26","fuente":"GDACS","alertlevel":"Green","url":"https://www.gdacs.org/report.aspx?eventid=1001333&episodeid=21&eventtype=TC","paises":"","layer":"storm_track","kind":"wind_radii_forecast","wind_kt":34}},{"type":"Feature","geometry":{"type":"Polygon","coordinates":[[[160.1,17.47],[160.1015,17.47],[160.1029,17.4701],[160.1044,17.4703],[160.1059,17.4706],[160.1073,17.4709],[160.1087,17.4713],[160.1101,17.4718],[160.1115,17.4723],[160.1128,17.4729],[160.1141,17.4735],[160.1154,17.4743],[160.1167,17.4751],[160.1179,17.4759],[160.119,17.4768],[160.1201,17.4778],[160.1212,17.4788],[160.1222,17.4799],[160.1232,17.481],[160.1241,17.4821],[160.1249,17.4833],[160.1257,17.4846],[160.1265,17.4859],[160.1271,17.4872],[160.1277,17.4885],[160.1282,17.4899],[160.1287,17.4913],[160.1291,17.4927],[160.1294,17.4941],[160.1297,17.4956],[160.1299,17.4971],[160.13,17.4985],[160.13,17.5],[160.13,17.5015],[160.1299,17.5029],[160.1297,17.5044],[160.1294,17.5059],[160.1291,17.5073],[160.1287,17.5087],[160.1282,17.5101],[160.1277,17.5115],[160.1271,17.5128],[160.1265,17.5141],[160.1257,17.5154],[160.1249,17.5167],[160.1241,17.5179],[160.1232,17.519],[160.1222,17.5201],[160.1212,17.5212],[160.1201,17.5222],[160.119,17.5232],[160.1179,17.5241],[160.1167,17.5249],[160.1154,17.5257],[160.1141,17.5265],[160.1128,17.5271],[160.1115,17.5277],[160.1101,17.5282],[160.1087,17.5287],[160.1073,17.5291],[160.1059,17.5294],[160.1044,17.5297],[160.1029,17.5299],[160.1015,17.53],[160.1,17.53],[160.0985,17.53],[160.0971,17.5299],[160.0956,17.5297],[160.0941,17.5294],[160.0927,17.5291],[160.0913,17.5287],[160.0899,17.5282],[160.0885,17.5277],[160.0872,17.5271],[160.0859,17.5265],[160.0846,17.5257],[160.0833,17.5249],[160.0821,17.5241],[160.081,17.5232],[160.0799,17.5222],[160.0788,17.5212],[160.0778,17.5201],[160.0768,17.519],[160.0759,17.5179],[160.0751,17.5167],[160.0743,17.5154],[160.0735,17.5141],[160.0729,17.5128],[160.0723,17.5115],[160.0718,17.5101],[160.0713,17.5087],[160.0709,17.5073],[160.0706,17.5059],[160.0703,17.5044],[160.0701,17.5029],[160.07,17.5015],[160.07,17.5],[160.07,17.4985],[160.0701,17.4971],[160.0703,17.4956],[160.0706,17.4941],[160.0709,17.4927],[160.0713,17.4913],[160.0718,17.4899],[160.0723,17.4885],[160.0729,17.4872],[160.0735,17.4859],[160.0743,17.4846],[160.0751,17.4833],[160.0759,17.4821],[160.0768,17.481],[160.0778,17.4799],[160.0788,17.4788],[160.0799,17.4778],[160.081,17.4768],[160.0821,17.4759],[160.0833,17.4751],[160.0846,17.4743],[160.0859,17.4735],[160.0872,17.4729],[160.0885,17.4723],[160.0899,17.4718],[160.0913,17.4713],[160.0927,17.4709],[160.0941,17.4706],[160.0956,17.4703],[160.0971,17.4701],[160.0985,17.47],[160.1,17.47]]]},"properties":{"storm_name":"KOGUMA-26","fuente":"GDACS","alertlevel":"Green","url":"https://www.gdacs.org/report.aspx?eventid=1001333&episodeid=21&eventtype=TC","paises":"","layer":"storm_track","kind":"wind_radii_forecast","wind_kt":34}},{"type":"Feature","geometry":{"type":"Polygon","coordinates":[[[159.0,17.67],[159.0015,17.67],[159.0029,17.6701],[159.0044,17.6703],[159.0059,17.6706],[159.0073,17.6709],[159.0087,17.6713],[159.0101,17.6718],[159.0115,17.6723],[159.0128,17.6729],[159.0141,17.6735],[159.0154,17.6743],[159.0167,17.6751],[159.0179,17.6759],[159.019,17.6768],[159.0201,17.6778],[159.0212,17.6788],[159.0222,17.6799],[159.0232,17.681],[159.0241,17.6821],[159.0249,17.6833],[159.0257,17.6846],[159.0265,17.6859],[159.0271,17.6872],[159.0277,17.6885],[159.0282,17.6899],[159.0287,17.6913],[159.0291,17.6927],[159.0294,17.6941],[159.0297,17.6956],[159.0299,17.6971],[159.03,17.6985],[159.03,17.7],[159.03,17.7015],[159.0299,17.7029],[159.0297,17.7044],[159.0294,17.7059],[159.0291,17.7073],[159.0287,17.7087],[159.0282,17.7101],[159.0277,17.7115],[159.0271,17.7128],[159.0265,17.7141],[159.0257,17.7154],[159.0249,17.7167],[159.0241,17.7179],[159.0232,17.719],[159.0222,17.7201],[159.0212,17.7212],[159.0201,17.7222],[159.019,17.7232],[159.0179,17.7241],[159.0167,17.7249],[159.0154,17.7257],[159.0141,17.7265],[159.0128,17.7271],[159.0115,17.7277],[159.0101,17.7282],[159.0087,17.7287],[159.0073,17.7291],[159.0059,17.7294],[159.0044,17.7297],[159.0029,17.7299],[159.0015,17.73],[159.0,17.73],[158.9985,17.73],[158.9971,17.7299],[158.9956,17.7297],[158.9941,17.7294],[158.9927,17.7291],[158.9913,17.7287],[158.9899,17.7282],[158.9885,17.7277],[158.9872,17.7271],[158.9859,17.7265],[158.9846,17.7257],[158.9833,17.7249],[158.9821,17.7241],[158.981,17.7232],[158.9799,17.7222],[158.9788,17.7212],[158.9778,17.7201],[158.9768,17.719],[158.9759,17.7179],[158.9751,17.7167],[158.9743,17.7154],[158.9735,17.7141],[158.9729,17.7128],[158.9723,17.7115],[158.9718,17.7101],[158.9713,17.7087],[158.9709,17.7073],[158.9706,17.7059],[158.9703,17.7044],[158.9701,17.7029],[158.97,17.7015],[158.97,17.7],[158.97,17.6985],[158.9701,17.6971],[158.9703,17.6956],[158.9706,17.6941],[158.9709,17.6927],[158.9713,17.6913],[158.9718,17.6899],[158.9723,17.6885],[158.9729,17.6872],[158.9735,17.6859],[158.9743,17.6846],[158.9751,17.6833],[158.9759,17.6821],[158.9768,17.681],[158.9778,17.6799],[158.9788,17.6788],[158.9799,17.6778],[158.981,17.6768],[158.9821,17.6759],[158.9833,17.6751],[158.9846,17.6743],[158.9859,17.6735],[158.9872,17.6729],[158.9885,17.6723],[158.9899,17.6718],[158.9913,17.6713],[158.9927,17.6709],[158.9941,17.6706],[158.9956,17.6703],[158.9971,17.6701],[158.9985,17.67],[159.0,17.67]]]},"properties":{"storm_name":"KOGUMA-26","fuente":"GDACS","alertlevel":"Green","url":"https://www.gdacs.org/report.aspx?eventid=1001333&episodeid=21&eventtype=TC","paises":"","layer":"storm_track","kind":"wind_radii_forecast","wind_kt":34}},{"type":"Feature","geometry":{"type":"Polygon","coordinates":[[[157.7,18.07],[157.7015,18.07],[157.7029,18.0701],[157.7044,18.0703],[157.7059,18.0706],[157.7073,18.0709],[157.7087,18.0713],[157.7101,18.0718],[157.7115,18.0723],[157.7128,18.0729],[157.7141,18.0735],[157.7154,18.0743],[157.7167,18.0751],[157.7179,18.0759],[157.719,18.0768],[157.7201,18.0778],[157.7212,18.0788],[157.7222,18.0799],[157.7232,18.081],[157.7241,18.0821],[157.7249,18.0833],[157.7257,18.0846],[157.7265,18.0859],[157.7271,18.0872],[157.7277,18.0885],[157.7282,18.0899],[157.7287,18.0913],[157.7291,18.0927],[157.7294,18.0941],[157.7297,18.0956],[157.7299,18.0971],[157.73,18.0985],[157.73,18.1],[157.73,18.1015],[157.7299,18.1029],[157.7297,18.1044],[157.7294,18.1059],[157.7291,18.1073],[157.7287,18.1087],[157.7282,18.1101],[157.7277,18.1115],[157.7271,18.1128],[157.7265,18.1141],[157.7257,18.1154],[157.7249,18.1167],[157.7241,18.1179],[157.7232,18.119],[157.7222,18.1201],[157.7212,18.1212],[157.7201,18.1222],[157.719,18.1232],[157.7179,18.1241],[157.7167,18.1249],[157.7154,18.1257],[157.7141,18.1265],[157.7128,18.1271],[157.7115,18.1277],[157.7101,18.1282],[157.7087,18.1287],[157.7073,18.1291],[157.7059,18.1294],[157.7044,18.1297],[157.7029,18.1299],[157.7015,18.13],[157.7,18.13],[157.6985,18.13],[157.6971,18.1299],[157.6956,18.1297],[157.6941,18.1294],[157.6927,18.1291],[157.6913,18.1287],[157.6899,18.1282],[157.6885,18.1277],[157.6872,18.1271],[157.6859,18.1265],[157.6846,18.1257],[157.6833,18.1249],[157.6821,18.1241],[157.681,18.1232],[157.6799,18.1222],[157.6788,18.1212],[157.6778,18.1201],[157.6768,18.119],[157.6759,18.1179],[157.6751,18.1167],[157.6743,18.1154],[157.6735,18.1141],[157.6729,18.1128],[157.6723,18.1115],[157.6718,18.1101],[157.6713,18.1087],[157.6709,18.1073],[157.6706,18.1059],[157.6703,18.1044],[157.6701,18.1029],[157.67,18.1015],[157.67,18.1],[157.67,18.0985],[157.6701,18.0971],[157.6703,18.0956],[157.6706,18.0941],[157.6709,18.0927],[157.6713,18.0913],[157.6718,18.0899],[157.6723,18.0885],[157.6729,18.0872],[157.6735,18.0859],[157.6743,18.0846],[157.6751,18.0833],[157.6759,18.0821],[157.6768,18.081],[157.6778,18.0799],[157.6788,18.0788],[157.6799,18.0778],[157.681,18.0768],[157.6821,18.0759],[157.6833,18.0751],[157.6846,18.0743],[157.6859,18.0735],[157.6872,18.0729],[157.6885,18.0723],[157.6899,18.0718],[157.6913,18.0713],[157.6927,18.0709],[157.6941,18.0706],[157.6956,18.0703],[157.6971,18.0701],[157.6985,18.07],[157.7,18.07]]]},"properties":{"storm_name":"KOGUMA-26","fuente":"GDACS","alertlevel":"Green","url":"https://www.gdacs.org/report.aspx?eventid=1001333&episodeid=21&eventtype=TC","paises":"","layer":"storm_track","kind":"wind_radii_forecast","wind_kt":34}},{"type":"Feature","geometry":{"type":"Polygon","coordinates":[[[156.6,18.27],[156.6015,18.27],[156.6029,18.2701],[156.6044,18.2703],[156.6059,18.2706],[156.6073,18.2709],[156.6087,18.2713],[156.6101,18.2718],[156.6115,18.2723],[156.6128,18.2729],[156.6141,18.2735],[156.6154,18.2743],[156.6167,18.2751],[156.6179,18.2759],[156.619,18.2768],[156.6201,18.2778],[156.6212,18.2788],[156.6222,18.2799],[156.6232,18.281],[156.6241,18.2821],[156.6249,18.2833],[156.6257,18.2846],[156.6265,18.2859],[156.6271,18.2872],[156.6277,18.2885],[156.6282,18.2899],[156.6287,18.2913],[156.6291,18.2927],[156.6294,18.2941],[156.6297,18.2956],[156.6299,18.2971],[156.63,18.2985],[156.63,18.3],[156.63,18.3015],[156.6299,18.3029],[156.6297,18.3044],[156.6294,18.3059],[156.6291,18.3073],[156.6287,18.3087],[156.6282,18.3101],[156.6277,18.3115],[156.6271,18.3128],[156.6265,18.3141],[156.6257,18.3154],[156.6249,18.3167],[156.6241,18.3179],[156.6232,18.319],[156.6222,18.3201],[156.6212,18.3212],[156.6201,18.3222],[156.619,18.3232],[156.6179,18.3241],[156.6167,18.3249],[156.6154,18.3257],[156.6141,18.3265],[156.6128,18.3271],[156.6115,18.3277],[156.6101,18.3282],[156.6087,18.3287],[156.6073,18.3291],[156.6059,18.3294],[156.6044,18.3297],[156.6029,18.3299],[156.6015,18.33],[156.6,18.33],[156.5985,18.33],[156.5971,18.3299],[156.5956,18.3297],[156.5941,18.3294],[156.5927,18.3291],[156.5913,18.3287],[156.5899,18.3282],[156.5885,18.3277],[156.5872,18.3271],[156.5859,18.3265],[156.5846,18.3257],[156.5833,18.3249],[156.5821,18.3241],[156.581,18.3232],[156.5799,18.3222],[156.5788,18.3212],[156.5778,18.3201],[156.5768,18.319],[156.5759,18.3179],[156.5751,18.3167],[156.5743,18.3154],[156.5735,18.3141],[156.5729,18.3128],[156.5723,18.3115],[156.5718,18.3101],[156.5713,18.3087],[156.5709,18.3073],[156.5706,18.3059],[156.5703,18.3044],[156.5701,18.3029],[156.57,18.3015],[156.57,18.3],[156.57,18.2985],[156.5701,18.2971],[156.5703,18.2956],[156.5706,18.2941],[156.5709,18.2927],[156.5713,18.2913],[156.5718,18.2899],[156.5723,18.2885],[156.5729,18.2872],[156.5735,18.2859],[156.5743,18.2846],[156.5751,18.2833],[156.5759,18.2821],[156.5768,18.281],[156.5778,18.2799],[156.5788,18.2788],[156.5799,18.2778],[156.581,18.2768],[156.5821,18.2759],[156.5833,18.2751],[156.5846,18.2743],[156.5859,18.2735],[156.5872,18.2729],[156.5885,18.2723],[156.5899,18.2718],[156.5913,18.2713],[156.5927,18.2709],[156.5941,18.2706],[156.5956,18.2703],[156.5971,18.2701],[156.5985,18.27],[156.6,18.27]]]},"properties":{"storm_name":"KOGUMA-26","fuente":"GDACS","alertlevel":"Green","url":"https://www.gdacs.org/report.aspx?eventid=1001333&episodeid=21&eventtype=TC","paises":"","layer":"storm_track","kind":"wind_radii_forecast","wind_kt":34}},{"type":"Feature","geometry":{"type":"Polygon","coordinates":[[[155.5,19.27],[155.5015,19.27],[155.5029,19.2701],[155.5044,19.2703],[155.5059,19.2706],[155.5073,19.2709],[155.5087,19.2713],[155.5101,19.2718],[155.5115,19.2723],[155.5128,19.2729],[155.5141,19.2735],[155.5154,19.2743],[155.5167,19.2751],[155.5179,19.2759],[155.519,19.2768],[155.5201,19.2778],[155.5212,19.2788],[155.5222,19.2799],[155.5232,19.281],[155.5241,19.2821],[155.5249,19.2833],[155.5257,19.2846],[155.5265,19.2859],[155.5271,19.2872],[155.5277,19.2885],[155.5282,19.2899],[155.5287,19.2913],[155.5291,19.2927],[155.5294,19.2941],[155.5297,19.2956],[155.5299,19.2971],[155.53,19.2985],[155.53,19.3],[155.53,19.3015],[155.5299,19.3029],[155.5297,19.3044],[155.5294,19.3059],[155.5291,19.3073],[155.5287,19.3087],[155.5282,19.3101],[155.5277,19.3115],[155.5271,19.3128],[155.5265,19.3141],[155.5257,19.3154],[155.5249,19.3167],[155.5241,19.3179],[155.5232,19.319],[155.5222,19.3201],[155.5212,19.3212],[155.5201,19.3222],[155.519,19.3232],[155.5179,19.3241],[155.5167,19.3249],[155.5154,19.3257],[155.5141,19.3265],[155.5128,19.3271],[155.5115,19.3277],[155.5101,19.3282],[155.5087,19.3287],[155.5073,19.3291],[155.5059,19.3294],[155.5044,19.3297],[155.5029,19.3299],[155.5015,19.33],[155.5,19.33],[155.4985,19.33],[155.4971,19.3299],[155.4956,19.3297],[155.4941,19.3294],[155.4927,19.3291],[155.4913,19.3287],[155.4899,19.3282],[155.4885,19.3277],[155.4872,19.3271],[155.4859,19.3265],[155.4846,19.3257],[155.4833,19.3249],[155.4821,19.3241],[155.481,19.3232],[155.4799,19.3222],[155.4788,19.3212],[155.4778,19.3201],[155.4768,19.319],[155.4759,19.3179],[155.4751,19.3167],[155.4743,19.3154],[155.4735,19.3141],[155.4729,19.3128],[155.4723,19.3115],[155.4718,19.3101],[155.4713,19.3087],[155.4709,19.3073],[155.4706,19.3059],[155.4703,19.3044],[155.4701,19.3029],[155.47,19.3015],[155.47,19.3],[155.47,19.2985],[155.4701,19.2971],[155.4703,19.2956],[155.4706,19.2941],[155.4709,19.2927],[155.4713,19.2913],[155.4718,19.2899],[155.4723,19.2885],[155.4729,19.2872],[155.4735,19.2859],[155.4743,19.2846],[155.4751,19.2833],[155.4759,19.2821],[155.4768,19.281],[155.4778,19.2799],[155.4788,19.2788],[155.4799,19.2778],[155.481,19.2768],[155.4821,19.2759],[155.4833,19.2751],[155.4846,19.2743],[155.4859,19.2735],[155.4872,19.2729],[155.4885,19.2723],[155.4899,19.2718],[155.4913,19.2713],[155.4927,19.2709],[155.4941,19.2706],[155.4956,19.2703],[155.4971,19.2701],[155.4985,19.27],[155.5,19.27]]]},"properties":{"storm_name":"KOGUMA-26","fuente":"GDACS","alertlevel":"Green","url":"https://www.gdacs.org/report.aspx?eventid=1001333&episodeid=21&eventtype=TC","paises":"","layer":"storm_track","kind":"wind_radii_forecast","wind_kt":34}},{"type":"Feature","geometry":{"type":"Polygon","coordinates":[[[154.1,20.07],[154.1015,20.07],[154.1029,20.0701],[154.1044,20.0703],[154.1059,20.0706],[154.1073,20.0709],[154.1087,20.0713],[154.1101,20.0718],[154.1115,20.0723],[154.1128,20.0729],[154.1141,20.0735],[154.1154,20.0743],[154.1167,20.0751],[154.1179,20.0759],[154.119,20.0768],[154.1201,20.0778],[154.1212,20.0788],[154.1222,20.0799],[154.1232,20.081],[154.1241,20.0821],[154.1249,20.0833],[154.1257,20.0846],[154.1265,20.0859],[154.1271,20.0872],[154.1277,20.0885],[154.1282,20.0899],[154.1287,20.0913],[154.1291,20.0927],[154.1294,20.0941],[154.1297,20.0956],[154.1299,20.0971],[154.13,20.0985],[154.13,20.1],[154.13,20.1015],[154.1299,20.1029],[154.1297,20.1044],[154.1294,20.1059],[154.1291,20.1073],[154.1287,20.1087],[154.1282,20.1101],[154.1277,20.1115],[154.1271,20.1128],[154.1265,20.1141],[154.1257,20.1154],[154.1249,20.1167],[154.1241,20.1179],[154.1232,20.119],[154.1222,20.1201],[154.1212,20.1212],[154.1201,20.1222],[154.119,20.1232],[154.1179,20.1241],[154.1167,20.1249],[154.1154,20.1257],[154.1141,20.1265],[154.1128,20.1271],[154.1115,20.1277],[154.1101,20.1282],[154.1087,20.1287],[154.1073,20.1291],[154.1059,20.1294],[154.1044,20.1297],[154.1029,20.1299],[154.1015,20.13],[154.1,20.13],[154.0985,20.13],[154.0971,20.1299],[154.0956,20.1297],[154.0941,20.1294],[154.0927,20.1291],[154.0913,20.1287],[154.0899,20.1282],[154.0885,20.1277],[154.0872,20.1271],[154.0859,20.1265],[154.0846,20.1257],[154.0833,20.1249],[154.0821,20.1241],[154.081,20.1232],[154.0799,20.1222],[154.0788,20.1212],[154.0778,20.1201],[154.0768,20.119],[154.0759,20.1179],[154.0751,20.1167],[154.0743,20.1154],[154.0735,20.1141],[154.0729,20.1128],[154.0723,20.1115],[154.0718,20.1101],[154.0713,20.1087],[154.0709,20.1073],[154.0706,20.1059],[154.0703,20.1044],[154.0701,20.1029],[154.07,20.1015],[154.07,20.1],[154.07,20.0985],[154.0701,20.0971],[154.0703,20.0956],[154.0706,20.0941],[154.0709,20.0927],[154.0713,20.0913],[154.0718,20.0899],[154.0723,20.0885],[154.0729,20.0872],[154.0735,20.0859],[154.0743,20.0846],[154.0751,20.0833],[154.0759,20.0821],[154.0768,20.081],[154.0778,20.0799],[154.0788,20.0788],[154.0799,20.0778],[154.081,20.0768],[154.0821,20.0759],[154.0833,20.0751],[154.0846,20.0743],[154.0859,20.0735],[154.0872,20.0729],[154.0885,20.0723],[154.0899,20.0718],[154.0913,20.0713],[154.0927,20.0709],[154.0941,20.0706],[154.0956,20.0703],[154.0971,20.0701],[154.0985,20.07],[154.1,20.07]]]},"properties":{"storm_name":"KOGUMA-26","fuente":"GDACS","alertlevel":"Green","url":"https://www.gdacs.org/report.aspx?eventid=1001333&episodeid=21&eventtype=TC","paises":"","layer":"storm_track","kind":"wind_radii_forecast","wind_kt":34}},{"type":"Feature","geometry":{"type":"Polygon","coordinates":[[[153.0,20.67],[153.0015,20.67],[153.0029,20.6701],[153.0044,20.6703],[153.0059,20.6706],[153.0073,20.6709],[153.0087,20.6713],[153.0101,20.6718],[153.0115,20.6723],[153.0128,20.6729],[153.0141,20.6735],[153.0154,20.6743],[153.0167,20.6751],[153.0179,20.6759],[153.019,20.6768],[153.0201,20.6778],[153.0212,20.6788],[153.0222,20.6799],[153.0232,20.681],[153.0241,20.6821],[153.0249,20.6833],[153.0257,20.6846],[153.0265,20.6859],[153.0271,20.6872],[153.0277,20.6885],[153.0282,20.6899],[153.0287,20.6913],[153.0291,20.6927],[153.0294,20.6941],[153.0297,20.6956],[153.0299,20.6971],[153.03,20.6985],[153.03,20.7],[153.03,20.7015],[153.0299,20.7029],[153.0297,20.7044],[153.0294,20.7059],[153.0291,20.7073],[153.0287,20.7087],[153.0282,20.7101],[153.0277,20.7115],[153.0271,20.7128],[153.0265,20.7141],[153.0257,20.7154],[153.0249,20.7167],[153.0241,20.7179],[153.0232,20.719],[153.0222,20.7201],[153.0212,20.7212],[153.0201,20.7222],[153.019,20.7232],[153.0179,20.7241],[153.0167,20.7249],[153.0154,20.7257],[153.0141,20.7265],[153.0128,20.7271],[153.0115,20.7277],[153.0101,20.7282],[153.0087,20.7287],[153.0073,20.7291],[153.0059,20.7294],[153.0044,20.7297],[153.0029,20.7299],[153.0015,20.73],[153.0,20.73],[152.9985,20.73],[152.9971,20.7299],[152.9956,20.7297],[152.9941,20.7294],[152.9927,20.7291],[152.9913,20.7287],[152.9899,20.7282],[152.9885,20.7277],[152.9872,20.7271],[152.9859,20.7265],[152.9846,20.7257],[152.9833,20.7249],[152.9821,20.7241],[152.981,20.7232],[152.9799,20.7222],[152.9788,20.7212],[152.9778,20.7201],[152.9768,20.719],[152.9759,20.7179],[152.9751,20.7167],[152.9743,20.7154],[152.9735,20.7141],[152.9729,20.7128],[152.9723,20.7115],[152.9718,20.7101],[152.9713,20.7087],[152.9709,20.7073],[152.9706,20.7059],[152.9703,20.7044],[152.9701,20.7029],[152.97,20.7015],[152.97,20.7],[152.97,20.6985],[152.9701,20.6971],[152.9703,20.6956],[152.9706,20.6941],[152.9709,20.6927],[152.9713,20.6913],[152.9718,20.6899],[152.9723,20.6885],[152.9729,20.6872],[152.9735,20.6859],[152.9743,20.6846],[152.9751,20.6833],[152.9759,20.6821],[152.9768,20.681],[152.9778,20.6799],[152.9788,20.6788],[152.9799,20.6778],[152.981,20.6768],[152.9821,20.6759],[152.9833,20.6751],[152.9846,20.6743],[152.9859,20.6735],[152.9872,20.6729],[152.9885,20.6723],[152.9899,20.6718],[152.9913,20.6713],[152.9927,20.6709],[152.9941,20.6706],[152.9956,20.6703],[152.9971,20.6701],[152.9985,20.67],[153.0,20.67]]]},"properties":{"storm_name":"KOGUMA-26","fuente":"GDACS","alertlevel":"Green","url":"https://www.gdacs.org/report.aspx?eventid=1001333&episodeid=21&eventtype=TC","paises":"","layer":"storm_track","kind":"wind_radii_forecast","wind_kt":34}},{"type":"Feature","geometry":{"type":"Polygon","coordinates":[[[151.5,21.37],[151.5015,21.37],[151.5029,21.3701],[151.5044,21.3703],[151.5059,21.3706],[151.5073,21.3709],[151.5087,21.3713],[151.5101,21.3718],[151.5115,21.3723],[151.5128,21.3729],[151.5141,21.3735],[151.5154,21.3743],[151.5167,21.3751],[151.5179,21.3759],[151.519,21.3768],[151.5201,21.3778],[151.5212,21.3788],[151.5222,21.3799],[151.5232,21.381],[151.5241,21.3821],[151.5249,21.3833],[151.5257,21.3846],[151.5265,21.3859],[151.5271,21.3872],[151.5277,21.3885],[151.5282,21.3899],[151.5287,21.3913],[151.5291,21.3927],[151.5294,21.3941],[151.5297,21.3956],[151.5299,21.3971],[151.53,21.3985],[151.53,21.4],[151.53,21.4015],[151.5299,21.4029],[151.5297,21.4044],[151.5294,21.4059],[151.5291,21.4073],[151.5287,21.4087],[151.5282,21.4101],[151.5277,21.4115],[151.5271,21.4128],[151.5265,21.4141],[151.5257,21.4154],[151.5249,21.4167],[151.5241,21.4179],[151.5232,21.419],[151.5222,21.4201],[151.5212,21.4212],[151.5201,21.4222],[151.519,21.4232],[151.5179,21.4241],[151.5167,21.4249],[151.5154,21.4257],[151.5141,21.4265],[151.5128,21.4271],[151.5115,21.4277],[151.5101,21.4282],[151.5087,21.4287],[151.5073,21.4291],[151.5059,21.4294],[151.5044,21.4297],[151.5029,21.4299],[151.5015,21.43],[151.5,21.43],[151.4985,21.43],[151.4971,21.4299],[151.4956,21.4297],[151.4941,21.4294],[151.4927,21.4291],[151.4913,21.4287],[151.4899,21.4282],[151.4885,21.4277],[151.4872,21.4271],[151.4859,21.4265],[151.4846,21.4257],[151.4833,21.4249],[151.4821,21.4241],[151.481,21.4232],[151.4799,21.4222],[151.4788,21.4212],[151.4778,21.4201],[151.4768,21.419],[151.4759,21.4179],[151.4751,21.4167],[151.4743,21.4154],[151.4735,21.4141],[151.4729,21.4128],[151.4723,21.4115],[151.4718,21.4101],[151.4713,21.4087],[151.4709,21.4073],[151.4706,21.4059],[151.4703,21.4044],[151.4701,21.4029],[151.47,21.4015],[151.47,21.4],[151.47,21.3985],[151.4701,21.3971],[151.4703,21.3956],[151.4706,21.3941],[151.4709,21.3927],[151.4713,21.3913],[151.4718,21.3899],[151.4723,21.3885],[151.4729,21.3872],[151.4735,21.3859],[151.4743,21.3846],[151.4751,21.3833],[151.4759,21.3821],[151.4768,21.381],[151.4778,21.3799],[151.4788,21.3788],[151.4799,21.3778],[151.481,21.3768],[151.4821,21.3759],[151.4833,21.3751],[151.4846,21.3743],[151.4859,21.3735],[151.4872,21.3729],[151.4885,21.3723],[151.4899,21.3718],[151.4913,21.3713],[151.4927,21.3709],[151.4941,21.3706],[151.4956,21.3703],[151.4971,21.3701],[151.4985,21.37],[151.5,21.37]]]},"properties":{"storm_name":"KOGUMA-26","fuente":"GDACS","alertlevel":"Green","url":"https://www.gdacs.org/report.aspx?eventid=1001333&episodeid=21&eventtype=TC","paises":"","layer":"storm_track","kind":"wind_radii_forecast","wind_kt":34}},{"type":"Feature","geometry":{"type":"Polygon","coordinates":[[[149.6,22.97],[149.6015,22.97],[149.6029,22.9701],[149.6044,22.9703],[149.6059,22.9706],[149.6073,22.9709],[149.6087,22.9713],[149.6101,22.9718],[149.6115,22.9723],[149.6128,22.9729],[149.6141,22.9735],[149.6154,22.9743],[149.6167,22.9751],[149.6179,22.9759],[149.619,22.9768],[149.6201,22.9778],[149.6212,22.9788],[149.6222,22.9799],[149.6232,22.981],[149.6241,22.9821],[149.6249,22.9833],[149.6257,22.9846],[149.6265,22.9859],[149.6271,22.9872],[149.6277,22.9885],[149.6282,22.9899],[149.6287,22.9913],[149.6291,22.9927],[149.6294,22.9941],[149.6297,22.9956],[149.6299,22.9971],[149.63,22.9985],[149.63,23.0],[149.63,23.0015],[149.6299,23.0029],[149.6297,23.0044],[149.6294,23.0059],[149.6291,23.0073],[149.6287,23.0087],[149.6282,23.0101],[149.6277,23.0115],[149.6271,23.0128],[149.6265,23.0141],[149.6257,23.0154],[149.6249,23.0167],[149.6241,23.0179],[149.6232,23.019],[149.6222,23.0201],[149.6212,23.0212],[149.6201,23.0222],[149.619,23.0232],[149.6179,23.0241],[149.6167,23.0249],[149.6154,23.0257],[149.6141,23.0265],[149.6128,23.0271],[149.6115,23.0277],[149.6101,23.0282],[149.6087,23.0287],[149.6073,23.0291],[149.6059,23.0294],[149.6044,23.0297],[149.6029,23.0299],[149.6015,23.03],[149.6,23.03],[149.5985,23.03],[149.5971,23.0299],[149.5956,23.0297],[149.5941,23.0294],[149.5927,23.0291],[149.5913,23.0287],[149.5899,23.0282],[149.5885,23.0277],[149.5872,23.0271],[149.5859,23.0265],[149.5846,23.0257],[149.5833,23.0249],[149.5821,23.0241],[149.581,23.0232],[149.5799,23.0222],[149.5788,23.0212],[149.5778,23.0201],[149.5768,23.019],[149.5759,23.0179],[149.5751,23.0167],[149.5743,23.0154],[149.5735,23.0141],[149.5729,23.0128],[149.5723,23.0115],[149.5718,23.0101],[149.5713,23.0087],[149.5709,23.0073],[149.5706,23.0059],[149.5703,23.0044],[149.5701,23.0029],[149.57,23.0015],[149.57,23.0],[149.57,22.9985],[149.5701,22.9971],[149.5703,22.9956],[149.5706,22.9941],[149.5709,22.9927],[149.5713,22.9913],[149.5718,22.9899],[149.5723,22.9885],[149.5729,22.9872],[149.5735,22.9859],[149.5743,22.9846],[149.5751,22.9833],[149.5759,22.9821],[149.5768,22.981],[149.5778,22.9799],[149.5788,22.9788],[149.5799,22.9778],[149.581,22.9768],[149.5821,22.9759],[149.5833,22.9751],[149.5846,22.9743],[149.5859,22.9735],[149.5872,22.9729],[149.5885,22.9723],[149.5899,22.9718],[149.5913,22.9713],[149.5927,22.9709],[149.5941,22.9706],[149.5956,22.9703],[149.5971,22.9701],[149.5985,22.97],[149.6,22.97]]]},"properties":{"storm_name":"KOGUMA-26","fuente":"GDACS","alertlevel":"Green","url":"https://www.gdacs.org/report.aspx?eventid=1001333&episodeid=21&eventtype=TC","paises":"","layer":"storm_track","kind":"wind_radii_forecast","wind_kt":34}},{"type":"Feature","geometry":{"type":"Polygon","coordinates":[[[148.2,24.47],[148.2015,24.47],[148.2029,24.4701],[148.2044,24.4703],[148.2059,24.4706],[148.2073,24.4709],[148.2087,24.4713],[148.2101,24.4718],[148.2115,24.4723],[148.2128,24.4729],[148.2141,24.4735],[148.2154,24.4743],[148.2167,24.4751],[148.2179,24.4759],[148.219,24.4768],[148.2201,24.4778],[148.2212,24.4788],[148.2222,24.4799],[148.2232,24.481],[148.2241,24.4821],[148.2249,24.4833],[148.2257,24.4846],[148.2265,24.4859],[148.2271,24.4872],[148.2277,24.4885],[148.2282,24.4899],[148.2287,24.4913],[148.2291,24.4927],[148.2294,24.4941],[148.2297,24.4956],[148.2299,24.4971],[148.23,24.4985],[148.23,24.5],[148.23,24.5015],[148.2299,24.5029],[148.2297,24.5044],[148.2294,24.5059],[148.2291,24.5073],[148.2287,24.5087],[148.2282,24.5101],[148.2277,24.5115],[148.2271,24.5128],[148.2265,24.5141],[148.2257,24.5154],[148.2249,24.5167],[148.2241,24.5179],[148.2232,24.519],[148.2222,24.5201],[148.2212,24.5212],[148.2201,24.5222],[148.219,24.5232],[148.2179,24.5241],[148.2167,24.5249],[148.2154,24.5257],[148.2141,24.5265],[148.2128,24.5271],[148.2115,24.5277],[148.2101,24.5282],[148.2087,24.5287],[148.2073,24.5291],[148.2059,24.5294],[148.2044,24.5297],[148.2029,24.5299],[148.2015,24.53],[148.2,24.53],[148.1985,24.53],[148.1971,24.5299],[148.1956,24.5297],[148.1941,24.5294],[148.1927,24.5291],[148.1913,24.5287],[148.1899,24.5282],[148.1885,24.5277],[148.1872,24.5271],[148.1859,24.5265],[148.1846,24.5257],[148.1833,24.5249],[148.1821,24.5241],[148.181,24.5232],[148.1799,24.5222],[148.1788,24.5212],[148.1778,24.5201],[148.1768,24.519],[148.1759,24.5179],[148.1751,24.5167],[148.1743,24.5154],[148.1735,24.5141],[148.1729,24.5128],[148.1723,24.5115],[148.1718,24.5101],[148.1713,24.5087],[148.1709,24.5073],[148.1706,24.5059],[148.1703,24.5044],[148.1701,24.5029],[148.17,24.5015],[148.17,24.5],[148.17,24.4985],[148.1701,24.4971],[148.1703,24.4956],[148.1706,24.4941],[148.1709,24.4927],[148.1713,24.4913],[148.1718,24.4899],[148.1723,24.4885],[148.1729,24.4872],[148.1735,24.4859],[148.1743,24.4846],[148.1751,24.4833],[148.1759,24.4821],[148.1768,24.481],[148.1778,24.4799],[148.1788,24.4788],[148.1799,24.4778],[148.181,24.4768],[148.1821,24.4759],[148.1833,24.4751],[148.1846,24.4743],[148.1859,24.4735],[148.1872,24.4729],[148.1885,24.4723],[148.1899,24.4718],[148.1913,24.4713],[148.1927,24.4709],[148.1941,24.4706],[148.1956,24.4703],[148.1971,24.4701],[148.1985,24.47],[148.2,24.47]]]},"properties":{"storm_name":"KOGUMA-26","fuente":"GDACS","alertlevel":"Green","url":"https://www.gdacs.org/report.aspx?eventid=1001333&episodeid=21&eventtype=TC","paises":"","layer":"storm_track","kind":"wind_radii_forecast","wind_kt":34}},{"type":"Feature","geometry":{"type":"Polygon","coordinates":[[[147.4,26.07],[147.4015,26.07],[147.4029,26.0701],[147.4044,26.0703],[147.4059,26.0706],[147.4073,26.0709],[147.4087,26.0713],[147.4101,26.0718],[147.4115,26.0723],[147.4128,26.0729],[147.4141,26.0735],[147.4154,26.0743],[147.4167,26.0751],[147.4179,26.0759],[147.419,26.0768],[147.4201,26.0778],[147.4212,26.0788],[147.4222,26.0799],[147.4232,26.081],[147.4241,26.0821],[147.4249,26.0833],[147.4257,26.0846],[147.4265,26.0859],[147.4271,26.0872],[147.4277,26.0885],[147.4282,26.0899],[147.4287,26.0913],[147.4291,26.0927],[147.4294,26.0941],[147.4297,26.0956],[147.4299,26.0971],[147.43,26.0985],[147.43,26.1],[147.43,26.1015],[147.4299,26.1029],[147.4297,26.1044],[147.4294,26.1059],[147.4291,26.1073],[147.4287,26.1087],[147.4282,26.1101],[147.4277,26.1115],[147.4271,26.1128],[147.4265,26.1141],[147.4257,26.1154],[147.4249,26.1167],[147.4241,26.1179],[147.4232,26.119],[147.4222,26.1201],[147.4212,26.1212],[147.4201,26.1222],[147.419,26.1232],[147.4179,26.1241],[147.4167,26.1249],[147.4154,26.1257],[147.4141,26.1265],[147.4128,26.1271],[147.4115,26.1277],[147.4101,26.1282],[147.4087,26.1287],[147.4073,26.1291],[147.4059,26.1294],[147.4044,26.1297],[147.4029,26.1299],[147.4015,26.13],[147.4,26.13],[147.3985,26.13],[147.3971,26.1299],[147.3956,26.1297],[147.3941,26.1294],[147.3927,26.1291],[147.3913,26.1287],[147.3899,26.1282],[147.3885,26.1277],[147.3872,26.1271],[147.3859,26.1265],[147.3846,26.1257],[147.3833,26.1249],[147.3821,26.1241],[147.381,26.1232],[147.3799,26.1222],[147.3788,26.1212],[147.3778,26.1201],[147.3768,26.119],[147.3759,26.1179],[147.3751,26.1167],[147.3743,26.1154],[147.3735,26.1141],[147.3729,26.1128],[147.3723,26.1115],[147.3718,26.1101],[147.3713,26.1087],[147.3709,26.1073],[147.3706,26.1059],[147.3703,26.1044],[147.3701,26.1029],[147.37,26.1015],[147.37,26.1],[147.37,26.0985],[147.3701,26.0971],[147.3703,26.0956],[147.3706,26.0941],[147.3709,26.0927],[147.3713,26.0913],[147.3718,26.0899],[147.3723,26.0885],[147.3729,26.0872],[147.3735,26.0859],[147.3743,26.0846],[147.3751,26.0833],[147.3759,26.0821],[147.3768,26.081],[147.3778,26.0799],[147.3788,26.0788],[147.3799,26.0778],[147.381,26.0768],[147.3821,26.0759],[147.3833,26.0751],[147.3846,26.0743],[147.3859,26.0735],[147.3872,26.0729],[147.3885,26.0723],[147.3899,26.0718],[147.3913,26.0713],[147.3927,26.0709],[147.3941,26.0706],[147.3956,26.0703],[147.3971,26.0701],[147.3985,26.07],[147.4,26.07]]]},"properties":{"storm_name":"KOGUMA-26","fuente":"GDACS","alertlevel":"Green","url":"https://www.gdacs.org/report.aspx?eventid=1001333&episodeid=21&eventtype=TC","paises":"","layer":"storm_track","kind":"wind_radii_forecast","wind_kt":34}},{"type":"Feature","geometry":{"type":"Polygon","coordinates":[[[147.3,27.87],[147.3015,27.87],[147.3029,27.8701],[147.3044,27.8703],[147.3059,27.8706],[147.3073,27.8709],[147.3087,27.8713],[147.3101,27.8718],[147.3115,27.8723],[147.3128,27.8729],[147.3141,27.8735],[147.3154,27.8743],[147.3167,27.8751],[147.3179,27.8759],[147.319,27.8768],[147.3201,27.8778],[147.3212,27.8788],[147.3222,27.8799],[147.3232,27.881],[147.3241,27.8821],[147.3249,27.8833],[147.3257,27.8846],[147.3265,27.8859],[147.3271,27.8872],[147.3277,27.8885],[147.3282,27.8899],[147.3287,27.8913],[147.3291,27.8927],[147.3294,27.8941],[147.3297,27.8956],[147.3299,27.8971],[147.33,27.8985],[147.33,27.9],[147.33,27.9015],[147.3299,27.9029],[147.3297,27.9044],[147.3294,27.9059],[147.3291,27.9073],[147.3287,27.9087],[147.3282,27.9101],[147.3277,27.9115],[147.3271,27.9128],[147.3265,27.9141],[147.3257,27.9154],[147.3249,27.9167],[147.3241,27.9179],[147.3232,27.919],[147.3222,27.9201],[147.3212,27.9212],[147.3201,27.9222],[147.319,27.9232],[147.3179,27.9241],[147.3167,27.9249],[147.3154,27.9257],[147.3141,27.9265],[147.3128,27.9271],[147.3115,27.9277],[147.3101,27.9282],[147.3087,27.9287],[147.3073,27.9291],[147.3059,27.9294],[147.3044,27.9297],[147.3029,27.9299],[147.3015,27.93],[147.3,27.93],[147.2985,27.93],[147.2971,27.9299],[147.2956,27.9297],[147.2941,27.9294],[147.2927,27.9291],[147.2913,27.9287],[147.2899,27.9282],[147.2885,27.9277],[147.2872,27.9271],[147.2859,27.9265],[147.2846,27.9257],[147.2833,27.9249],[147.2821,27.9241],[147.281,27.9232],[147.2799,27.9222],[147.2788,27.9212],[147.2778,27.9201],[147.2768,27.919],[147.2759,27.9179],[147.2751,27.9167],[147.2743,27.9154],[147.2735,27.9141],[147.2729,27.9128],[147.2723,27.9115],[147.2718,27.9101],[147.2713,27.9087],[147.2709,27.9073],[147.2706,27.9059],[147.2703,27.9044],[147.2701,27.9029],[147.27,27.9015],[147.27,27.9],[147.27,27.8985],[147.2701,27.8971],[147.2703,27.8956],[147.2706,27.8941],[147.2709,27.8927],[147.2713,27.8913],[147.2718,27.8899],[147.2723,27.8885],[147.2729,27.8872],[147.2735,27.8859],[147.2743,27.8846],[147.2751,27.8833],[147.2759,27.8821],[147.2768,27.881],[147.2778,27.8799],[147.2788,27.8788],[147.2799,27.8778],[147.281,27.8768],[147.2821,27.8759],[147.2833,27.8751],[147.2846,27.8743],[147.2859,27.8735],[147.2872,27.8729],[147.2885,27.8723],[147.2899,27.8718],[147.2913,27.8713],[147.2927,27.8709],[147.2941,27.8706],[147.2956,27.8703],[147.2971,27.8701],[147.2985,27.87],[147.3,27.87]]]},"properties":{"storm_name":"KOGUMA-26","fuente":"GDACS","alertlevel":"Green","url":"https://www.gdacs.org/report.aspx?eventid=1001333&episodeid=21&eventtype=TC","paises":"","layer":"storm_track","kind":"wind_radii_forecast","wind_kt":34}},{"type":"Feature","geometry":{"type":"Polygon","coordinates":[[[148.0,30.17],[148.0015,30.17],[148.0029,30.1701],[148.0044,30.1703],[148.0059,30.1706],[148.0073,30.1709],[148.0087,30.1713],[148.0101,30.1718],[148.0115,30.1723],[148.0128,30.1729],[148.0141,30.1735],[148.0154,30.1743],[148.0167,30.1751],[148.0179,30.1759],[148.019,30.1768],[148.0201,30.1778],[148.0212,30.1788],[148.0222,30.1799],[148.0232,30.181],[148.0241,30.1821],[148.0249,30.1833],[148.0257,30.1846],[148.0265,30.1859],[148.0271,30.1872],[148.0277,30.1885],[148.0282,30.1899],[148.0287,30.1913],[148.0291,30.1927],[148.0294,30.1941],[148.0297,30.1956],[148.0299,30.1971],[148.03,30.1985],[148.03,30.2],[148.03,30.2015],[148.0299,30.2029],[148.0297,30.2044],[148.0294,30.2059],[148.0291,30.2073],[148.0287,30.2087],[148.0282,30.2101],[148.0277,30.2115],[148.0271,30.2128],[148.0265,30.2141],[148.0257,30.2154],[148.0249,30.2167],[148.0241,30.2179],[148.0232,30.219],[148.0222,30.2201],[148.0212,30.2212],[148.0201,30.2222],[148.019,30.2232],[148.0179,30.2241],[148.0167,30.2249],[148.0154,30.2257],[148.0141,30.2265],[148.0128,30.2271],[148.0115,30.2277],[148.0101,30.2282],[148.0087,30.2287],[148.0073,30.2291],[148.0059,30.2294],[148.0044,30.2297],[148.0029,30.2299],[148.0015,30.23],[148.0,30.23],[147.9985,30.23],[147.9971,30.2299],[147.9956,30.2297],[147.9941,30.2294],[147.9927,30.2291],[147.9913,30.2287],[147.9899,30.2282],[147.9885,30.2277],[147.9872,30.2271],[147.9859,30.2265],[147.9846,30.2257],[147.9833,30.2249],[147.9821,30.2241],[147.981,30.2232],[147.9799,30.2222],[147.9788,30.2212],[147.9778,30.2201],[147.9768,30.219],[147.9759,30.2179],[147.9751,30.2167],[147.9743,30.2154],[147.9735,30.2141],[147.9729,30.2128],[147.9723,30.2115],[147.9718,30.2101],[147.9713,30.2087],[147.9709,30.2073],[147.9706,30.2059],[147.9703,30.2044],[147.9701,30.2029],[147.97,30.2015],[147.97,30.2],[147.97,30.1985],[147.9701,30.1971],[147.9703,30.1956],[147.9706,30.1941],[147.9709,30.1927],[147.9713,30.1913],[147.9718,30.1899],[147.9723,30.1885],[147.9729,30.1872],[147.9735,30.1859],[147.9743,30.1846],[147.9751,30.1833],[147.9759,30.1821],[147.9768,30.181],[147.9778,30.1799],[147.9788,30.1788],[147.9799,30.1778],[147.981,30.1768],[147.9821,30.1759],[147.9833,30.1751],[147.9846,30.1743],[147.9859,30.1735],[147.9872,30.1729],[147.9885,30.1723],[147.9899,30.1718],[147.9913,30.1713],[147.9927,30.1709],[147.9941,30.1706],[147.9956,30.1703],[147.9971,30.1701],[147.9985,30.17],[148.0,30.17]]]},"properties":{"storm_name":"KOGUMA-26","fuente":"GDACS","alertlevel":"Green","url":"https://www.gdacs.org/report.aspx?eventid=1001333&episodeid=21&eventtype=TC","paises":"","layer":"storm_track","kind":"wind_radii_forecast","wind_kt":34}},{"type":"Feature","geometry":{"type":"Polygon","coordinates":[[[150.2,32.67],[150.2015,32.67],[150.2029,32.6701],[150.2044,32.6703],[150.2059,32.6706],[150.2073,32.6709],[150.2087,32.6713],[150.2101,32.6718],[150.2115,32.6723],[150.2128,32.6729],[150.2141,32.6735],[150.2154,32.6743],[150.2167,32.6751],[150.2179,32.6759],[150.219,32.6768],[150.2201,32.6778],[150.2212,32.6788],[150.2222,32.6799],[150.2232,32.681],[150.2241,32.6821],[150.2249,32.6833],[150.2257,32.6846],[150.2265,32.6859],[150.2271,32.6872],[150.2277,32.6885],[150.2282,32.6899],[150.2287,32.6913],[150.2291,32.6927],[150.2294,32.6941],[150.2297,32.6956],[150.2299,32.6971],[150.23,32.6985],[150.23,32.7],[150.23,32.7015],[150.2299,32.7029],[150.2297,32.7044],[150.2294,32.7059],[150.2291,32.7073],[150.2287,32.7087],[150.2282,32.7101],[150.2277,32.7115],[150.2271,32.7128],[150.2265,32.7141],[150.2257,32.7154],[150.2249,32.7167],[150.2241,32.7179],[150.2232,32.719],[150.2222,32.7201],[150.2212,32.7212],[150.2201,32.7222],[150.219,32.7232],[150.2179,32.7241],[150.2167,32.7249],[150.2154,32.7257],[150.2141,32.7265],[150.2128,32.7271],[150.2115,32.7277],[150.2101,32.7282],[150.2087,32.7287],[150.2073,32.7291],[150.2059,32.7294],[150.2044,32.7297],[150.2029,32.7299],[150.2015,32.73],[150.2,32.73],[150.1985,32.73],[150.1971,32.7299],[150.1956,32.7297],[150.1941,32.7294],[150.1927,32.7291],[150.1913,32.7287],[150.1899,32.7282],[150.1885,32.7277],[150.1872,32.7271],[150.1859,32.7265],[150.1846,32.7257],[150.1833,32.7249],[150.1821,32.7241],[150.181,32.7232],[150.1799,32.7222],[150.1788,32.7212],[150.1778,32.7201],[150.1768,32.719],[150.1759,32.7179],[150.1751,32.7167],[150.1743,32.7154],[150.1735,32.7141],[150.1729,32.7128],[150.1723,32.7115],[150.1718,32.7101],[150.1713,32.7087],[150.1709,32.7073],[150.1706,32.7059],[150.1703,32.7044],[150.1701,32.7029],[150.17,32.7015],[150.17,32.7],[150.17,32.6985],[150.1701,32.6971],[150.1703,32.6956],[150.1706,32.6941],[150.1709,32.6927],[150.1713,32.6913],[150.1718,32.6899],[150.1723,32.6885],[150.1729,32.6872],[150.1735,32.6859],[150.1743,32.6846],[150.1751,32.6833],[150.1759,32.6821],[150.1768,32.681],[150.1778,32.6799],[150.1788,32.6788],[150.1799,32.6778],[150.181,32.6768],[150.1821,32.6759],[150.1833,32.6751],[150.1846,32.6743],[150.1859,32.6735],[150.1872,32.6729],[150.1885,32.6723],[150.1899,32.6718],[150.1913,32.6713],[150.1927,32.6709],[150.1941,32.6706],[150.1956,32.6703],[150.1971,32.6701],[150.1985,32.67],[150.2,32.67]]]},"properties":{"storm_name":"KOGUMA-26","fuente":"GDACS","alertlevel":"Green","url":"https://www.gdacs.org/report.aspx?eventid=1001333&episodeid=21&eventtype=TC","paises":"","layer":"storm_track","kind":"wind_radii_forecast","wind_kt":34}},{"type":"Feature","geometry":{"type":"Polygon","coordinates":[[[157.5,38.47],[157.5015,38.47],[157.5029,38.4701],[157.5044,38.4703],[157.5059,38.4706],[157.5073,38.4709],[157.5087,38.4713],[157.5101,38.4718],[157.5115,38.4723],[157.5128,38.4729],[157.5141,38.4735],[157.5154,38.4743],[157.5167,38.4751],[157.5179,38.4759],[157.519,38.4768],[157.5201,38.4778],[157.5212,38.4788],[157.5222,38.4799],[157.5232,38.481],[157.5241,38.4821],[157.5249,38.4833],[157.5257,38.4846],[157.5265,38.4859],[157.5271,38.4872],[157.5277,38.4885],[157.5282,38.4899],[157.5287,38.4913],[157.5291,38.4927],[157.5294,38.4941],[157.5297,38.4956],[157.5299,38.4971],[157.53,38.4985],[157.53,38.5],[157.53,38.5015],[157.5299,38.5029],[157.5297,38.5044],[157.5294,38.5059],[157.5291,38.5073],[157.5287,38.5087],[157.5282,38.5101],[157.5277,38.5115],[157.5271,38.5128],[157.5265,38.5141],[157.5257,38.5154],[157.5249,38.5167],[157.5241,38.5179],[157.5232,38.519],[157.5222,38.5201],[157.5212,38.5212],[157.5201,38.5222],[157.519,38.5232],[157.5179,38.5241],[157.5167,38.5249],[157.5154,38.5257],[157.5141,38.5265],[157.5128,38.5271],[157.5115,38.5277],[157.5101,38.5282],[157.5087,38.5287],[157.5073,38.5291],[157.5059,38.5294],[157.5044,38.5297],[157.5029,38.5299],[157.5015,38.53],[157.5,38.53],[157.4985,38.53],[157.4971,38.5299],[157.4956,38.5297],[157.4941,38.5294],[157.4927,38.5291],[157.4913,38.5287],[157.4899,38.5282],[157.4885,38.5277],[157.4872,38.5271],[157.4859,38.5265],[157.4846,38.5257],[157.4833,38.5249],[157.4821,38.5241],[157.481,38.5232],[157.4799,38.5222],[157.4788,38.5212],[157.4778,38.5201],[157.4768,38.519],[157.4759,38.5179],[157.4751,38.5167],[157.4743,38.5154],[157.4735,38.5141],[157.4729,38.5128],[157.4723,38.5115],[157.4718,38.5101],[157.4713,38.5087],[157.4709,38.5073],[157.4706,38.5059],[157.4703,38.5044],[157.4701,38.5029],[157.47,38.5015],[157.47,38.5],[157.47,38.4985],[157.4701,38.4971],[157.4703,38.4956],[157.4706,38.4941],[157.4709,38.4927],[157.4713,38.4913],[157.4718,38.4899],[157.4723,38.4885],[157.4729,38.4872],[157.4735,38.4859],[157.4743,38.4846],[157.4751,38.4833],[157.4759,38.4821],[157.4768,38.481],[157.4778,38.4799],[157.4788,38.4788],[157.4799,38.4778],[157.481,38.4768],[157.4821,38.4759],[157.4833,38.4751],[157.4846,38.4743],[157.4859,38.4735],[157.4872,38.4729],[157.4885,38.4723],[157.4899,38.4718],[157.4913,38.4713],[157.4927,38.4709],[157.4941,38.4706],[157.4956,38.4703],[157.4971,38.4701],[157.4985,38.47],[157.5,38.47]]]},"properties":{"storm_name":"KOGUMA-26","fuente":"GDACS","alertlevel":"Green","url":"https://www.gdacs.org/report.aspx?eventid=1001333&episodeid=21&eventtype=TC","paises":"","layer":"storm_track","kind":"wind_radii_forecast","wind_kt":34}},{"type":"Feature","geometry":{"type":"Polygon","coordinates":[[[151.5,21.15],[151.5094,21.1502],[151.5187,21.1506],[151.5281,21.1514],[151.5374,21.1524],[151.5466,21.1538],[151.5558,21.1555],[151.565,21.1574],[151.574,21.1597],[151.583,21.1622],[151.5918,21.1651],[151.6006,21.1682],[151.6092,21.1716],[151.6177,21.1753],[151.6261,21.1793],[151.6343,21.1835],[151.6423,21.188],[151.6502,21.1927],[151.6578,21.1977],[151.6653,21.203],[151.6726,21.2085],[151.6797,21.2142],[151.6865,21.2202],[151.6932,21.2263],[151.6995,21.2327],[151.7057,21.2393],[151.7116,21.2461],[151.7172,21.2531],[151.7226,21.2602],[151.7277,21.2675],[151.7325,21.275],[151.7371,21.2826],[151.7413,21.2904],[151.7453,21.2983],[151.749,21.3063],[151.7523,21.3145],[151.7554,21.3227],[151.7581,21.3311],[151.7605,21.3395],[151.7626,21.348],[151.7644,21.3566],[151.7659,21.3652],[151.767,21.3739],[151.7679,21.3826],[151.7683,21.3913],[151.7685,21.4],[151.7683,21.4087],[151.7679,21.4174],[151.767,21.4261],[151.7659,21.4348],[151.7644,21.4434],[151.7626,21.452],[151.7605,21.4605],[151.7581,21.4689],[151.7554,21.4773],[151.7523,21.4855],[151.749,21.4937],[151.7453,21.5017],[151.7413,21.5096],[151.7371,21.5174],[151.7325,21.525],[151.7277,21.5325],[151.7226,21.5398],[151.7172,21.5469],[151.7116,21.5539],[151.7057,21.5607],[151.6995,21.5673],[151.6932,21.5737],[149.954,23.2623],[148.8299,24.7838],[148.3039,26.1953],[148.4394,27.5504],[151.5327,31.7241],[159.1399,37.0746],[159.2025,37.1203],[159.2629,37.1676],[159.3213,37.2166],[159.3774,37.2671],[159.4312,37.3192],[159.4827,37.3726],[159.5318,37.4275],[159.5784,37.4836],[159.6224,37.541],[159.6639,37.5996],[159.7027,37.6592],[159.7389,37.7199],[159.7723,37.7815],[159.803,37.844],[159.8308,37.9073],[159.8558,37.9713],[159.878,38.036],[159.8972,38.1012],[159.9135,38.1669],[159.9269,38.2331],[159.9374,38.2995],[159.9448,38.3662],[159.9493,38.4331],[159.9508,38.5],[159.9493,38.5669],[159.9448,38.6338],[159.9374,38.7005],[159.9269,38.7669],[159.9135,38.8331],[159.8972,38.8988],[159.878,38.964],[159.8558,39.0287],[159.8308,39.0927],[159.803,39.156],[159.7723,39.2185],[159.7389,39.2801],[159.7027,39.3408],[159.6639,39.4004],[159.6224,39.459],[159.5784,39.5164],[159.5318,39.5725],[159.4827,39.6274],[159.4312,39.6808],[159.3774,39.7329],[159.3213,39.7834],[159.2629,39.8324],[159.2025,39.8797],[159.1399,39.9254],[159.0753,39.9693],[159.0089,40.0114],[158.9405,40.0517],[158.8705,40.0901],[158.7987,40.1266],[158.7254,40.161],[158.6506,40.1935],[158.5744,40.2239],[158.4968,40.2522],[158.4181,40.2783],[158.3382,40.3023],[158.2573,40.3241],[158.1755,40.3437],[158.0929,40.361],[158.0095,40.3761],[157.9256,40.3889],[157.8411,40.3993],[157.7562,40.4075],[157.671,40.4133],[157.5855,40.4168],[157.5,40.418],[157.4145,40.4168],[157.329,40.4133],[157.2438,40.4075],[157.1589,40.3993],[157.0744,40.3889],[156.9905,40.3761],[156.9071,40.361],[156.8245,40.3437],[156.7427,40.3241],[156.6618,40.3023],[156.5819,40.2783],[156.5032,40.2522],[156.4256,40.2239],[156.3494,40.1935],[156.2746,40.161],[156.2013,40.1266],[156.1295,40.0901],[156.0595,40.0517],[155.9911,40.0114],[155.9247,39.9693],[155.8601,39.9254],[155.7975,39.8797],[155.7371,39.8324],[155.6787,39.7834],[155.6226,39.7329],[148.9451,33.7198],[148.9036,33.6823],[148.8636,33.6436],[148.8253,33.6038],[148.7887,33.5629],[148.7538,33.5209],[148.7206,33.4779],[148.6892,33.434],[148.6597,33.3892],[148.6321,33.3435],[148.6063,33.2971],[148.5825,33.2499],[146.2152,28.2873],[146.2006,28.2536],[146.1873,28.2195],[146.1753,28.185],[146.1648,28.1501],[146.1556,28.115],[146.1478,28.0796],[146.1414,28.0439],[146.1364,28.0081],[146.1329,27.9721],[146.1307,27.9361],[146.13,27.9],[146.1307,27.8639],[146.1329,27.8279],[146.1364,27.7919],[146.1414,27.7561],[146.1478,27.7204],[146.5227,25.9611],[146.5286,25.9337],[146.5356,25.9065],[146.5437,25.8795],[146.5528,25.8528],[146.5629,25.8264],[146.574,25.8003],[146.5862,25.7746],[146.5993,25.7493],[146.6134,25.7244],[146.6285,25.7],[147.5966,24.183],[147.6091,24.164],[147.6224,24.1455],[147.6363,24.1273],[147.651,24.1097],[147.6663,24.0925],[147.6822,24.0758],[147.6988,24.0596],[147.716,24.0439],[149.2969,22.6901],[149.3088,22.6806],[149.3211,22.6714],[151.3347,21.203],[151.3422,21.1977],[151.3498,21.1927],[151.3577,21.188],[151.3657,21.1835],[151.3739,21.1793],[151.3823,21.1753],[151.3908,21.1716],[151.3994,21.1682],[151.4082,21.1651],[151.417,21.1622],[151.426,21.1597],[151.435,21.1574],[151.4442,21.1555],[151.4534,21.1538],[151.4626,21.1524],[151.4719,21.1514],[151.4813,21.1506],[151.4906,21.1502],[151.5,21.15]]]},"properties":{"storm_name":"KOGUMA-26","fuente":"GDACS","alertlevel":"Green","url":"https://www.gdacs.org/report.aspx?eventid=1001333&episodeid=21&eventtype=TC","paises":"","layer":"storm_track","kind":"wind_radii_forecast","wind_kt":34}},{"type":"Feature","geometry":{"type":"Point","coordinates":[151.5,21.4]},"properties":{"storm_name":"KOGUMA-26","fuente":"GDACS","alertlevel":"Green","url":"https://www.gdacs.org/report.aspx?eventid=1001333&episodeid=21&eventtype=TC","paises":"","layer":"storm","name":"KOGUMA-26","intensity_kt":120,"class_label":"Categoría 4","last_update":"2026-10-10T00:00:00","basin":""}},{"type":"Feature","geometry":{"type":"Point","coordinates":[156.0,26.9]},"properties":{"storm_name":"Nolo","fuente":"IBTrACS (NOAA)","basin":"Pacífico oriental","storm_id":"2026254N11252","layer":"storm","name":"Nolo","intensity_kt":54,"class_label":"Tormenta tropical","last_update":"2026-10-08T00:00:00Z","url":"https://www.ncei.noaa.gov/products/international-best-track-archive"}},{"type":"Feature","geometry":{"type":"LineString","coordinates":[[-108.5,10.5],[-109.0,10.8],[-109.5,11.1],[-110.0,11.4],[-110.5,11.6],[-111.0,11.8],[-111.4,11.9],[-111.8,12.1],[-112.2,12.3],[-112.7,12.6],[-113.1,12.9],[-113.5,13.3],[-113.7,13.7],[-113.8,14.2],[-113.8,14.8],[-113.8,15.5],[-113.8,16.1],[-114.0,16.5],[-114.3,16.8],[-114.6,17.0],[-114.9,17.2],[-115.3,17.3],[-115.6,17.4],[-115.9,17.4],[-116.2,17.4],[-116.5,17.4],[-116.8,17.3],[-117.4,17.2],[-117.9,17.1],[-118.2,16.9],[-118.5,16.6],[-118.9,16.4],[-119.3,16.3],[-119.6,16.5],[-120.0,16.7],[-120.5,16.6],[-121.1,16.5],[-121.6,16.3],[-122.1,16.2],[-122.7,16.1],[-123.3,16.1],[-123.8,15.9],[-124.3,15.8],[-124.8,15.7],[-125.3,15.6],[-125.8,15.5],[-126.4,15.3],[-127.0,15.2],[-127.5,15.0],[-128.1,14.9],[-128.6,14.8],[-129.1,14.6],[-129.7,14.6],[-130.2,14.5],[-130.7,14.6],[-131.1,14.6],[-131.6,14.8],[-132.0,15.1],[-132.4,15.5],[-132.8,15.8],[-133.4,15.8],[-134.3,15.4],[-135.2,15.0],[-135.7,15.1],[-136.0,15.5],[-136.3,15.7],[-136.7,16.0],[-137.1,16.4],[-137.5,16.8],[-138.2,16.9],[-138.8,16.9],[-139.3,16.8],[-139.7,16.6],[-140.1,16.4],[-140.5,16.1],[-141.0,15.7],[-141.5,15.3],[-141.8,14.9],[-142.3,14.3],[-143.6,13.6],[-145.0,13.0],[-145.9,12.9],[-146.5,13.0],[-146.9,13.0],[-147.1,12.9],[-147.2,12.8],[-147.1,12.8],[-146.9,12.8],[-146.6,12.8],[-146.5,12.9],[-146.4,13.1],[-146.5,13.3],[-146.7,13.4],[-147.1,13.3],[-147.5,13.2],[-147.8,13.1],[-148.4,13.1],[-149.4,13.0],[-150.5,13.0],[-151.5,13.1],[-152.4,13.3],[-153.0,13.6],[-153.4,13.9],[-153.9,14.2],[-154.3,14.4],[-154.7,14.5],[-155.1,14.5],[-155.5,14.6],[-155.8,14.6],[-155.9,14.7],[-156.0,14.7],[-156.1,14.8],[-156.1,14.8],[-156.2,14.7],[-156.2,14.7],[-156.1,14.8],[-156.0,14.9],[-155.9,15.0],[-155.8,15.2],[-155.7,15.5],[-155.6,15.8],[-155.5,16.0],[-155.4,16.3],[-155.4,16.5],[-155.4,16.7],[-155.3,16.8],[-155.2,16.9],[-155.2,16.9],[-155.3,16.9],[-155.5,16.9],[-155.7,16.8],[-155.9,16.7],[-156.1,16.7],[-156.5,16.7],[-156.9,16.6],[-157.3,16.4],[-157.8,16.2],[-158.3,16.1],[-158.8,16.1],[-159.3,16.1],[-159.8,16.2],[-160.3,16.3],[-160.8,16.4],[-161.4,16.6],[-161.9,16.8],[-162.3,17.0],[-162.7,17.3],[-163.1,17.7],[-163.5,18.3],[-163.9,18.9],[-164.2,19.5],[-164.3,19.8],[-164.2,20.1],[-164.2,20.5],[-164.2,21.0],[-164.2,21.4],[-164.2,21.8],[-164.2,22.2],[-164.2,22.4],[-164.5,22.4],[-164.8,22.2],[-164.8,22.1],[-164.7,21.9],[-164.7,21.7],[-164.7,21.6],[-164.8,21.6],[-165.0,21.7],[-165.1,21.7],[-165.3,21.8],[-165.3,21.8],[-165.4,22.0],[-165.6,22.4],[-165.9,22.8],[-166.1,23.0],[-166.4,23.1],[-166.7,23.2],[-167.0,23.2],[-167.2,23.2],[-167.4,23.3],[-167.7,23.4],[-168.1,23.5],[-168.5,23.4],[-169.0,23.3],[-169.7,23.2],[-170.5,23.2],[-171.3,23.2],[-172.2,23.2],[-173.2,23.2],[-174.2,23.3],[-175.1,23.4],[-175.9,23.5],[-176.9,23.5],[-177.8,23.6],[-178.5,23.8],[-179.2,24.0],[-179.9,24.4],[-180.7,24.8],[-181.5,25.1],[-182.3,25.3],[-183.1,25.5],[-183.8,25.6],[-184.5,25.7],[-185.3,25.8],[-186.1,25.8],[-187.0,25.7],[-187.9,25.7],[-188.9,25.6],[-189.8,25.5],[-190.9,25.4],[-192.2,25.3],[-193.6,25.3],[-194.9,25.2],[-196.0,25.3],[-197.1,25.6],[-198.0,25.9],[-198.8,25.9],[-199.7,25.8],[-200.9,25.8],[-202.2,25.9],[-203.2,26.3],[-204.0,26.9]]},"properties":{"storm_name":"Nolo","fuente":"IBTrACS (NOAA)","basin":"Pacífico oriental","storm_id":"2026254N11252","layer":"storm_track","kind":"past"}},{"type":"Feature","geometry":{"type":"Point","coordinates":[-122.6,21.3]},"properties":{"storm_name":"Rachel","fuente":"IBTrACS (NOAA)","basin":"Pacífico oriental","storm_id":"2026268N09267","layer":"storm","name":"Rachel","intensity_kt":65,"class_label":"Categoría 1 (huracán / tifón)","last_update":"2026-10-08T00:00:00Z","url":"https://www.ncei.noaa.gov/products/international-best-track-archive"}},{"type":"Feature","geometry":{"type":"LineString","coordinates":[[-92.6,9.2],[-93.1,9.7],[-93.6,10.2],[-94.1,10.8],[-94.6,11.2],[-95.1,11.3],[-95.6,11.2],[-95.9,11.2],[-96.1,11.3],[-96.4,11.3],[-96.7,11.4],[-97.0,11.5],[-97.3,11.7],[-97.5,11.8],[-97.6,11.9],[-97.8,12.1],[-97.9,12.2],[-98.0,12.3],[-98.3,12.3],[-98.5,12.4],[-98.6,12.5],[-98.7,12.6],[-98.9,12.7],[-99.2,12.7],[-99.5,12.8],[-99.8,13.0],[-100.1,13.2],[-100.4,13.4],[-100.8,13.6],[-101.1,13.8],[-101.5,13.9],[-102.0,14.1],[-102.6,14.3],[-103.2,14.4],[-103.8,14.5],[-104.3,14.8],[-104.7,15.1],[-105.0,15.4],[-105.4,15.7],[-105.9,16.2],[-106.3,16.6],[-106.6,17.0],[-106.9,17.3],[-107.3,17.6],[-107.6,17.8],[-107.7,18.1],[-107.8,18.4],[-108.0,18.7],[-108.3,19.0],[-108.7,19.2],[-109.0,19.3],[-109.3,19.4],[-109.4,19.5],[-109.4,19.4],[-109.4,19.4],[-109.5,19.4],[-109.6,19.4],[-109.9,19.4],[-110.2,19.4],[-110.4,19.3],[-110.6,19.3],[-110.8,19.3],[-110.9,19.3],[-111.1,19.3],[-111.3,19.3],[-111.5,19.3],[-111.6,19.3],[-111.7,19.4],[-111.9,19.5],[-112.1,19.6],[-112.3,19.7],[-112.5,19.8],[-112.6,19.9],[-112.8,20.0],[-113.0,20.1],[-113.2,20.2],[-113.5,20.2],[-113.8,20.2],[-114.0,20.1],[-114.2,20.1],[-114.5,20.1],[-114.8,20.3],[-115.2,20.4],[-115.5,20.4],[-115.8,20.4],[-116.2,20.3],[-116.7,20.3],[-117.1,20.3],[-117.5,20.4],[-117.8,20.3],[-118.2,20.3],[-118.7,20.3],[-119.1,20.4],[-119.4,20.4],[-119.7,20.4],[-120.0,20.4],[-120.3,20.4],[-120.6,20.4],[-120.9,20.5],[-121.2,20.6],[-121.5,20.7],[-121.8,20.8],[-122.0,21.0],[-122.3,21.2],[-122.6,21.3]]},"properties":{"storm_name":"Rachel","fuente":"IBTrACS (NOAA)","basin":"Pacífico oriental","storm_id":"2026268N09267","layer":"storm_track","kind":"past"}},{"type":"Feature","geometry":{"type":"Point","coordinates":[161.2,16.9]},"properties":{"storm_name":"Koguma","fuente":"IBTrACS (NOAA)","basin":"Pacífico occidental","storm_id":"2026278N11168","layer":"storm","name":"Koguma","intensity_kt":54,"class_label":"Tormenta tropical","last_update":"2026-10-08T00:00:00Z","url":"https://www.ncei.noaa.gov/products/international-best-track-archive"}},{"type":"Feature","geometry":{"type":"LineString","coordinates":[[168.0,10.5],[168.0,10.8],[168.0,11.0],[168.0,11.2],[167.9,11.5],[167.8,11.8],[167.6,12.2],[167.3,12.6],[167.0,12.9],[166.7,13.2],[166.4,13.4],[166.2,13.7],[165.8,14.0],[165.1,14.4],[164.5,14.7],[164.2,15.0],[164.0,15.3],[163.6,15.4],[163.2,15.5],[162.9,15.6],[162.6,15.7],[162.1,15.9],[161.6,16.1],[161.3,16.5],[161.2,16.9]]},"properties":{"storm_name":"Koguma","fuente":"IBTrACS (NOAA)","basin":"Pacífico occidental","storm_id":"2026278N11168","layer":"storm_track","kind":"past"}},{"type":"Feature","geometry":{"type":"Point","coordinates":[-102.2,15.5]},"properties":{"storm_name":"Simon","fuente":"IBTrACS (NOAA)","basin":"Pacífico oriental","storm_id":"2026278N12269","layer":"storm","name":"Simon","intensity_kt":40,"class_label":"Tormenta tropical","last_update":"2026-10-08T00:00:00Z","url":"https://www.ncei.noaa.gov/products/international-best-track-archive"}},{"type":"Feature","geometry":{"type":"LineString","coordinates":[[-91.5,11.8],[-92.0,11.8],[-92.6,11.9],[-93.2,12.0],[-93.8,12.0],[-94.4,12.0],[-94.9,12.0],[-95.4,12.1],[-95.8,12.2],[-96.1,12.3],[-96.4,12.4],[-96.7,12.4],[-97.0,12.4],[-97.4,12.5],[-97.7,12.6],[-98.0,12.7],[-98.2,12.8],[-98.4,12.8],[-98.7,13.0],[-99.0,13.4],[-99.4,13.9],[-99.7,14.2],[-100.0,14.5],[-100.3,14.7],[-100.6,14.6],[-100.9,14.9],[-101.3,15.3],[-101.7,15.4],[-102.2,15.5]]},"properties":{"storm_name":"Simon","fuente":"IBTrACS (NOAA)","basin":"Pacífico oriental","storm_id":"2026278N12269","layer":"storm_track","kind":"past"}},{"type":"Feature","geometry":{"type":"Point","coordinates":[-92.3,22.7]},"properties":{"storm_name":"Isaias","fuente":"IBTrACS (NOAA)","basin":"Atlántico norte","storm_id":"2026278N22264","layer":"storm","name":"Isaias","intensity_kt":60,"class_label":"Tormenta tropical","last_update":"2026-10-08T00:00:00Z","url":"https://www.ncei.noaa.gov/products/international-best-track-archive"}},{"type":"Feature","geometry":{"type":"LineString","coordinates":[[-96.5,22.0],[-96.5,22.0],[-96.5,22.0],[-96.5,22.0],[-96.5,22.0],[-96.5,22.0],[-96.5,22.0],[-96.4,22.1],[-96.3,22.2],[-96.2,22.3],[-96.1,22.3],[-96.0,22.3],[-96.0,22.2],[-96.0,22.1],[-96.0,22.0],[-95.9,22.0],[-95.7,22.0],[-95.6,21.9],[-95.4,21.8],[-95.0,21.8],[-94.5,21.8],[-94.2,21.9],[-93.9,22.1],[-93.6,22.3],[-93.3,22.5],[-92.8,22.6],[-92.3,22.7]]},"properties":{"storm_name":"Isaias","fuente":"IBTrACS (NOAA)","basin":"Atlántico norte","storm_id":"2026278N22264","layer":"storm_track","kind":"past"}}]}