{"type":"FeatureCollection","generado_utc":"2026-10-11T00:29:57Z","fuente":"GDELT y medios mexicanos (señales de noticias, verificar)","errores":["latam: HTTP Error 429: Too Many Requests","La API de búsqueda de GDELT limita las consultas desde este servidor; se usan sus archivos de eventos"],"fuentes_mx":{"quadratin_guerrero":"ok (0 de 10)","aristegui":"ok (0 de 0)","infobae_mx":"ok (4 de 100)","jornada_estados":"ok (1 de 10)","infobae_america":"ok (0 de 100)","jornada_politica":"ok (0 de 26)"},"features":[{"type":"Feature","geometry":{"type":"Point","coordinates":[35.1,31.533]},"properties":{"title":"News israels next targets iran backed","url":"https://www.albawaba.net/news/israels-next-targets-iran-backed-1638759","source":"www.albawaba.net","date":"2026-10-11T00:30:00Z","tipo":"Terrorismo","severidad":4,"lugar":"Hebron, Israel (general), Israel","pais_iso3":"PSE","precision":"ciudad","origen":"mundo","actores":"Pakistan → Terrorist","articulos":2,"arma":null,"via":"GDELT 2.0 (evento codificado; el título sale del enlace)"}},{"type":"Feature","geometry":{"type":"Point","coordinates":[39.5,13.5]},"properties":{"title":"International ethiopia tells acting self defense against eritrea article html","url":"https://www.santafenewmexican.com/ap/international/ethiopia-tells-un-it-is-acting-in-self-defense-against-eritrea/article_28f54adb-0f2a-5781-96ce-5f7d5e2b4664.html","source":"www.santafenewmexican.com","date":"2026-10-11T00:30:00Z","tipo":"Grupo rebelde","severidad":4,"lugar":"Tigray, Tigray, Ethiopia","pais_iso3":"ETH","precision":"ciudad","origen":"mundo","actores":"Rebel","articulos":2,"arma":null,"via":"GDELT 2.0 (evento codificado; el título sale del enlace)"}},{"type":"Feature","geometry":{"type":"Point","coordinates":[-96.807,32.783]},"properties":{"title":"Nine dead erie shooting police reveal family connection","url":"https://www.wbap.com/2026/10/10/nine-dead-in-erie-shooting-police-reveal-family-connection/","source":"www.wbap.com","date":"2026-10-11T00:30:00Z","tipo":"Grupo armado","severidad":4,"lugar":"Dallas, Texas, United States","pais_iso3":"USA","precision":"ciudad","origen":"mundo","actores":"Gunman","articulos":10,"arma":null,"via":"GDELT 2.0 (evento codificado; el título sale del enlace)"}},{"type":"Feature","geometry":{"type":"Point","coordinates":[-75.164,39.952]},"properties":{"title":"News national philadelphia police officer killed another injured after responding reports man with gun","url":"https://www.wpxi.com/news/national/philadelphia-police-officer-killed-another-injured-after-responding-reports-man-with-gun/XRB74ASCX5GFLH5PYBTRCTT2IQ/","source":"www.wpxi.com","date":"2026-10-11T00:30:00Z","tipo":"Crimen organizado","severidad":4,"lugar":"Philadelphia, Pennsylvania, United States","pais_iso3":"USA","precision":"ciudad","origen":"mundo","actores":"United States → Criminal","articulos":4,"arma":null,"via":"GDELT 2.0 (evento codificado; el título sale del enlace)"}},{"type":"Feature","geometry":{"type":"Point","coordinates":[-80.085,42.129]},"properties":{"title":"Matthew stone erie man shoots kills then self perry home","url":"https://scallywagandvagabond.com/2026/10/matthew-s-stone-erie-pa-man-shoots-kills-8-then-self-perry-st-home/","source":"scallywagandvagabond.com","date":"2026-10-11T00:30:00Z","tipo":"Grupo armado","severidad":4,"lugar":"Erie, Pennsylvania, United States","pais_iso3":"USA","precision":"ciudad","origen":"mundo","actores":"United States → United States","articulos":2,"arma":null,"via":"GDELT 2.0 (evento codificado; el título sale del enlace)"}},{"type":"Feature","geometry":{"type":"Point","coordinates":[-107.39,24.8]},"properties":{"title":"EN VIVO | Seguridad, narcotráfico y crimen en México hoy 10 de octubre: Narcoguerra expone negocio de maquinitas en Culiacán","url":"https://www.infobae.com/mexico/2026/10/10/en-vivo-seguridad-narcotrafico-y-crimen-en-mexico-hoy-10-de-octubre-el-kekas-culpable-por-crimen-de-surfistas-en-ensenada/","source":"Infobae México","date":"2026-10-11T00:16:58Z","lugar":"Culiacán, Sinaloa","pais_iso3":"MEX","precision":"ciudad","origen":"mx","via":"RSS de Infobae México","tipo":"Narcotráfico","severidad":3,"arma":null}},{"type":"Feature","geometry":{"type":"Point","coordinates":[-93.75,18.492]},"properties":{"title":"Politics sinaloa cartel caught getting state the art attack drones","url":"https://www.breitbart.com/politics/2026/10/10/sinaloa-cartel-caught-getting-state-of-the-art-attack-drones/","source":"www.breitbart.com","date":"2026-10-11T00:15:00Z","tipo":"Narcotráfico","severidad":4,"lugar":"Sinaloa, Tabasco, Mexico","pais_iso3":"","precision":"ciudad","origen":"mundo","actores":"Texas → Cartel","articulos":10,"arma":"Drones","via":"GDELT 2.0 (evento codificado; el título sale del enlace)"}},{"type":"Feature","geometry":{"type":"Point","coordinates":[45.0,40.0]},"properties":{"title":"Domestic policy six years since armenias next act terror ganja","url":"https://en.apa.az/domestic-policy/six-years-since-armenias-next-act-of-terror-on-ganja-529339","source":"en.apa.az","date":"2026-10-11T00:15:00Z","tipo":"Terrorismo","severidad":4,"lugar":"Armenia","pais_iso3":"ARM","precision":"país","origen":"mundo","actores":"Armenia → Terrorist","articulos":10,"arma":null,"via":"GDELT 2.0 (evento codificado; el título sale del enlace)"}},{"type":"Feature","geometry":{"type":"Point","coordinates":[-88.183,17.483]},"properties":{"title":"Young man charged with murder teenager","url":"https://www.greaterbelize.com/young-man-charged-with-murder-of-teenager/","source":"www.greaterbelize.com","date":"2026-10-11T00:15:00Z","tipo":"Grupo armado","severidad":4,"lugar":"Belize City, Belize, Belize","pais_iso3":"","precision":"ciudad","origen":"mundo","actores":"Belize → Gunman","articulos":3,"arma":null,"via":"GDELT 2.0 (evento codificado; el título sale del enlace)"}},{"type":"Feature","geometry":{"type":"Point","coordinates":[-70.667,19.0]},"properties":{"title":"Immigration new yorkers refuse treat violent illegal shot ice one their own nothing else but trash","url":"https://www.breitbart.com/immigration/2026/10/10/new-yorkers-refuse-to-treat-violent-illegal-shot-by-ice-as-one-of-their-own-nothing-else-but-trash/","source":"www.breitbart.com","date":"2026-10-11T00:15:00Z","tipo":"Crimen organizado","severidad":4,"lugar":"Dominican Republic","pais_iso3":"DOM","precision":"país","origen":"mundo","actores":"Gang → Dominican Republic","articulos":2,"arma":null,"via":"GDELT 2.0 (evento codificado; el título sale del enlace)"}},{"type":"Feature","geometry":{"type":"Point","coordinates":[-74.938,42.15]},"properties":{"title":"Article the disturbing true story the exorcist actor who became convicted murderer","url":"https://www.vice.com/en/article/the-disturbing-true-story-of-the-exorcist-actor-who-became-a-convicted-murderer/","source":"www.vice.com","date":"2026-10-11T00:15:00Z","tipo":"Crimen organizado","severidad":4,"lugar":"New York, United States","pais_iso3":"USA","precision":"estado","origen":"mundo","actores":"Serial Killer → New York City","articulos":6,"arma":null,"via":"GDELT 2.0 (evento codificado; el título sale del enlace)"}},{"type":"Feature","geometry":{"type":"Point","coordinates":[-97.709,31.255]},"properties":{"title":"Justice for fort hood isnt barbaric hillary","url":"https://victorygirlsblog.com/justice-for-fort-hood-isnt-barbaric-hillary/","source":"victorygirlsblog.com","date":"2026-10-11T00:15:00Z","tipo":"Grupo armado","severidad":4,"lugar":"Fort Hood, Texas, United States","pais_iso3":"USA","precision":"ciudad","origen":"mundo","actores":"Benghazi → Security Personnel","articulos":10,"arma":null,"via":"GDELT 2.0 (evento codificado; el título sale del enlace)"}},{"type":"Feature","geometry":{"type":"Point","coordinates":[30.0,16.0]},"properties":{"title":"News world killed and over hurt latest attack riyadh airport saudi authorities say article html","url":"http://www.goskagit.com/news/world/12-killed-and-over-300-hurt-in-latest-attack-on-riyadh-airport-saudi-authorities-say/article_68473042-a73d-5de3-a5be-6e680b9e8cb9.html","source":"www.goskagit.com","date":"2026-10-11T00:15:00Z","tipo":"Grupo rebelde","severidad":4,"lugar":"Sudan","pais_iso3":"SDN","precision":"país","origen":"mundo","actores":"Rebel","articulos":12,"arma":null,"via":"GDELT 2.0 (evento codificado; el título sale del enlace)"}},{"type":"Feature","geometry":{"type":"Point","coordinates":[-80.085,42.129]},"properties":{"title":"Article shooting leaves dead including suspect erie pennsylvania police say","url":"https://www.ksl.com:443/article/51634813/shooting-leaves-9-dead-including-suspect-in-erie-pennsylvania-police-say","source":"www.ksl.com:443","date":"2026-10-11T00:00:00Z","tipo":"Grupo armado","severidad":4,"lugar":"Erie, Pennsylvania, United States","pais_iso3":"USA","precision":"ciudad","origen":"mundo","actores":"Police Chief → Male","articulos":2,"arma":null,"via":"GDELT 2.0 (evento codificado; el título sale del enlace)"}},{"type":"Feature","geometry":{"type":"Point","coordinates":[-80.085,42.129]},"properties":{"title":"Nine dead including suspect pennsylvania mass shooting","url":"https://pmnewsnigeria.com/2026/10/10/nine-dead-including-suspect-in-pennsylvania-mass-shooting/","source":"pmnewsnigeria.com","date":"2026-10-11T00:00:00Z","tipo":"Grupo armado","severidad":4,"lugar":"Erie, Pennsylvania, United States","pais_iso3":"USA","precision":"ciudad","origen":"mundo","actores":"Police → Gunman","articulos":2,"arma":null,"via":"GDELT 2.0 (evento codificado; el título sale del enlace)"}},{"type":"Feature","geometry":{"type":"Point","coordinates":[35.533,32.45]},"properties":{"title":"News nation airport the saudi capital attacked again and other mideast developments article html","url":"http://www.goskagit.com/news/nation/airport-in-the-saudi-capital-is-attacked-again-and-other-mideast-developments/article_08d96b9a-3cd6-5ac4-b3b4-0cf4dcfef2cd.html","source":"www.goskagit.com","date":"2026-10-11T00:00:00Z","tipo":"Grupo armado","severidad":3,"lugar":"Shifa, Ha?afon, Israel","pais_iso3":"ISR","precision":"ciudad","origen":"mundo","actores":"Israel → Fighter","articulos":16,"arma":null,"via":"GDELT 2.0 (evento codificado; el título sale del enlace)"}},{"type":"Feature","geometry":{"type":"Point","coordinates":[11.5,12.0]},"properties":{"title":"Troops kill terrorists rescue abductees nationwide operations","url":"https://pmnewsnigeria.com/2026/10/10/troops-kill-36-terrorists-rescue-50-abductees-in-nationwide-operations/","source":"pmnewsnigeria.com","date":"2026-10-11T00:00:00Z","tipo":"Terrorismo","severidad":3,"lugar":"Yobe, Yobe, Nigeria","pais_iso3":"NGA","precision":"estado","origen":"mundo","actores":"Security Personnel → Terrorist","articulos":4,"arma":null,"via":"GDELT 2.0 (evento codificado; el título sale del enlace)"}},{"type":"Feature","geometry":{"type":"Point","coordinates":[46.773,24.641]},"properties":{"title":"Terrorismo: Terrorist (Riyadh, Ar Riya?, Saudi Arabia)","url":"https://www.okaz.com.sa/local/na/2270233","source":"www.okaz.com.sa","date":"2026-10-11T00:00:00Z","tipo":"Terrorismo","severidad":4,"lugar":"Riyadh, Ar Riya?, Saudi Arabia","pais_iso3":"SAU","precision":"ciudad","origen":"mundo","actores":"Terrorist","articulos":10,"arma":null,"via":"GDELT 2.0 (evento codificado; el título sale del enlace)"}},{"type":"Feature","geometry":{"type":"Point","coordinates":[-80.085,42.129]},"properties":{"title":"Article philadelphia officers shot injured","url":"https://www.kcra.com/article/philadelphia-officers-shot-injured/74100035","source":"www.kcra.com","date":"2026-10-11T00:00:00Z","tipo":"Grupo armado","severidad":4,"lugar":"Erie, Pennsylvania, United States","pais_iso3":"USA","precision":"ciudad","origen":"mundo","actores":"United States → Gunman","articulos":12,"arma":null,"via":"GDELT 2.0 (evento codificado; el título sale del enlace)"}},{"type":"Feature","geometry":{"type":"Point","coordinates":[-76.483,42.447]},"properties":{"title":"News cornell set become first ivy offer degrees prison","url":"https://nypost.com/2026/10/10/us-news/cornell-set-to-become-first-ivy-to-offer-degrees-in-prison/","source":"nypost.com","date":"2026-10-10T23:45:00Z","tipo":"Crimen organizado","severidad":3,"lugar":"Cornell University, New York, United States","pais_iso3":"USA","precision":"ciudad","origen":"mundo","actores":"Prison → Serial Killer","articulos":3,"arma":null,"via":"GDELT 2.0 (evento codificado; el título sale del enlace)"}},{"type":"Feature","geometry":{"type":"Point","coordinates":[-80.843,35.227]},"properties":{"title":"Crime suspect pittsburgh stabbing was out cashless bail after arrest previous stabbing","url":"https://thenewamerican.com/us/crime/suspect-in-pittsburgh-stabbing-was-out-on-cashless-bail-after-arrest-in-previous-stabbing/","source":"thenewamerican.com","date":"2026-10-10T23:30:00Z","tipo":"Crimen organizado","severidad":4,"lugar":"Charlotte, North Carolina, United States","pais_iso3":"USA","precision":"ciudad","origen":"mundo","actores":"Criminal → Citizen","articulos":10,"arma":null,"via":"GDELT 2.0 (evento codificado; el título sale del enlace)"}},{"type":"Feature","geometry":{"type":"Point","coordinates":[51.515,35.75]},"properties":{"title":"Detail iran tightening noose necks with hormuz strait control iraqi resistance group","url":"https://www.presstv.co.uk/Detail/2026/10/10/777993/Iran-tightening-noose-around,-US,-allies%E2%80%99-necks-with-Hormuz-Strait-control--Iraqi-resistance-group","source":"www.presstv.co.uk","date":"2026-10-10T23:30:00Z","tipo":"Grupo rebelde","severidad":3,"lugar":"Tehran, Tehran, Iran","pais_iso3":"IRN","precision":"ciudad","origen":"mundo","actores":"Iran → Iraqi","articulos":3,"arma":null,"via":"GDELT 2.0 (evento codificado; el título sale del enlace)"}},{"type":"Feature","geometry":{"type":"Point","coordinates":[-96.0,60.0]},"properties":{"title":"Life can dui conviction stop you from entering the united states","url":"https://mtltimes.ca/life/can-a-dui-conviction-stop-you-from-entering-the-united-states/","source":"mtltimes.ca","date":"2026-10-10T23:15:00Z","tipo":"Crimen organizado","severidad":3,"lugar":"Canada","pais_iso3":"CAN","precision":"país","origen":"mundo","actores":"Traveller → Criminal","articulos":5,"arma":null,"via":"GDELT 2.0 (evento codificado; el título sale del enlace)"}},{"type":"Feature","geometry":{"type":"Point","coordinates":[-80.085,42.129]},"properties":{"title":"News world pennsylvania shooting dead","url":"https://www.cbc.ca/news/world/pennsylvania-shooting-dead-9.7377285","source":"www.cbc.ca","date":"2026-10-10T23:00:00Z","tipo":"Grupo armado","severidad":4,"lugar":"Erie, Pennsylvania, United States","pais_iso3":"USA","precision":"ciudad","origen":"mundo","actores":"Police Chief → Male","articulos":2,"arma":null,"via":"GDELT 2.0 (evento codificado; el título sale del enlace)"}},{"type":"Feature","geometry":{"type":"Point","coordinates":[44.207,15.355]},"properties":{"title":"Grupo armado: Yemen → Fighter (Sanaa, Sana', Yemen)","url":"https://english.news.cn/20261011/8e0599286b3141cdbb2914e53bc4f900/c.html","source":"english.news.cn","date":"2026-10-10T23:00:00Z","tipo":"Grupo armado","severidad":3,"lugar":"Sanaa, Sana', Yemen","pais_iso3":"YEM","precision":"ciudad","origen":"mundo","actores":"Yemen → Fighter","articulos":5,"arma":null,"via":"GDELT 2.0 (evento codificado; el título sale del enlace)"}},{"type":"Feature","geometry":{"type":"Point","coordinates":[27.142,38.41]},"properties":{"title":"News local new smyrna beach high school guardian faces four felony charges after police search","url":"https://www.wftv.com/news/local/new-smyrna-beach-high-school-guardian-faces-four-felony-charges-after-police-search/2OWD4R3ENZDJVLT5K74MPTHIR4/","source":"www.wftv.com","date":"2026-10-10T22:45:00Z","tipo":"Crimen organizado","severidad":3,"lugar":"Smyrna, Izmir, Turkey","pais_iso3":"TUR","precision":"ciudad","origen":"mundo","actores":"Criminal → Police","articulos":10,"arma":null,"via":"GDELT 2.0 (evento codificado; el título sale del enlace)"}},{"type":"Feature","geometry":{"type":"Point","coordinates":[34.333,31.417]},"properties":{"title":"Mideast mindset direct damage and very much not collateral","url":"https://themedialine.org/mideast-mindset/direct-damage-and-very-much-not-collateral/","source":"themedialine.org","date":"2026-10-10T22:45:00Z","tipo":"Terrorismo","severidad":3,"lugar":"Gaza, Israel (general), Israel","pais_iso3":"PSE","precision":"ciudad","origen":"mundo","actores":"Terrorist Organization","articulos":10,"arma":null,"via":"GDELT 2.0 (evento codificado; el título sale del enlace)"}},{"type":"Feature","geometry":{"type":"Point","coordinates":[-75.164,39.952]},"properties":{"title":"News national philadelphia police","url":"https://www.wokv.com/news/national/philadelphia-police/Z4ZKYHBKG473JO2EG2JWU23Z6M/","source":"www.wokv.com","date":"2026-10-10T22:30:00Z","tipo":"Crimen organizado","severidad":3,"lugar":"Philadelphia, Pennsylvania, United States","pais_iso3":"USA","precision":"ciudad","origen":"mundo","actores":"United States → Criminal","articulos":4,"arma":null,"via":"GDELT 2.0 (evento codificado; el título sale del enlace)"}},{"type":"Feature","geometry":{"type":"Point","coordinates":[-76.483,42.447]},"properties":{"title":"Crimen organizado: Dominican (Cornell University, New York, United States)","url":"https://www.hottalkradio.com/news/2026/10/11/","source":"www.hottalkradio.com","date":"2026-10-10T22:00:00Z","tipo":"Crimen organizado","severidad":4,"lugar":"Cornell University, New York, United States","pais_iso3":"USA","precision":"ciudad","origen":"mundo","actores":"Dominican","articulos":2,"arma":null,"via":"GDELT 2.0 (evento codificado; el título sale del enlace)"}},{"type":"Feature","geometry":{"type":"Point","coordinates":[-80.085,42.129]},"properties":{"title":"News crime nine dead after mass shooting pennsylvania","url":"https://www.perthnow.com.au/news/crime/nine-dead-after-mass-shooting-in-pennsylvania-c-22999665","source":"www.perthnow.com.au","date":"2026-10-10T21:45:00Z","tipo":"Grupo armado","severidad":4,"lugar":"Erie, Pennsylvania, United States","pais_iso3":"USA","precision":"ciudad","origen":"mundo","actores":"Police Chief → Male","articulos":2,"arma":null,"via":"GDELT 2.0 (evento codificado; el título sale del enlace)"}},{"type":"Feature","geometry":{"type":"Point","coordinates":[34.333,31.417]},"properties":{"title":"Ucla students held anti israel rally october","url":"https://legalinsurrection.com/2026/10/ucla-students-held-an-anti-israel-rally-on-october-7th/","source":"legalinsurrection.com","date":"2026-10-10T21:45:00Z","tipo":"Terrorismo","severidad":3,"lugar":"Gaza, Israel (general), Israel","pais_iso3":"PSE","precision":"ciudad","origen":"mundo","actores":"Student → Terrorist","articulos":4,"arma":null,"via":"GDELT 2.0 (evento codificado; el título sale del enlace)"}},{"type":"Feature","geometry":{"type":"Point","coordinates":[4.666,12.019]},"properties":{"title":"Army police dismiss report deaths alleged sokoto attack","url":"https://www.vanguardngr.com/2026/10/army-police-dismiss-report-of-111-deaths-in-alleged-sokoto-attack/","source":"www.vanguardngr.com","date":"2026-10-10T21:45:00Z","tipo":"Grupo armado","severidad":4,"lugar":"Ungushi, Zamfara, Nigeria","pais_iso3":"NGA","precision":"ciudad","origen":"mundo","actores":"Armed Men → Community","articulos":2,"arma":null,"via":"GDELT 2.0 (evento codificado; el título sale del enlace)"}},{"type":"Feature","geometry":{"type":"Point","coordinates":[29.691,6.802]},"properties":{"title":"News why did deadly communal clashes erupt south sudan leaving people dead","url":"https://news.az/news/why-did-deadly-communal-clashes-erupt-in-south-sudan-leaving-71-people-dead","source":"news.az","date":"2026-10-10T21:30:00Z","tipo":"Grupo armado","severidad":4,"lugar":"Rumbek, Wilayat al Buhayrat, South Sudan","pais_iso3":"SSD","precision":"ciudad","origen":"mundo","actores":"Armed Group","articulos":7,"arma":null,"via":"GDELT 2.0 (evento codificado; el título sale del enlace)"}},{"type":"Feature","geometry":{"type":"Point","coordinates":[135.0,-25.0]},"properties":{"title":"Story shooting leaves nine dead pennsylvania","url":"https://www.goulburnpost.com.au/story/9366089/shooting-leaves-nine-dead-in-pennsylvania/","source":"www.goulburnpost.com.au","date":"2026-10-10T21:30:00Z","tipo":"Grupo armado","severidad":4,"lugar":"Australia","pais_iso3":"AUS","precision":"país","origen":"mundo","actores":"Police Chief → Male","articulos":2,"arma":null,"via":"GDELT 2.0 (evento codificado; el título sale del enlace)"}},{"type":"Feature","geometry":{"type":"Point","coordinates":[135.167,34.683]},"properties":{"title":"World thousands pro palestinian demonstrators rally london","url":"https://english.aawsat.com/world/5328105-thousands-pro-palestinian-demonstrators-rally-london","source":"english.aawsat.com","date":"2026-10-10T21:15:00Z","tipo":"Grupo rebelde","severidad":3,"lugar":"Kobe, Hyogo, Japan","pais_iso3":"JPN","precision":"ciudad","origen":"mundo","actores":"London → Hamas","articulos":2,"arma":null,"via":"GDELT 2.0 (evento codificado; el título sale del enlace)"}},{"type":"Feature","geometry":{"type":"Point","coordinates":[53.0,32.0]},"properties":{"title":"Crimen organizado: Iran → Criminal (Iran)","url":"https://www.dailykos.com/stories/2026/10/10/800110486/community/project-2029/","source":"www.dailykos.com","date":"2026-10-10T21:15:00Z","tipo":"Crimen organizado","severidad":3,"lugar":"Iran","pais_iso3":"IRN","precision":"país","origen":"mundo","actores":"Iran → Criminal","articulos":10,"arma":null,"via":"GDELT 2.0 (evento codificado; el título sale del enlace)"}},{"type":"Feature","geometry":{"type":"Point","coordinates":[-77.036,38.895]},"properties":{"title":"Crimen organizado: Iran → Criminal (The White House, District of Columbia, United States)","url":"https://www.dailykos.com/stories/2026/10/10/800110486/community/project-2029/","source":"www.dailykos.com","date":"2026-10-10T21:15:00Z","tipo":"Crimen organizado","severidad":3,"lugar":"The White House, District of Columbia, United States","pais_iso3":"USA","precision":"ciudad","origen":"mundo","actores":"Iran → Criminal","articulos":10,"arma":null,"via":"GDELT 2.0 (evento codificado; el título sale del enlace)"}},{"type":"Feature","geometry":{"type":"Point","coordinates":[-79.5,22.0]},"properties":{"title":"Editorial uss cole crew families have waited too long for accountability","url":"https://www.dailypress.com/2026/10/10/editorial-uss-cole-crew-families-have-waited-too-long-for-accountability/","source":"www.dailypress.com","date":"2026-10-10T21:15:00Z","tipo":"Grupo armado","severidad":4,"lugar":"Cuba","pais_iso3":"CUB","precision":"país","origen":"mundo","actores":"Islamic","articulos":5,"arma":null,"via":"GDELT 2.0 (evento codificado; el título sale del enlace)"}},{"type":"Feature","geometry":{"type":"Point","coordinates":[72.816,34.945]},"properties":{"title":"News same procedures here india back home european air chiefs praise seamless integration tarang shakti","url":"http://www.pakistantelegraph.com/news/279364214/same-procedures-here-in-india-as-back-home-european-air-chiefs-praise-seamless-integration-at-tarang-shakti","source":"www.pakistantelegraph.com","date":"2026-10-10T21:15:00Z","tipo":"Terrorismo","severidad":4,"lugar":"Lashkar, North-West Frontier, Pakistan","pais_iso3":"PAK","precision":"ciudad","origen":"mundo","actores":"Terrorist → Civilian","articulos":4,"arma":null,"via":"GDELT 2.0 (evento codificado; el título sale del enlace)"}},{"type":"Feature","geometry":{"type":"Point","coordinates":[-70.667,19.0]},"properties":{"title":"News criminal illegal migrant shot ice tormented nyc apartment building with machete neighbor claims menace society","url":"https://nypost.com/2026/10/10/us-news/criminal-illegal-migrant-shot-by-ice-tormented-nyc-apartment-building-with-machete-neighbor-claims-menace-to-society/","source":"nypost.com","date":"2026-10-10T21:00:00Z","tipo":"Crimen organizado","severidad":4,"lugar":"Dominican Republic","pais_iso3":"DOM","precision":"país","origen":"mundo","actores":"Criminal","articulos":10,"arma":null,"via":"GDELT 2.0 (evento codificado; el título sale del enlace)"}},{"type":"Feature","geometry":{"type":"Point","coordinates":[-76.483,42.447]},"properties":{"title":"News cornell rape accuser detailed self harm struggle weeks before frat house attack report","url":"https://nypost.com/2026/10/10/us-news/cornell-7-rape-accuser-detailed-self-harm-struggle-weeks-before-frat-house-attack-report/","source":"nypost.com","date":"2026-10-10T21:00:00Z","tipo":"Crimen organizado","severidad":4,"lugar":"Cornell University, New York, United States","pais_iso3":"USA","precision":"ciudad","origen":"mundo","actores":"University → Gang","articulos":2,"arma":null,"via":"GDELT 2.0 (evento codificado; el título sale del enlace)"}},{"type":"Feature","geometry":{"type":"Point","coordinates":[-98.579,39.828]},"properties":{"title":"Dougp state dept spox says livestreaming hood terrorists execution makes america less safe","url":"https://twitchy.com/dougp/2026/10/10/ex-state-dept-spox-says-livestreaming-ft-hood-terrorists-execution-makes-america-less-safe-n2433158","source":"twitchy.com","date":"2026-10-10T21:00:00Z","tipo":"Terrorismo","severidad":4,"lugar":"United States","pais_iso3":"USA","precision":"país","origen":"mundo","actores":"Islamic → Army","articulos":10,"arma":null,"via":"GDELT 2.0 (evento codificado; el título sale del enlace)"}},{"type":"Feature","geometry":{"type":"Point","coordinates":[30.0,16.0]},"properties":{"title":"Ghana tier trafficking report","url":"https://www.riotimesonline.com/ghana-tier-1-us-trafficking-report-2026/","source":"www.riotimesonline.com","date":"2026-10-10T20:45:00Z","tipo":"Crimen organizado","severidad":3,"lugar":"Sudan","pais_iso3":"SDN","precision":"país","origen":"mundo","actores":"Trafficker","articulos":15,"arma":null,"via":"GDELT 2.0 (evento codificado; el título sale del enlace)"}},{"type":"Feature","geometry":{"type":"Point","coordinates":[-74.938,42.15]},"properties":{"title":"Catherinesalgado angry new yorkers contradict mamdani hochul narrative shot illegal alien criminal","url":"https://pjmedia.com/catherinesalgado/2026/10/10/angry-new-yorkers-contradict-mamdani-hochul-narrative-on-shot-illegal-alien-criminal-n4958189","source":"pjmedia.com","date":"2026-10-10T20:45:00Z","tipo":"Crimen organizado","severidad":4,"lugar":"New York, United States","pais_iso3":"USA","precision":"estado","origen":"mundo","actores":"Criminal → United States","articulos":4,"arma":null,"via":"GDELT 2.0 (evento codificado; el título sale del enlace)"}},{"type":"Feature","geometry":{"type":"Point","coordinates":[34.333,31.417]},"properties":{"title":"Grupo rebelde: Hamas (Gaza, Israel (general), Israel)","url":"http://www.jpost.com/israel-election-2026/article-911244","source":"www.jpost.com","date":"2026-10-10T20:45:00Z","tipo":"Grupo rebelde","severidad":3,"lugar":"Gaza, Israel (general), Israel","pais_iso3":"PSE","precision":"ciudad","origen":"mundo","actores":"Hamas","articulos":10,"arma":null,"via":"GDELT 2.0 (evento codificado; el título sale del enlace)"}},{"type":"Feature","geometry":{"type":"Point","coordinates":[34.333,31.417]},"properties":{"title":"Grupo armado: Combatant (Gaza, Israel (general), Israel)","url":"http://www.jpost.com/middle-east/article-911238","source":"www.jpost.com","date":"2026-10-10T20:45:00Z","tipo":"Grupo armado","severidad":4,"lugar":"Gaza, Israel (general), Israel","pais_iso3":"PSE","precision":"ciudad","origen":"mundo","actores":"Combatant","articulos":20,"arma":null,"via":"GDELT 2.0 (evento codificado; el título sale del enlace)"}},{"type":"Feature","geometry":{"type":"Point","coordinates":[-93.75,18.492]},"properties":{"title":"Mexico new sinaloa prison","url":"https://www.riotimesonline.com/mexico-new-sinaloa-prison-2026/","source":"www.riotimesonline.com","date":"2026-10-10T20:45:00Z","tipo":"Narcotráfico","severidad":4,"lugar":"Sinaloa, Tabasco, Mexico","pais_iso3":"","precision":"ciudad","origen":"mundo","actores":"Gunmen → Neighbourhood","articulos":2,"arma":null,"via":"GDELT 2.0 (evento codificado; el título sale del enlace)"}},{"type":"Feature","geometry":{"type":"Point","coordinates":[46.696,24.958]},"properties":{"title":"News local several injured attack riyadhs king khalid international airport saudi media","url":"https://jordantimes.com/news/local/several-injured-in-attack-on-riyadhs-king-khalid-international-airport-saudi-media","source":"jordantimes.com","date":"2026-10-10T20:45:00Z","tipo":"Grupo armado","severidad":4,"lugar":"King Khalid International, Ar Riya?, Saudi Arabia","pais_iso3":"SAU","precision":"ciudad","origen":"mundo","actores":"Yemen → Saudi Arabia","articulos":2,"arma":null,"via":"GDELT 2.0 (evento codificado; el título sale del enlace)"}},{"type":"Feature","geometry":{"type":"Point","coordinates":[42.739,13.009]},"properties":{"title":"Africa article eritrea urges act against ethiopias declaration war","url":"https://www.standardmedia.co.ke/africa/article/2001559882/eritrea-urges-un-to-act-against-ethiopias-declaration-of-war","source":"www.standardmedia.co.ke","date":"2026-10-10T20:30:00Z","tipo":"Grupo rebelde","severidad":4,"lugar":"Assab, Debubawi K'eyih Bahri, Eritrea","pais_iso3":"","precision":"ciudad","origen":"mundo","actores":"Rebel → Ethiopian","articulos":10,"arma":null,"via":"GDELT 2.0 (evento codificado; el título sale del enlace)"}},{"type":"Feature","geometry":{"type":"Point","coordinates":[74.25,32.8]},"properties":{"title":"News amritsar asi attack amritsar police tight lipped reports first arrest rounds","url":"https://www.tribuneindia.com/news/amritsar/asi-attack-amritsar-police-tight-lipped-as-reports-of-first-arrest-do-rounds/","source":"www.tribuneindia.com","date":"2026-10-10T20:30:00Z","tipo":"Crimen organizado","severidad":4,"lugar":"Ajnala, Punjab, Pakistan","pais_iso3":"PAK","precision":"ciudad","origen":"mundo","actores":"Assailant → Pakistan","articulos":2,"arma":null,"via":"GDELT 2.0 (evento codificado; el título sale del enlace)"}},{"type":"Feature","geometry":{"type":"Point","coordinates":[35.233,31.767]},"properties":{"title":"News fox israeli combat medicine slashes idf deaths after oct draws military interest","url":"https://www.whmi.com/news/fox/israeli-combat-medicine-slashes-idf-deaths-after-oct-7-draws-us-military-interest","source":"www.whmi.com","date":"2026-10-10T20:30:00Z","tipo":"Grupo rebelde","severidad":4,"lugar":"Jerusalem, Israel (general), Israel","pais_iso3":"PSE","precision":"ciudad","origen":"mundo","actores":"Hamas → Israel","articulos":5,"arma":null,"via":"GDELT 2.0 (evento codificado; el título sale del enlace)"}},{"type":"Feature","geometry":{"type":"Point","coordinates":[68.371,25.385]},"properties":{"title":"Security forces eliminate nine terrorists north waziristan","url":"https://newsmakers.pk/security-forces-eliminate-nine-terrorists-in-north-waziristan/","source":"newsmakers.pk","date":"2026-10-10T20:30:00Z","tipo":"Terrorismo","severidad":4,"lugar":"Radio Pakistan, Sindh, Pakistan","pais_iso3":"PAK","precision":"ciudad","origen":"mundo","actores":"Intelligence → Terrorist","articulos":3,"arma":null,"via":"GDELT 2.0 (evento codificado; el título sale del enlace)"}},{"type":"Feature","geometry":{"type":"Point","coordinates":[81.85,25.45]},"properties":{"title":"India news allahabad warns against misuse criminal law short lived marriages quashes dowry fir html","url":"https://www.hindustantimes.com/india-news/allahabad-hc-warns-against-misuse-of-criminal-law-in-short-lived-marriages-quashes-dowry-fir-101791658260113.html","source":"www.hindustantimes.com","date":"2026-10-10T20:15:00Z","tipo":"Crimen organizado","severidad":3,"lugar":"Allahabad, Uttar Pradesh, India","pais_iso3":"IND","precision":"ciudad","origen":"mundo","actores":"Criminal","articulos":4,"arma":null,"via":"GDELT 2.0 (evento codificado; el título sale del enlace)"}},{"type":"Feature","geometry":{"type":"Point","coordinates":[-116.5,31.4]},"properties":{"title":"Crimen organizado: Mexico → Perpetrator (Punta San Jose, Baja California, Mexico)","url":"https://www.taipeitimes.com/News/world/archives/2026/10/11/2003865780","source":"www.taipeitimes.com","date":"2026-10-10T20:15:00Z","tipo":"Crimen organizado","severidad":3,"lugar":"Punta San Jose, Baja California, Mexico","pais_iso3":"MEX","precision":"ciudad","origen":"mx","actores":"Mexico → Perpetrator","articulos":1,"arma":null,"via":"GDELT 2.0 (evento codificado; el título sale del enlace)"}},{"type":"Feature","geometry":{"type":"Point","coordinates":[34.333,31.417]},"properties":{"title":"News saudi airport attacked second time","url":"https://www.abc.net.au/news/2026-10-11/saudi-airport-attacked-second-time/107252320","source":"www.abc.net.au","date":"2026-10-10T20:15:00Z","tipo":"Grupo rebelde","severidad":4,"lugar":"Gaza, Israel (general), Israel","pais_iso3":"PSE","precision":"ciudad","origen":"mundo","actores":"Rebel Group → Saudi","articulos":2,"arma":null,"via":"GDELT 2.0 (evento codificado; el título sale del enlace)"}},{"type":"Feature","geometry":{"type":"Point","coordinates":[47.5,40.5]},"properties":{"title":"Lahore footbridges get panic buttons for women key details missing","url":"https://www.lhrtimes.com/2026/10/11/lahore-footbridges-get-panic-buttons-for-women-key-details-missing/","source":"www.lhrtimes.com","date":"2026-10-10T20:00:00Z","tipo":"Crimen organizado","severidad":4,"lugar":"Azerbaijan","pais_iso3":"AZE","precision":"país","origen":"mundo","actores":"Gang → Azerbaijani","articulos":8,"arma":null,"via":"GDELT 2.0 (evento codificado; el título sale del enlace)"}},{"type":"Feature","geometry":{"type":"Point","coordinates":[3.896,7.388]},"properties":{"title":"How kidnappers abducted seven oyo poultry farm crin workers four days","url":"https://tribuneonlineng.com/how-kidnappers-abducted-seven-oyo-poultry-farm-crin-workers-in-four-days/","source":"tribuneonlineng.com","date":"2026-10-10T20:00:00Z","tipo":"Crimen organizado","severidad":4,"lugar":"Ibadan, Oyo, Nigeria","pais_iso3":"NGA","precision":"ciudad","origen":"mundo","actores":"Security Force → Kidnapper","articulos":5,"arma":null,"via":"GDELT 2.0 (evento codificado; el título sale del enlace)"}},{"type":"Feature","geometry":{"type":"Point","coordinates":[71.475,30.196]},"properties":{"title":"Multan law student shot dead outside private university","url":"https://www.lhrtimes.com/2026/10/10/multan-law-student-shot-dead-outside-private-university/","source":"www.lhrtimes.com","date":"2026-10-10T20:00:00Z","tipo":"Grupo armado","severidad":4,"lugar":"Multan, Punjab, Pakistan","pais_iso3":"PAK","precision":"ciudad","origen":"mundo","actores":"Residents → Gunman","articulos":10,"arma":null,"via":"GDELT 2.0 (evento codificado; el título sale del enlace)"}},{"type":"Feature","geometry":{"type":"Point","coordinates":[34.333,31.417]},"properties":{"title":"Articles twenty arrested pro palestine march html","url":"https://www.aol.co.uk/articles/twenty-arrested-pro-palestine-march-192810000.html","source":"www.aol.co.uk","date":"2026-10-10T20:00:00Z","tipo":"Grupo armado","severidad":4,"lugar":"Gaza, Israel (general), Israel","pais_iso3":"PSE","precision":"ciudad","origen":"mundo","actores":"Militant","articulos":2,"arma":null,"via":"GDELT 2.0 (evento codificado; el título sale del enlace)"}},{"type":"Feature","geometry":{"type":"Point","coordinates":[34.887,32.011]},"properties":{"title":"World news flydubai suspends israeli flights until further notice following failed terror plot","url":"https://nypost.com/2026/10/10/world-news/flydubai-suspends-israeli-flights-until-further-notice-following-failed-terror-plot/","source":"nypost.com","date":"2026-10-10T20:00:00Z","tipo":"Terrorismo","severidad":4,"lugar":"Ben Gurion, HaMerkaz, Israel","pais_iso3":"ISR","precision":"ciudad","origen":"mundo","actores":"Terrorist → Israel","articulos":3,"arma":null,"via":"GDELT 2.0 (evento codificado; el título sale del enlace)"}},{"type":"Feature","geometry":{"type":"Point","coordinates":[34.767,32.067]},"properties":{"title":"Terrorismo: Israel → Terrorist (Tel Aviv, Tel Aviv, Israel)","url":"https://www.israelnationalnews.com/news/434385","source":"www.israelnationalnews.com","date":"2026-10-10T19:45:00Z","tipo":"Terrorismo","severidad":4,"lugar":"Tel Aviv, Tel Aviv, Israel","pais_iso3":"ISR","precision":"ciudad","origen":"mundo","actores":"Israel → Terrorist","articulos":4,"arma":null,"via":"GDELT 2.0 (evento codificado; el título sale del enlace)"}},{"type":"Feature","geometry":{"type":"Point","coordinates":[34.939,32.083]},"properties":{"title":"Terrorismo: Terrorist → Israeli (Einat, HaMerkaz, Israel)","url":"https://www.israelnationalnews.com/news/434385","source":"www.israelnationalnews.com","date":"2026-10-10T19:45:00Z","tipo":"Terrorismo","severidad":4,"lugar":"Einat, HaMerkaz, Israel","pais_iso3":"ISR","precision":"ciudad","origen":"mundo","actores":"Terrorist → Israeli","articulos":7,"arma":null,"via":"GDELT 2.0 (evento codificado; el título sale del enlace)"}},{"type":"Feature","geometry":{"type":"Point","coordinates":[-119.772,36.748]},"properties":{"title":"News oct california man shoots ice officer fresno off duty","url":"https://www.theguardian.com/us-news/2026/oct/10/california-man-72-shoots-ice-officer-fresno-off-duty","source":"www.theguardian.com","date":"2026-10-10T19:45:00Z","tipo":"Crimen organizado","severidad":4,"lugar":"Fresno, California, United States","pais_iso3":"USA","precision":"ciudad","origen":"mundo","actores":"United States → Criminal","articulos":4,"arma":null,"via":"GDELT 2.0 (evento codificado; el título sale del enlace)"}},{"type":"Feature","geometry":{"type":"Point","coordinates":[6.0,10.0]},"properties":{"title":"News headlines military troops kill terrorists rescue abductees achieve other successes dhq html","url":"https://www.premiumtimesng.com/news/headlines/916012-military-troops-kill-36-terrorists-rescue-50-abductees-achieve-other-successes-dhq.html","source":"www.premiumtimesng.com","date":"2026-10-10T19:15:00Z","tipo":"Terrorismo","severidad":3,"lugar":"Niger State, Niger, Nigeria","pais_iso3":"NGA","precision":"estado","origen":"mundo","actores":"Niger","articulos":2,"arma":null,"via":"GDELT 2.0 (evento codificado; el título sale del enlace)"}},{"type":"Feature","geometry":{"type":"Point","coordinates":[-113.867,50.583]},"properties":{"title":"Extra stress tension peaking among albertans separation vote nears","url":"https://cheknews.ca/extra-stress-tension-peaking-among-albertans-as-separation-vote-nears-1352617/","source":"cheknews.ca","date":"2026-10-10T19:15:00Z","tipo":"Separatistas","severidad":3,"lugar":"High River, Alberta, Canada","pais_iso3":"CAN","precision":"ciudad","origen":"mundo","actores":"Alberta → Alberta","articulos":10,"arma":null,"via":"GDELT 2.0 (evento codificado; el título sale del enlace)"}},{"type":"Feature","geometry":{"type":"Point","coordinates":[4.0,8.0]},"properties":{"title":"Oyo police arrest officers year old son over alleged rape year old girl","url":"https://leadership.ng/oyo-police-arrest-officers-19-year-old-son-over-alleged-rape-of-5-year-old-girl/","source":"leadership.ng","date":"2026-10-10T19:15:00Z","tipo":"Crimen organizado","severidad":3,"lugar":"Oyo State, Oyo, Nigeria","pais_iso3":"NGA","precision":"estado","origen":"mundo","actores":"Police → Criminal","articulos":10,"arma":null,"via":"GDELT 2.0 (evento codificado; el título sale del enlace)"}},{"type":"Feature","geometry":{"type":"Point","coordinates":[-77.036,38.895]},"properties":{"title":"News nationworld inside trump and mamdani hour phone call after the new york city ice article html","url":"https://www.komu.com/news/nationworld/inside-trump-and-mamdani-s-2-hour-phone-call-after-the-new-york-city-ice/article_8d046587-6fda-5749-a6a6-120be9598ddb.html","source":"www.komu.com","date":"2026-10-10T19:15:00Z","tipo":"Crimen organizado","severidad":3,"lugar":"White House, District of Columbia, United States","pais_iso3":"USA","precision":"ciudad","origen":"mundo","actores":"Gang","articulos":6,"arma":null,"via":"GDELT 2.0 (evento codificado; el título sale del enlace)"}},{"type":"Feature","geometry":{"type":"Point","coordinates":[-80.085,42.129]},"properties":{"title":"Nine dead including children mass shooting erie","url":"https://ksevradio.com/nine-dead-including-children-in-mass-shooting-in-erie-pa/","source":"ksevradio.com","date":"2026-10-10T19:15:00Z","tipo":"Grupo armado","severidad":4,"lugar":"Erie, Pennsylvania, United States","pais_iso3":"USA","precision":"ciudad","origen":"mundo","actores":"Authorities → Gunman","articulos":4,"arma":null,"via":"GDELT 2.0 (evento codificado; el título sale del enlace)"}},{"type":"Feature","geometry":{"type":"Point","coordinates":[46.696,24.958]},"properties":{"title":"Pakistan reaffirms commitment saudi security security council","url":"https://www.pakistantoday.com.pk/2026/10/10/pakistan-reaffirms-commitment-to-saudi-security-at-un-security-council","source":"www.pakistantoday.com.pk","date":"2026-10-10T19:15:00Z","tipo":"Grupo armado","severidad":4,"lugar":"King Khalid International, Ar Riya?, Saudi Arabia","pais_iso3":"SAU","precision":"ciudad","origen":"mundo","actores":"Militia → Pakistan","articulos":2,"arma":null,"via":"GDELT 2.0 (evento codificado; el título sale del enlace)"}},{"type":"Feature","geometry":{"type":"Point","coordinates":[-98.579,39.828]},"properties":{"title":"Strange tax deductions and write offs","url":"https://listverse.com/2022/11/03/10-strange-tax-deductions-and-write-offs/","source":"listverse.com","date":"2026-10-10T19:15:00Z","tipo":"Crimen organizado","severidad":3,"lugar":"United States","pais_iso3":"USA","precision":"país","origen":"mundo","actores":"United States → United States","articulos":2,"arma":null,"via":"GDELT 2.0 (evento codificado; el título sale del enlace)"}},{"type":"Feature","geometry":{"type":"Point","coordinates":[-72.5,19.333]},"properties":{"title":"Haiti gangs political ties election violence report","url":"https://haitiantimes.com/2026/10/10/haiti-gangs-political-ties-election-violence-un-report/","source":"haitiantimes.com","date":"2026-10-10T19:00:00Z","tipo":"Crimen organizado","severidad":3,"lugar":"Artibonite, Artibonite, Haiti","pais_iso3":"HTI","precision":"estado","origen":"mundo","actores":"Gang","articulos":5,"arma":null,"via":"GDELT 2.0 (evento codificado; el título sale del enlace)"}},{"type":"Feature","geometry":{"type":"Point","coordinates":[-80.085,42.129]},"properties":{"title":"Eerie shooting leaves nine dead including two small children","url":"https://artvoice.com/eerie-shooting-leaves-nine-dead-including-two-small-children","source":"artvoice.com","date":"2026-10-10T19:00:00Z","tipo":"Grupo armado","severidad":4,"lugar":"Erie, Pennsylvania, United States","pais_iso3":"USA","precision":"ciudad","origen":"mundo","actores":"Gunman","articulos":10,"arma":null,"via":"GDELT 2.0 (evento codificado; el título sale del enlace)"}},{"type":"Feature","geometry":{"type":"Point","coordinates":[77.2,28.6]},"properties":{"title":"City ranchi illegal bangladeshi immigrant arrested jharkhand for chain pulling assam bound train articleshow cms","url":"https://timesofindia.indiatimes.com/city/ranchi/illegal-bangladeshi-immigrant-arrested-in-jharkhand-for-chain-pulling-on-assam-bound-train/articleshow/134856175.cms","source":"timesofindia.indiatimes.com","date":"2026-10-10T19:00:00Z","tipo":"Crimen organizado","severidad":3,"lugar":"New Delhi, Delhi, India","pais_iso3":"IND","precision":"ciudad","origen":"mundo","actores":"Srinagar → Illegal Immigrant","articulos":2,"arma":null,"via":"GDELT 2.0 (evento codificado; el título sale del enlace)"}},{"type":"Feature","geometry":{"type":"Point","coordinates":[144.967,-37.817]},"properties":{"title":"National the one form discrimination that too many are willing tolerate html","url":"https://www.smh.com.au/national/it-s-the-one-form-of-discrimination-that-too-many-are-willing-to-tolerate-20261011-p613yc.html","source":"www.smh.com.au","date":"2026-10-10T19:00:00Z","tipo":"Grupo rebelde","severidad":4,"lugar":"Melbourne, Victoria, Australia","pais_iso3":"AUS","precision":"ciudad","origen":"mundo","actores":"Hamas → Australia","articulos":10,"arma":null,"via":"GDELT 2.0 (evento codificado; el título sale del enlace)"}},{"type":"Feature","geometry":{"type":"Point","coordinates":[-107.39,24.8]},"properties":{"title":"De las tienditas a los ataques: así ‘destapó’ la narcoguerra el negocio de las maquinitas en Culiacán","url":"https://www.infobae.com/mexico/2026/10/10/de-las-tienditas-a-los-ataques-asi-destapo-la-narcoguerra-el-negocio-de-las-maquinitas-en-culiacan/","source":"Infobae México","date":"2026-10-10T18:46:06Z","lugar":"Culiacán, Sinaloa","pais_iso3":"MEX","precision":"ciudad","origen":"mx","via":"RSS de Infobae México","tipo":"Narcotráfico","severidad":3,"arma":null}},{"type":"Feature","geometry":{"type":"Point","coordinates":[8.0,16.0]},"properties":{"title":"Niger police arrest man who allegedly hired kidnappers kill farmer take over land","url":"https://dailypost.ng/2026/10/10/niger-police-arrest-man-who-allegedly-hired-kidnappers-to-kill-farmer-take-over-land/","source":"dailypost.ng","date":"2026-10-10T18:45:00Z","tipo":"Crimen organizado","severidad":4,"lugar":"Niger","pais_iso3":"NER","precision":"país","origen":"mundo","actores":"Abductor","articulos":10,"arma":null,"via":"GDELT 2.0 (evento codificado; el título sale del enlace)"}},{"type":"Feature","geometry":{"type":"Point","coordinates":[47.75,29.5]},"properties":{"title":"News kuwait retains tier ranking human trafficking report for second year","url":"https://www.arabtimesonline.com/news/kuwait-retains-tier-2-ranking-in-us-human-trafficking-report-for-second-year/","source":"www.arabtimesonline.com","date":"2026-10-10T18:45:00Z","tipo":"Crimen organizado","severidad":4,"lugar":"Kuwait","pais_iso3":"KWT","precision":"país","origen":"mundo","actores":"Criminal","articulos":10,"arma":null,"via":"GDELT 2.0 (evento codificado; el título sale del enlace)"}},{"type":"Feature","geometry":{"type":"Point","coordinates":[-77.264,40.577]},"properties":{"title":"Post officer shot times another west philadelphia","url":"https://abc7.com/post/officer-shot-12-times-another-3-west-philadelphia/19927194/","source":"abc7.com","date":"2026-10-10T18:45:00Z","tipo":"Grupo armado","severidad":3,"lugar":"Pennsylvania, United States","pais_iso3":"USA","precision":"estado","origen":"mundo","actores":"Neighborhood → Gunman","articulos":6,"arma":null,"via":"GDELT 2.0 (evento codificado; el título sale del enlace)"}},{"type":"Feature","geometry":{"type":"Point","coordinates":[76.718,30.144]},"properties":{"title":"City guwahati hours mayhem manipur killed violence engulfs manipurs hill districts articleshow cms","url":"https://timesofindia.indiatimes.com/city/guwahati/12-hours-of-mayhem-in-manipur-9-killed-as-violence-engulfs-manipurs-hill-districts/articleshow/134859527.cms","source":"timesofindia.indiatimes.com","date":"2026-10-10T18:45:00Z","tipo":"Grupo rebelde","severidad":4,"lugar":"Gorkha, Haryana, India","pais_iso3":"IND","precision":"ciudad","origen":"mundo","actores":"Unidentified Gunmen → Farmer","articulos":6,"arma":null,"via":"GDELT 2.0 (evento codificado; el título sale del enlace)"}},{"type":"Feature","geometry":{"type":"Point","coordinates":[-75.164,39.952]},"properties":{"title":"News national international philadelphia police officers shot officials say","url":"https://www.nbcconnecticut.com/news/national-international/2-philadelphia-police-officers-shot-officials-say/3783696/","source":"www.nbcconnecticut.com","date":"2026-10-10T18:45:00Z","tipo":"Grupo armado","severidad":4,"lugar":"Philadelphia, Pennsylvania, United States","pais_iso3":"USA","precision":"ciudad","origen":"mundo","actores":"Gunman → Police Officer","articulos":10,"arma":null,"via":"GDELT 2.0 (evento codificado; el título sale del enlace)"}},{"type":"Feature","geometry":{"type":"Point","coordinates":[32.566,0.316]},"properties":{"title":"Uganda international criminal court exit threat","url":"https://www.riotimesonline.com/uganda-international-criminal-court-exit-threat-2026/","source":"www.riotimesonline.com","date":"2026-10-10T18:45:00Z","tipo":"Separatistas","severidad":4,"lugar":"Kampala, Kampala, Uganda","pais_iso3":"UGA","precision":"ciudad","origen":"mundo","actores":"Gulu → Lord Resistance Army","articulos":5,"arma":null,"via":"GDELT 2.0 (evento codificado; el título sale del enlace)"}},{"type":"Feature","geometry":{"type":"Point","coordinates":[-77.036,38.895]},"properties":{"title":"Janelle stelson striking distance flipping gop seat amid dhs attack","url":"https://www.newsweek.com/janelle-stelson-in-striking-distance-of-flipping-gop-seat-amid-dhs-attack-12551162","source":"www.newsweek.com","date":"2026-10-10T18:30:00Z","tipo":"Crimen organizado","severidad":4,"lugar":"White House, District of Columbia, United States","pais_iso3":"USA","precision":"ciudad","origen":"mundo","actores":"Illegal Immigrant","articulos":6,"arma":null,"via":"GDELT 2.0 (evento codificado; el título sale del enlace)"}},{"type":"Feature","geometry":{"type":"Point","coordinates":[-80.217,-0.933]},"properties":{"title":"World south america frog toad and leonardo dicaprio rinehart rainforest mine plan hits unusual problems html","url":"https://www.theage.com.au/world/south-america/a-frog-a-toad-and-leonardo-dicaprio-rinehart-s-rainforest-mine-plan-hits-unusual-problems-20261011-p60wn7.html","source":"www.theage.com.au","date":"2026-10-10T18:30:00Z","tipo":"Grupo rebelde","severidad":3,"lugar":"Junin, ManabíC, Ecuador","pais_iso3":"ECU","precision":"ciudad","origen":"mundo","actores":"Quito → Rebellion","articulos":4,"arma":null,"via":"GDELT 2.0 (evento codificado; el título sale del enlace)"}},{"type":"Feature","geometry":{"type":"Point","coordinates":[94.817,25.367]},"properties":{"title":"Regionals five killed manipur then houses and shops flames tensions explode heres what happened","url":"https://www.newsx.com/regionals/five-killed-in-manipur-then-10-houses-and-20-shops-go-up-in-flames-as-tensions-explode-heres-what-happened-281915/","source":"www.newsx.com","date":"2026-10-10T18:30:00Z","tipo":"Grupo armado","severidad":4,"lugar":"Kuki, Sagain, Myanmar","pais_iso3":"MMR","precision":"ciudad","origen":"mundo","actores":"Myanmar → Armed Group","articulos":4,"arma":null,"via":"GDELT 2.0 (evento codificado; el título sale del enlace)"}},{"type":"Feature","geometry":{"type":"Point","coordinates":[-87.646,41.78]},"properties":{"title":"News local gunman riding motorcycle wounds teenagers englewood shooting","url":"https://www.nbcchicago.com/news/local/gunman-riding-motorcycle-wounds-2-teenagers-in-englewood-shooting/4000486/","source":"www.nbcchicago.com","date":"2026-10-10T18:30:00Z","tipo":"Grupo armado","severidad":4,"lugar":"Englewood, Illinois, United States","pais_iso3":"USA","precision":"ciudad","origen":"mundo","actores":"Chicago → Gunman","articulos":4,"arma":null,"via":"GDELT 2.0 (evento codificado; el título sale del enlace)"}},{"type":"Feature","geometry":{"type":"Point","coordinates":[74.867,32.617]},"properties":{"title":"News report two punjab men arrested with pistol heroin jammu htm","url":"https://www.rediff.com/news/report/two-punjab-men-arrested-with-pistol-heroin-in-jammu/20261010.htm","source":"www.rediff.com","date":"2026-10-10T18:15:00Z","tipo":"Crimen organizado","severidad":3,"lugar":"Bishnah, Jammu and Kashmir, India","pais_iso3":"IND","precision":"ciudad","origen":"mundo","actores":"Police → Drug Peddler","articulos":8,"arma":null,"via":"GDELT 2.0 (evento codificado; el título sale del enlace)"}},{"type":"Feature","geometry":{"type":"Point","coordinates":[34.333,31.417]},"properties":{"title":"Article world region israeli strikes kill five people gaza say medics","url":"https://www.omanobserver.om/article/1197554/world/region/israeli-strikes-kill-five-people-in-gaza-say-medics","source":"www.omanobserver.om","date":"2026-10-10T18:15:00Z","tipo":"Grupo rebelde","severidad":4,"lugar":"Gaza, Israel (general), Israel","pais_iso3":"PSE","precision":"ciudad","origen":"mundo","actores":"Israel → Hamas","articulos":2,"arma":null,"via":"GDELT 2.0 (evento codificado; el título sale del enlace)"}},{"type":"Feature","geometry":{"type":"Point","coordinates":[-80.085,42.129]},"properties":{"title":"News article erie gunman victims pregnant woman children html","url":"https://www.dailymail.com/news/article-16198865/erie-gunman-victims-pregnant-woman-children.html","source":"www.dailymail.com","date":"2026-10-10T18:15:00Z","tipo":"Grupo armado","severidad":4,"lugar":"Erie, Pennsylvania, United States","pais_iso3":"USA","precision":"ciudad","origen":"mundo","actores":"Pennsylvania → Gunman","articulos":5,"arma":null,"via":"GDELT 2.0 (evento codificado; el título sale del enlace)"}},{"type":"Feature","geometry":{"type":"Point","coordinates":[-6.249,53.333]},"properties":{"title":"News latest news inside chilling rise notorious kinahan","url":"https://www.dailystar.co.uk/news/latest-news/inside-chilling-rise-notorious-kinahan-37753966","source":"www.dailystar.co.uk","date":"2026-10-10T18:00:00Z","tipo":"Crimen organizado","severidad":3,"lugar":"Dublin, Dublin, Ireland","pais_iso3":"IRL","precision":"ciudad","origen":"mundo","actores":"Dubai → Irish","articulos":7,"arma":null,"via":"GDELT 2.0 (evento codificado; el título sale del enlace)"}},{"type":"Feature","geometry":{"type":"Point","coordinates":[-92.302,38.462]},"properties":{"title":"Felon fires gun multiple times inside evansville home police say","url":"https://www.14news.com/2026/10/10/felon-fires-gun-multiple-times-inside-evansville-home-police-say/","source":"www.14news.com","date":"2026-10-10T18:00:00Z","tipo":"Crimen organizado","severidad":3,"lugar":"Missouri, United States","pais_iso3":"USA","precision":"estado","origen":"mundo","actores":"Police → Felon","articulos":10,"arma":null,"via":"GDELT 2.0 (evento codificado; el título sale del enlace)"}},{"type":"Feature","geometry":{"type":"Point","coordinates":[-74.938,42.15]},"properties":{"title":"Catherinesalgado angel dad explains why illegal alien criminal father not the victim","url":"https://pjmedia.com/catherinesalgado/2026/10/10/angel-dad-explains-why-illegal-alien-criminal-father-is-not-the-victim-n4958176","source":"pjmedia.com","date":"2026-10-10T18:00:00Z","tipo":"Crimen organizado","severidad":3,"lugar":"New York, United States","pais_iso3":"USA","precision":"estado","origen":"mundo","actores":"Criminal","articulos":5,"arma":null,"via":"GDELT 2.0 (evento codificado; el título sale del enlace)"}},{"type":"Feature","geometry":{"type":"Point","coordinates":[125.092,6.957]},"properties":{"title":"Nation get basilan ambush perpetrators dead alive soldiers told","url":"https://www.philstar.com/nation/2026/10/11/2562301/get-basilan-ambush-perpetrators-dead-or-alive-soldiers-told","source":"www.philstar.com","date":"2026-10-10T18:00:00Z","tipo":"Crimen organizado","severidad":4,"lugar":"Lamitan, North Cotabato, Philippines","pais_iso3":"PHL","precision":"ciudad","origen":"mundo","actores":"Philippine → Perpetrator","articulos":6,"arma":null,"via":"GDELT 2.0 (evento codificado; el título sale del enlace)"}},{"type":"Feature","geometry":{"type":"Point","coordinates":[47.5,15.5]},"properties":{"title":"News world riyadh airport blast","url":"https://www.cbc.ca/news/world/riyadh-airport-blast-9.7377189","source":"www.cbc.ca","date":"2026-10-10T18:00:00Z","tipo":"Grupo rebelde","severidad":4,"lugar":"Yemen","pais_iso3":"YEM","precision":"país","origen":"mundo","actores":"Rebel → Yemen","articulos":5,"arma":null,"via":"GDELT 2.0 (evento codificado; el título sale del enlace)"}},{"type":"Feature","geometry":{"type":"Point","coordinates":[43.522,13.193]},"properties":{"title":"Middle east yemeni gov forces say they repel houthi attacks near bab mandeb taiz","url":"https://aa.com.tr/en/middle-east/yemeni-gov-t-forces-say-they-repel-houthi-attacks-near-bab-el-mandeb-in-taiz/4084304","source":"aa.com.tr","date":"2026-10-10T18:00:00Z","tipo":"Grupo armado","severidad":4,"lugar":"Al-Jahili, Taizz, Yemen","pais_iso3":"YEM","precision":"ciudad","origen":"mundo","actores":"Fighter","articulos":4,"arma":null,"via":"GDELT 2.0 (evento codificado; el título sale del enlace)"}},{"type":"Feature","geometry":{"type":"Point","coordinates":[-75.164,39.952]},"properties":{"title":"Article philadelphia police officer killed west philadelphia shooting","url":"https://www.wgal.com/article/philadelphia-police-officer-killed-west-philadelphia-shooting/74099238","source":"www.wgal.com","date":"2026-10-10T18:00:00Z","tipo":"Grupo armado","severidad":4,"lugar":"Philadelphia, Pennsylvania, United States","pais_iso3":"USA","precision":"ciudad","origen":"mundo","actores":"Gunman","articulos":7,"arma":null,"via":"GDELT 2.0 (evento codificado; el título sale del enlace)"}},{"type":"Feature","geometry":{"type":"Point","coordinates":[-79.875,42.125]},"properties":{"title":"Articles children among fatally html","url":"https://www.aol.com/articles/2-children-among-9-fatally-114741000.html","source":"www.aol.com","date":"2026-10-10T18:00:00Z","tipo":"Grupo armado","severidad":4,"lugar":"Erie County, Pennsylvania, United States","pais_iso3":"USA","precision":"ciudad","origen":"mundo","actores":"Gunman → Pennsylvania","articulos":8,"arma":null,"via":"GDELT 2.0 (evento codificado; el título sale del enlace)"}},{"type":"Feature","geometry":{"type":"Point","coordinates":[-73.6,45.483]},"properties":{"title":"News local news high risk offender gil dasilva living peel region after serving time manslaughter cheryl mcvarish","url":"https://torontosun.com/news/local-news/high-risk-offender-gil-dasilva-living-peel-region-after-serving-time-manslaughter-cheryl-mcvarish","source":"torontosun.com","date":"2026-10-10T17:45:00Z","tipo":"Crimen organizado","severidad":3,"lugar":"Westmount, Quebec, Canada","pais_iso3":"CAN","precision":"ciudad","origen":"mundo","actores":"Criminal → Police","articulos":3,"arma":null,"via":"GDELT 2.0 (evento codificado; el título sale del enlace)"}},{"type":"Feature","geometry":{"type":"Point","coordinates":[75.333,34.033]},"properties":{"title":"News continue evolve adapt evolving security situation air force general after sindoor brief exercise tarang shakti","url":"http://www.calcuttanews.net/news/279364076/we-continue-to-evolve-adapt-to-evolving-security-situation-us-air-force-general-after-op-sindoor-brief-at-exercise-tarang-shakti","source":"www.calcuttanews.net","date":"2026-10-10T17:45:00Z","tipo":"Crimen organizado","severidad":4,"lugar":"Pahalgam, Jammu and Kashmir, India","pais_iso3":"IND","precision":"ciudad","origen":"mundo","actores":"Assailant → Religion","articulos":2,"arma":null,"via":"GDELT 2.0 (evento codificado; el título sale del enlace)"}},{"type":"Feature","geometry":{"type":"Point","coordinates":[34.333,31.417]},"properties":{"title":"Originals thousands join pro palestinian marches london berlin","url":"https://www.al-monitor.com/originals/2026/10/thousands-join-pro-palestinian-marches-london-berlin","source":"www.al-monitor.com","date":"2026-10-10T17:45:00Z","tipo":"Grupo rebelde","severidad":3,"lugar":"Gaza, Israel (general), Israel","pais_iso3":"PSE","precision":"ciudad","origen":"mundo","actores":"Berlin → Hamas","articulos":2,"arma":null,"via":"GDELT 2.0 (evento codificado; el título sale del enlace)"}},{"type":"Feature","geometry":{"type":"Point","coordinates":[39.5,13.5]},"properties":{"title":"News eritrea urges intervene standoff with","url":"https://www.aljazeera.com/news/2026/10/10/eritrea-urges-un-to-intervene-in-standoff-with","source":"www.aljazeera.com","date":"2026-10-10T17:30:00Z","tipo":"Grupo armado","severidad":4,"lugar":"Tigray, Tigray, Ethiopia","pais_iso3":"ETH","precision":"ciudad","origen":"mundo","actores":"Armed Group → Ethiopia","articulos":2,"arma":null,"via":"GDELT 2.0 (evento codificado; el título sale del enlace)"}},{"type":"Feature","geometry":{"type":"Point","coordinates":[0.117,52.2]},"properties":{"title":"Articles tiktok sellers target teens magnets html","url":"https://www.aol.co.uk/articles/tiktok-sellers-target-teens-magnets-165001000.html","source":"www.aol.co.uk","date":"2026-10-10T17:30:00Z","tipo":"Crimen organizado","severidad":3,"lugar":"Cambridge, Cambridgeshire, United Kingdom","pais_iso3":"GBR","precision":"ciudad","origen":"mundo","actores":"Crook → School","articulos":10,"arma":null,"via":"GDELT 2.0 (evento codificado; el título sale del enlace)"}},{"type":"Feature","geometry":{"type":"Point","coordinates":[34.333,31.417]},"properties":{"title":"World news drone strike sudan kills lebanon welcomes flight ban lift","url":"https://nypost.com/2026/10/10/world-news/drone-strike-in-sudan-kills-40-lebanon-welcomes-us-flight-ban-lift/","source":"nypost.com","date":"2026-10-10T17:30:00Z","tipo":"Grupo armado","severidad":3,"lugar":"Gaza, Israel (general), Israel","pais_iso3":"PSE","precision":"ciudad","origen":"mundo","actores":"Israeli → Militant","articulos":2,"arma":"Drones","via":"GDELT 2.0 (evento codificado; el título sale del enlace)"}},{"type":"Feature","geometry":{"type":"Point","coordinates":[-107.39,24.8]},"properties":{"title":"“El Serafín” se queda en prisión: vinculan a proceso presunto integrante del Cártel de Sinaloa buscado por homicidio","url":"https://www.infobae.com/mexico/2026/10/10/el-serafin-se-queda-en-prision-vinculan-a-proceso-presunto-integrante-del-cartel-de-sinaloa-buscado-por-homicidio/","source":"Infobae México","date":"2026-10-10T17:25:07Z","lugar":"Sinaloa","pais_iso3":"MEX","precision":"estado","origen":"mx","via":"RSS de Infobae México","tipo":"Narcotráfico","severidad":2,"arma":null}},{"type":"Feature","geometry":{"type":"Point","coordinates":[78.474,17.375]},"properties":{"title":"News national telangana eight arrested for trafficking sexually exploiting minor girl hyderabad ece","url":"https://www.thehindu.com/news/national/telangana/eight-arrested-for-trafficking-sexually-exploiting-minor-girl-in-hyderabad/article71569155.ece","source":"www.thehindu.com","date":"2026-10-10T17:15:00Z","tipo":"Crimen organizado","severidad":4,"lugar":"Hyderabad, Andhra Pradesh, India","pais_iso3":"IND","precision":"ciudad","origen":"mundo","actores":"Brothel → Police","articulos":10,"arma":null,"via":"GDELT 2.0 (evento codificado; el título sale del enlace)"}},{"type":"Feature","geometry":{"type":"Point","coordinates":[34.333,31.417]},"properties":{"title":"News israel news idf kills hamas islamic jihad terrorists destroys weapons sites gaza","url":"https://www.jns.org/news/israel-news/idf-kills-hamas-islamic-jihad-terrorists-destroys-weapons-sites-in-gaza","source":"www.jns.org","date":"2026-10-10T17:15:00Z","tipo":"Terrorismo","severidad":4,"lugar":"Gaza City, Israel (general), Israel","pais_iso3":"PSE","precision":"ciudad","origen":"mundo","actores":"Israel → Hamas","articulos":4,"arma":null,"via":"GDELT 2.0 (evento codificado; el título sale del enlace)"}},{"type":"Feature","geometry":{"type":"Point","coordinates":[-73.583,45.5]},"properties":{"title":"News local crime yacht captain who gave tours out old port montreal found guilty criminal negligence causing death passenger","url":"https://montrealgazette.com/news/local-crime/yacht-captain-who-gave-tours-out-of-old-port-of-montreal-found-guilty-of-criminal-negligence-causing-death-of-a-passenger/","source":"montrealgazette.com","date":"2026-10-10T17:15:00Z","tipo":"Crimen organizado","severidad":3,"lugar":"Montreal, Quebec, Canada","pais_iso3":"CAN","precision":"ciudad","origen":"mundo","actores":"Captain → Criminal","articulos":10,"arma":null,"via":"GDELT 2.0 (evento codificado; el título sale del enlace)"}},{"type":"Feature","geometry":{"type":"Point","coordinates":[35.233,31.767]},"properties":{"title":"Abbas delays palestinian elections until september","url":"https://www.middle-east-online.com/en/abbas-delays-palestinian-elections-until-september-2027","source":"www.middle-east-online.com","date":"2026-10-10T17:15:00Z","tipo":"Grupo rebelde","severidad":4,"lugar":"Jerusalem, Israel (general), Israel","pais_iso3":"PSE","precision":"ciudad","origen":"mundo","actores":"Hamas → Israel","articulos":2,"arma":null,"via":"GDELT 2.0 (evento codificado; el título sale del enlace)"}},{"type":"Feature","geometry":{"type":"Point","coordinates":[34.373,31.425]},"properties":{"title":"News world abbas issues decree postpone palestinian election","url":"https://www.jns.org/news/world/abbas-issues-decree-to-postpone-palestinian-election","source":"www.jns.org","date":"2026-10-10T17:15:00Z","tipo":"Grupo rebelde","severidad":4,"lugar":"Gaza Strip","pais_iso3":"PSE","precision":"país","origen":"mundo","actores":"Hamas → Gaza","articulos":10,"arma":null,"via":"GDELT 2.0 (evento codificado; el título sale del enlace)"}},{"type":"Feature","geometry":{"type":"Point","coordinates":[6.148,46.196]},"properties":{"title":"News geneva man convicted violating order protection stalking article aaed html","url":"https://www.fltimes.com/news/geneva-man-convicted-of-violating-order-of-protection-stalking/article_04d617c5-aaed-4965-b12f-0efae241b402.html","source":"www.fltimes.com","date":"2026-10-10T17:00:00Z","tipo":"Crimen organizado","severidad":3,"lugar":"Geneva, Genè, Switzerland","pais_iso3":"FRA","precision":"ciudad","origen":"mundo","actores":"Ontario → Criminal","articulos":6,"arma":null,"via":"GDELT 2.0 (evento codificado; el título sale del enlace)"}},{"type":"Feature","geometry":{"type":"Point","coordinates":[90.0,24.0]},"properties":{"title":"News local news kenilworth restaurant faces having licence","url":"https://www.coventrytelegraph.net/news/local-news/kenilworth-restaurant-faces-having-licence-34745841","source":"www.coventrytelegraph.net","date":"2026-10-10T17:00:00Z","tipo":"Crimen organizado","severidad":4,"lugar":"Bangladesh","pais_iso3":"BGD","precision":"país","origen":"mundo","actores":"Paedophile","articulos":10,"arma":null,"via":"GDELT 2.0 (evento codificado; el título sale del enlace)"}},{"type":"Feature","geometry":{"type":"Point","coordinates":[12.483,41.9]},"properties":{"title":"News coventry news one star coventry takeaway staff","url":"https://www.coventrytelegraph.net/news/coventry-news/one-star-coventry-takeaway-staff-34717593","source":"www.coventrytelegraph.net","date":"2026-10-10T17:00:00Z","tipo":"Crimen organizado","severidad":4,"lugar":"Roma, Lazio, Italy","pais_iso3":"ITA","precision":"ciudad","origen":"mundo","actores":"Paedophile","articulos":10,"arma":null,"via":"GDELT 2.0 (evento codificado; el título sale del enlace)"}},{"type":"Feature","geometry":{"type":"Point","coordinates":[39.733,11.867]},"properties":{"title":"Crimen organizado: International Organization For Migration → Criminal (Oromo, Amara, Ethiopia)","url":"https://www.thereporterethiopia.com/53341/","source":"www.thereporterethiopia.com","date":"2026-10-10T17:00:00Z","tipo":"Crimen organizado","severidad":3,"lugar":"Oromo, Amara, Ethiopia","pais_iso3":"ETH","precision":"ciudad","origen":"mundo","actores":"International Organization For Migration → Criminal","articulos":10,"arma":null,"via":"GDELT 2.0 (evento codificado; el título sale del enlace)"}},{"type":"Feature","geometry":{"type":"Point","coordinates":[70.0,30.0]},"properties":{"title":"Story ecp director general martyred tank after gun attack","url":"https://tribune.com.pk/story/2634107/ecp-director-general-martyred-in-k-ps-tank-after-gun-attack","source":"tribune.com.pk","date":"2026-10-10T17:00:00Z","tipo":"Grupo armado","severidad":4,"lugar":"Pakistan","pais_iso3":"PAK","precision":"país","origen":"mundo","actores":"Pakistan → Armed Men","articulos":10,"arma":"Artillería","via":"GDELT 2.0 (evento codificado; el título sale del enlace)"}},{"type":"Feature","geometry":{"type":"Point","coordinates":[15.0,-1.0]},"properties":{"title":"Blackwater founders forces hit congo ambush that wounded former ufc fighter","url":"https://www.klif.com/2026/10/10/blackwater-founders-forces-hit-in-congo-ambush-that-wounded-former-ufc-fighter/","source":"www.klif.com","date":"2026-10-10T17:00:00Z","tipo":"Grupo armado","severidad":4,"lugar":"Congo","pais_iso3":"COG","precision":"país","origen":"mundo","actores":"Fighter → Democratic Republic Of Congo","articulos":5,"arma":null,"via":"GDELT 2.0 (evento codificado; el título sale del enlace)"}},{"type":"Feature","geometry":{"type":"Point","coordinates":[77.2,28.6]},"properties":{"title":"Chinese media questions iaf chiefs assessment","url":"https://idrw.org/chinese-media-questions-iaf-chiefs-j-35-assessment/","source":"idrw.org","date":"2026-10-10T16:45:00Z","tipo":"Grupo armado","severidad":3,"lugar":"New Delhi, Delhi, India","pais_iso3":"IND","precision":"ciudad","origen":"mundo","actores":"China → Fighter","articulos":4,"arma":null,"via":"GDELT 2.0 (evento codificado; el título sale del enlace)"}},{"type":"Feature","geometry":{"type":"Point","coordinates":[34.333,31.417]},"properties":{"title":"Articles thousands gather london express support html","url":"https://www.aol.co.uk/articles/thousands-gather-london-express-support-155221000.html","source":"www.aol.co.uk","date":"2026-10-10T16:30:00Z","tipo":"Crimen organizado","severidad":3,"lugar":"Gaza, Israel (general), Israel","pais_iso3":"PSE","precision":"ciudad","origen":"mundo","actores":"Criminal → Protester","articulos":4,"arma":null,"via":"GDELT 2.0 (evento codificado; el título sale del enlace)"}},{"type":"Feature","geometry":{"type":"Point","coordinates":[0.583,51.833]},"properties":{"title":"Palestine streets palestine march shows movements breadth and radicalism","url":"https://socialistworker.co.uk/palestine-2023/250000-on-streets-palestine-march-shows-movements-breadth-and-radicalism/","source":"socialistworker.co.uk","date":"2026-10-10T16:30:00Z","tipo":"Crimen organizado","severidad":3,"lugar":"Essex, Essex, United Kingdom","pais_iso3":"GBR","precision":"estado","origen":"mundo","actores":"British → Criminal","articulos":7,"arma":null,"via":"GDELT 2.0 (evento codificado; el título sale del enlace)"}},{"type":"Feature","geometry":{"type":"Point","coordinates":[-92.302,38.462]},"properties":{"title":"Raw investigates trump vile promise threatens send his own rank and file followers jail","url":"https://www.rawstory.com/raw-investigates/trump-s-vile-promise-threatens-to-send-his-own-rank-and-file-followers-to-jail/","source":"www.rawstory.com","date":"2026-10-10T16:15:00Z","tipo":"Crimen organizado","severidad":3,"lugar":"Missouri, United States","pais_iso3":"USA","precision":"estado","origen":"mundo","actores":"Felon","articulos":6,"arma":null,"via":"GDELT 2.0 (evento codificado; el título sale del enlace)"}},{"type":"Feature","geometry":{"type":"Point","coordinates":[2.333,48.867]},"properties":{"title":"Two and half men charlie sheen final day chuck lorre memoir","url":"https://screenrant.com/two-and-a-half-men-charlie-sheen-final-day-chuck-lorre-memoir/","source":"screenrant.com","date":"2026-10-10T16:15:00Z","tipo":"Crimen organizado","severidad":4,"lugar":"Paris, France (general), France","pais_iso3":"FRA","precision":"ciudad","origen":"mundo","actores":"Criminal","articulos":6,"arma":null,"via":"GDELT 2.0 (evento codificado; el título sale del enlace)"}},{"type":"Feature","geometry":{"type":"Point","coordinates":[-76.483,42.447]},"properties":{"title":"News letitia james hit with bar complaint cornell case","url":"https://nypost.com/2026/10/10/us-news/ny-ag-letitia-james-hit-with-bar-complaint-in-cornell-7-case/","source":"nypost.com","date":"2026-10-10T16:15:00Z","tipo":"Crimen organizado","severidad":4,"lugar":"Cornell University, New York, United States","pais_iso3":"USA","precision":"ciudad","origen":"mundo","actores":"Gang → University","articulos":4,"arma":null,"via":"GDELT 2.0 (evento codificado; el título sale del enlace)"}},{"type":"Feature","geometry":{"type":"Point","coordinates":[34.333,31.417]},"properties":{"title":"News pro palestine protesters line edinburgh streets solidarity","url":"https://www.thenational.scot/news/26625414.pro-palestine-protesters-line-edinburgh-streets-solidarity/","source":"www.thenational.scot","date":"2026-10-10T16:15:00Z","tipo":"Grupo rebelde","severidad":3,"lugar":"Gaza, Israel (general), Israel","pais_iso3":"PSE","precision":"ciudad","origen":"mundo","actores":"Student → Hamas","articulos":5,"arma":null,"via":"GDELT 2.0 (evento codificado; el título sale del enlace)"}},{"type":"Feature","geometry":{"type":"Point","coordinates":[85.317,27.717]},"properties":{"title":"Crimen organizado: Jaipur → Smuggler (Kathmandu, Bagmati, Nepal)","url":"https://www.prokerala.com/news/articles/a1822888.html","source":"www.prokerala.com","date":"2026-10-10T16:15:00Z","tipo":"Crimen organizado","severidad":3,"lugar":"Kathmandu, Bagmati, Nepal","pais_iso3":"NPL","precision":"ciudad","origen":"mundo","actores":"Jaipur → Smuggler","articulos":6,"arma":null,"via":"GDELT 2.0 (evento codificado; el título sale del enlace)"}},{"type":"Feature","geometry":{"type":"Point","coordinates":[46.773,24.641]},"properties":{"title":"Article the airport the capital saudi arabia has been attacked again officials say","url":"https://www.wlwt.com/article/the-airport-in-the-capital-of-saudi-arabia-has-been-attacked-again-officials-say/74098618","source":"www.wlwt.com","date":"2026-10-10T16:15:00Z","tipo":"Grupo rebelde","severidad":4,"lugar":"Riyadh, Ar Riya?, Saudi Arabia","pais_iso3":"SAU","precision":"ciudad","origen":"mundo","actores":"Saudi → Rebel","articulos":2,"arma":null,"via":"GDELT 2.0 (evento codificado; el título sale del enlace)"}},{"type":"Feature","geometry":{"type":"Point","coordinates":[52.665,27.724]},"properties":{"title":"Saudi arabia passengers told confirm flight status before heading riyadh airport","url":"https://www.arabnews.com/saudi-arabia/passengers-told-to-confirm-flight-status-before-heading-to-riyadh-airport-3005640","source":"www.arabnews.com","date":"2026-10-10T16:15:00Z","tipo":"Grupo armado","severidad":4,"lugar":"Asir, Fars, Iran","pais_iso3":"IRN","precision":"ciudad","origen":"mundo","actores":"Militant","articulos":2,"arma":null,"via":"GDELT 2.0 (evento codificado; el título sale del enlace)"}},{"type":"Feature","geometry":{"type":"Point","coordinates":[-77.036,38.895]},"properties":{"title":"World first execution livestreamed nidal journey psychiatric clinic death row","url":"https://english.aawsat.com/world/5328061-first-execution-be-livestreamed-us-nidal-hasan%E2%80%99s-journey-psychiatric-clinic-death-row","source":"english.aawsat.com","date":"2026-10-10T16:15:00Z","tipo":"Crimen organizado","severidad":3,"lugar":"Washington, District of Columbia, United States","pais_iso3":"USA","precision":"ciudad","origen":"mundo","actores":"United States → Military","articulos":4,"arma":null,"via":"GDELT 2.0 (evento codificado; el título sale del enlace)"}},{"type":"Feature","geometry":{"type":"Point","coordinates":[7.0,6.333]},"properties":{"title":"News more news police arrest convict who allegedly robbed pos operators html","url":"https://www.premiumtimesng.com/news/more-news/915980-police-arrest-ex-convict-who-allegedly-robbed-pos-operators.html","source":"www.premiumtimesng.com","date":"2026-10-10T16:00:00Z","tipo":"Crimen organizado","severidad":3,"lugar":"Anambra State, Anambra, Nigeria","pais_iso3":"NGA","precision":"estado","origen":"mundo","actores":"Police → Criminal","articulos":2,"arma":null,"via":"GDELT 2.0 (evento codificado; el título sale del enlace)"}},{"type":"Feature","geometry":{"type":"Point","coordinates":[28.167,-27.167]},"properties":{"title":"News fleurhof power outage when will electricity return after city power substation was set alight","url":"https://www.citizen.co.za/news/fleurhof-power-outage-when-will-electricity-return-after-city-power-substation-was-set-alight/","source":"www.citizen.co.za","date":"2026-10-10T16:00:00Z","tipo":"Crimen organizado","severidad":3,"lugar":"Roodepoort, Free State, South Africa","pais_iso3":"ZAF","precision":"ciudad","origen":"mundo","actores":"Arsonist → Residents","articulos":10,"arma":null,"via":"GDELT 2.0 (evento codificado; el título sale del enlace)"}},{"type":"Feature","geometry":{"type":"Point","coordinates":[-74.938,42.15]},"properties":{"title":"Dougp post has more not new yorker ice shot who mamdani wanted remain the street","url":"https://twitchy.com/dougp/2026/10/10/ny-post-has-more-on-not-a-new-yorker-ice-shot-who-mamdani-wanted-to-remain-on-the-street-n2433149","source":"twitchy.com","date":"2026-10-10T16:00:00Z","tipo":"Crimen organizado","severidad":3,"lugar":"New York, United States","pais_iso3":"USA","precision":"estado","origen":"mundo","actores":"Mayor → Criminal","articulos":10,"arma":null,"via":"GDELT 2.0 (evento codificado; el título sale del enlace)"}},{"type":"Feature","geometry":{"type":"Point","coordinates":[32.0,49.0]},"properties":{"title":"Grupo armado: Military → Fighter (Ukraine)","url":"https://www.eng.kavkaz-uzel.eu/articles/79279","source":"www.eng.kavkaz-uzel.eu","date":"2026-10-10T16:00:00Z","tipo":"Grupo armado","severidad":4,"lugar":"Ukraine","pais_iso3":"UKR","precision":"país","origen":"mundo","actores":"Military → Fighter","articulos":4,"arma":null,"via":"GDELT 2.0 (evento codificado; el título sale del enlace)"}},{"type":"Feature","geometry":{"type":"Point","coordinates":[-96.0,60.0]},"properties":{"title":"Story convicted murder brothers friend surfing trip html","url":"https://www.newser.com/story/397909/3-convicted-in-murder-of-brothers-friend-on-surfing-trip.html","source":"www.newser.com","date":"2026-10-10T15:45:00Z","tipo":"Crimen organizado","severidad":3,"lugar":"Canada","pais_iso3":"CAN","precision":"país","origen":"mundo","actores":"Canada → Perpetrator","articulos":2,"arma":null,"via":"GDELT 2.0 (evento codificado; el título sale del enlace)"}},{"type":"Feature","geometry":{"type":"Point","coordinates":[73.167,33.7]},"properties":{"title":"News security forces kill militants pakistan","url":"http://www.bignewsnetwork.com/news/279363974/security-forces-kill-10-militants-in-sw-pakistan","source":"www.bignewsnetwork.com","date":"2026-10-10T15:45:00Z","tipo":"Grupo armado","severidad":4,"lugar":"Islamabad, Islamabad, Pakistan","pais_iso3":"PAK","precision":"ciudad","origen":"mundo","actores":"Security Force → Militant","articulos":10,"arma":null,"via":"GDELT 2.0 (evento codificado; el título sale del enlace)"}},{"type":"Feature","geometry":{"type":"Point","coordinates":[-4.0,54.0]},"properties":{"title":"Tag show treasure island","url":"https://collider.com/tag/tv-show/treasure-island-2026/","source":"collider.com","date":"2026-10-10T15:45:00Z","tipo":"Crimen organizado","severidad":3,"lugar":"United Kingdom","pais_iso3":"","precision":"país","origen":"mundo","actores":"Pirate","articulos":10,"arma":null,"via":"GDELT 2.0 (evento codificado; el título sale del enlace)"}},{"type":"Feature","geometry":{"type":"Point","coordinates":[35.233,31.767]},"properties":{"title":"Article pro palestine protesters march london","url":"https://www.lbc.co.uk/article/pro-palestine-protesters-march-london-5HjdjjM_2/","source":"www.lbc.co.uk","date":"2026-10-10T15:45:00Z","tipo":"Crimen organizado","severidad":3,"lugar":"Jerusalem, Israel (general), Israel","pais_iso3":"PSE","precision":"ciudad","origen":"mundo","actores":"Criminal → Protester","articulos":6,"arma":null,"via":"GDELT 2.0 (evento codificado; el título sale del enlace)"}},{"type":"Feature","geometry":{"type":"Point","coordinates":[46.696,24.958]},"properties":{"title":"Grupo rebelde: Saudi → Rebel (King Khalid International, Ar Riya?, Saudi Arabia)","url":"https://www.bbc.co.uk/news/articles/cw33x4y8k82no","source":"www.bbc.co.uk","date":"2026-10-10T15:45:00Z","tipo":"Grupo rebelde","severidad":4,"lugar":"King Khalid International, Ar Riya?, Saudi Arabia","pais_iso3":"SAU","precision":"ciudad","origen":"mundo","actores":"Saudi → Rebel","articulos":4,"arma":"Ataque aéreo","via":"GDELT 2.0 (evento codificado; el título sale del enlace)"}},{"type":"Feature","geometry":{"type":"Point","coordinates":[-101.26,21.02]},"properties":{"title":"Hallan muerto a Joan Francisco Díaz, estudiante de la Universidad de Guanajuato, en el río Pastita tras 10 días desaparecido","url":"https://www.infobae.com/mexico/2026/10/10/hallan-muerto-a-joan-francisco-diaz-estudiante-de-la-universidad-de-guanajuato-en-el-rio-pastita-tras-10-dias-desaparecido/","source":"Infobae México","date":"2026-10-10T15:35:21Z","lugar":"Guanajuato","pais_iso3":"MEX","precision":"estado","origen":"mx","via":"RSS de Infobae México","tipo":"Crimen organizado","severidad":3,"arma":null}},{"type":"Feature","geometry":{"type":"Point","coordinates":[65.644,28.479]},"properties":{"title":"Pakistan ctd kills suspected militants balochistan operation","url":"https://thefrontierpost.com/pakistan-ctd-kills-10-suspected-militants-in-balochistan-operation/","source":"thefrontierpost.com","date":"2026-10-10T15:30:00Z","tipo":"Grupo armado","severidad":4,"lugar":"Balochistan, Balochistan, Pakistan","pais_iso3":"PAK","precision":"estado","origen":"mundo","actores":"Security Force → Militant","articulos":8,"arma":null,"via":"GDELT 2.0 (evento codificado; el título sale del enlace)"}},{"type":"Feature","geometry":{"type":"Point","coordinates":[-43.233,-22.9]},"properties":{"title":"Brazil security crime explained","url":"https://www.riotimesonline.com/brazil-security-crime-explained-2026/","source":"www.riotimesonline.com","date":"2026-10-10T15:30:00Z","tipo":"Crimen organizado","severidad":3,"lugar":"Rio De Janeiro, Estado do Rio, Brazil","pais_iso3":"BRA","precision":"ciudad","origen":"mundo","actores":"Criminal","articulos":10,"arma":null,"via":"GDELT 2.0 (evento codificado; el título sale del enlace)"}},{"type":"Feature","geometry":{"type":"Point","coordinates":[-83.649,32.987]},"properties":{"title":"Diethni articles unthinkable plan the revives firing squads and live broadcasts","url":"https://www.bankingnews.gr/diethni/articles/904479/unthinkable-plan-in-the-us-revives-firing-squads-and-live-broadcasts","source":"www.bankingnews.gr","date":"2026-10-10T15:30:00Z","tipo":"Crimen organizado","severidad":4,"lugar":"Georgia, United States","pais_iso3":"USA","precision":"estado","origen":"mundo","actores":"Criminal","articulos":5,"arma":null,"via":"GDELT 2.0 (evento codificado; el título sale del enlace)"}},{"type":"Feature","geometry":{"type":"Point","coordinates":[-77.036,38.895]},"properties":{"title":"Features sanctions icc face broad opposition worldwide","url":"https://aa.com.tr/en/features/us-sanctions-on-icc-face-broad-opposition-worldwide/4084384","source":"aa.com.tr","date":"2026-10-10T15:30:00Z","tipo":"Crimen organizado","severidad":3,"lugar":"Washington, District of Columbia, United States","pais_iso3":"USA","precision":"ciudad","origen":"mundo","actores":"Perpetrator → United Nations","articulos":5,"arma":null,"via":"GDELT 2.0 (evento codificado; el título sale del enlace)"}},{"type":"Feature","geometry":{"type":"Point","coordinates":[34.75,31.5]},"properties":{"title":"News national several arrests made thousands descend london pro palestine protest","url":"https://www.dunmowbroadcast.co.uk/news/national/26625460.several-arrests-made-thousands-descend-london-pro-palestine-protest/","source":"www.dunmowbroadcast.co.uk","date":"2026-10-10T15:30:00Z","tipo":"Crimen organizado","severidad":3,"lugar":"Israel","pais_iso3":"ISR","precision":"país","origen":"mundo","actores":"Criminal → Protester","articulos":130,"arma":null,"via":"GDELT 2.0 (evento codificado; el título sale del enlace)"}},{"type":"Feature","geometry":{"type":"Point","coordinates":[46.773,24.641]},"properties":{"title":"Blast reported saudi arabias riyadh airport","url":"https://www.dw.com/en/blast-reported-at-saudi-arabias-riyadh-airport/a-79628862","source":"www.dw.com","date":"2026-10-10T15:30:00Z","tipo":"Grupo rebelde","severidad":4,"lugar":"Riyadh, Ar Riya?, Saudi Arabia","pais_iso3":"SAU","precision":"ciudad","origen":"mundo","actores":"Rebel → Saudi","articulos":3,"arma":null,"via":"GDELT 2.0 (evento codificado; el título sale del enlace)"}},{"type":"Feature","geometry":{"type":"Point","coordinates":[-77.264,40.577]},"properties":{"title":"Americas dead including children mass shooting state pennsylvania","url":"https://aa.com.tr/en/americas/9-dead-including-children-in-mass-shooting-in-us-state-of-pennsylvania/4084571","source":"aa.com.tr","date":"2026-10-10T15:30:00Z","tipo":"Grupo armado","severidad":4,"lugar":"Pennsylvania, United States","pais_iso3":"USA","precision":"estado","origen":"mundo","actores":"Gunman","articulos":10,"arma":null,"via":"GDELT 2.0 (evento codificado; el título sale del enlace)"}},{"type":"Feature","geometry":{"type":"Point","coordinates":[12.483,41.9]},"properties":{"title":"World urges reverse latest sanctions targeting icc","url":"https://aa.com.tr/en/world/eu-urges-us-to-reverse-latest-sanctions-targeting-icc-/4084422","source":"aa.com.tr","date":"2026-10-10T15:30:00Z","tipo":"Crimen organizado","severidad":4,"lugar":"Rome, Lazio, Italy","pais_iso3":"ITA","precision":"ciudad","origen":"mundo","actores":"United States → Criminal","articulos":4,"arma":null,"via":"GDELT 2.0 (evento codificado; el título sale del enlace)"}},{"type":"Feature","geometry":{"type":"Point","coordinates":[-4.0,54.0]},"properties":{"title":"News royals andrew prince harry treatment royals","url":"https://www.mirror.co.uk/news/royals/andrew-prince-harry-treatment-royals-37757206","source":"www.mirror.co.uk","date":"2026-10-10T15:15:00Z","tipo":"Crimen organizado","severidad":3,"lugar":"United Kingdom","pais_iso3":"","precision":"país","origen":"mundo","actores":"United Kingdom → United Kingdom","articulos":2,"arma":null,"via":"GDELT 2.0 (evento codificado; el título sale del enlace)"}},{"type":"Feature","geometry":{"type":"Point","coordinates":[-108.38,43.025]},"properties":{"title":"Laramieboomerang laramieboomerang news labor committee works legislation that would designate dispatchers first responders article html","url":"https://www.wyomingnews.com/laramieboomerang/laramieboomerang/news/labor-committee-works-on-legislation-that-would-designate-dispatchers-as-first-responders/article_f6fb4b8e-ee2d-4d21-a373-e79a7fcda4b2.html","source":"www.wyomingnews.com","date":"2026-10-10T15:15:00Z","tipo":"Grupo armado","severidad":4,"lugar":"Riverton, Wyoming, United States","pais_iso3":"USA","precision":"ciudad","origen":"mundo","actores":"Gunman","articulos":4,"arma":null,"via":"GDELT 2.0 (evento codificado; el título sale del enlace)"}},{"type":"Feature","geometry":{"type":"Point","coordinates":[34.333,31.417]},"properties":{"title":"News palestine action protest london arrests","url":"https://www.express.co.uk/news/uk/2256137/palestine-action-protest-london-arrests","source":"www.express.co.uk","date":"2026-10-10T15:15:00Z","tipo":"Crimen organizado","severidad":3,"lugar":"Gaza, Israel (general), Israel","pais_iso3":"PSE","precision":"ciudad","origen":"mundo","actores":"Criminal → Protester","articulos":10,"arma":null,"via":"GDELT 2.0 (evento codificado; el título sale del enlace)"}},{"type":"Feature","geometry":{"type":"Point","coordinates":[41.858,58.651]},"properties":{"title":"Grupo armado: Community → Combatant (Vnukovo, Kostromskaya Oblast', Russia)","url":"https://www.kyivpost.com/post/86692","source":"www.kyivpost.com","date":"2026-10-10T15:15:00Z","tipo":"Grupo armado","severidad":4,"lugar":"Vnukovo, Kostromskaya Oblast', Russia","pais_iso3":"RUS","precision":"ciudad","origen":"mundo","actores":"Community → Combatant","articulos":10,"arma":null,"via":"GDELT 2.0 (evento codificado; el título sale del enlace)"}},{"type":"Feature","geometry":{"type":"Point","coordinates":[77.217,28.667]},"properties":{"title":"India news abhijeet dipke family unsure can attend grandmother last rites after detention html","url":"https://www.hindustantimes.com/india-news/abhijeet-dipke-s-family-unsure-if-he-can-attend-grandmother-s-last-rites-after-detention-101791639476392.html","source":"www.hindustantimes.com","date":"2026-10-10T15:00:00Z","tipo":"Terrorismo","severidad":3,"lugar":"Delhi, Delhi, India","pais_iso3":"IND","precision":"ciudad","origen":"mundo","actores":"Terrorist","articulos":10,"arma":null,"via":"GDELT 2.0 (evento codificado; el título sale del enlace)"}},{"type":"Feature","geometry":{"type":"Point","coordinates":[-73.975,40.787]},"properties":{"title":"News article zohran mamdani ice shooting israel vigil left protests html","url":"https://www.dailymail.com/news/article-16198523/zohran-mamdani-ice-shooting-israel-vigil-left-protests.html","source":"www.dailymail.com","date":"2026-10-10T15:00:00Z","tipo":"Grupo armado","severidad":4,"lugar":"Upper West Side, New York, United States","pais_iso3":"USA","precision":"ciudad","origen":"mundo","actores":"Militia","articulos":3,"arma":null,"via":"GDELT 2.0 (evento codificado; el título sale del enlace)"}},{"type":"Feature","geometry":{"type":"Point","coordinates":[73.778,33.924]},"properties":{"title":"Asia south asia pakistan kashmir poll violence missing dead html","url":"https://www.independent.co.uk/asia/south-asia/pakistan-kashmir-poll-violence-missing-dead-b3062714.html","source":"www.independent.co.uk","date":"2026-10-10T15:00:00Z","tipo":"Terrorismo","severidad":4,"lugar":"Chitra, Azad Kashmir, Pakistan","pais_iso3":"PAK","precision":"ciudad","origen":"mundo","actores":"Terrorist → Authorities","articulos":4,"arma":null,"via":"GDELT 2.0 (evento codificado; el título sale del enlace)"}},{"type":"Feature","geometry":{"type":"Point","coordinates":[-91.356,31.548]},"properties":{"title":"Article natchez year old man drug firearm charges","url":"https://www.wapt.com/article/natchez-88-year-old-man-drug-firearm-charges/74098526","source":"www.wapt.com","date":"2026-10-10T15:00:00Z","tipo":"Crimen organizado","severidad":3,"lugar":"Adams County, Mississippi, United States","pais_iso3":"USA","precision":"ciudad","origen":"mundo","actores":"United States → Criminal","articulos":4,"arma":null,"via":"GDELT 2.0 (evento codificado; el título sale del enlace)"}},{"type":"Feature","geometry":{"type":"Point","coordinates":[-75.164,39.952]},"properties":{"title":"News philadelphia cop dead one critical condition after shooting","url":"https://nypost.com/2026/10/10/us-news/philadelphia-cop-dead-one-in-critical-condition-after-shooting/","source":"nypost.com","date":"2026-10-10T14:45:00Z","tipo":"Grupo armado","severidad":4,"lugar":"Philadelphia, Pennsylvania, United States","pais_iso3":"USA","precision":"ciudad","origen":"mundo","actores":"Police Officer → Gunman","articulos":10,"arma":null,"via":"GDELT 2.0 (evento codificado; el título sale del enlace)"}},{"type":"Feature","geometry":{"type":"Point","coordinates":[37.616,55.752]},"properties":{"title":"Community community columns margarets library cold blood reads like antidote moscow murder exhaustion article html","url":"http://www.idahopress.com/community/community_columns/margarets-library-in-cold-blood-reads-like-an-antidote-to-moscow-murder-exhaustion/article_c95faf42-7d86-4de0-aea5-e0ae5a644760.html","source":"www.idahopress.com","date":"2026-10-10T14:45:00Z","tipo":"Crimen organizado","severidad":3,"lugar":"Moscow, Moskva, Russia","pais_iso3":"RUS","precision":"ciudad","origen":"mundo","actores":"Community → Killers","articulos":10,"arma":null,"via":"GDELT 2.0 (evento codificado; el título sale del enlace)"}},{"type":"Feature","geometry":{"type":"Point","coordinates":[77.217,28.667]},"properties":{"title":"Regionals year old girl lured with delhi job offer gang raped and thrown into canal uttar pradesh survives clinging tree branch","url":"https://www.newsx.com/regionals/16-year-old-girl-lured-with-delhi-job-offer-gang-raped-and-thrown-into-canal-in-uttar-pradesh-survives-by-clinging-to-tree-branch-281850/","source":"www.newsx.com","date":"2026-10-10T14:30:00Z","tipo":"Crimen organizado","severidad":4,"lugar":"Delhi, Delhi, India","pais_iso3":"IND","precision":"ciudad","origen":"mundo","actores":"Police → Gang","articulos":10,"arma":null,"via":"GDELT 2.0 (evento codificado; el título sale del enlace)"}},{"type":"Feature","geometry":{"type":"Point","coordinates":[23.733,37.983]},"properties":{"title":"News jail dockets article html","url":"https://www.clevelandbanner.com/news/jail-dockets-10-10-26/article_1b2ef4bc-b6c3-5b68-8795-e40e6b6f2121.html","source":"www.clevelandbanner.com","date":"2026-10-10T14:30:00Z","tipo":"Crimen organizado","severidad":3,"lugar":"Athens, AttikíR, Greece","pais_iso3":"GRC","precision":"ciudad","origen":"mundo","actores":"Felon → Cleveland","articulos":5,"arma":null,"via":"GDELT 2.0 (evento codificado; el título sale del enlace)"}},{"type":"Feature","geometry":{"type":"Point","coordinates":[34.333,31.417]},"properties":{"title":"Post navi former human rights wins nobel peace prize","url":"https://brudirect.com/post/Navi-Pillay,-former-UN-human-rights-chief,-wins-Nobel-Peace-Prize","source":"brudirect.com","date":"2026-10-10T14:30:00Z","tipo":"Grupo armado","severidad":4,"lugar":"Gaza, Israel (general), Israel","pais_iso3":"PSE","precision":"ciudad","origen":"mundo","actores":"Palestinian → Israel","articulos":2,"arma":null,"via":"GDELT 2.0 (evento codificado; el título sale del enlace)"}},{"type":"Feature","geometry":{"type":"Point","coordinates":[53.0,32.0]},"properties":{"title":"Blackwater founder erik prince mercenaries ambush congo","url":"https://dailycaller.com/2026/10/10/blackwater-founder-erik-prince-mercenaries-ambush-congo/","source":"dailycaller.com","date":"2026-10-10T14:15:00Z","tipo":"Grupo armado","severidad":4,"lugar":"Iran","pais_iso3":"IRN","precision":"país","origen":"mundo","actores":"Congo → Democratic Republic Of Congo","articulos":4,"arma":null,"via":"GDELT 2.0 (evento codificado; el título sale del enlace)"}},{"type":"Feature","geometry":{"type":"Point","coordinates":[-92.334,39.033]},"properties":{"title":"News crime dalton perkins found guilty manslaughter his fathers killing article html","url":"https://www.komu.com/news/crime/dalton-perkins-found-guilty-of-manslaughter-in-his-fathers-killing/article_e08615b5-0358-570f-88d0-0e15ed7ffe1a.html","source":"www.komu.com","date":"2026-10-10T14:15:00Z","tipo":"Crimen organizado","severidad":3,"lugar":"Boone County, Missouri, United States","pais_iso3":"USA","precision":"ciudad","origen":"mundo","actores":"United States → Criminal","articulos":4,"arma":null,"via":"GDELT 2.0 (evento codificado; el título sale del enlace)"}},{"type":"Feature","geometry":{"type":"Point","coordinates":[26.0,-30.0]},"properties":{"title":"Opinion malegapuru makgoba and thami mazwai south africa faces moral crisis amid police scandals","url":"https://www.timeslive.co.za/opinion/2026-10-10-malegapuru-makgoba-and-thami-mazwai-south-africa-faces-moral-crisis-amid-police-scandals/","source":"www.timeslive.co.za","date":"2026-10-10T13:45:00Z","tipo":"Crimen organizado","severidad":3,"lugar":"South Africa","pais_iso3":"ZAF","precision":"país","origen":"mundo","actores":"Africa → Illegal Immigrant","articulos":2,"arma":null,"via":"GDELT 2.0 (evento codificado; el título sale del enlace)"}},{"type":"Feature","geometry":{"type":"Point","coordinates":[9.843,10.313]},"properties":{"title":"Police launch manhunt for terrorists kidnappers after fresh attacks","url":"https://pmnewsnigeria.com/2026/10/10/police-launch-manhunt-for-terrorists-kidnappers-after-fresh-attacks/","source":"pmnewsnigeria.com","date":"2026-10-10T13:45:00Z","tipo":"Terrorismo","severidad":4,"lugar":"Bauchi, Bauchi, Nigeria","pais_iso3":"NGA","precision":"ciudad","origen":"mundo","actores":"Assailant → Village","articulos":2,"arma":null,"via":"GDELT 2.0 (evento codificado; el título sale del enlace)"}},{"type":"Feature","geometry":{"type":"Point","coordinates":[34.333,31.417]},"properties":{"title":"News world middle east palestinian president postpones legislative elections from nov sept hold simultaneous presidential","url":"https://aninews.in/news/world/middle-east/palestinian-president-postpones-legislative-elections-from-nov-2026-to-sept-2027-to-hold-simultaneous-presidential-polls20261010181659/","source":"aninews.in","date":"2026-10-10T13:45:00Z","tipo":"Grupo rebelde","severidad":4,"lugar":"Gaza, Israel (general), Israel","pais_iso3":"PSE","precision":"ciudad","origen":"mundo","actores":"Hamas → Israel","articulos":2,"arma":null,"via":"GDELT 2.0 (evento codificado; el título sale del enlace)"}},{"type":"Feature","geometry":{"type":"Point","coordinates":[8.95,9.7]},"properties":{"title":"Suspected gunmen kill three plateau mining site","url":"https://pmnewsnigeria.com/2026/10/10/suspected-gunmen-kill-three-at-plateau-mining-site/","source":"pmnewsnigeria.com","date":"2026-10-10T13:45:00Z","tipo":"Grupo armado","severidad":4,"lugar":"Foron, Nigeria (general), Nigeria","pais_iso3":"NGA","precision":"ciudad","origen":"mundo","actores":"Gunmen","articulos":10,"arma":null,"via":"GDELT 2.0 (evento codificado; el título sale del enlace)"}},{"type":"Feature","geometry":{"type":"Point","coordinates":[46.773,24.641]},"properties":{"title":"Air india express air india extend riyadh flights cancellation","url":"https://www.siasat.com/air-india-express-air-india-extend-riyadh-flights-cancellation-3555357/","source":"www.siasat.com","date":"2026-10-10T13:45:00Z","tipo":"Grupo armado","severidad":4,"lugar":"Riyadh, Ar Riya?, Saudi Arabia","pais_iso3":"SAU","precision":"ciudad","origen":"mundo","actores":"Militant → Riyadh","articulos":8,"arma":null,"via":"GDELT 2.0 (evento codificado; el título sale del enlace)"}},{"type":"Feature","geometry":{"type":"Point","coordinates":[-98.579,39.828]},"properties":{"title":"Pope declares opposition death penalty shortly after announced would livestream execution","url":"https://www.ibtimes.com/pope-declares-opposition-death-penalty-shortly-after-us-announced-it-would-livestream-execution-3808448","source":"www.ibtimes.com","date":"2026-10-10T13:30:00Z","tipo":"Crimen organizado","severidad":4,"lugar":"United States","pais_iso3":"USA","precision":"país","origen":"mundo","actores":"Criminal","articulos":10,"arma":null,"via":"GDELT 2.0 (evento codificado; el título sale del enlace)"}},{"type":"Feature","geometry":{"type":"Point","coordinates":[70.902,31.833]},"properties":{"title":"Story ctd kills india backed terrorists balochistans barkhan","url":"https://tribune.com.pk/story/2634086/ctd-kills-10-india-backed-terrorists-in-balochistans-barkhan","source":"tribune.com.pk","date":"2026-10-10T13:30:00Z","tipo":"Terrorismo","severidad":4,"lugar":"Dera Ismail Khan, North-West Frontier, Pakistan","pais_iso3":"PAK","precision":"ciudad","origen":"mundo","actores":"Terrorist","articulos":10,"arma":null,"via":"GDELT 2.0 (evento codificado; el título sale del enlace)"}},{"type":"Feature","geometry":{"type":"Point","coordinates":[70.502,32.972]},"properties":{"title":"Story wanted terrorist commander killed bannu police peace committee operation","url":"https://tribune.com.pk/story/2634078/wanted-terrorist-commander-killed-in-bannu-police-peace-committee-operation","source":"tribune.com.pk","date":"2026-10-10T13:30:00Z","tipo":"Terrorismo","severidad":4,"lugar":"Bakakhel, North-West Frontier, Pakistan","pais_iso3":"PAK","precision":"ciudad","origen":"mundo","actores":"Afghan → Terrorist","articulos":4,"arma":null,"via":"GDELT 2.0 (evento codificado; el título sale del enlace)"}},{"type":"Feature","geometry":{"type":"Point","coordinates":[94.367,25.117]},"properties":{"title":"Three killed fresh clashes manipur tribal body calls hour shutdown","url":"https://ianslive.in/three-killed-in-fresh-clashes-in-manipur-tribal-body-calls-24-hour-shutdown--20261010165404","source":"ianslive.in","date":"2026-10-10T13:30:00Z","tipo":"Grupo armado","severidad":4,"lugar":"Ukhrul, Manipur, India","pais_iso3":"IND","precision":"ciudad","origen":"mundo","actores":"Manipur → Police","articulos":4,"arma":null,"via":"GDELT 2.0 (evento codificado; el título sale del enlace)"}},{"type":"Feature","geometry":{"type":"Point","coordinates":[-74.938,42.15]},"properties":{"title":"Entertainment actress ellen barkin says burn ice the ground after shooting violent illegal alien","url":"https://www.breitbart.com/entertainment/2026/10/10/actress-ellen-barkin-says-burn-ice-to-the-ground-after-shooting-of-violent-illegal-alien/","source":"www.breitbart.com","date":"2026-10-10T13:15:00Z","tipo":"Crimen organizado","severidad":4,"lugar":"New York, United States","pais_iso3":"USA","precision":"estado","origen":"mundo","actores":"United States → Illegal Migrant","articulos":4,"arma":null,"via":"GDELT 2.0 (evento codificado; el título sale del enlace)"}},{"type":"Feature","geometry":{"type":"Point","coordinates":[18.369,-33.806]},"properties":{"title":"All about nelson mandela","url":"https://www.dailyrecord.co.uk/all-about/nelson-mandela","source":"www.dailyrecord.co.uk","date":"2026-10-10T13:00:00Z","tipo":"Terrorismo","severidad":3,"lugar":"Robben Island, Western Cape, South Africa","pais_iso3":"","precision":"ciudad","origen":"mundo","actores":"Terrorist","articulos":2,"arma":null,"via":"GDELT 2.0 (evento codificado; el título sale del enlace)"}},{"type":"Feature","geometry":{"type":"Point","coordinates":[-80.085,42.129]},"properties":{"title":"World pregnant woman children among killed pennsylvania shooting gunman dies suicide articleshow cms","url":"https://timesofindia.indiatimes.com/world/us/pregnant-woman-2-children-among-9-killed-in-pennsylvania-shooting-gunman-dies-by-suicide/articleshow/134854711.cms","source":"timesofindia.indiatimes.com","date":"2026-10-10T13:00:00Z","tipo":"Grupo armado","severidad":4,"lugar":"Erie, Pennsylvania, United States","pais_iso3":"USA","precision":"ciudad","origen":"mundo","actores":"Gunman → Pennsylvania","articulos":4,"arma":null,"via":"GDELT 2.0 (evento codificado; el título sale del enlace)"}},{"type":"Feature","geometry":{"type":"Point","coordinates":[-74.938,42.15]},"properties":{"title":"Articles edge control art exhibition using html","url":"https://www.aol.co.uk/articles/edge-control-art-exhibition-using-120057000.html","source":"www.aol.co.uk","date":"2026-10-10T12:30:00Z","tipo":"Crimen organizado","severidad":3,"lugar":"New York, United States","pais_iso3":"USA","precision":"estado","origen":"mundo","actores":"Shoplifter","articulos":3,"arma":null,"via":"GDELT 2.0 (evento codificado; el título sale del enlace)"}},{"type":"Feature","geometry":{"type":"Point","coordinates":[-87.65,41.85]},"properties":{"title":"News teens shot englewood","url":"https://www.fox32chicago.com/news/2-teens-shot-englewood-10-10","source":"www.fox32chicago.com","date":"2026-10-10T12:30:00Z","tipo":"Grupo armado","severidad":4,"lugar":"Chicago, Illinois, United States","pais_iso3":"USA","precision":"ciudad","origen":"mundo","actores":"Gunman → Chicago","articulos":10,"arma":null,"via":"GDELT 2.0 (evento codificado; el título sale del enlace)"}},{"type":"Feature","geometry":{"type":"Point","coordinates":[-43.233,-22.9]},"properties":{"title":"Article brazil police rescue children held hostage assailant dead official","url":"http://thepeninsulaqatar.com/article/10/10/2026/brazil-police-rescue-13-children-held-hostage-assailant-dead-official","source":"thepeninsulaqatar.com","date":"2026-10-10T12:00:00Z","tipo":"Crimen organizado","severidad":4,"lugar":"Rio De Janeiro, Estado do Rio, Brazil","pais_iso3":"BRA","precision":"ciudad","origen":"mundo","actores":"Brazil → Assailant","articulos":5,"arma":null,"via":"GDELT 2.0 (evento codificado; el título sale del enlace)"}},{"type":"Feature","geometry":{"type":"Point","coordinates":[75.333,34.033]},"properties":{"title":"Pakistans continuous use cross border terrorism deepens instability across south asia","url":"https://ianslive.in/pakistans-continuous-use-of-cross-border-terrorism-deepens-instability-across-south-asia--20261010164336","source":"ianslive.in","date":"2026-10-10T11:45:00Z","tipo":"Terrorismo","severidad":3,"lugar":"Pahalgam, Jammu and Kashmir, India","pais_iso3":"IND","precision":"ciudad","origen":"mundo","actores":"Pakistan → Terrorist Group","articulos":2,"arma":null,"via":"GDELT 2.0 (evento codificado; el título sale del enlace)"}},{"type":"Feature","geometry":{"type":"Point","coordinates":[-73.921,41.7]},"properties":{"title":"New york will not charge officer fatal poughkeepsie sword encounter","url":"https://www.fingerlakes1.com/2026/10/10/new-york-will-not-charge-officer-in-fatal-poughkeepsie-sword-encounter/","source":"www.fingerlakes1.com","date":"2026-10-10T11:45:00Z","tipo":"Crimen organizado","severidad":4,"lugar":"Poughkeepsie, New York, United States","pais_iso3":"USA","precision":"ciudad","origen":"mundo","actores":"New York → Criminal","articulos":2,"arma":null,"via":"GDELT 2.0 (evento codificado; el título sale del enlace)"}},{"type":"Feature","geometry":{"type":"Point","coordinates":[-1.967,52.5]},"properties":{"title":"News midlands news torturers behind horrific murder birmingham","url":"https://www.birminghammail.co.uk/news/midlands-news/torturers-behind-horrific-murder-birmingham-34745651","source":"www.birminghammail.co.uk","date":"2026-10-10T11:30:00Z","tipo":"Crimen organizado","severidad":4,"lugar":"West Midlands, United Kingdom (general), United Kingdom","pais_iso3":"GBR","precision":"ciudad","origen":"mundo","actores":"Gang","articulos":4,"arma":null,"via":"GDELT 2.0 (evento codificado; el título sale del enlace)"}},{"type":"Feature","geometry":{"type":"Point","coordinates":[77.2,28.6]},"properties":{"title":"Van gogh museum resolves dispute dutch government","url":"https://apollo-magazine.com/van-gogh-museum-resolves-dispute-dutch-government/","source":"apollo-magazine.com","date":"2026-10-10T11:30:00Z","tipo":"Crimen organizado","severidad":4,"lugar":"New Delhi, Delhi, India","pais_iso3":"IND","precision":"ciudad","origen":"mundo","actores":"Thieves → French","articulos":4,"arma":null,"via":"GDELT 2.0 (evento codificado; el título sale del enlace)"}},{"type":"Feature","geometry":{"type":"Point","coordinates":[-0.706,38.265]},"properties":{"title":"Luxury vehicle gang arrested","url":"https://spanishvida.com/2015/05/18/luxury-vehicle-gang-arrested/","source":"spanishvida.com","date":"2026-10-10T11:30:00Z","tipo":"Crimen organizado","severidad":3,"lugar":"Elche, Valenciana, Spain","pais_iso3":"ESP","precision":"ciudad","origen":"mundo","actores":"Toledo → Criminal","articulos":10,"arma":null,"via":"GDELT 2.0 (evento codificado; el título sale del enlace)"}},{"type":"Feature","geometry":{"type":"Point","coordinates":[50.206,30.669]},"properties":{"title":"Grupo armado: Iran → Iraq (Kurdistan, Khuzestan, Iran)","url":"https://www.jpost.com/middle-east/article-911220","source":"www.jpost.com","date":"2026-10-10T11:30:00Z","tipo":"Grupo armado","severidad":4,"lugar":"Kurdistan, Khuzestan, Iran","pais_iso3":"IRN","precision":"ciudad","origen":"mundo","actores":"Iran → Iraq","articulos":2,"arma":"Artillería y tanques","via":"GDELT 2.0 (evento codificado; el título sale del enlace)"}},{"type":"Feature","geometry":{"type":"Point","coordinates":[20.0,52.0]},"properties":{"title":"Geopolitical german voters reject mass migration politicians and media play fool","url":"http://www.zerohedge.com/geopolitical/german-voters-reject-mass-migration-politicians-and-media-play-fool","source":"www.zerohedge.com","date":"2026-10-10T11:30:00Z","tipo":"Terrorismo","severidad":4,"lugar":"Poland","pais_iso3":"POL","precision":"país","origen":"mundo","actores":"Poland → Terrorist","articulos":4,"arma":null,"via":"GDELT 2.0 (evento codificado; el título sale del enlace)"}},{"type":"Feature","geometry":{"type":"Point","coordinates":[6.59,11.718]},"properties":{"title":"Kaduna terror suspect arrested over ransom plot troops destroy zamfara explosives","url":"http://silverbirdtv.com/kaduna-terror-suspect-arrested-over-ransom-plot-as-troops-destroy-zamfara-explosives/","source":"silverbirdtv.com","date":"2026-10-10T11:30:00Z","tipo":"Terrorismo","severidad":4,"lugar":"Magami, Zamfara, Nigeria","pais_iso3":"NGA","precision":"ciudad","origen":"mundo","actores":"Terrorist","articulos":10,"arma":"Bomba o explosivo","via":"GDELT 2.0 (evento codificado; el título sale del enlace)"}},{"type":"Feature","geometry":{"type":"Point","coordinates":[77.217,28.633]},"properties":{"title":"News world news hundreds detained stadiums turned holding centres","url":"https://www.thedailystar.net/news/world/news/hundreds-detained-stadiums-turned-holding-centres-4294876","source":"www.thedailystar.net","date":"2026-10-10T11:15:00Z","tipo":"Crimen organizado","severidad":3,"lugar":"Connaught Place, Delhi, India","pais_iso3":"IND","precision":"ciudad","origen":"mundo","actores":"Police → Criminal","articulos":2,"arma":null,"via":"GDELT 2.0 (evento codificado; el título sale del enlace)"}},{"type":"Feature","geometry":{"type":"Point","coordinates":[-77.036,38.895]},"properties":{"title":"Ixp local man charged murder yakima","url":"https://mega993online.com/ixp/113/p/local-man-charged-murder-yakima/","source":"mega993online.com","date":"2026-10-10T11:15:00Z","tipo":"Crimen organizado","severidad":3,"lugar":"Washington, District of Columbia, United States","pais_iso3":"USA","precision":"ciudad","origen":"mundo","actores":"Prosecutor → Criminal","articulos":10,"arma":null,"via":"GDELT 2.0 (evento codificado; el título sale del enlace)"}},{"type":"Feature","geometry":{"type":"Point","coordinates":[77.217,28.667]},"properties":{"title":"News world horror girl gang raped","url":"https://www.express.co.uk/news/world/2256064/horror-girl-16-gang-raped","source":"www.express.co.uk","date":"2026-10-10T10:45:00Z","tipo":"Crimen organizado","severidad":4,"lugar":"Delhi, Delhi, India","pais_iso3":"IND","precision":"ciudad","origen":"mundo","actores":"Gang","articulos":8,"arma":null,"via":"GDELT 2.0 (evento codificado; el título sale del enlace)"}},{"type":"Feature","geometry":{"type":"Point","coordinates":[-6.417,54.0]},"properties":{"title":"News irish news path hate inside story how","url":"https://www.irishmirror.ie/news/irish-news/path-hate-inside-story-how-37749132","source":"www.irishmirror.ie","date":"2026-10-10T10:45:00Z","tipo":"Terrorismo","severidad":3,"lugar":"Dundalk, Louth, Ireland","pais_iso3":"IRL","precision":"ciudad","origen":"mundo","actores":"Ireland → Terrorist Group","articulos":2,"arma":null,"via":"GDELT 2.0 (evento codificado; el título sale del enlace)"}},{"type":"Feature","geometry":{"type":"Point","coordinates":[129.04,35.103]},"properties":{"title":"Netflix weta kimball thurston run the west","url":"https://deadline.com/2026/10/netflix-ai-weta-fx-kimball-thurston-run-to-the-west-1237153889/","source":"deadline.com","date":"2026-10-10T10:30:00Z","tipo":"Crimen organizado","severidad":4,"lugar":"Busan, Pusan-gwangyoksi, South Korea","pais_iso3":"","precision":"ciudad","origen":"mundo","actores":"Africa → Pirate","articulos":10,"arma":null,"via":"GDELT 2.0 (evento codificado; el título sale del enlace)"}},{"type":"Feature","geometry":{"type":"Point","coordinates":[31.017,-29.85]},"properties":{"title":"News latest durban burns amid sandf deployment calls","url":"https://www.thesouthafrican.com/news/latest-durban-burns-amid-sandf-deployment-calls/","source":"www.thesouthafrican.com","date":"2026-10-10T10:30:00Z","tipo":"Grupo rebelde","severidad":4,"lugar":"Durban, KwaZulu-Natal, South Africa","pais_iso3":"ZAF","precision":"ciudad","origen":"mundo","actores":"Africa → Looter","articulos":4,"arma":null,"via":"GDELT 2.0 (evento codificado; el título sale del enlace)"}},{"type":"Feature","geometry":{"type":"Point","coordinates":[-123.133,49.25]},"properties":{"title":"Stories oct this day history mafia hit man spokane rum","url":"https://www.spokesman.com/stories/2026/oct/10/this-day-in-history-a-mafia-hit-man-in-spokane-rum/","source":"www.spokesman.com","date":"2026-10-10T10:30:00Z","tipo":"Mafia","severidad":3,"lugar":"Vancouver, British Columbia, Canada","pais_iso3":"CAN","precision":"ciudad","origen":"mundo","actores":"Mafia → Mafia","articulos":6,"arma":null,"via":"GDELT 2.0 (evento codificado; el título sale del enlace)"}},{"type":"Feature","geometry":{"type":"Point","coordinates":[34.333,31.417]},"properties":{"title":"Gaza ceasefire marks one year with key pledges unmet","url":"https://www.hurriyetdailynews.com/gaza-ceasefire-marks-one-year-with-key-pledges-unmet-227959","source":"www.hurriyetdailynews.com","date":"2026-10-10T10:30:00Z","tipo":"Grupo rebelde","severidad":3,"lugar":"Gaza, Israel (general), Israel","pais_iso3":"PSE","precision":"ciudad","origen":"mundo","actores":"Israel → Hamas","articulos":4,"arma":null,"via":"GDELT 2.0 (evento codificado; el título sale del enlace)"}},{"type":"Feature","geometry":{"type":"Point","coordinates":[80.283,13.083]},"properties":{"title":"News litigation when authorities fail can citizens blamed for taking law into own hands madras high court asks","url":"https://www.barandbench.com/news/litigation/when-authorities-fail-can-citizens-be-blamed-for-taking-law-into-own-hands-madras-high-court-asks","source":"www.barandbench.com","date":"2026-10-10T10:15:00Z","tipo":"Crimen organizado","severidad":3,"lugar":"Madras, Tamil Nadu, India","pais_iso3":"IND","precision":"ciudad","origen":"mundo","actores":"Criminal → Police","articulos":5,"arma":null,"via":"GDELT 2.0 (evento codificado; el título sale del enlace)"}},{"type":"Feature","geometry":{"type":"Point","coordinates":[30.0,-2.0]},"properties":{"title":"Nobel peace prize special africa reacts navi pillays nobel win draws attention her work defending media freedom and beyond","url":"https://www.africanewsanalysis.com/nobel-peace-prize-special-africa-reacts-navi-pillays-nobel-win-draws-attention-to-her-work-defending-media-freedom-and-beyond/10/08/40/13/10/2026/","source":"www.africanewsanalysis.com","date":"2026-10-10T10:15:00Z","tipo":"Crimen organizado","severidad":3,"lugar":"Rwanda","pais_iso3":"RWA","precision":"país","origen":"mundo","actores":"Criminal → Tutsi","articulos":3,"arma":null,"via":"GDELT 2.0 (evento codificado; el título sale del enlace)"}},{"type":"Feature","geometry":{"type":"Point","coordinates":[-78.639,35.772]},"properties":{"title":"News local raleigh man sentenced years federal prison crack cocaine charge","url":"https://wcti12.com/news/local/raleigh-man-sentenced-to-25-years-in-federal-prison-on-crack-cocaine-charge","source":"wcti12.com","date":"2026-10-10T10:15:00Z","tipo":"Narcotráfico","severidad":3,"lugar":"Raleigh, North Carolina, United States","pais_iso3":"USA","precision":"ciudad","origen":"mundo","actores":"Tyre → Felon","articulos":3,"arma":null,"via":"GDELT 2.0 (evento codificado; el título sale del enlace)"}},{"type":"Feature","geometry":{"type":"Point","coordinates":[67.01,30.199]},"properties":{"title":"Insurgencia: Pakistan → Taliban (Quetta, Balochistan, Pakistan)","url":"https://www.newsweekpakistan.com/hunting-the-hazara/","source":"www.newsweekpakistan.com","date":"2026-10-10T10:15:00Z","tipo":"Insurgencia","severidad":4,"lugar":"Quetta, Balochistan, Pakistan","pais_iso3":"PAK","precision":"ciudad","origen":"mundo","actores":"Pakistan → Taliban","articulos":5,"arma":null,"via":"GDELT 2.0 (evento codificado; el título sale del enlace)"}},{"type":"Feature","geometry":{"type":"Point","coordinates":[53.0,32.0]},"properties":{"title":"Terrorismo: Terrorist (Iran)","url":"https://www.newsweekpakistan.com/hunting-the-hazara/","source":"www.newsweekpakistan.com","date":"2026-10-10T10:15:00Z","tipo":"Terrorismo","severidad":4,"lugar":"Iran","pais_iso3":"IRN","precision":"país","origen":"mundo","actores":"Terrorist","articulos":3,"arma":null,"via":"GDELT 2.0 (evento codificado; el título sale del enlace)"}},{"type":"Feature","geometry":{"type":"Point","coordinates":[-72.417,19.0]},"properties":{"title":"Article commentary ronald sanders when promise haitian led solution begins fade","url":"https://jamaica-gleaner.com/article/commentary/20261010/ronald-sanders-when-promise-haitian-led-solution-begins-fade","source":"jamaica-gleaner.com","date":"2026-10-10T10:00:00Z","tipo":"Crimen organizado","severidad":3,"lugar":"Haiti","pais_iso3":"HTI","precision":"país","origen":"mundo","actores":"Gang","articulos":5,"arma":null,"via":"GDELT 2.0 (evento codificado; el título sale del enlace)"}},{"type":"Feature","geometry":{"type":"Point","coordinates":[72.826,18.975]},"properties":{"title":"India the remaking kamathipura","url":"https://openthemagazine.com/india/the-remaking-of-kamathipura","source":"openthemagazine.com","date":"2026-10-10T10:00:00Z","tipo":"Crimen organizado","severidad":4,"lugar":"Mumbai, Maharashtra, India","pais_iso3":"","precision":"ciudad","origen":"mundo","actores":"Police → Brothel","articulos":3,"arma":null,"via":"GDELT 2.0 (evento codificado; el título sale del enlace)"}},{"type":"Feature","geometry":{"type":"Point","coordinates":[85.117,25.6]},"properties":{"title":"Crimen organizado: Assailant → Shop Owner (Patna, Bihar, India)","url":"https://www.prokerala.com/news/articles/a1822737.html","source":"www.prokerala.com","date":"2026-10-10T10:00:00Z","tipo":"Crimen organizado","severidad":4,"lugar":"Patna, Bihar, India","pais_iso3":"IND","precision":"ciudad","origen":"mundo","actores":"Assailant → Shop Owner","articulos":2,"arma":null,"via":"GDELT 2.0 (evento codificado; el título sale del enlace)"}},{"type":"Feature","geometry":{"type":"Point","coordinates":[-84.651,37.669]},"properties":{"title":"World plan livestream fort hood shooter firing squad execution sparks bipartisan backlash article html","url":"https://www.moneycontrol.com/world/plan-to-livestream-fort-hood-shooter-s-firing-squad-execution-sparks-bipartisan-backlash-article-14049060.html","source":"www.moneycontrol.com","date":"2026-10-10T09:45:00Z","tipo":"Terrorismo","severidad":3,"lugar":"Kentucky, United States","pais_iso3":"USA","precision":"estado","origen":"mundo","actores":"Terrorist","articulos":6,"arma":null,"via":"GDELT 2.0 (evento codificado; el título sale del enlace)"}},{"type":"Feature","geometry":{"type":"Point","coordinates":[36.3,33.5]},"properties":{"title":"Grupo rebelde: Unidentified Gunmen → Syria (Damascus, Dimashq, Syria)","url":"https://sana.sy/en/syria/2349353/","source":"sana.sy","date":"2026-10-10T09:45:00Z","tipo":"Grupo rebelde","severidad":4,"lugar":"Damascus, Dimashq, Syria","pais_iso3":"SYR","precision":"ciudad","origen":"mundo","actores":"Unidentified Gunmen → Syria","articulos":2,"arma":null,"via":"GDELT 2.0 (evento codificado; el título sale del enlace)"}},{"type":"Feature","geometry":{"type":"Point","coordinates":[34.333,31.417]},"properties":{"title":"Terrorismo: Terrorist → Civilian (Gaza, Israel (general), Israel)","url":"https://www.jpost.com/israel-news/article-911214","source":"www.jpost.com","date":"2026-10-10T09:45:00Z","tipo":"Terrorismo","severidad":4,"lugar":"Gaza, Israel (general), Israel","pais_iso3":"PSE","precision":"ciudad","origen":"mundo","actores":"Terrorist → Civilian","articulos":10,"arma":null,"via":"GDELT 2.0 (evento codificado; el título sale del enlace)"}},{"type":"Feature","geometry":{"type":"Point","coordinates":[-80.085,42.129]},"properties":{"title":"Article erie pennsylvania shooting","url":"https://www.wjcl.com/article/erie-pennsylvania-shooting/74097784","source":"www.wjcl.com","date":"2026-10-10T09:45:00Z","tipo":"Grupo armado","severidad":4,"lugar":"Erie, Pennsylvania, United States","pais_iso3":"USA","precision":"ciudad","origen":"mundo","actores":"United States → Gunman","articulos":6,"arma":null,"via":"GDELT 2.0 (evento codificado; el título sale del enlace)"}},{"type":"Feature","geometry":{"type":"Point","coordinates":[106.829,-6.174]},"properties":{"title":"Read bgn motorcycle corruption case billion state losses","url":"https://en.tempo.co/read/2121306/bgn-motorcycle-corruption-case-rp863-billion-in-state-losses","source":"en.tempo.co","date":"2026-10-10T09:30:00Z","tipo":"Crimen organizado","severidad":3,"lugar":"Jakarta, Jakarta Raya, Indonesia","pais_iso3":"IDN","precision":"ciudad","origen":"mundo","actores":"Criminal","articulos":10,"arma":null,"via":"GDELT 2.0 (evento codificado; el título sale del enlace)"}},{"type":"Feature","geometry":{"type":"Point","coordinates":[34.75,31.5]},"properties":{"title":"Stories israel says targeted pro iran operative lebanon town near syria border","url":"https://www.naharnet.com:443/stories/en/323034-israel-says-targeted-pro-iran-operative-in-lebanon-town-near-syria-border","source":"www.naharnet.com:443","date":"2026-10-10T09:30:00Z","tipo":"Crimen organizado","severidad":4,"lugar":"Israel","pais_iso3":"ISR","precision":"país","origen":"mundo","actores":"Israeli → Assailant","articulos":8,"arma":null,"via":"GDELT 2.0 (evento codificado; el título sale del enlace)"}},{"type":"Feature","geometry":{"type":"Point","coordinates":[44.207,15.355]},"properties":{"title":"Read saudi arabia backed forces vow firm response airport attack","url":"https://en.tempo.co/read/2121299/saudi-arabia-backed-forces-vow-firm-response-to-airport-attack","source":"en.tempo.co","date":"2026-10-10T09:30:00Z","tipo":"Grupo rebelde","severidad":4,"lugar":"Sanaa, Sana', Yemen","pais_iso3":"YEM","precision":"ciudad","origen":"mundo","actores":"Rebel","articulos":10,"arma":null,"via":"GDELT 2.0 (evento codificado; el título sale del enlace)"}},{"type":"Feature","geometry":{"type":"Point","coordinates":[-8.742,51.747]},"properties":{"title":"History this day the real behind the scenes story from somalia told bandon born nurse","url":"https://www.southernstar.ie/history/on-this-day-in-1992-the-real-behind-the-scenes-story-from-somalia-as-told-by-bandon-born-nurse-4374842","source":"www.southernstar.ie","date":"2026-10-10T09:30:00Z","tipo":"Grupo armado","severidad":4,"lugar":"Bandon, Cork, Ireland","pais_iso3":"IRL","precision":"ciudad","origen":"mundo","actores":"Gunmen","articulos":3,"arma":null,"via":"GDELT 2.0 (evento codificado; el título sale del enlace)"}},{"type":"Feature","geometry":{"type":"Point","coordinates":[80.375,7.358]},"properties":{"title":"Breaking news drug traffickers property seized","url":"https://www.dailymirror.lk/breaking-news/Drug-traffickers-property-seized/108-352243","source":"www.dailymirror.lk","date":"2026-10-10T08:30:00Z","tipo":"Narcotráfico","severidad":3,"lugar":"Dambulla, Sabaragamuwa, Sri Lanka","pais_iso3":"LKA","precision":"ciudad","origen":"mundo","actores":"Dubai → Drug Trafficker","articulos":3,"arma":null,"via":"GDELT 2.0 (evento codificado; el título sale del enlace)"}},{"type":"Feature","geometry":{"type":"Point","coordinates":[72.826,18.975]},"properties":{"title":"News national politics punjab aaps manish sisodia punjab party leaders detained during protest outside chandigarh ceo","url":"https://aninews.in/news/national/politics/punjab-aaps-manish-sisodia-punjab-party-leaders-detained-during-protest-outside-chandigarh-ceo-office20261010133942/","source":"aninews.in","date":"2026-10-10T08:30:00Z","tipo":"Crimen organizado","severidad":3,"lugar":"Mumbai, Maharashtra, India","pais_iso3":"","precision":"ciudad","origen":"mundo","actores":"Criminal","articulos":2,"arma":null,"via":"GDELT 2.0 (evento codificado; el título sale del enlace)"}},{"type":"Feature","geometry":{"type":"Point","coordinates":[77.267,28.55]},"properties":{"title":"India news orders campus safety audits sets october deadline for report submission html","url":"https://www.hindustantimes.com/india-news/du-orders-campus-safety-audits-sets-october-12-deadline-for-report-submission-101791619612317.html","source":"www.hindustantimes.com","date":"2026-10-10T08:30:00Z","tipo":"Crimen organizado","severidad":4,"lugar":"Kalkaji, Delhi, India","pais_iso3":"IND","precision":"ciudad","origen":"mundo","actores":"Gang → School","articulos":10,"arma":null,"via":"GDELT 2.0 (evento codificado; el título sale del enlace)"}},{"type":"Feature","geometry":{"type":"Point","coordinates":[31.017,-29.85]},"properties":{"title":"Topheadlines indian origin navi pillay wins nobel peace prize for advancing global justice","url":"https://www.sentinelassam.com/topheadlines/indian-origin-navi-pillay-wins-2026-nobel-peace-prize-for-advancing-global-justice","source":"www.sentinelassam.com","date":"2026-10-10T08:30:00Z","tipo":"Crimen organizado","severidad":4,"lugar":"Durban, KwaZulu-Natal, South Africa","pais_iso3":"ZAF","precision":"ciudad","origen":"mundo","actores":"Criminal → Rwanda","articulos":2,"arma":null,"via":"GDELT 2.0 (evento codificado; el título sale del enlace)"}},{"type":"Feature","geometry":{"type":"Point","coordinates":[73.433,31.333]},"properties":{"title":"Crimen organizado: Minorities → Perpetrator (Jaranwala, Punjab, Pakistan)","url":"https://www.prokerala.com/news/articles/a1822712.html","source":"www.prokerala.com","date":"2026-10-10T08:30:00Z","tipo":"Crimen organizado","severidad":3,"lugar":"Jaranwala, Punjab, Pakistan","pais_iso3":"PAK","precision":"ciudad","origen":"mundo","actores":"Minorities → Perpetrator","articulos":3,"arma":null,"via":"GDELT 2.0 (evento codificado; el título sale del enlace)"}},{"type":"Feature","geometry":{"type":"Point","coordinates":[53.0,32.0]},"properties":{"title":"Opinion commentary worlds difference separate east west","url":"https://www.observertoday.com/opinion/commentary/2026/10/worlds-of-difference-separate-east-west/","source":"www.observertoday.com","date":"2026-10-10T08:30:00Z","tipo":"Grupo rebelde","severidad":4,"lugar":"Iran","pais_iso3":"IRN","precision":"país","origen":"mundo","actores":"Israel → Hamas","articulos":4,"arma":null,"via":"GDELT 2.0 (evento codificado; el título sale del enlace)"}},{"type":"Feature","geometry":{"type":"Point","coordinates":[34.333,31.417]},"properties":{"title":"This was communicated every level netanyahu military aide reveals internal warnings before october","url":"https://www.egyptindependent.com/this-was-communicated-at-every-level-netanyahu-military-aide-reveals-internal-warnings-before-october-7/","source":"www.egyptindependent.com","date":"2026-10-10T08:30:00Z","tipo":"Grupo rebelde","severidad":3,"lugar":"Gaza, Israel (general), Israel","pais_iso3":"PSE","precision":"ciudad","origen":"mundo","actores":"Hamas","articulos":10,"arma":null,"via":"GDELT 2.0 (evento codificado; el título sale del enlace)"}},{"type":"Feature","geometry":{"type":"Point","coordinates":[-99.5,17.55]},"properties":{"title":"Ofrecen en Guerrero 1.5 mdp por información de 7 secuestrados","url":"https://www.jornada.com.mx/2026/10/10/estados/021n3est?partner=rss","source":"La Jornada (estados)","date":"2026-10-10T08:03:24Z","lugar":"Guerrero","pais_iso3":"MEX","precision":"estado","origen":"mx","via":"RSS de La Jornada (estados)","tipo":"Crimen organizado","severidad":3,"arma":null}},{"type":"Feature","geometry":{"type":"Point","coordinates":[28.167,-27.167]},"properties":{"title":"News news three suspected cit robbers killed police shootout","url":"https://www.jacarandafm.com/news/news/three-suspected-cit-robbers-killed-in-police-shootout/","source":"www.jacarandafm.com","date":"2026-10-10T08:00:00Z","tipo":"Crimen organizado","severidad":4,"lugar":"Roodepoort, Free State, South Africa","pais_iso3":"ZAF","precision":"ciudad","origen":"mundo","actores":"Police → Robber","articulos":10,"arma":null,"via":"GDELT 2.0 (evento codificado; el título sale del enlace)"}},{"type":"Feature","geometry":{"type":"Point","coordinates":[70.598,31.83]},"properties":{"title":"Terrorismo: Police → Terrorist (Faqira, North-West Frontier, Pakistan)","url":"https://english.news.cn/20261010/d25184464e9444fdacbbf94330271715/c.html","source":"english.news.cn","date":"2026-10-10T08:00:00Z","tipo":"Terrorismo","severidad":4,"lugar":"Faqira, North-West Frontier, Pakistan","pais_iso3":"PAK","precision":"ciudad","origen":"mundo","actores":"Police → Terrorist","articulos":20,"arma":null,"via":"GDELT 2.0 (evento codificado; el título sale del enlace)"}},{"type":"Feature","geometry":{"type":"Point","coordinates":[-77.036,38.895]},"properties":{"title":"Crimen organizado: Perpetrator → The Us (Washington, District of Columbia, United States)","url":"https://www.globalissues.org/news/2026/10/09/44304","source":"www.globalissues.org","date":"2026-10-10T08:00:00Z","tipo":"Crimen organizado","severidad":3,"lugar":"Washington, District of Columbia, United States","pais_iso3":"USA","precision":"ciudad","origen":"mundo","actores":"Perpetrator → The Us","articulos":10,"arma":null,"via":"GDELT 2.0 (evento codificado; el título sale del enlace)"}},{"type":"Feature","geometry":{"type":"Point","coordinates":[46.696,24.958]},"properties":{"title":"Story saudi led coalition announces operation against houthis says military targets destroyed","url":"https://tribune.com.pk/story/2634058/saudi-led-coalition-announces-operation-against-houthis-says-136-military-targets-destroyed","source":"tribune.com.pk","date":"2026-10-10T08:00:00Z","tipo":"Grupo armado","severidad":3,"lugar":"King Khalid International, Ar Riya?, Saudi Arabia","pais_iso3":"SAU","precision":"ciudad","origen":"mundo","actores":"Media → Fighter","articulos":10,"arma":null,"via":"GDELT 2.0 (evento codificado; el título sale del enlace)"}},{"type":"Feature","geometry":{"type":"Point","coordinates":[73.167,33.7]},"properties":{"title":"Terrorismo: Intelligence → Terrorist (Islamabad, Islamabad, Pakistan)","url":"https://english.news.cn/20261010/d25184464e9444fdacbbf94330271715/c.html","source":"english.news.cn","date":"2026-10-10T08:00:00Z","tipo":"Terrorismo","severidad":4,"lugar":"Islamabad, Islamabad, Pakistan","pais_iso3":"PAK","precision":"ciudad","origen":"mundo","actores":"Intelligence → Terrorist","articulos":20,"arma":null,"via":"GDELT 2.0 (evento codificado; el título sale del enlace)"}},{"type":"Feature","geometry":{"type":"Point","coordinates":[-77.036,38.895]},"properties":{"title":"Trump sows doubt plan livestream military execution","url":"https://arynews.tv/trump-sows-doubt-plan-livestream-us-military-execution","source":"arynews.tv","date":"2026-10-10T08:00:00Z","tipo":"Terrorismo","severidad":3,"lugar":"Washington, District of Columbia, United States","pais_iso3":"USA","precision":"ciudad","origen":"mundo","actores":"Terrorist → American","articulos":2,"arma":null,"via":"GDELT 2.0 (evento codificado; el título sale del enlace)"}},{"type":"Feature","geometry":{"type":"Point","coordinates":[134.483,7.333]},"properties":{"title":"News crime and justice tucker thompson skipper tim grant killed crash driver sentenced home detention","url":"https://www.rnz.co.nz/news/crime-and-justice/1829167/r-tucker-thompson-skipper-tim-grant-killed-in-crash-driver-sentenced-to-home-detention","source":"www.rnz.co.nz","date":"2026-10-10T07:45:00Z","tipo":"Crimen organizado","severidad":4,"lugar":"Koror, Palau (general), Palau","pais_iso3":"","precision":"ciudad","origen":"mundo","actores":"Criminal","articulos":5,"arma":null,"via":"GDELT 2.0 (evento codificado; el título sale del enlace)"}},{"type":"Feature","geometry":{"type":"Point","coordinates":[7.533,9.083]},"properties":{"title":"Ungoverned space niger state bago","url":"https://leadership.ng/no-ungoverned-space-in-niger-state-bago/","source":"leadership.ng","date":"2026-10-10T07:45:00Z","tipo":"Terrorismo","severidad":4,"lugar":"Abuja, Abuja Federal Capital Territory, Nigeria","pais_iso3":"NGA","precision":"ciudad","origen":"mundo","actores":"Governor → Terrorist","articulos":4,"arma":null,"via":"GDELT 2.0 (evento codificado; el título sale del enlace)"}},{"type":"Feature","geometry":{"type":"Point","coordinates":[39.5,13.5]},"properties":{"title":"Stories ethiopia tells acting self defense against","url":"http://www.sitkasentinel.com/stories/ethiopia-tells-un-it-is-acting-in-self-defense-against-eritrea,177672","source":"www.sitkasentinel.com","date":"2026-10-10T07:45:00Z","tipo":"Grupo rebelde","severidad":4,"lugar":"Tigray, Tigray, Ethiopia","pais_iso3":"ETH","precision":"ciudad","origen":"mundo","actores":"Rebel","articulos":2,"arma":null,"via":"GDELT 2.0 (evento codificado; el título sale del enlace)"}},{"type":"Feature","geometry":{"type":"Point","coordinates":[7.177,5.502]},"properties":{"title":"Controversy over ransom payment for freed corps members","url":"https://thenationonlineng.net/controversy-over-n6m-ransom-payment-for-freed-corps-members/","source":"thenationonlineng.net","date":"2026-10-10T07:45:00Z","tipo":"Crimen organizado","severidad":3,"lugar":"Amakohia, Imo, Nigeria","pais_iso3":"NGA","precision":"ciudad","origen":"mundo","actores":"Operative → Abductor","articulos":6,"arma":null,"via":"GDELT 2.0 (evento codificado; el título sale del enlace)"}},{"type":"Feature","geometry":{"type":"Point","coordinates":[-119.772,36.748]},"properties":{"title":"Off duty ice agent shot arrested fresno assault","url":"https://www.ibtimes.co.uk/off-duty-ice-agent-shot-arrested-fresno-assault-1824763","source":"www.ibtimes.co.uk","date":"2026-10-10T07:30:00Z","tipo":"Crimen organizado","severidad":3,"lugar":"Fresno, California, United States","pais_iso3":"USA","precision":"ciudad","origen":"mundo","actores":"Criminal","articulos":6,"arma":null,"via":"GDELT 2.0 (evento codificado; el título sale del enlace)"}},{"type":"Feature","geometry":{"type":"Point","coordinates":[-78.206,37.768]},"properties":{"title":"News news executioner christa pike death penalty","url":"https://www.mirror.co.uk/news/us-news/executioner-christa-pike-death-penalty-37747935","source":"www.mirror.co.uk","date":"2026-10-10T07:30:00Z","tipo":"Grupo armado","severidad":4,"lugar":"Virginia, United States","pais_iso3":"USA","precision":"estado","origen":"mundo","actores":"Gunman","articulos":7,"arma":null,"via":"GDELT 2.0 (evento codificado; el título sale del enlace)"}},{"type":"Feature","geometry":{"type":"Point","coordinates":[77.2,28.6]},"properties":{"title":"Political news explained cjp detentions police crackdown and political war","url":"https://www.gulte.com/political-news/435794/explained-cjp-detentions-police-crackdown-and-political-war","source":"www.gulte.com","date":"2026-10-10T07:15:00Z","tipo":"Crimen organizado","severidad":3,"lugar":"New Delhi, Delhi, India","pais_iso3":"IND","precision":"ciudad","origen":"mundo","actores":"Criminal","articulos":2,"arma":null,"via":"GDELT 2.0 (evento codificado; el título sale del enlace)"}},{"type":"Feature","geometry":{"type":"Point","coordinates":[-102.5,23.94]},"properties":{"title":"Horror as toddler killed in Mexico prison bloodbath as inmates open fire and kill 10","url":"https://www.dailystar.co.uk/news/us-news/child-dies-in-prison-brawl-37757093","source":"dailystar.co.uk","date":"2026-10-10T06:45:00Z","tipo":"Crimen organizado","severidad":4,"lugar":"México","pais_iso3":"MEX","arma":null,"precision":"país","origen":"mx"}},{"type":"Feature","geometry":{"type":"Point","coordinates":[34.333,31.417]},"properties":{"title":"World year later gaza ceasefire promises mostly unfulfilled","url":"https://www.philstar.com/world/2026/10/10/2562258/year-later-gaza-ceasefire-promises-mostly-unfulfilled","source":"www.philstar.com","date":"2026-10-10T06:45:00Z","tipo":"Grupo rebelde","severidad":4,"lugar":"Gaza, Israel (general), Israel","pais_iso3":"PSE","precision":"ciudad","origen":"mundo","actores":"Hamas","articulos":6,"arma":null,"via":"GDELT 2.0 (evento codificado; el título sale del enlace)"}},{"type":"Feature","geometry":{"type":"Point","coordinates":[34.54,31.572]},"properties":{"title":"Grupo rebelde: President → Hamas (Netiv Haasara, HaDarom, Israel)","url":"http://www.jpost.com/israel-news/article-911066","source":"www.jpost.com","date":"2026-10-10T06:45:00Z","tipo":"Grupo rebelde","severidad":4,"lugar":"Netiv Haasara, HaDarom, Israel","pais_iso3":"ISR","precision":"ciudad","origen":"mundo","actores":"President → Hamas","articulos":3,"arma":null,"via":"GDELT 2.0 (evento codificado; el título sale del enlace)"}},{"type":"Feature","geometry":{"type":"Point","coordinates":[60.863,29.496]},"properties":{"title":"World police official killed roadside bombing southeast iran","url":"https://english.aawsat.com/world/5327924-police-official-killed-roadside-bombing-southeast-iran","source":"english.aawsat.com","date":"2026-10-10T06:30:00Z","tipo":"Terrorismo","severidad":4,"lugar":"Zahedan, Sistan va Baluchestan, Iran","pais_iso3":"IRN","precision":"ciudad","origen":"mundo","actores":"Iran → Terrorist Group","articulos":4,"arma":"Bomba o explosivo","via":"GDELT 2.0 (evento codificado; el título sale del enlace)"}},{"type":"Feature","geometry":{"type":"Point","coordinates":[66.0,33.0]},"properties":{"title":"These afghan women risked everything tell what happening under the taliban","url":"https://internationaltimes.it/these-afghan-women-risked-everything-to-tell-us-what-is-happening-under-the-taliban/","source":"internationaltimes.it","date":"2026-10-10T06:30:00Z","tipo":"Insurgencia","severidad":3,"lugar":"Afghanistan","pais_iso3":"AFG","precision":"país","origen":"mundo","actores":"Taliban → Afghanistan","articulos":10,"arma":null,"via":"GDELT 2.0 (evento codificado; el título sale del enlace)"}},{"type":"Feature","geometry":{"type":"Point","coordinates":[77.775,30.468]},"properties":{"title":"Crimen organizado: Criminal (Vikasnagar, Uttaranchal, India)","url":"https://indiankanoon.org/doc/49808290/","source":"indiankanoon.org","date":"2026-10-10T06:30:00Z","tipo":"Crimen organizado","severidad":3,"lugar":"Vikasnagar, Uttaranchal, India","pais_iso3":"IND","precision":"ciudad","origen":"mundo","actores":"Criminal","articulos":6,"arma":null,"via":"GDELT 2.0 (evento codificado; el título sale del enlace)"}},{"type":"Feature","geometry":{"type":"Point","coordinates":[80.283,13.083]},"properties":{"title":"Crimen organizado: Criminal (Madras, Tamil Nadu, India)","url":"https://indiankanoon.org/doc/49808290/","source":"indiankanoon.org","date":"2026-10-10T06:30:00Z","tipo":"Crimen organizado","severidad":3,"lugar":"Madras, Tamil Nadu, India","pais_iso3":"IND","precision":"ciudad","origen":"mundo","actores":"Criminal","articulos":2,"arma":null,"via":"GDELT 2.0 (evento codificado; el título sale del enlace)"}},{"type":"Feature","geometry":{"type":"Point","coordinates":[26.068,40.784]},"properties":{"title":"English greek police bust two antiquities looting rings using code words jogging and miracle","url":"https://www.iefimerida.gr/english/greek-police-bust-two-antiquities-looting-rings-using-code-words-jogging-and-miracle","source":"www.iefimerida.gr","date":"2026-10-10T06:30:00Z","tipo":"Crimen organizado","severidad":4,"lugar":"Evros, Turkey (general), Turkey","pais_iso3":"GRC","precision":"ciudad","origen":"mundo","actores":"Greece","articulos":2,"arma":null,"via":"GDELT 2.0 (evento codificado; el título sale del enlace)"}},{"type":"Feature","geometry":{"type":"Point","coordinates":[81.0,7.0]},"properties":{"title":"From indigenous bloodshed montana indian ocean power politics","url":"https://slguardian.org/from-indigenous-bloodshed-in-montana-to-indian-ocean-power-politics/","source":"slguardian.org","date":"2026-10-10T06:30:00Z","tipo":"Crimen organizado","severidad":4,"lugar":"Sri Lanka","pais_iso3":"LKA","precision":"país","origen":"mundo","actores":"Army → Runner","articulos":5,"arma":null,"via":"GDELT 2.0 (evento codificado; el título sale del enlace)"}},{"type":"Feature","geometry":{"type":"Point","coordinates":[29.505,-2.631]},"properties":{"title":"Eight dead battle that killed nzsas soldier justin conaglen wounded green beret and mma star tim kennedy premium","url":"https://www.nzherald.co.nz/nz/eight-dead-in-battle-that-killed-ex-nzsas-soldier-justin-conaglen-wounded-green-beret-and-mma-star-tim-kennedy/premium/DFEE2ODNJJC3RKZN65YDTRXOSA/","source":"www.nzherald.co.nz","date":"2026-10-10T06:30:00Z","tipo":"Grupo armado","severidad":4,"lugar":"Kivu, Sud, Rwanda","pais_iso3":"RWA","precision":"ciudad","origen":"mundo","actores":"Rwanda → Rwanda","articulos":2,"arma":null,"via":"GDELT 2.0 (evento codificado; el título sale del enlace)"}},{"type":"Feature","geometry":{"type":"Point","coordinates":[-4.25,55.833]},"properties":{"title":"News scottish news debbie hamilton acquitted found bishopbriggs home","url":"https://www.glasgowtimes.co.uk/news/scottish-news/26620218.debbie-hamilton-acquitted-58k-found-bishopbriggs-home/","source":"www.glasgowtimes.co.uk","date":"2026-10-10T06:15:00Z","tipo":"Crimen organizado","severidad":3,"lugar":"Glasgow, Glasgow City, United Kingdom","pais_iso3":"GBR","precision":"ciudad","origen":"mundo","actores":"Criminal → Glasgow","articulos":9,"arma":null,"via":"GDELT 2.0 (evento codificado; el título sale del enlace)"}},{"type":"Feature","geometry":{"type":"Point","coordinates":[-6.249,53.333]},"properties":{"title":"News irish news crime jail robber exposed brave paddy","url":"https://www.irishmirror.ie/news/irish-news/crime/jail-robber-exposed-brave-paddy-37755473","source":"www.irishmirror.ie","date":"2026-10-10T06:15:00Z","tipo":"Crimen organizado","severidad":3,"lugar":"Dublin, Dublin, Ireland","pais_iso3":"IRL","precision":"ciudad","origen":"mundo","actores":"Criminal → Ireland","articulos":4,"arma":null,"via":"GDELT 2.0 (evento codificado; el título sale del enlace)"}},{"type":"Feature","geometry":{"type":"Point","coordinates":[-87.359,36.53]},"properties":{"title":"News courts article html","url":"https://www.kentuckynewera.com/news/courts/article_35e30594-8c24-5d9b-b0b4-1d8b6de59b4b.html","source":"www.kentuckynewera.com","date":"2026-10-10T06:15:00Z","tipo":"Crimen organizado","severidad":3,"lugar":"Clarksville, Tennessee, United States","pais_iso3":"USA","precision":"ciudad","origen":"mundo","actores":"Criminal → United States","articulos":2,"arma":null,"via":"GDELT 2.0 (evento codificado; el título sale del enlace)"}},{"type":"Feature","geometry":{"type":"Point","coordinates":[53.0,32.0]},"properties":{"title":"Muslim minister admits most muslim html","url":"http://www.rightspeak.net/2026/10/uk-muslim-minister-admits-most-muslim.html","source":"www.rightspeak.net","date":"2026-10-10T06:15:00Z","tipo":"Crimen organizado","severidad":3,"lugar":"Iran","pais_iso3":"IRN","precision":"país","origen":"mundo","actores":"Authorities → Perpetrator","articulos":10,"arma":null,"via":"GDELT 2.0 (evento codificado; el título sale del enlace)"}},{"type":"Feature","geometry":{"type":"Point","coordinates":[53.0,32.0]},"properties":{"title":"Article ben affleck animals interview october","url":"https://www.gq-magazine.co.uk/article/ben-affleck-animals-interview-october-2026","source":"www.gq-magazine.co.uk","date":"2026-10-10T06:15:00Z","tipo":"Crimen organizado","severidad":3,"lugar":"Iran","pais_iso3":"IRN","precision":"país","origen":"mundo","actores":"Mexican → Kidnapper","articulos":6,"arma":null,"via":"GDELT 2.0 (evento codificado; el título sale del enlace)"}},{"type":"Feature","geometry":{"type":"Point","coordinates":[-78.206,37.768]},"properties":{"title":"Out control killings spanbergers html","url":"http://www.rightspeak.net/2026/10/out-of-control-killings-in-spanbergers.html","source":"www.rightspeak.net","date":"2026-10-10T06:15:00Z","tipo":"Crimen organizado","severidad":4,"lugar":"Virginia, United States","pais_iso3":"USA","precision":"estado","origen":"mundo","actores":"Virginia","articulos":2,"arma":null,"via":"GDELT 2.0 (evento codificado; el título sale del enlace)"}},{"type":"Feature","geometry":{"type":"Point","coordinates":[75.767,33.317]},"properties":{"title":"Nia chargesheets four accused kishtwar terror attack case","url":"https://kashmirlife.net/nia-chargesheets-four-accused-in-kishtwar-terror-attack-case-455870/","source":"kashmirlife.net","date":"2026-10-10T06:00:00Z","tipo":"Grupo armado","severidad":4,"lugar":"Kishtwar, Jammu and Kashmir, India","pais_iso3":"IND","precision":"ciudad","origen":"mundo","actores":"Security Force → Militant","articulos":8,"arma":null,"via":"GDELT 2.0 (evento codificado; el título sale del enlace)"}},{"type":"Feature","geometry":{"type":"Point","coordinates":[36.817,-1.283]},"properties":{"title":"Kenya russia recruitment scandal","url":"https://www.riotimesonline.com/kenya-russia-recruitment-scandal-2026/","source":"www.riotimesonline.com","date":"2026-10-10T06:00:00Z","tipo":"Crimen organizado","severidad":3,"lugar":"Nairobi, Nairobi Area, Kenya","pais_iso3":"KEN","precision":"ciudad","origen":"mundo","actores":"Kenya → Trafficker","articulos":8,"arma":null,"via":"GDELT 2.0 (evento codificado; el título sale del enlace)"}},{"type":"Feature","geometry":{"type":"Point","coordinates":[77.217,28.667]},"properties":{"title":"News india modi has accepted defeat cjp chief dipke says ahead delhi protest police detain including dhruv rathee articleshow cms","url":"https://economictimes.indiatimes.com/news/india/modi-has-accepted-defeat-cjp-chief-dipke-says-ahead-of-delhi-protest-as-police-detain-150-including-dhruv-rathee/articleshow/134847309.cms","source":"economictimes.indiatimes.com","date":"2026-10-10T05:45:00Z","tipo":"Crimen organizado","severidad":3,"lugar":"Delhi, Delhi, India","pais_iso3":"IND","precision":"ciudad","origen":"mundo","actores":"Criminal → Police","articulos":3,"arma":null,"via":"GDELT 2.0 (evento codificado; el título sale del enlace)"}},{"type":"Feature","geometry":{"type":"Point","coordinates":[77.217,28.667]},"properties":{"title":"News new updates didnt know women couldnt fly fighters how bhawana kanth went from childhood dream becoming iafs first woman fighter pilot articleshow cms","url":"https://economictimes.indiatimes.com/news/new-updates/i-didnt-know-women-couldnt-fly-fighters-how-bhawana-kanth-went-from-childhood-dream-to-becoming-iafs-first-woman-fighter-pilot/articleshow/134847598.cms","source":"economictimes.indiatimes.com","date":"2026-10-10T05:45:00Z","tipo":"Grupo armado","severidad":4,"lugar":"Delhi, Delhi, India","pais_iso3":"IND","precision":"ciudad","origen":"mundo","actores":"Fighter","articulos":5,"arma":null,"via":"GDELT 2.0 (evento codificado; el título sale del enlace)"}},{"type":"Feature","geometry":{"type":"Point","coordinates":[-97.709,31.255]},"properties":{"title":"News firing squad execution livestream","url":"https://nationalpost.com/news/us-firing-squad-execution-livestream","source":"nationalpost.com","date":"2026-10-10T05:45:00Z","tipo":"Terrorismo","severidad":3,"lugar":"Fort Hood, Texas, United States","pais_iso3":"USA","precision":"ciudad","origen":"mundo","actores":"Terrorist → American","articulos":2,"arma":null,"via":"GDELT 2.0 (evento codificado; el título sale del enlace)"}},{"type":"Feature","geometry":{"type":"Point","coordinates":[-2.367,53.3]},"properties":{"title":"News halloween films showing merseyside cheshire spooky season","url":"https://www.wirralglobe.co.uk/news/26619336.halloween-films-showing-merseyside-cheshire-spooky-season/","source":"www.wirralglobe.co.uk","date":"2026-10-10T05:30:00Z","tipo":"Crimen organizado","severidad":4,"lugar":"Knutsford, Borough of Cheshire East, United Kingdom","pais_iso3":"GBR","precision":"ciudad","origen":"mundo","actores":"Criminal → Mexico","articulos":3,"arma":null,"via":"GDELT 2.0 (evento codificado; el título sale del enlace)"}},{"type":"Feature","geometry":{"type":"Point","coordinates":[-110.926,32.222]},"properties":{"title":"Wardclark feds charge tucson man over white house bomb threat","url":"https://redstate.com/wardclark/2026/10/09/feds-charge-tucson-man-over-white-house-bomb-threat-n2207961","source":"redstate.com","date":"2026-10-10T05:15:00Z","tipo":"Crimen organizado","severidad":4,"lugar":"Tucson, Arizona, United States","pais_iso3":"USA","precision":"ciudad","origen":"mundo","actores":"United States → Criminal","articulos":8,"arma":"Bomba o explosivo","via":"GDELT 2.0 (evento codificado; el título sale del enlace)"}},{"type":"Feature","geometry":{"type":"Point","coordinates":[103.8,1.367]},"properties":{"title":"Singapore two men arrested after trespassing into singapore grand prix event area","url":"https://www.straitstimes.com/singapore/two-men-arrested-after-trespassing-into-f1-singapore-grand-prix-event-area","source":"www.straitstimes.com","date":"2026-10-10T05:15:00Z","tipo":"Crimen organizado","severidad":3,"lugar":"Singapore","pais_iso3":"","precision":"país","origen":"mundo","actores":"Criminal","articulos":5,"arma":null,"via":"GDELT 2.0 (evento codificado; el título sale del enlace)"}},{"type":"Feature","geometry":{"type":"Point","coordinates":[88.392,22.879]},"properties":{"title":"Crimen organizado: Andhra Pradesh → Criminal (Chinsurah, West Bengal, India)","url":"https://indiankanoon.org/doc/154076552/","source":"indiankanoon.org","date":"2026-10-10T05:15:00Z","tipo":"Crimen organizado","severidad":3,"lugar":"Chinsurah, West Bengal, India","pais_iso3":"IND","precision":"ciudad","origen":"mundo","actores":"Andhra Pradesh → Criminal","articulos":10,"arma":null,"via":"GDELT 2.0 (evento codificado; el título sale del enlace)"}},{"type":"Feature","geometry":{"type":"Point","coordinates":[7.533,9.083]},"properties":{"title":"Uzodimma won apc imo west senatorial primary inec","url":"https://thesun.ng/uzodimma-won-apc-imo-west-senatorial-primary-inec/","source":"thesun.ng","date":"2026-10-10T05:00:00Z","tipo":"Crimen organizado","severidad":3,"lugar":"Abuja, Abuja Federal Capital Territory, Nigeria","pais_iso3":"NGA","precision":"ciudad","origen":"mundo","actores":"Criminal","articulos":6,"arma":null,"via":"GDELT 2.0 (evento codificado; el título sale del enlace)"}},{"type":"Feature","geometry":{"type":"Point","coordinates":[77.217,28.667]},"properties":{"title":"Seeking permission not anti democratic delhi police justifies protest restrictions","url":"https://www.mangalorean.com/seeking-permission-is-not-anti-democratic-delhi-police-justifies-protest-restrictions/","source":"www.mangalorean.com","date":"2026-10-10T05:00:00Z","tipo":"Crimen organizado","severidad":4,"lugar":"Delhi, Delhi, India","pais_iso3":"IND","precision":"ciudad","origen":"mundo","actores":"Criminal → Police Personnel","articulos":5,"arma":null,"via":"GDELT 2.0 (evento codificado; el título sale del enlace)"}},{"type":"Feature","geometry":{"type":"Point","coordinates":[72.867,23.0]},"properties":{"title":"India story jantar mantar protest youtuber dhruv rathee detained his gurugram residence claims cjp","url":"https://www.businesstoday.in/india/story/jantar-mantar-protest-youtuber-dhruv-rathee-detained-at-his-gurugram-residence-claims-cjp-560788-2026-10-10","source":"www.businesstoday.in","date":"2026-10-10T04:45:00Z","tipo":"Crimen organizado","severidad":3,"lugar":"Badarpur, Gujarat, India","pais_iso3":"IND","precision":"ciudad","origen":"mundo","actores":"Criminal","articulos":3,"arma":null,"via":"GDELT 2.0 (evento codificado; el título sale del enlace)"}},{"type":"Feature","geometry":{"type":"Point","coordinates":[77.217,28.667]},"properties":{"title":"India cjp protest delhi jantar mantar live updates october abhijeet dipke arvind kejriwal gyanesh kumar resignation police permission metro train cancel latest news amp liveblog cms","url":"https://timesofindia.indiatimes.com/india/cjp-protest-delhi-jantar-mantar-live-updates-october-10-abhijeet-dipke-arvind-kejriwal-gyanesh-kumar-resignation-police-permission-metro-train-cancel-latest-news/amp_liveblog/134845924.cms","source":"timesofindia.indiatimes.com","date":"2026-10-10T04:30:00Z","tipo":"Crimen organizado","severidad":3,"lugar":"Delhi, Delhi, India","pais_iso3":"IND","precision":"ciudad","origen":"mundo","actores":"Police → Criminal","articulos":2,"arma":null,"via":"GDELT 2.0 (evento codificado; el título sale del enlace)"}},{"type":"Feature","geometry":{"type":"Point","coordinates":[4.0,8.0]},"properties":{"title":"Gunmen abduct crins staff members other demand ransom","url":"https://blueprint.ng/gunmen-abduct-2-crins-staff-members-1-other-demand-n120m-ransom/","source":"blueprint.ng","date":"2026-10-10T04:15:00Z","tipo":"Crimen organizado","severidad":4,"lugar":"Oyo State, Oyo, Nigeria","pais_iso3":"NGA","precision":"estado","origen":"mundo","actores":"Abductor","articulos":10,"arma":null,"via":"GDELT 2.0 (evento codificado; el título sale del enlace)"}},{"type":"Feature","geometry":{"type":"Point","coordinates":[-4.233,55.9]},"properties":{"title":"News scottish news widow slain gangster ross monaghan","url":"https://www.dailyrecord.co.uk/news/scottish-news/widow-slain-gangster-ross-monaghan-37739743","source":"www.dailyrecord.co.uk","date":"2026-10-10T04:15:00Z","tipo":"Crimen organizado","severidad":3,"lugar":"Bishopbriggs, East Dunbartonshire, United Kingdom","pais_iso3":"GBR","precision":"ciudad","origen":"mundo","actores":"Gangster → Lyon","articulos":2,"arma":null,"via":"GDELT 2.0 (evento codificado; el título sale del enlace)"}},{"type":"Feature","geometry":{"type":"Point","coordinates":[-2.217,53.5]},"properties":{"title":"News scottish news liverpool prodigy used","url":"https://www.dailyrecord.co.uk/news/scottish-news/ex-liverpool-fc-prodigy-used-37755017","source":"www.dailyrecord.co.uk","date":"2026-10-10T04:15:00Z","tipo":"Crimen organizado","severidad":3,"lugar":"Manchester, Manchester, United Kingdom","pais_iso3":"GBR","precision":"ciudad","origen":"mundo","actores":"Manchester → Criminal","articulos":6,"arma":null,"via":"GDELT 2.0 (evento codificado; el título sale del enlace)"}},{"type":"Feature","geometry":{"type":"Point","coordinates":[34.75,31.5]},"properties":{"title":"Detail defender the voiceless global praise pours for nobel laureate navi pillay","url":"https://www.presstv.co.uk/Detail/2026/10/09/777979/Defender-of-the-voiceless-Global-praise-pours-in-for-Nobel-laureate-Navi-Pillay","source":"www.presstv.co.uk","date":"2026-10-10T04:00:00Z","tipo":"Crimen organizado","severidad":3,"lugar":"Israel","pais_iso3":"ISR","precision":"país","origen":"mundo","actores":"Criminal","articulos":4,"arma":null,"via":"GDELT 2.0 (evento codificado; el título sale del enlace)"}},{"type":"Feature","geometry":{"type":"Point","coordinates":[34.333,31.417]},"properties":{"title":"Originals october scars push israels first time voters right","url":"https://www.al-monitor.com/originals/2026/10/october-7-scars-push-israels-first-time-voters-right","source":"www.al-monitor.com","date":"2026-10-10T04:00:00Z","tipo":"Grupo rebelde","severidad":4,"lugar":"Gaza, Israel (general), Israel","pais_iso3":"PSE","precision":"ciudad","origen":"mundo","actores":"Israeli → Hamas","articulos":8,"arma":null,"via":"GDELT 2.0 (evento codificado; el título sale del enlace)"}},{"type":"Feature","geometry":{"type":"Point","coordinates":[77.0,20.0]},"properties":{"title":"Life style people had idea that women dont get fighters little girl squadron leader bhawana kanth ran after jets today she iafs first woman fighter combat leader articleshow cms","url":"https://timesofindia.indiatimes.com/life-style/people/i-had-no-idea-that-women-dont-get-fighters-as-a-little-girl-squadron-leader-bhawana-kanth-ran-after-jets-today-she-is-iafs-first-woman-fighter-combat-leader/articleshow/134846673.cms","source":"timesofindia.indiatimes.com","date":"2026-10-10T04:00:00Z","tipo":"Grupo armado","severidad":4,"lugar":"India","pais_iso3":"IND","precision":"país","origen":"mundo","actores":"Fighter","articulos":10,"arma":null,"via":"GDELT 2.0 (evento codificado; el título sale del enlace)"}},{"type":"Feature","geometry":{"type":"Point","coordinates":[-101.19,19.7]},"properties":{"title":"Marina, SSPC y FGR detienen a 10 personas tras 12 cateos contra célula de robo de transporte y secuestro en Michoacán","url":"https://www.infobae.com/mexico/2026/10/10/marina-sspc-y-fgr-detienen-a-10-personas-tras-12-cateos-contra-celula-de-robo-de-transporte-y-secuestro-en-michoacan/","source":"Infobae México","date":"2026-10-10T03:56:05Z","lugar":"Michoacán","pais_iso3":"MEX","precision":"estado","origen":"mx","via":"RSS de Infobae México","tipo":"Crimen organizado","severidad":2,"arma":null}},{"type":"Feature","geometry":{"type":"Point","coordinates":[-73.986,40.757]},"properties":{"title":"Catherinesalgado fox reporter has horrifying list new york dems sanctuary city crimes","url":"https://pjmedia.com/catherinesalgado/2026/10/09/fox-reporter-has-horrifying-list-of-new-york-dems-sanctuary-city-crimes-n4958164","source":"pjmedia.com","date":"2026-10-10T03:45:00Z","tipo":"Crimen organizado","severidad":4,"lugar":"Times Square, New York, United States","pais_iso3":"","precision":"ciudad","origen":"mundo","actores":"Gang","articulos":7,"arma":null,"via":"GDELT 2.0 (evento codificado; el título sale del enlace)"}},{"type":"Feature","geometry":{"type":"Point","coordinates":[-98.579,39.828]},"properties":{"title":"Davidhasanyi america owes mahmoud khalil nothing","url":"https://pjmedia.com/davidhasanyi/2026/10/09/america-owes-mahmoud-khalil-nothing-n4958150","source":"pjmedia.com","date":"2026-10-10T03:45:00Z","tipo":"Grupo rebelde","severidad":4,"lugar":"United States","pais_iso3":"USA","precision":"país","origen":"mundo","actores":"Hamas → American","articulos":5,"arma":null,"via":"GDELT 2.0 (evento codificado; el título sale del enlace)"}},{"type":"Feature","geometry":{"type":"Point","coordinates":[-118.277,34.059]},"properties":{"title":"Crime macarthur park vendor stabbing survivor honored for courage","url":"https://mynewsla.com/crime/2026/10/09/macarthur-park-vendor-stabbing-survivor-honored-for-courage/","source":"mynewsla.com","date":"2026-10-10T03:45:00Z","tipo":"Grupo armado","severidad":4,"lugar":"Macarthur Park, California, United States","pais_iso3":"USA","precision":"ciudad","origen":"mundo","actores":"United States → Gunman","articulos":2,"arma":null,"via":"GDELT 2.0 (evento codificado; el título sale del enlace)"}},{"type":"Feature","geometry":{"type":"Point","coordinates":[12.483,41.9]},"properties":{"title":"The international criminal court under attack","url":"https://www.pressenza.com/2026/10/the-international-criminal-court-is-under-attack/","source":"www.pressenza.com","date":"2026-10-10T03:30:00Z","tipo":"Crimen organizado","severidad":3,"lugar":"Rome, Lazio, Italy","pais_iso3":"ITA","precision":"ciudad","origen":"mundo","actores":"Criminal","articulos":5,"arma":null,"via":"GDELT 2.0 (evento codificado; el título sale del enlace)"}},{"type":"Feature","geometry":{"type":"Point","coordinates":[74.867,32.733]},"properties":{"title":"World india will not bow nuclear blackmail new delhi warns pakistan vows fitting response terror attacks","url":"https://www.freepressjournal.in/world/india-will-not-bow-to-nuclear-blackmail-new-delhi-warns-pakistan-at-un-vows-fitting-response-to-terror-attacks","source":"www.freepressjournal.in","date":"2026-10-10T03:15:00Z","tipo":"Terrorismo","severidad":4,"lugar":"Jammu, Jammu and Kashmir, India","pais_iso3":"IND","precision":"ciudad","origen":"mundo","actores":"Terrorist → Pakistan","articulos":2,"arma":null,"via":"GDELT 2.0 (evento codificado; el título sale del enlace)"}},{"type":"Feature","geometry":{"type":"Point","coordinates":[74.408,34.264]},"properties":{"title":"Crimen organizado: Gangster (Viji, Jammu and Kashmir, India)","url":"https://indiankanoon.org/doc/28553554/","source":"indiankanoon.org","date":"2026-10-10T03:15:00Z","tipo":"Crimen organizado","severidad":4,"lugar":"Viji, Jammu and Kashmir, India","pais_iso3":"IND","precision":"ciudad","origen":"mundo","actores":"Gangster","articulos":3,"arma":null,"via":"GDELT 2.0 (evento codificado; el título sale del enlace)"}},{"type":"Feature","geometry":{"type":"Point","coordinates":[80.289,13.113]},"properties":{"title":"Crimen organizado: Gangster (Washermanpet, Tamil Nadu, India)","url":"https://indiankanoon.org/doc/28553554/","source":"indiankanoon.org","date":"2026-10-10T03:15:00Z","tipo":"Crimen organizado","severidad":4,"lugar":"Washermanpet, Tamil Nadu, India","pais_iso3":"IND","precision":"ciudad","origen":"mundo","actores":"Gangster","articulos":2,"arma":null,"via":"GDELT 2.0 (evento codificado; el título sale del enlace)"}},{"type":"Feature","geometry":{"type":"Point","coordinates":[30.0,-2.0]},"properties":{"title":"South african jurist indian origin navi pillay wins nobel peace prize","url":"https://www.dailyexcelsior.com/south-african-jurist-of-indian-origin-navi-pillay-wins-nobel-peace-prize-2/","source":"www.dailyexcelsior.com","date":"2026-10-10T03:15:00Z","tipo":"Crimen organizado","severidad":3,"lugar":"Rwanda","pais_iso3":"RWA","precision":"país","origen":"mundo","actores":"Criminal → Judge","articulos":6,"arma":null,"via":"GDELT 2.0 (evento codificado; el título sale del enlace)"}},{"type":"Feature","geometry":{"type":"Point","coordinates":[34.373,31.425]},"properties":{"title":"World north america trump administration escalates war with international criminal court html","url":"https://www.theage.com.au/world/north-america/trump-administration-escalates-war-with-international-criminal-court-20261010-p614dy.html","source":"www.theage.com.au","date":"2026-10-10T03:15:00Z","tipo":"Grupo rebelde","severidad":4,"lugar":"Gaza Strip","pais_iso3":"PSE","precision":"país","origen":"mundo","actores":"Hamas → Israel","articulos":2,"arma":null,"via":"GDELT 2.0 (evento codificado; el título sale del enlace)"}},{"type":"Feature","geometry":{"type":"Point","coordinates":[77.217,28.667]},"properties":{"title":"News cities delhi delhi police detain least with criminal records overnight ops ahead cjp protest ece","url":"https://www.thehindu.com/news/cities/Delhi/delhi-police-detain-at-least-100-with-criminal-records-in-overnight-ops-ahead-of-cjp-protest/article71566967.ece","source":"www.thehindu.com","date":"2026-10-10T02:45:00Z","tipo":"Crimen organizado","severidad":3,"lugar":"Delhi, Delhi, India","pais_iso3":"IND","precision":"ciudad","origen":"mundo","actores":"Criminal","articulos":10,"arma":null,"via":"GDELT 2.0 (evento codificado; el título sale del enlace)"}},{"type":"Feature","geometry":{"type":"Point","coordinates":[-77.036,38.895]},"properties":{"title":"Sacramento news modesto police arrest suspected serial bank robber hours after latest robbery","url":"https://www.cbsnews.com/sacramento/news/modesto-police-arrest-suspected-serial-bank-robber-hours-after-latest-robbery/","source":"www.cbsnews.com","date":"2026-10-10T02:45:00Z","tipo":"Crimen organizado","severidad":3,"lugar":"Washington, District of Columbia, United States","pais_iso3":"USA","precision":"ciudad","origen":"mundo","actores":"Police → Bank","articulos":10,"arma":null,"via":"GDELT 2.0 (evento codificado; el título sale del enlace)"}},{"type":"Feature","geometry":{"type":"Point","coordinates":[127.0,37.566]},"properties":{"title":"Southkorea society after interviewing death row inmates researcher believes capital punishment should end","url":"https://www.koreatimes.co.kr/southkorea/society/20261010/after-interviewing-42-death-row-inmates-researcher-believes-capital-punishment-should-end","source":"www.koreatimes.co.kr","date":"2026-10-10T02:45:00Z","tipo":"Crimen organizado","severidad":3,"lugar":"Seoul, Soul-t'ukpyolsi, South Korea","pais_iso3":"KOR","precision":"ciudad","origen":"mundo","actores":"Convicts","articulos":10,"arma":null,"via":"GDELT 2.0 (evento codificado; el título sale del enlace)"}},{"type":"Feature","geometry":{"type":"Point","coordinates":[-82.775,40.374]},"properties":{"title":"News article hypocrite hillary clinton slammed comments fort hood killers livestreamed execution celebrated gaddafis death html","url":"https://www.dailymail.com/news/article-16197425/Hypocrite-Hillary-Clinton-slammed-comments-Fort-Hood-killers-livestreamed-execution-celebrated-Gaddafis-death.html","source":"www.dailymail.com","date":"2026-10-10T02:45:00Z","tipo":"Terrorismo","severidad":3,"lugar":"Ohio, United States","pais_iso3":"USA","precision":"estado","origen":"mundo","actores":"President → Terrorist","articulos":6,"arma":null,"via":"GDELT 2.0 (evento codificado; el título sale del enlace)"}},{"type":"Feature","geometry":{"type":"Point","coordinates":[-74.938,42.15]},"properties":{"title":"Blogs cnsnews craig bannister dhs slaps cbs cnn nbc forbes misleading news nyc ice","url":"https://www.newsbusters.org/blogs/cnsnews/craig-bannister/2026/10/09/dhs-slaps-cbs-cnn-nbc-forbes-misleading-news-nyc-ice","source":"www.newsbusters.org","date":"2026-10-10T02:45:00Z","tipo":"Crimen organizado","severidad":4,"lugar":"New York, United States","pais_iso3":"USA","precision":"estado","origen":"mundo","actores":"Media → Lawbreaker","articulos":10,"arma":null,"via":"GDELT 2.0 (evento codificado; el título sale del enlace)"}},{"type":"Feature","geometry":{"type":"Point","coordinates":[68.371,25.385]},"properties":{"title":"President and prime minister praise security forces for counter terrorism efforts","url":"https://newsmakers.pk/president-and-prime-minister-praise-security-forces-for-counter-terrorism-efforts/","source":"newsmakers.pk","date":"2026-10-10T02:45:00Z","tipo":"Terrorismo","severidad":4,"lugar":"Radio Pakistan, Sindh, Pakistan","pais_iso3":"PAK","precision":"ciudad","origen":"mundo","actores":"Pakistan → Terrorist","articulos":2,"arma":null,"via":"GDELT 2.0 (evento codificado; el título sale del enlace)"}},{"type":"Feature","geometry":{"type":"Point","coordinates":[-98.288,41.129]},"properties":{"title":"Stories have hit bottom yet htm","url":"https://www.scoop.co.nz/stories/HL2610/S00026/have-we-hit-bottom-yet.htm","source":"www.scoop.co.nz","date":"2026-10-10T02:30:00Z","tipo":"Terrorismo","severidad":3,"lugar":"Nebraska, United States","pais_iso3":"USA","precision":"estado","origen":"mundo","actores":"Terrorist","articulos":10,"arma":null,"via":"GDELT 2.0 (evento codificado; el título sale del enlace)"}},{"type":"Feature","geometry":{"type":"Point","coordinates":[-70.667,19.0]},"properties":{"title":"News man shot ice bronx illegal immigrant with rap sheet alarming crimes and absolutely not new yorker neighbors said","url":"https://nypost.com/2026/10/09/us-news/man-shot-by-ice-in-bronx-is-illegal-immigrant-with-rap-sheet-of-alarming-crimes-and-absolutely-not-a-new-yorker-neighbors-said/","source":"nypost.com","date":"2026-10-10T02:30:00Z","tipo":"Crimen organizado","severidad":4,"lugar":"Dominican Republic","pais_iso3":"DOM","precision":"país","origen":"mundo","actores":"Gangland → United States","articulos":2,"arma":null,"via":"GDELT 2.0 (evento codificado; el título sale del enlace)"}},{"type":"Feature","geometry":{"type":"Point","coordinates":[-74.938,42.15]},"properties":{"title":"What know about the investigation into cornell university gang rape allegations","url":"https://www.pressdemocrat.com/2026/10/03/what-to-know-about-the-investigation-into-cornell-university-gang-rape-allegations/","source":"www.pressdemocrat.com","date":"2026-10-10T02:30:00Z","tipo":"Crimen organizado","severidad":4,"lugar":"New York, United States","pais_iso3":"USA","precision":"estado","origen":"mundo","actores":"University → United States","articulos":2,"arma":null,"via":"GDELT 2.0 (evento codificado; el título sale del enlace)"}},{"type":"Feature","geometry":{"type":"Point","coordinates":[-118.244,34.052]},"properties":{"title":"News councilmember ysable jurado cries foul over skid row sweep","url":"https://nypost.com/2026/10/09/us-news/la-councilmember-ysable-jurado-cries-foul-over-skid-row-sweep/","source":"nypost.com","date":"2026-10-10T02:30:00Z","tipo":"Crimen organizado","severidad":3,"lugar":"Los Angeles, California, United States","pais_iso3":"USA","precision":"ciudad","origen":"mundo","actores":"Authorities → Dealer","articulos":5,"arma":null,"via":"GDELT 2.0 (evento codificado; el título sale del enlace)"}},{"type":"Feature","geometry":{"type":"Point","coordinates":[77.217,28.667]},"properties":{"title":"Nation current affairs over trains cancelled cops deployed delhi braces for cjp protest","url":"https://www.deccanchronicle.com/nation/current-affairs/over-250-trains-cancelled-20000-cops-deployed-delhi-braces-for-cjp-protest-1994574","source":"www.deccanchronicle.com","date":"2026-10-10T02:30:00Z","tipo":"Crimen organizado","severidad":3,"lugar":"Delhi, Delhi, India","pais_iso3":"IND","precision":"ciudad","origen":"mundo","actores":"Delhi → Criminal","articulos":2,"arma":null,"via":"GDELT 2.0 (evento codificado; el título sale del enlace)"}},{"type":"Feature","geometry":{"type":"Point","coordinates":[-73.966,40.783]},"properties":{"title":"News anti ice protests continue nyc day after shooting criminal illegal migrant","url":"https://nypost.com/2026/10/09/us-news/anti-ice-protests-continue-in-nyc-day-after-shooting-of-criminal-illegal-migrant/","source":"nypost.com","date":"2026-10-10T02:30:00Z","tipo":"Crimen organizado","severidad":4,"lugar":"Manhattan, New York, United States","pais_iso3":"USA","precision":"ciudad","origen":"mundo","actores":"Protester → Criminal","articulos":10,"arma":null,"via":"GDELT 2.0 (evento codificado; el título sale del enlace)"}},{"type":"Feature","geometry":{"type":"Point","coordinates":[7.75,10.333]},"properties":{"title":"Troops arrest suspected terrorist collaborator destroy ieds recover livestock","url":"https://thesun.ng/troops-arrest-suspected-terrorist-collaborator-destroy-ieds-recover-73-livestock/","source":"thesun.ng","date":"2026-10-10T02:30:00Z","tipo":"Terrorismo","severidad":3,"lugar":"Kaduna State, Kaduna, Nigeria","pais_iso3":"NGA","precision":"estado","origen":"mundo","actores":"Intelligence → Terrorist","articulos":4,"arma":null,"via":"GDELT 2.0 (evento codificado; el título sale del enlace)"}},{"type":"Feature","geometry":{"type":"Point","coordinates":[-84.56,43.35]},"properties":{"title":"News amy curtis sayed foreign policy","url":"https://townhall.com/news/amy-curtis/2026/10/09/el-sayed-foreign-policy-n2684433","source":"townhall.com","date":"2026-10-10T02:30:00Z","tipo":"Terrorismo","severidad":4,"lugar":"Michigan, United States","pais_iso3":"USA","precision":"estado","origen":"mundo","actores":"Terrorist → Jewish","articulos":6,"arma":null,"via":"GDELT 2.0 (evento codificado; el título sale del enlace)"}},{"type":"Feature","geometry":{"type":"Point","coordinates":[44.0,33.0]},"properties":{"title":"News one the worst killers trump calls death penalty very worthy way execute fort hood shooter","url":"http://www.bignewsnetwork.com/news/279362946/one-of-the-worst-killers-trump-calls-death-penalty-very-worthy-way-to-execute-fort-hood-shooter","source":"www.bignewsnetwork.com","date":"2026-10-10T02:15:00Z","tipo":"Crimen organizado","severidad":4,"lugar":"Iraq","pais_iso3":"IRQ","precision":"país","origen":"mundo","actores":"Killers","articulos":2,"arma":null,"via":"GDELT 2.0 (evento codificado; el título sale del enlace)"}},{"type":"Feature","geometry":{"type":"Point","coordinates":[-74.938,42.15]},"properties":{"title":"News illegal alien obama ice judge","url":"https://www.theblaze.com/news/illegal-alien-obama-ice-judge","source":"www.theblaze.com","date":"2026-10-10T02:15:00Z","tipo":"Crimen organizado","severidad":4,"lugar":"New York, United States","pais_iso3":"USA","precision":"estado","origen":"mundo","actores":"Criminal → Attorney","articulos":2,"arma":null,"via":"GDELT 2.0 (evento codificado; el título sale del enlace)"}},{"type":"Feature","geometry":{"type":"Point","coordinates":[-74.938,42.15]},"properties":{"title":"News dsa mamdani fire nypd commissioner ice doesnt leave nyc","url":"https://gothamist.com/news/dsa-to-mamdani-fire-nypd-commissioner-if-ice-doesnt-leave-nyc","source":"gothamist.com","date":"2026-10-10T02:15:00Z","tipo":"Terrorismo","severidad":3,"lugar":"New York, United States","pais_iso3":"USA","precision":"estado","origen":"mundo","actores":"New York City → Terrorist","articulos":10,"arma":null,"via":"GDELT 2.0 (evento codificado; el título sale del enlace)"}},{"type":"Feature","geometry":{"type":"Point","coordinates":[34.333,31.417]},"properties":{"title":"Arab world year ceasefire israel wages scaled down war gaza","url":"https://english.aawsat.com/arab-world/5327888-year-ceasefire-israel-wages-scaled-down-war-gaza","source":"english.aawsat.com","date":"2026-10-10T02:00:00Z","tipo":"Grupo rebelde","severidad":3,"lugar":"Gaza, Israel (general), Israel","pais_iso3":"PSE","precision":"ciudad","origen":"mundo","actores":"Israeli → Hamas","articulos":4,"arma":null,"via":"GDELT 2.0 (evento codificado; el título sale del enlace)"}},{"type":"Feature","geometry":{"type":"Point","coordinates":[34.75,31.5]},"properties":{"title":"Grupo rebelde: Israeli → Hamas (Israel)","url":"http://www.jpost.com/opinion/article-911082","source":"www.jpost.com","date":"2026-10-10T02:00:00Z","tipo":"Grupo rebelde","severidad":4,"lugar":"Israel","pais_iso3":"ISR","precision":"país","origen":"mundo","actores":"Israeli → Hamas","articulos":3,"arma":null,"via":"GDELT 2.0 (evento codificado; el título sale del enlace)"}},{"type":"Feature","geometry":{"type":"Point","coordinates":[34.936,32.182]},"properties":{"title":"Grupo rebelde: Israel → Hamas (Kfar Saba, HaMerkaz, Israel)","url":"http://www.jpost.com/israel-news/article-911192","source":"www.jpost.com","date":"2026-10-10T02:00:00Z","tipo":"Grupo rebelde","severidad":4,"lugar":"Kfar Saba, HaMerkaz, Israel","pais_iso3":"ISR","precision":"ciudad","origen":"mundo","actores":"Israel → Hamas","articulos":2,"arma":null,"via":"GDELT 2.0 (evento codificado; el título sale del enlace)"}},{"type":"Feature","geometry":{"type":"Point","coordinates":[-0.117,51.5]},"properties":{"title":"Grupo rebelde: Hamas (London, London, City of, United Kingdom)","url":"http://www.jpost.com/israel-news/article-911192","source":"www.jpost.com","date":"2026-10-10T02:00:00Z","tipo":"Grupo rebelde","severidad":4,"lugar":"London, London, City of, United Kingdom","pais_iso3":"GBR","precision":"ciudad","origen":"mundo","actores":"Hamas","articulos":3,"arma":null,"via":"GDELT 2.0 (evento codificado; el título sale del enlace)"}},{"type":"Feature","geometry":{"type":"Point","coordinates":[27.468,42.506]},"properties":{"title":"Opinions analysis article hknsfgpjfe","url":"https://www.ynetnews.com/opinions-analysis/article/hknsfgpjfe","source":"www.ynetnews.com","date":"2026-10-10T01:45:00Z","tipo":"Terrorismo","severidad":3,"lugar":"Burgas, Burgas, Bulgaria","pais_iso3":"BGR","precision":"ciudad","origen":"mundo","actores":"Bulgaria → Suicide Bomber","articulos":10,"arma":null,"via":"GDELT 2.0 (evento codificado; el título sale del enlace)"}},{"type":"Feature","geometry":{"type":"Point","coordinates":[-76.79,39.072]},"properties":{"title":"News local maryland lawmakers answers kid juvenile crime deadly crash","url":"https://foxbaltimore.com/news/local/maryland-lawmakers-answers-kid-juvenile-crime-deadly-crash","source":"foxbaltimore.com","date":"2026-10-10T01:45:00Z","tipo":"Crimen organizado","severidad":3,"lugar":"Maryland, United States","pais_iso3":"USA","precision":"estado","origen":"mundo","actores":"Criminal → United States","articulos":2,"arma":null,"via":"GDELT 2.0 (evento codificado; el título sale del enlace)"}},{"type":"Feature","geometry":{"type":"Point","coordinates":[24.0,56.0]},"properties":{"title":"News poole burglar jailed months home break","url":"https://www.bournemouthecho.co.uk/news/26608588.poole-burglar-jailed-20-months-home-break-in/","source":"www.bournemouthecho.co.uk","date":"2026-10-10T01:30:00Z","tipo":"Crimen organizado","severidad":3,"lugar":"Lithuania","pais_iso3":"LTU","precision":"país","origen":"mundo","actores":"Burglar","articulos":4,"arma":null,"via":"GDELT 2.0 (evento codificado; el título sale del enlace)"}},{"type":"Feature","geometry":{"type":"Point","coordinates":[77.217,28.667]},"properties":{"title":"News india delhi protest police detains people with criminal records ahead cjp protest articleshow cms","url":"https://economictimes.indiatimes.com/news/india/delhi-protest-police-detains-people-with-criminal-records-ahead-of-cjp-protest/articleshow/134845849.cms","source":"economictimes.indiatimes.com","date":"2026-10-10T01:30:00Z","tipo":"Crimen organizado","severidad":3,"lugar":"Delhi, Delhi, India","pais_iso3":"IND","precision":"ciudad","origen":"mundo","actores":"Police → Criminal","articulos":4,"arma":null,"via":"GDELT 2.0 (evento codificado; el título sale del enlace)"}},{"type":"Feature","geometry":{"type":"Point","coordinates":[-88.927,37.716]},"properties":{"title":"News roundabout dedication honors marion wwi vet and state patrolman years later article html","url":"https://www.wpsdlocal6.com/news/roundabout-dedication-honors-marion-wwi-vet-and-state-patrolman-99-years-later/article_2e9e0b39-122e-47d7-a718-483a7c329ed7.html","source":"www.wpsdlocal6.com","date":"2026-10-10T01:30:00Z","tipo":"Crimen organizado","severidad":4,"lugar":"City Of Marion, Illinois, United States","pais_iso3":"USA","precision":"ciudad","origen":"mundo","actores":"Police Officer → Gang","articulos":10,"arma":null,"via":"GDELT 2.0 (evento codificado; el título sale del enlace)"}},{"type":"Feature","geometry":{"type":"Point","coordinates":[-74.938,42.15]},"properties":{"title":"Federal ice agents shoot man the bronx","url":"https://www.timesheraldonline.com/2026/10/08/federal-ice-agents-shoot-man-in-the-bronx/","source":"www.timesheraldonline.com","date":"2026-10-10T01:30:00Z","tipo":"Crimen organizado","severidad":3,"lugar":"New York, United States","pais_iso3":"USA","precision":"estado","origen":"mundo","actores":"Criminal","articulos":10,"arma":null,"via":"GDELT 2.0 (evento codificado; el título sale del enlace)"}},{"type":"Feature","geometry":{"type":"Point","coordinates":[-72.335,18.539]},"properties":{"title":"News world americas jean massillon haitian mayor known for defending the people kenscoff has died article html","url":"https://www.therecord.com/news/world/americas/jean-massillon-a-haitian-mayor-known-for-defending-the-people-of-kenscoff-has-died/article_35074c61-7539-565d-bb50-c1168944d467.html","source":"www.therecord.com","date":"2026-10-10T01:30:00Z","tipo":"Crimen organizado","severidad":4,"lugar":"Port-Au-Prince, Ouest, Haiti","pais_iso3":"HTI","precision":"ciudad","origen":"mundo","actores":"Gang → Port Au Prince","articulos":10,"arma":"Bomba o explosivo","via":"GDELT 2.0 (evento codificado; el título sale del enlace)"}},{"type":"Feature","geometry":{"type":"Point","coordinates":[2.333,48.867]},"properties":{"title":"World condemns terrorist attack france","url":"https://www.sanews.gov.za/world/sa-condemns-terrorist-attack-france","source":"www.sanews.gov.za","date":"2026-10-10T01:30:00Z","tipo":"Terrorismo","severidad":4,"lugar":"Paris, France (general), France","pais_iso3":"FRA","precision":"ciudad","origen":"mundo","actores":"Terrorist → French","articulos":10,"arma":null,"via":"GDELT 2.0 (evento codificado; el título sale del enlace)"}},{"type":"Feature","geometry":{"type":"Point","coordinates":[53.0,32.0]},"properties":{"title":"Muslims burn home shop christian pakistan","url":"https://news.crossmap.com/2026/10/09/muslims-burn-home-shop-of-christian-in-pakistan/","source":"news.crossmap.com","date":"2026-10-10T01:30:00Z","tipo":"Crimen organizado","severidad":3,"lugar":"Iran","pais_iso3":"IRN","precision":"país","origen":"mundo","actores":"Fulani → Kaduna","articulos":4,"arma":null,"via":"GDELT 2.0 (evento codificado; el título sale del enlace)"}},{"type":"Feature","geometry":{"type":"Point","coordinates":[-93.214,42.005]},"properties":{"title":"Davenport man sentenced years federal prison firearm charges","url":"https://www.kwqc.com:443/2026/10/09/davenport-man-sentenced-5-years-federal-prison-firearm-charges/","source":"www.kwqc.com:443","date":"2026-10-10T01:15:00Z","tipo":"Crimen organizado","severidad":3,"lugar":"Iowa, United States","pais_iso3":"USA","precision":"estado","origen":"mundo","actores":"Prison → Felon","articulos":10,"arma":null,"via":"GDELT 2.0 (evento codificado; el título sale del enlace)"}},{"type":"Feature","geometry":{"type":"Point","coordinates":[-79.417,43.667]},"properties":{"title":"Local toronto toronto police constable charged after cbsa intercepts firearm suppressors from","url":"https://www.cp24.com/local/toronto/2026/10/09/toronto-police-constable-charged-after-cbsa-intercepts-firearm-suppressors-from-us/","source":"www.cp24.com","date":"2026-10-10T01:15:00Z","tipo":"Crimen organizado","severidad":3,"lugar":"Toronto, Ontario, Canada","pais_iso3":"CAN","precision":"ciudad","origen":"mundo","actores":"Criminal","articulos":10,"arma":null,"via":"GDELT 2.0 (evento codificado; el título sale del enlace)"}},{"type":"Feature","geometry":{"type":"Point","coordinates":[75.767,33.317]},"properties":{"title":"Nia charge sheets accused including killed pakistani terrorists","url":"https://thenorthlines.com/nia-charge-sheets-4-accused-including-3-killed-pakistani-terrorists/","source":"thenorthlines.com","date":"2026-10-10T01:15:00Z","tipo":"Terrorismo","severidad":4,"lugar":"Kishtwar, Jammu and Kashmir, India","pais_iso3":"IND","precision":"ciudad","origen":"mundo","actores":"New Delhi → Pakistani","articulos":6,"arma":null,"via":"GDELT 2.0 (evento codificado; el título sale del enlace)"}},{"type":"Feature","geometry":{"type":"Point","coordinates":[-99.5,17.55]},"properties":{"title":"Difunden video que mostraría el secuestro de 8 campesinos en Guerrero","url":"https://guerrero.quadratin.com.mx/difunden-video-que-mostraria-el-secuestro-de-8-campesinos-en-guerrero/","source":"Quadratín Guerrero","date":"2026-10-10T01:14:04Z","lugar":"Guerrero","pais_iso3":"MEX","precision":"estado","origen":"mx","via":"RSS de Quadratín Guerrero","tipo":"Crimen organizado","severidad":3,"arma":null}},{"type":"Feature","geometry":{"type":"Point","coordinates":[69.183,34.517]},"properties":{"title":"Head islamic state afghanistan killed says government","url":"https://indoamerican-news.com/head-of-islamic-state-in-afghanistan-killed-says-government/","source":"indoamerican-news.com","date":"2026-10-10T01:00:00Z","tipo":"Terrorismo","severidad":4,"lugar":"Kabul, Kabol, Afghanistan","pais_iso3":"AFG","precision":"ciudad","origen":"mundo","actores":"Militant","articulos":6,"arma":null,"via":"GDELT 2.0 (evento codificado; el título sale del enlace)"}},{"type":"Feature","geometry":{"type":"Point","coordinates":[-68.666,45.251]},"properties":{"title":"Bangor police woman threatened man with knife said shed eat him","url":"https://www.wabi.tv:443/2026/10/09/bangor-police-woman-threatened-man-with-knife-said-shed-eat-him/","source":"www.wabi.tv:443","date":"2026-10-10T01:00:00Z","tipo":"Crimen organizado","severidad":3,"lugar":"Penobscot County, Maine, United States","pais_iso3":"USA","precision":"ciudad","origen":"mundo","actores":"Criminal","articulos":3,"arma":null,"via":"GDELT 2.0 (evento codificado; el título sale del enlace)"}},{"type":"Feature","geometry":{"type":"Point","coordinates":[-81.717,27.833]},"properties":{"title":"Article saratoga springs father pleads guilty federal charge kidnapping children mexico","url":"https://www.ksl.com:443/article/51634608/saratoga-springs-father-pleads-guilty-to-federal-charge-kidnapping-children-to-mexico","source":"www.ksl.com:443","date":"2026-10-10T01:00:00Z","tipo":"Crimen organizado","severidad":3,"lugar":"Florida, United States","pais_iso3":"USA","precision":"estado","origen":"mundo","actores":"Dane → Criminal","articulos":3,"arma":null,"via":"GDELT 2.0 (evento codificado; el título sale del enlace)"}},{"type":"Feature","geometry":{"type":"Point","coordinates":[-97.4,35.55]},"properties":{"title":"Crime people charged connection armed robbery cleveland marijuana","url":"https://www.news9.com/crime/5-people-charged-connection-armed-robbery-cleveland-co-marijuana","source":"www.news9.com","date":"2026-10-10T01:00:00Z","tipo":"Crimen organizado","severidad":3,"lugar":"Oklahoma County, Oklahoma, United States","pais_iso3":"USA","precision":"ciudad","origen":"mundo","actores":"Oklahoma → Felon","articulos":3,"arma":null,"via":"GDELT 2.0 (evento codificado; el título sale del enlace)"}},{"type":"Feature","geometry":{"type":"Point","coordinates":[-76.147,43.048]},"properties":{"title":"News region state blakeman hochul political perils","url":"https://www.newsday.com/news/region-state/blakeman-hochul-political-perils-d1ff15yu","source":"www.newsday.com","date":"2026-10-10T00:45:00Z","tipo":"Crimen organizado","severidad":4,"lugar":"Syracuse, New York, United States","pais_iso3":"USA","precision":"ciudad","origen":"mundo","actores":"Gang","articulos":3,"arma":null,"via":"GDELT 2.0 (evento codificado; el título sale del enlace)"}},{"type":"Feature","geometry":{"type":"Point","coordinates":[-97.709,31.255]},"properties":{"title":"Vance claims wont watching fort hood killers execution hegseth","url":"https://radaronline.com/p/jd-vance-claims-he-wont-be-watching-fort-hood-killers-execution-hegseth/","source":"radaronline.com","date":"2026-10-10T00:45:00Z","tipo":"Terrorismo","severidad":3,"lugar":"Fort Hood, Texas, United States","pais_iso3":"USA","precision":"ciudad","origen":"mundo","actores":"Terrorist","articulos":4,"arma":null,"via":"GDELT 2.0 (evento codificado; el título sale del enlace)"}},{"type":"Feature","geometry":{"type":"Point","coordinates":[-74.938,42.15]},"properties":{"title":"Federal judge blocks deportation dominican illegal immigrant shot ice during nyc arrest attempt","url":"https://www.wrganews.com/2026/10/09/federal-judge-blocks-deportation-of-dominican-illegal-immigrant-shot-by-ice-during-nyc-arrest-attempt/","source":"www.wrganews.com","date":"2026-10-10T00:45:00Z","tipo":"Crimen organizado","severidad":4,"lugar":"New York, United States","pais_iso3":"USA","precision":"estado","origen":"mundo","actores":"Criminal","articulos":3,"arma":null,"via":"GDELT 2.0 (evento codificado; el título sale del enlace)"}},{"type":"Feature","geometry":{"type":"Point","coordinates":[13.18,32.892]},"properties":{"title":"Ultime notizie reuters libya military seizes narcotics after firefight with smugglers","url":"https://www.internazionale.it/ultime-notizie-reuters/2026/10/10/libya-s-military-seizes-narcotics-after-firefight-with-smugglers","source":"www.internazionale.it","date":"2026-10-10T00:45:00Z","tipo":"Narcotráfico","severidad":4,"lugar":"Tripoli, Tarabulus, Libya","pais_iso3":"LBY","precision":"ciudad","origen":"mundo","actores":"Smuggler → Libya","articulos":20,"arma":null,"via":"GDELT 2.0 (evento codificado; el título sale del enlace)"}},{"type":"Feature","geometry":{"type":"Point","coordinates":[23.25,24.167]},"properties":{"title":"World middle east libyas military seizes narcotics after firefight with smugglers","url":"https://www.straitstimes.com/world/middle-east/libyas-military-seizes-narcotics-after-firefight-with-smugglers","source":"www.straitstimes.com","date":"2026-10-10T00:45:00Z","tipo":"Narcotráfico","severidad":3,"lugar":"Kufra, Libya (general), Libya","pais_iso3":"LBY","precision":"ciudad","origen":"mundo","actores":"Military → Trafficker","articulos":15,"arma":null,"via":"GDELT 2.0 (evento codificado; el título sale del enlace)"}},{"type":"Feature","geometry":{"type":"Point","coordinates":[30.0,16.0]},"properties":{"title":"News intercommunal clashes kill people south sudan","url":"https://www.aljazeera.com/news/2026/10/10/intercommunal-clashes-kill-71-people-in-south-sudan","source":"www.aljazeera.com","date":"2026-10-10T00:45:00Z","tipo":"Grupo armado","severidad":4,"lugar":"Sudan","pais_iso3":"SDN","precision":"país","origen":"mundo","actores":"Armed Men","articulos":10,"arma":null,"via":"GDELT 2.0 (evento codificado; el título sale del enlace)"}},{"type":"Feature","geometry":{"type":"Point","coordinates":[-98.579,39.828]},"properties":{"title":"Crimen organizado: Gang (United States)","url":"http://thefutoncritic.com/listings/20261009abc02/","source":"thefutoncritic.com","date":"2026-10-10T00:30:00Z","tipo":"Crimen organizado","severidad":4,"lugar":"United States","pais_iso3":"USA","precision":"país","origen":"mundo","actores":"Gang","articulos":10,"arma":null,"via":"GDELT 2.0 (evento codificado; el título sale del enlace)"}},{"type":"Feature","geometry":{"type":"Point","coordinates":[105.0,35.0]},"properties":{"title":"News canton man gets life sentences child rape","url":"https://www.fox5atlanta.com/news/canton-man-gets-4-life-sentences-child-rape","source":"www.fox5atlanta.com","date":"2026-10-10T00:30:00Z","tipo":"Crimen organizado","severidad":3,"lugar":"China","pais_iso3":"CHN","precision":"país","origen":"mundo","actores":"Superior Court → Criminal","articulos":10,"arma":null,"via":"GDELT 2.0 (evento codificado; el título sale del enlace)"}},{"type":"Feature","geometry":{"type":"Point","coordinates":[77.85,28.4]},"properties":{"title":"News national general news seven arrested ghaziabad for cyber fraud issuing fake motor insurance","url":"https://aninews.in/news/national/general-news/seven-arrested-in-ghaziabad-for-cyber-fraud-issuing-fake-motor-insurance-policies20261010010940/","source":"aninews.in","date":"2026-10-10T00:15:00Z","tipo":"Crimen organizado","severidad":4,"lugar":"Bulandshahr, Uttar Pradesh, India","pais_iso3":"IND","precision":"ciudad","origen":"mundo","actores":"Police → Miscreant","articulos":5,"arma":null,"via":"GDELT 2.0 (evento codificado; el título sale del enlace)"}},{"type":"Feature","geometry":{"type":"Point","coordinates":[-89.002,40.336]},"properties":{"title":"Political feral youth leaves mans intestines hanging out judge lets him walk same day","url":"http://www.zerohedge.com/political/feral-youth-leaves-mans-intestines-hanging-out-judge-lets-him-walk-same-day","source":"www.zerohedge.com","date":"2026-10-10T00:15:00Z","tipo":"Crimen organizado","severidad":4,"lugar":"Illinois, United States","pais_iso3":"USA","precision":"estado","origen":"mundo","actores":"Criminal","articulos":10,"arma":null,"via":"GDELT 2.0 (evento codificado; el título sale del enlace)"}},{"type":"Feature","geometry":{"type":"Point","coordinates":[-75.975,40.958]},"properties":{"title":"Ice pacts with luzerne schuylkill police have chilling effect immigrants","url":"https://www.republicanherald.com/2026/10/09/ice-pacts-with-luzerne-schuylkill-police-have-chilling-effect-on-immigrants/","source":"www.republicanherald.com","date":"2026-10-10T00:15:00Z","tipo":"Crimen organizado","severidad":3,"lugar":"City Of Hazleton, Pennsylvania, United States","pais_iso3":"USA","precision":"ciudad","origen":"mundo","actores":"Criminal → Police Force","articulos":2,"arma":null,"via":"GDELT 2.0 (evento codificado; el título sale del enlace)"}},{"type":"Feature","geometry":{"type":"Point","coordinates":[-76.466,42.45]},"properties":{"title":"Cornell defendant wants letitita james off case","url":"https://thegrio.com/2026/10/09/cornell-defendant-wants-letitita-james-off-case/","source":"thegrio.com","date":"2026-10-10T00:15:00Z","tipo":"Crimen organizado","severidad":4,"lugar":"Tompkins County, New York, United States","pais_iso3":"USA","precision":"ciudad","origen":"mundo","actores":"Gang → United States","articulos":4,"arma":null,"via":"GDELT 2.0 (evento codificado; el título sale del enlace)"}},{"type":"Feature","geometry":{"type":"Point","coordinates":[-74.938,42.15]},"properties":{"title":"Usa ice shooting nyc mamdani","url":"https://www.csmonitor.com/USA/2026/1009/ice-shooting-nyc-mamdani","source":"www.csmonitor.com","date":"2026-10-10T00:15:00Z","tipo":"Crimen organizado","severidad":4,"lugar":"New York, United States","pais_iso3":"USA","precision":"estado","origen":"mundo","actores":"Immigrant → Pedophile","articulos":4,"arma":null,"via":"GDELT 2.0 (evento codificado; el título sale del enlace)"}},{"type":"Feature","geometry":{"type":"Point","coordinates":[70.0,30.0]},"properties":{"title":"News nia files chargesheet against arrested accused three killed jem terrorists kishtwar terror attack case","url":"http://www.vietnamtribune.com/news/279362751/nia-files-chargesheet-against-arrested-accused-three-killed-jem-terrorists-in-kishtwar-terror-attack-case","source":"www.vietnamtribune.com","date":"2026-10-10T00:15:00Z","tipo":"Terrorismo","severidad":4,"lugar":"Pakistan","pais_iso3":"PAK","precision":"país","origen":"mundo","actores":"New Delhi → Pakistani","articulos":2,"arma":null,"via":"GDELT 2.0 (evento codificado; el título sale del enlace)"}},{"type":"Feature","geometry":{"type":"Point","coordinates":[51.515,35.75]},"properties":{"title":"Military lost damaged aircraft iran war html","url":"https://www.naturalnews.com/2026-10-09-us-military-lost-damaged-aircraft-iran-war.html","source":"www.naturalnews.com","date":"2026-10-10T00:15:00Z","tipo":"Grupo armado","severidad":4,"lugar":"Tehran, Tehran, Iran","pais_iso3":"IRN","precision":"ciudad","origen":"mundo","actores":"Iran → Fighter","articulos":10,"arma":null,"via":"GDELT 2.0 (evento codificado; el título sale del enlace)"}},{"type":"Feature","geometry":{"type":"Point","coordinates":[73.167,33.7]},"properties":{"title":"Blueprint defence magazine reports untested promise html","url":"https://www.business-standard.com/blueprint-defence-magazine/reports/an-untested-promise-126100600443_1.html","source":"www.business-standard.com","date":"2026-10-10T00:15:00Z","tipo":"Insurgencia","severidad":3,"lugar":"Islamabad, Islamabad, Pakistan","pais_iso3":"PAK","precision":"ciudad","origen":"mundo","actores":"Saudi → Taliban","articulos":2,"arma":null,"via":"GDELT 2.0 (evento codificado; el título sale del enlace)"}},{"type":"Feature","geometry":{"type":"Point","coordinates":[-111.383,56.733]},"properties":{"title":"News separatists referendum signs vandalized northern alberta oct referendum wcm","url":"https://www.whitecourtstar.com:443/news/separatists-referendum-signs-vandalized-in-northern-alberta-oct-19-referendum/wcm/b1f32362-1754-4ff9-90b0-b0bf2b4ccee9","source":"www.whitecourtstar.com:443","date":"2026-10-10T00:15:00Z","tipo":"Separatistas","severidad":3,"lugar":"Fort Mcmurray, Alberta, Canada","pais_iso3":"CAN","precision":"ciudad","origen":"mundo","actores":"Separatist → Alberta","articulos":10,"arma":null,"via":"GDELT 2.0 (evento codificado; el título sale del enlace)"}},{"type":"Feature","geometry":{"type":"Point","coordinates":[48.0,6.0]},"properties":{"title":"The sushi king who went somalia how japans most famous tuna buyer says turned pirates into fishermen","url":"https://www.japaninsides.com/the-sushi-king-who-went-to-somalia-how-japans-most-famous-tuna-buyer-says-he-turned-pirates-into-fishermen-55344","source":"www.japaninsides.com","date":"2026-10-10T00:15:00Z","tipo":"Crimen organizado","severidad":4,"lugar":"Somalia","pais_iso3":"SOM","precision":"país","origen":"mundo","actores":"Somali → Somalia","articulos":4,"arma":null,"via":"GDELT 2.0 (evento codificado; el título sale del enlace)"}},{"type":"Feature","geometry":{"type":"Point","coordinates":[-73.942,40.853]},"properties":{"title":"News feds believe oscar belgal belonged blood thirsty trinitarios gang","url":"https://nypost.com/2026/10/09/us-news/feds-believe-oscar-belgal-belonged-to-blood-thirsty-trinitarios-gang/","source":"nypost.com","date":"2026-10-10T00:00:00Z","tipo":"Crimen organizado","severidad":4,"lugar":"Fort Washington Park, New York, United States","pais_iso3":"USA","precision":"ciudad","origen":"mundo","actores":"Illegal Migrant","articulos":3,"arma":null,"via":"GDELT 2.0 (evento codificado; el título sale del enlace)"}},{"type":"Feature","geometry":{"type":"Point","coordinates":[-79.417,43.667]},"properties":{"title":"Chch news toronto police had choice but shoot suspect raid that killed officer siu","url":"https://www.chch.com/chch-news/toronto-police-had-no-choice-but-to-shoot-suspect-in-raid-that-killed-officer-siu/","source":"www.chch.com","date":"2026-10-10T00:00:00Z","tipo":"Crimen organizado","severidad":4,"lugar":"Toronto, Ontario, Canada","pais_iso3":"CAN","precision":"ciudad","origen":"mundo","actores":"Criminal → Canada","articulos":2,"arma":null,"via":"GDELT 2.0 (evento codificado; el título sale del enlace)"}},{"type":"Feature","geometry":{"type":"Point","coordinates":[-74.938,42.15]},"properties":{"title":"Cartels global war terror hunter killer reaper drone guadalupe correa cabrera","url":"https://dailycaller.com/2026/10/09/cartels-global-war-terror-hunter-killer-reaper-drone-guadalupe-correa-cabrera/","source":"dailycaller.com","date":"2026-10-10T00:00:00Z","tipo":"Narcotráfico","severidad":4,"lugar":"New York, United States","pais_iso3":"USA","precision":"estado","origen":"mundo","actores":"Criminal → Military","articulos":5,"arma":"Drones","via":"GDELT 2.0 (evento codificado; el título sale del enlace)"}},{"type":"Feature","geometry":{"type":"Point","coordinates":[-74.938,42.15]},"properties":{"title":"Opinion mamdani and hochuls perverted priorities over shot illegal immigrant gangbanger","url":"https://nypost.com/2026/10/09/opinion/mamdani-and-hochuls-perverted-priorities-over-shot-illegal-immigrant-gangbanger/","source":"nypost.com","date":"2026-10-10T00:00:00Z","tipo":"Crimen organizado","severidad":4,"lugar":"New York, United States","pais_iso3":"USA","precision":"estado","origen":"mundo","actores":"United States → Illegal Immigrant","articulos":4,"arma":null,"via":"GDELT 2.0 (evento codificado; el título sale del enlace)"}},{"type":"Feature","geometry":{"type":"Point","coordinates":[55.28,25.252]},"properties":{"title":"Macedonia mickoski agrees with vetting public officials asks sdsm why they deleted criminal articles prosecute them","url":"https://english.republika.mk/macedonia/mickoski-agrees-with-vetting-public-officials-asks-sdsm-why-they-deleted-criminal-articles-to-prosecute-them/","source":"english.republika.mk","date":"2026-10-09T23:45:00Z","tipo":"Crimen organizado","severidad":3,"lugar":"Dubai, Dubayy, United Arab Emirates","pais_iso3":"","precision":"ciudad","origen":"mundo","actores":"Criminal","articulos":3,"arma":null,"via":"GDELT 2.0 (evento codificado; el título sale del enlace)"}},{"type":"Feature","geometry":{"type":"Point","coordinates":[64.0,31.0]},"properties":{"title":"News article whitehall penpushers obsessed human rights stabbed sas afghanistan html","url":"https://www.dailymail.com/news/article-16197881/Whitehall-penpushers-obsessed-human-rights-stabbed-SAS-Afghanistan.html","source":"www.dailymail.com","date":"2026-10-09T23:45:00Z","tipo":"Grupo rebelde","severidad":3,"lugar":"Helmand, Helmand, Afghanistan","pais_iso3":"AFG","precision":"estado","origen":"mundo","actores":"Insurgency","articulos":6,"arma":null,"via":"GDELT 2.0 (evento codificado; el título sale del enlace)"}},{"type":"Feature","geometry":{"type":"Point","coordinates":[-79.5,22.0]},"properties":{"title":"Crimen organizado: Cuban → Criminal (Cuba)","url":"https://www.cubaheadlines.com/articles/342455","source":"www.cubaheadlines.com","date":"2026-10-09T23:45:00Z","tipo":"Crimen organizado","severidad":3,"lugar":"Cuba","pais_iso3":"CUB","precision":"país","origen":"mundo","actores":"Cuban → Criminal","articulos":2,"arma":null,"via":"GDELT 2.0 (evento codificado; el título sale del enlace)"}},{"type":"Feature","geometry":{"type":"Point","coordinates":[53.0,32.0]},"properties":{"title":"News top stories vance says livestream hasans execution happens hes not going watching","url":"https://kvia.com/news/top-stories/2026/10/09/vance-says-if-livestream-of-hasans-execution-happens-hes-not-going-to-be-watching-it/","source":"kvia.com","date":"2026-10-09T23:45:00Z","tipo":"Terrorismo","severidad":3,"lugar":"Iran","pais_iso3":"IRN","precision":"país","origen":"mundo","actores":"Administration → Terrorist Group","articulos":6,"arma":null,"via":"GDELT 2.0 (evento codificado; el título sale del enlace)"}},{"type":"Feature","geometry":{"type":"Point","coordinates":[35.807,32.905]},"properties":{"title":"Terrorismo: Syrian → Terrorist (Golan Heights, Syria (general), Syria)","url":"https://www.ynetnews.com/article/bjhms6usze","source":"www.ynetnews.com","date":"2026-10-09T23:45:00Z","tipo":"Terrorismo","severidad":3,"lugar":"Golan Heights, Syria (general), Syria","pais_iso3":"ISR","precision":"ciudad","origen":"mundo","actores":"Syrian → Terrorist","articulos":3,"arma":null,"via":"GDELT 2.0 (evento codificado; el título sale del enlace)"}},{"type":"Feature","geometry":{"type":"Point","coordinates":[10.0,62.0]},"properties":{"title":"News navi pillays nobel peace prize triumph for global justice mrn","url":"https://www.politicsweb.co.za/news/navi-pillays-nobel-peace-prize-a-triumph-for-global-justice-mrn","source":"www.politicsweb.co.za","date":"2026-10-09T23:30:00Z","tipo":"Crimen organizado","severidad":4,"lugar":"Norway","pais_iso3":"NOR","precision":"país","origen":"mundo","actores":"President → Criminal","articulos":4,"arma":null,"via":"GDELT 2.0 (evento codificado; el título sale del enlace)"}},{"type":"Feature","geometry":{"type":"Point","coordinates":[-106.756,32.309]},"properties":{"title":"News fourth young park shooter sentenced three life terms","url":"https://www.abqjournal.com/news/fourth-young-park-shooter-sentenced-to-three-life-terms/3138919","source":"www.abqjournal.com","date":"2026-10-09T23:30:00Z","tipo":"Grupo armado","severidad":4,"lugar":"Young Park, New Mexico, United States","pais_iso3":"USA","precision":"ciudad","origen":"mundo","actores":"Gunman → United States","articulos":6,"arma":null,"via":"GDELT 2.0 (evento codificado; el título sale del enlace)"}},{"type":"Feature","geometry":{"type":"Point","coordinates":[-93.75,18.492]},"properties":{"title":"The removals include surenos and tango blast members convicted murder manslaughter attempted murder assault robbery and drunk driving according homeland security html","url":"https://newsroomamerica.com/a/VA5967MifaGmW9WlqOD5Jr4EzPY/the_removals_include_ms_13_surenos_and_tango_blast_members_convicted_of_murder_manslaughter_attempted_murder_assault_robbery_and_drunk_driving_according_to_homeland_security.html","source":"newsroomamerica.com","date":"2026-10-09T23:15:00Z","tipo":"Crimen organizado","severidad":4,"lugar":"Sinaloa, Tabasco, Mexico","pais_iso3":"","precision":"ciudad","origen":"mundo","actores":"Gang","articulos":5,"arma":null,"via":"GDELT 2.0 (evento codificado; el título sale del enlace)"}},{"type":"Feature","geometry":{"type":"Point","coordinates":[-74.938,42.15]},"properties":{"title":"News and politics kathy hochul new york cornell loophole false html","url":"https://slate.com/news-and-politics/2026/10/kathy-hochul-new-york-cornell-7-loophole-false.html","source":"slate.com","date":"2026-10-09T23:15:00Z","tipo":"Crimen organizado","severidad":4,"lugar":"New York, United States","pais_iso3":"USA","precision":"estado","origen":"mundo","actores":"Gang → Media","articulos":10,"arma":null,"via":"GDELT 2.0 (evento codificado; el título sale del enlace)"}},{"type":"Feature","geometry":{"type":"Point","coordinates":[6.633,12.55]},"properties":{"title":"Abducted kogi councillor dies captivity","url":"https://dailytrust.com/abducted-kogi-councillor-dies-in-captivity/","source":"dailytrust.com","date":"2026-10-09T23:15:00Z","tipo":"Crimen organizado","severidad":4,"lugar":"Kogi, Nigeria (general), Nigeria","pais_iso3":"NGA","precision":"ciudad","origen":"mundo","actores":"Kidnapper → Nigeria","articulos":5,"arma":null,"via":"GDELT 2.0 (evento codificado; el título sale del enlace)"}},{"type":"Feature","geometry":{"type":"Point","coordinates":[-95.363,29.763]},"properties":{"title":"Crimen organizado: Criminal → Houston (Houston, Texas, United States)","url":"https://www.simivalleyacorn.com/articles/police-blotter-936/","source":"www.simivalleyacorn.com","date":"2026-10-09T23:15:00Z","tipo":"Crimen organizado","severidad":3,"lugar":"Houston, Texas, United States","pais_iso3":"USA","precision":"ciudad","origen":"mundo","actores":"Criminal → Houston","articulos":10,"arma":null,"via":"GDELT 2.0 (evento codificado; el título sale del enlace)"}},{"type":"Feature","geometry":{"type":"Point","coordinates":[70.0,30.0]},"properties":{"title":"Bharat jammu and kashmir kishtwar terror attack case nia chargesheets ogw maneer ahmed traces plot directly pakistan","url":"https://organiser.org/2026/10/10/385602/bharat/jammu-and-kashmir/kishtwar-terror-attack-case-nia-chargesheets-ogw-maneer-ahmed-traces-plot-directly-to-pakistan/","source":"organiser.org","date":"2026-10-09T23:15:00Z","tipo":"Grupo armado","severidad":3,"lugar":"Pakistan","pais_iso3":"PAK","precision":"país","origen":"mundo","actores":"Special Court → Pakistan","articulos":2,"arma":null,"via":"GDELT 2.0 (evento codificado; el título sale del enlace)"}},{"type":"Feature","geometry":{"type":"Point","coordinates":[-122.545,37.906]},"properties":{"title":"Marin voice mill valley needs living tribute its environmental giants","url":"https://www.marinij.com/2026/10/09/marin-voice-mill-valley-needs-a-living-tribute-to-its-environmental-giants/","source":"www.marinij.com","date":"2026-10-09T23:15:00Z","tipo":"Grupo rebelde","severidad":4,"lugar":"Mill Valley, California, United States","pais_iso3":"USA","precision":"ciudad","origen":"mundo","actores":"Rebel → United States","articulos":2,"arma":null,"via":"GDELT 2.0 (evento codificado; el título sale del enlace)"}},{"type":"Feature","geometry":{"type":"Point","coordinates":[12.911,10.647]},"properties":{"title":"Tinubu has assured rescue abducted borno children says zulum","url":"https://punchng.com/tinubu-has-assured-rescue-of-abducted-borno-children-says-zulum/","source":"punchng.com","date":"2026-10-09T23:15:00Z","tipo":"Grupo armado","severidad":4,"lugar":"Askira, Borno, Nigeria","pais_iso3":"NGA","precision":"ciudad","origen":"mundo","actores":"Gunmen","articulos":8,"arma":null,"via":"GDELT 2.0 (evento codificado; el título sale del enlace)"}},{"type":"Feature","geometry":{"type":"Point","coordinates":[-70.667,19.0]},"properties":{"title":"Dhs says the man shot was dominican gang member who rammed government vehicles while new york officials call for halt enforcement and dhs says the state ignored detainers html","url":"https://newsroomamerica.com/a/Ef81ekwTdnUnXTCF4Q4hjX6ARSW/dhs_says_the_man_shot_was_a_dominican_gang_member_who_rammed_government_vehicles_while_new_york_officials_call_for_a_halt_to_enforcement_and_dhs_says_the_state_ignored_14_916_detainers.html","source":"newsroomamerica.com","date":"2026-10-09T23:15:00Z","tipo":"Crimen organizado","severidad":3,"lugar":"Dominican Republic","pais_iso3":"DOM","precision":"país","origen":"mundo","actores":"New York → Gang","articulos":2,"arma":null,"via":"GDELT 2.0 (evento codificado; el título sale del enlace)"}},{"type":"Feature","geometry":{"type":"Point","coordinates":[-70.333,43.85]},"properties":{"title":"Whats the ballot westbrook","url":"https://www.pressherald.com/2026/10/09/whats-on-the-ballot-in-westbrook/","source":"www.pressherald.com","date":"2026-10-09T23:00:00Z","tipo":"Crimen organizado","severidad":3,"lugar":"Cumberland County, Maine, United States","pais_iso3":"USA","precision":"ciudad","origen":"mundo","actores":"Criminal","articulos":2,"arma":null,"via":"GDELT 2.0 (evento codificado; el título sale del enlace)"}},{"type":"Feature","geometry":{"type":"Point","coordinates":[39.5,13.5]},"properties":{"title":"News how red sea came brink new regional war","url":"https://www.middleeasteye.net/news/how-red-sea-came-brink-new-regional-war","source":"www.middleeasteye.net","date":"2026-10-09T23:00:00Z","tipo":"Grupo rebelde","severidad":3,"lugar":"Tigray, Tigray, Ethiopia","pais_iso3":"ETH","precision":"ciudad","origen":"mundo","actores":"Ethiopian → President","articulos":3,"arma":null,"via":"GDELT 2.0 (evento codificado; el título sale del enlace)"}},{"type":"Feature","geometry":{"type":"Point","coordinates":[12.833,42.833]},"properties":{"title":"Fucilazione diretta tortura orrore barbarie reazioni allannuncio choc del capo del pentagono vance non vedro","url":"https://www.padovanews.it/2026/10/09/fucilazione-in-diretta-e-tortura-orrore-e-barbarie-le-reazioni-allannuncio-choc-del-capo-del-pentagono-vance-non-la-vedro-2/","source":"www.padovanews.it","date":"2026-10-09T23:00:00Z","tipo":"Terrorismo","severidad":4,"lugar":"Italy","pais_iso3":"ITA","precision":"país","origen":"mundo","actores":"Terrorist","articulos":10,"arma":null,"via":"GDELT 2.0 (evento codificado; el título sale del enlace)"}},{"type":"Feature","geometry":{"type":"Point","coordinates":[-88.75,17.25]},"properties":{"title":"Trafficking report flags cuban doctors deal belize stays tier","url":"https://www.greaterbelize.com/us-trafficking-report-flags-cuban-doctors-deal-as-belize-stays-on-tier-2/","source":"www.greaterbelize.com","date":"2026-10-09T22:45:00Z","tipo":"Crimen organizado","severidad":3,"lugar":"Belize","pais_iso3":"BLZ","precision":"país","origen":"mundo","actores":"Trafficker","articulos":10,"arma":null,"via":"GDELT 2.0 (evento codificado; el título sale del enlace)"}},{"type":"Feature","geometry":{"type":"Point","coordinates":[-93.92,45.733]},"properties":{"title":"Newsroom trump mike rogers completely obliterated abdul sayed contentious senate debate","url":"https://www.oann.com/newsroom/trump-mike-rogers-completely-obliterated-abdul-el-sayed-in-contentious-u-s-senate-debate/","source":"www.oann.com","date":"2026-10-09T22:45:00Z","tipo":"Crimen organizado","severidad":4,"lugar":"Minnesota, United States","pais_iso3":"USA","precision":"estado","origen":"mundo","actores":"Illegal Immigrant → United States","articulos":4,"arma":null,"via":"GDELT 2.0 (evento codificado; el título sale del enlace)"}},{"type":"Feature","geometry":{"type":"Point","coordinates":[18.369,-33.806]},"properties":{"title":"World article navi pillay south african judge wins nobel peace prize","url":"https://www.theglobeandmail.com/world/article-navi-pillay-south-african-judge-wins-nobel-peace-prize/","source":"www.theglobeandmail.com","date":"2026-10-09T22:45:00Z","tipo":"Crimen organizado","severidad":4,"lugar":"Robben Island, Western Cape, South Africa","pais_iso3":"","precision":"ciudad","origen":"mundo","actores":"Judge → Criminal","articulos":2,"arma":null,"via":"GDELT 2.0 (evento codificado; el título sale del enlace)"}},{"type":"Feature","geometry":{"type":"Point","coordinates":[-117.752,34.055]},"properties":{"title":"News national mexican mafia suspects charged with shaking down county business ordering shooting article html","url":"https://hanfordsentinel.com/news/national/mexican-mafia-suspects-charged-with-shaking-down-la-county-business-ordering-shooting/article_b9f53b0b-874b-5843-b0ca-4702c45d92be.html","source":"hanfordsentinel.com","date":"2026-10-09T22:45:00Z","tipo":"Mafia","severidad":3,"lugar":"Pomona, California, United States","pais_iso3":"USA","precision":"ciudad","origen":"mundo","actores":"Mexican","articulos":3,"arma":null,"via":"GDELT 2.0 (evento codificado; el título sale del enlace)"}},{"type":"Feature","geometry":{"type":"Point","coordinates":[34.75,31.5]},"properties":{"title":"Catherinesalgado fort hood survivor plans attend jihadis execution look him the eyes","url":"https://pjmedia.com/catherinesalgado/2026/10/09/fort-hood-survivor-plans-to-attend-jihadis-execution-look-him-in-the-eyes-n4958156","source":"pjmedia.com","date":"2026-10-09T22:45:00Z","tipo":"Terrorismo","severidad":4,"lugar":"Israel","pais_iso3":"ISR","precision":"país","origen":"mundo","actores":"Muslim → Muslim","articulos":4,"arma":null,"via":"GDELT 2.0 (evento codificado; el título sale del enlace)"}},{"type":"Feature","geometry":{"type":"Point","coordinates":[7.494,6.44]},"properties":{"title":"News top news court gives abba kyari others final chance file defence witnesses list cocaine trial html","url":"https://www.premiumtimesng.com/news/top-news/915762-court-gives-abba-kyari-others-final-chance-to-file-defence-witnesses-list-in-cocaine-trial.html","source":"www.premiumtimesng.com","date":"2026-10-09T22:30:00Z","tipo":"Narcotráfico","severidad":4,"lugar":"Enugu, Enugu, Nigeria","pais_iso3":"NGA","precision":"ciudad","origen":"mundo","actores":"Law Enforcement Agency → Trafficker","articulos":10,"arma":null,"via":"GDELT 2.0 (evento codificado; el título sale del enlace)"}},{"type":"Feature","geometry":{"type":"Point","coordinates":[105.0,35.0]},"properties":{"title":"News one chinese two local security personnel killed nigeria","url":"http://www.nigeriasun.com/news/279362227/one-chinese-two-local-security-personnel-killed-in-nw-nigeria","source":"www.nigeriasun.com","date":"2026-10-09T22:30:00Z","tipo":"Terrorismo","severidad":4,"lugar":"China","pais_iso3":"CHN","precision":"país","origen":"mundo","actores":"Police → Terrorist","articulos":4,"arma":null,"via":"GDELT 2.0 (evento codificado; el título sale del enlace)"}},{"type":"Feature","geometry":{"type":"Point","coordinates":[-104.667,41.35]},"properties":{"title":"Authorities use chemical irritant grenade arrest former wyoming journalist","url":"https://wyofile.com/authorities-use-chemical-irritant-grenade-to-arrest-former-wyoming-journalist/","source":"wyofile.com","date":"2026-10-09T22:30:00Z","tipo":"Crimen organizado","severidad":3,"lugar":"Laramie County, Wyoming, United States","pais_iso3":"USA","precision":"ciudad","origen":"mundo","actores":"Criminal","articulos":8,"arma":"Bomba o explosivo","via":"GDELT 2.0 (evento codificado; el título sale del enlace)"}},{"type":"Feature","geometry":{"type":"Point","coordinates":[73.167,33.7]},"properties":{"title":"Why afghanistans neighbors have not backed pakistans strikes the taliban","url":"https://thediplomat.com/2026/10/why-afghanistans-neighbors-have-not-backed-pakistans-strikes-on-the-taliban/","source":"thediplomat.com","date":"2026-10-09T21:45:00Z","tipo":"Insurgencia","severidad":4,"lugar":"Islamabad, Islamabad, Pakistan","pais_iso3":"PAK","precision":"ciudad","origen":"mundo","actores":"Taliban → Afghan","articulos":10,"arma":null,"via":"GDELT 2.0 (evento codificado; el título sale del enlace)"}},{"type":"Feature","geometry":{"type":"Point","coordinates":[-68.666,45.251]},"properties":{"title":"News local woman accused threatening eat man while holding knife bangor center street sarea duane penobscot county jail criminal threatening with dangerous weapon","url":"https://fox23maine.com/news/local/woman-accused-of-threatening-to-eat-man-while-holding-knife-bangor-center-street-sarea-duane-penobscot-county-jail-criminal-threatening-with-a-dangerous-weapon","source":"fox23maine.com","date":"2026-10-09T21:45:00Z","tipo":"Crimen organizado","severidad":3,"lugar":"Penobscot County, Maine, United States","pais_iso3":"USA","precision":"ciudad","origen":"mundo","actores":"Police → Criminal","articulos":6,"arma":null,"via":"GDELT 2.0 (evento codificado; el título sale del enlace)"}},{"type":"Feature","geometry":{"type":"Point","coordinates":[144.967,-37.817]},"properties":{"title":"Crimen organizado: Gang (Melbourne, Victoria, Australia)","url":"https://home.nzcity.co.nz/news/article.aspx?id=455692&fm=psp,tst","source":"home.nzcity.co.nz","date":"2026-10-09T21:45:00Z","tipo":"Crimen organizado","severidad":4,"lugar":"Melbourne, Victoria, Australia","pais_iso3":"AUS","precision":"ciudad","origen":"mundo","actores":"Gang","articulos":20,"arma":null,"via":"GDELT 2.0 (evento codificado; el título sale del enlace)"}},{"type":"Feature","geometry":{"type":"Point","coordinates":[34.75,31.5]},"properties":{"title":"National nsw man charged over offensive behaviour bridge centre bondi attack html","url":"https://www.smh.com.au/national/nsw/man-charged-over-offensive-behaviour-on-bridge-at-centre-of-bondi-attack-20261010-p614cr.html","source":"www.smh.com.au","date":"2026-10-09T21:45:00Z","tipo":"Grupo armado","severidad":4,"lugar":"Israel","pais_iso3":"ISR","precision":"país","origen":"mundo","actores":"Israel → Gunmen","articulos":4,"arma":null,"via":"GDELT 2.0 (evento codificado; el título sale del enlace)"}},{"type":"Feature","geometry":{"type":"Point","coordinates":[46.773,24.641]},"properties":{"title":"Article airlines suspend flights saudi capital after devastating ansarallah strikes airport","url":"https://www.sott.net/article/508808-Airlines-suspend-flights-to-Saudi-capital-after-devastating-Ansarallah-strikes-on-airport","source":"www.sott.net","date":"2026-10-09T21:45:00Z","tipo":"Grupo rebelde","severidad":3,"lugar":"Riyadh, Ar Riya?, Saudi Arabia","pais_iso3":"SAU","precision":"ciudad","origen":"mundo","actores":"Rebel → Airline","articulos":2,"arma":null,"via":"GDELT 2.0 (evento codificado; el título sale del enlace)"}},{"type":"Feature","geometry":{"type":"Point","coordinates":[60.863,29.496]},"properties":{"title":"Iranian troops police targeted deadly attacks armed groups intensify assaults southeast","url":"https://www.ibtimes.com/iranian-troops-police-targeted-deadly-attacks-armed-groups-intensify-assaults-southeast-3808430","source":"www.ibtimes.com","date":"2026-10-09T21:45:00Z","tipo":"Grupo armado","severidad":4,"lugar":"Zahedan, Sistan va Baluchestan, Iran","pais_iso3":"IRN","precision":"ciudad","origen":"mundo","actores":"Gunmen → Police","articulos":2,"arma":null,"via":"GDELT 2.0 (evento codificado; el título sale del enlace)"}},{"type":"Feature","geometry":{"type":"Point","coordinates":[-73.965,40.598]},"properties":{"title":"Mole men emerge sewer manhole nyc upper east side","url":"https://www.nydailynews.com/2026/10/09/mole-men-emerge-sewer-manhole-nyc-upper-east-side/","source":"www.nydailynews.com","date":"2026-10-09T21:45:00Z","tipo":"Crimen organizado","severidad":3,"lugar":"Gravesend, New York, United States","pais_iso3":"","precision":"ciudad","origen":"mundo","actores":"United States → Criminal","articulos":2,"arma":null,"via":"GDELT 2.0 (evento codificado; el título sale del enlace)"}},{"type":"Feature","geometry":{"type":"Point","coordinates":[28.083,-26.2]},"properties":{"title":"News top stories three suspected cit robbers shot dead johannesburg","url":"https://www.enca.com/news-top-stories/three-suspected-cit-robbers-shot-dead-johannesburg","source":"www.enca.com","date":"2026-10-09T21:30:00Z","tipo":"Crimen organizado","severidad":4,"lugar":"Johannesburg, Gauteng, South Africa","pais_iso3":"ZAF","precision":"ciudad","origen":"mundo","actores":"Africa → Robber","articulos":4,"arma":null,"via":"GDELT 2.0 (evento codificado; el título sale del enlace)"}},{"type":"Feature","geometry":{"type":"Point","coordinates":[-118.244,34.052]},"properties":{"title":"Jenvanlaar city councilwoman representing skid row speaks after federal drug raid and its shock","url":"https://redstate.com/jenvanlaar/2026/10/09/la-city-councilwoman-representing-skid-row-speaks-up-after-federal-drug-raid-and-its-no-shock-n2207938","source":"redstate.com","date":"2026-10-09T21:30:00Z","tipo":"Narcotráfico","severidad":4,"lugar":"Los Angeles, California, United States","pais_iso3":"USA","precision":"ciudad","origen":"mundo","actores":"Drug Trafficker → Population","articulos":5,"arma":null,"via":"GDELT 2.0 (evento codificado; el título sale del enlace)"}},{"type":"Feature","geometry":{"type":"Point","coordinates":[-87.633,41.88]},"properties":{"title":"Valparaiso vigil sexual assaults college campuses","url":"https://www.chicagotribune.com/2026/10/09/valparaiso-vigil-sexual-assaults-college-campuses/","source":"www.chicagotribune.com","date":"2026-10-09T21:30:00Z","tipo":"Crimen organizado","severidad":4,"lugar":"Cornell University, Illinois, United States","pais_iso3":"USA","precision":"ciudad","origen":"mundo","actores":"Gang → University","articulos":2,"arma":null,"via":"GDELT 2.0 (evento codificado; el título sale del enlace)"}},{"type":"Feature","geometry":{"type":"Point","coordinates":[-105.327,39.065]},"properties":{"title":"Newsweek reports ice will not halt new york enforcement after bronx shooting plus mike ditka death nobel peace prize announcement and major hurricane nearing the gulf coast html","url":"https://newsroomamerica.com/a/Ogy2QuM0Ed2wQiesaONlEEFKguv/newsweek_reports_ice_will_not_halt_new_york_enforcement_after_a_bronx_shooting_plus_mike_ditka_s_death_a_nobel_peace_prize_announcement_and_a_major_hurricane_nearing_the_gulf_coast.html","source":"newsroomamerica.com","date":"2026-10-09T21:30:00Z","tipo":"Crimen organizado","severidad":3,"lugar":"Colorado, United States","pais_iso3":"USA","precision":"estado","origen":"mundo","actores":"United States → Gang","articulos":4,"arma":null,"via":"GDELT 2.0 (evento codificado; el título sale del enlace)"}},{"type":"Feature","geometry":{"type":"Point","coordinates":[34.873,3.706]},"properties":{"title":"News report raises alarm over kenyas trafficking prosecution record","url":"https://www.the-star.co.ke/news/2026-10-09-us-report-raises-alarm-over-kenyas-trafficking-prosecution-record","source":"www.the-star.co.ke","date":"2026-10-09T21:15:00Z","tipo":"Crimen organizado","severidad":3,"lugar":"Kakuma, Rift Valley, Kenya","pais_iso3":"KEN","precision":"ciudad","origen":"mundo","actores":"Prison → Trafficker","articulos":10,"arma":null,"via":"GDELT 2.0 (evento codificado; el título sale del enlace)"}},{"type":"Feature","geometry":{"type":"Point","coordinates":[51.68,35.482]},"properties":{"title":"News oct fort hood public execution iran","url":"https://www.theguardian.com/us-news/2026/oct/09/fort-hood-public-execution-us-iran","source":"www.theguardian.com","date":"2026-10-09T21:15:00Z","tipo":"Crimen organizado","severidad":4,"lugar":"Pakdasht, Tehran, Iran","pais_iso3":"IRN","precision":"ciudad","origen":"mundo","actores":"Small Town → Serial Killer","articulos":2,"arma":null,"via":"GDELT 2.0 (evento codificado; el título sale del enlace)"}},{"type":"Feature","geometry":{"type":"Point","coordinates":[70.0,30.0]},"properties":{"title":"Pakistan turkiye sign agreement strengthen security cooperation","url":"https://www.radio.gov.pk/09-10-2026/pakistan-turkiye-sign-agreement-to-strengthen-security-cooperation","source":"www.radio.gov.pk","date":"2026-10-09T21:15:00Z","tipo":"Mafia","severidad":3,"lugar":"Pakistan","pais_iso3":"PAK","precision":"país","origen":"mundo","actores":"Interior Minist → Mafia","articulos":7,"arma":null,"via":"GDELT 2.0 (evento codificado; el título sale del enlace)"}},{"type":"Feature","geometry":{"type":"Point","coordinates":[-77.05,-12.05]},"properties":{"title":"Vertical galleries article vance says wont watch execution nidal hasan livestreamed html","url":"https://www.dailymail.com/vertical-galleries/article-16197627/Vance-says-wont-watch-execution-Nidal-Hasan-livestreamed.html","source":"www.dailymail.com","date":"2026-10-09T21:15:00Z","tipo":"Terrorismo","severidad":3,"lugar":"Lima, Lima, Peru","pais_iso3":"PER","precision":"ciudad","origen":"mundo","actores":"President → Terrorist","articulos":4,"arma":null,"via":"GDELT 2.0 (evento codificado; el título sale del enlace)"}},{"type":"Feature","geometry":{"type":"Point","coordinates":[23.833,38.15]},"properties":{"title":"Society wolf captured near athens after suspected attacks runners","url":"http://www.bgnes.com/society/wolf-captured-near-athens-after-suspected-attacks-on-runners","source":"www.bgnes.com","date":"2026-10-09T21:15:00Z","tipo":"Crimen organizado","severidad":4,"lugar":"Kryoneri, Perifereia Attikis, Greece","pais_iso3":"GRC","precision":"ciudad","origen":"mundo","actores":"Greece → Runner","articulos":2,"arma":null,"via":"GDELT 2.0 (evento codificado; el título sale del enlace)"}},{"type":"Feature","geometry":{"type":"Point","coordinates":[48.0,6.0]},"properties":{"title":"Articles trump openly incites race war calling for fight against somalis minnesota","url":"https://truthout.org/articles/trump-openly-incites-race-war-calling-for-fight-against-somalis-in-minnesota/","source":"truthout.org","date":"2026-10-09T21:15:00Z","tipo":"Crimen organizado","severidad":4,"lugar":"Somalia","pais_iso3":"SOM","precision":"país","origen":"mundo","actores":"Somalia → Assailant","articulos":2,"arma":null,"via":"GDELT 2.0 (evento codificado; el título sale del enlace)"}},{"type":"Feature","geometry":{"type":"Point","coordinates":[-74.938,42.15]},"properties":{"title":"News local watch news anchor john carlin recounts his visit ground zero","url":"https://www.wsls.com/news/local/2026/10/09/watch-10-news-anchor-john-carlin-recounts-his-visit-to-ground-zero/","source":"www.wsls.com","date":"2026-10-09T21:15:00Z","tipo":"Terrorismo","severidad":4,"lugar":"New York, United States","pais_iso3":"USA","precision":"estado","origen":"mundo","actores":"Terrorist","articulos":10,"arma":"Ataque aéreo","via":"GDELT 2.0 (evento codificado; el título sale del enlace)"}},{"type":"Feature","geometry":{"type":"Point","coordinates":[-78.206,37.768]},"properties":{"title":"News local watch southwest virginia reflects impacts","url":"https://www.wsls.com/news/local/2026/10/09/watch-southwest-virginia-reflects-on-impacts-of-911/","source":"www.wsls.com","date":"2026-10-09T21:15:00Z","tipo":"Terrorismo","severidad":4,"lugar":"Virginia, United States","pais_iso3":"USA","precision":"estado","origen":"mundo","actores":"Terrorist","articulos":20,"arma":"Ataque aéreo","via":"GDELT 2.0 (evento codificado; el título sale del enlace)"}},{"type":"Feature","geometry":{"type":"Point","coordinates":[-2.267,53.533]},"properties":{"title":"Terrorismo: Terrorist → Worshipper (Heaton Park, Manchester, United Kingdom)","url":"http://www.jpost.com/opinion/article-911054","source":"www.jpost.com","date":"2026-10-09T21:00:00Z","tipo":"Terrorismo","severidad":4,"lugar":"Heaton Park, Manchester, United Kingdom","pais_iso3":"GBR","precision":"ciudad","origen":"mundo","actores":"Terrorist → Worshipper","articulos":8,"arma":null,"via":"GDELT 2.0 (evento codificado; el título sale del enlace)"}},{"type":"Feature","geometry":{"type":"Point","coordinates":[-2.267,53.533]},"properties":{"title":"Grupo armado: Settler (Heaton Park, Manchester, United Kingdom)","url":"http://www.jpost.com/opinion/article-911054","source":"www.jpost.com","date":"2026-10-09T21:00:00Z","tipo":"Grupo armado","severidad":5,"lugar":"Heaton Park, Manchester, United Kingdom","pais_iso3":"GBR","precision":"ciudad","origen":"mundo","actores":"Settler","articulos":8,"arma":null,"via":"GDELT 2.0 (evento codificado; el título sale del enlace)"}},{"type":"Feature","geometry":{"type":"Point","coordinates":[-76.79,39.072]},"properties":{"title":"Dougp tmz getting ratioed into the sun for this take nyc ice shooting did mamdani write this","url":"https://twitchy.com/dougp/2026/10/09/tmz-is-getting-ratioed-into-the-sun-for-this-take-on-nyc-ice-shooting-did-mamdani-write-this-n2433137","source":"twitchy.com","date":"2026-10-09T21:00:00Z","tipo":"Crimen organizado","severidad":4,"lugar":"Maryland, United States","pais_iso3":"USA","precision":"estado","origen":"mundo","actores":"Dominican","articulos":10,"arma":null,"via":"GDELT 2.0 (evento codificado; el título sale del enlace)"}},{"type":"Feature","geometry":{"type":"Point","coordinates":[22.0,39.0]},"properties":{"title":"News cornell university rape allegation spotlights fraternity culture","url":"https://www.abc.net.au/news/2026-10-10/cornell-university-rape-allegation-spotlights-fraternity-culture/107231536","source":"www.abc.net.au","date":"2026-10-09T21:00:00Z","tipo":"Crimen organizado","severidad":4,"lugar":"Greece","pais_iso3":"GRC","precision":"país","origen":"mundo","actores":"Gang","articulos":10,"arma":null,"via":"GDELT 2.0 (evento codificado; el título sale del enlace)"}},{"type":"Feature","geometry":{"type":"Point","coordinates":[-70.667,19.0]},"properties":{"title":"News article ice shooting bronx judge deportation halted oscar bergal html","url":"https://www.dailymail.com/news/article-16197241/ICE-shooting-Bronx-judge-deportation-halted-Oscar-Bergal.html","source":"www.dailymail.com","date":"2026-10-09T21:00:00Z","tipo":"Crimen organizado","severidad":4,"lugar":"Dominican Republic","pais_iso3":"DOM","precision":"país","origen":"mundo","actores":"Dominican Republic → Criminal","articulos":2,"arma":null,"via":"GDELT 2.0 (evento codificado; el título sale del enlace)"}},{"type":"Feature","geometry":{"type":"Point","coordinates":[53.0,32.0]},"properties":{"title":"Grupo armado: Iran → Saudi Arabia (Iran)","url":"http://www.jpost.com/opinion/article-911190","source":"www.jpost.com","date":"2026-10-09T21:00:00Z","tipo":"Grupo armado","severidad":4,"lugar":"Iran","pais_iso3":"IRN","precision":"país","origen":"mundo","actores":"Iran → Saudi Arabia","articulos":4,"arma":null,"via":"GDELT 2.0 (evento codificado; el título sale del enlace)"}},{"type":"Feature","geometry":{"type":"Point","coordinates":[-2.267,53.533]},"properties":{"title":"Grupo rebelde: Newspaper → Hamas (Heaton Park, Manchester, United Kingdom)","url":"http://www.jpost.com/opinion/article-911054","source":"www.jpost.com","date":"2026-10-09T21:00:00Z","tipo":"Grupo rebelde","severidad":5,"lugar":"Heaton Park, Manchester, United Kingdom","pais_iso3":"GBR","precision":"ciudad","origen":"mundo","actores":"Newspaper → Hamas","articulos":10,"arma":null,"via":"GDELT 2.0 (evento codificado; el título sale del enlace)"}},{"type":"Feature","geometry":{"type":"Point","coordinates":[44.28,13.318]},"properties":{"title":"Three saudis killed assault targeting riyadh airport","url":"https://jowhar.com/three-saudis-killed-in-assault-targeting-riyadh-airport/","source":"jowhar.com","date":"2026-10-09T21:00:00Z","tipo":"Grupo armado","severidad":4,"lugar":"Hayfan, Taizz, Yemen","pais_iso3":"YEM","precision":"ciudad","origen":"mundo","actores":"Saudi → Fighter","articulos":6,"arma":null,"via":"GDELT 2.0 (evento codificado; el título sale del enlace)"}},{"type":"Feature","geometry":{"type":"Point","coordinates":[11.983,43.267]},"properties":{"title":"News wine heist italy red","url":"https://globalnews.ca/news/12097413/wine-heist-italy-red/","source":"globalnews.ca","date":"2026-10-09T20:30:00Z","tipo":"Crimen organizado","severidad":3,"lugar":"Cortona, Toscana, Italy","pais_iso3":"ITA","precision":"ciudad","origen":"mundo","actores":"Thieves","articulos":5,"arma":null,"via":"GDELT 2.0 (evento codificado; el título sale del enlace)"}},{"type":"Feature","geometry":{"type":"Point","coordinates":[69.183,34.517]},"properties":{"title":"France technical talks with taliban deportation afghans html","url":"https://www.voanews.com/a/france-in-technical-talks-with-taliban-on-deportation-of-afghans/8209650.html","source":"www.voanews.com","date":"2026-10-09T20:30:00Z","tipo":"Insurgencia","severidad":3,"lugar":"Kabul, Kabol, Afghanistan","pais_iso3":"AFG","precision":"ciudad","origen":"mundo","actores":"Taliban → Government","articulos":10,"arma":null,"via":"GDELT 2.0 (evento codificado; el título sale del enlace)"}},{"type":"Feature","geometry":{"type":"Point","coordinates":[34.75,31.5]},"properties":{"title":"Middle east lebanon says wounded attack that israel says targeted pro iran syrian operative","url":"https://www.arabnews.com/middle-east/lebanon-says-6-wounded-in-attack-that-israel-says-targeted-pro-iran-syrian-operative-3005524","source":"www.arabnews.com","date":"2026-10-09T20:30:00Z","tipo":"Crimen organizado","severidad":4,"lugar":"Israel","pais_iso3":"ISR","precision":"país","origen":"mundo","actores":"Israeli → Assailant","articulos":8,"arma":null,"via":"GDELT 2.0 (evento codificado; el título sale del enlace)"}},{"type":"Feature","geometry":{"type":"Point","coordinates":[-80.809,40.126]},"properties":{"title":"Gunman pleads guilty deadly triple shooting colerain twp bar","url":"https://www.fox19.com/2026/10/09/gunman-pleads-guilty-deadly-triple-shooting-colerain-twp-bar/","source":"www.fox19.com","date":"2026-10-09T20:30:00Z","tipo":"Grupo armado","severidad":3,"lugar":"Colerain, Ohio, United States","pais_iso3":"USA","precision":"ciudad","origen":"mundo","actores":"Gunman","articulos":2,"arma":null,"via":"GDELT 2.0 (evento codificado; el título sale del enlace)"}},{"type":"Feature","geometry":{"type":"Point","coordinates":[38.0,35.0]},"properties":{"title":"News woman married isis fighter pleads guilty terrorism charge","url":"https://globalnews.ca/news/12097631/bc-woman-married-isis-fighter-pleads-guilty-terrorism-charge/","source":"globalnews.ca","date":"2026-10-09T20:30:00Z","tipo":"Terrorismo","severidad":4,"lugar":"Syria","pais_iso3":"SYR","precision":"país","origen":"mundo","actores":"Fighter","articulos":8,"arma":"Bomba o explosivo","via":"GDELT 2.0 (evento codificado; el título sale del enlace)"}},{"type":"Feature","geometry":{"type":"Point","coordinates":[50.206,30.669]},"properties":{"title":"Iran and its allied militias continue attacks iraqs kurdistan html","url":"https://www.voanews.com/a/iran-and-its-allied-militias-continue-attacks-on-iraqs-kurdistan/8209666.html","source":"www.voanews.com","date":"2026-10-09T20:30:00Z","tipo":"Grupo armado","severidad":4,"lugar":"Kurdistan, Khuzestan, Iran","pais_iso3":"IRN","precision":"ciudad","origen":"mundo","actores":"Militia → Iraq","articulos":2,"arma":"Bomba o explosivo","via":"GDELT 2.0 (evento codificado; el título sale del enlace)"}},{"type":"Feature","geometry":{"type":"Point","coordinates":[-97.709,31.255]},"properties":{"title":"Vance not watching fort hood shooter execution","url":"https://www.tmz.com/2026/10/09/jd-vance-not-watching-fort-hood-shooter-execution/","source":"www.tmz.com","date":"2026-10-09T20:30:00Z","tipo":"Grupo armado","severidad":3,"lugar":"Fort Hood, Texas, United States","pais_iso3":"USA","precision":"ciudad","origen":"mundo","actores":"United States → United States","articulos":2,"arma":null,"via":"GDELT 2.0 (evento codificado; el título sale del enlace)"}},{"type":"Feature","geometry":{"type":"Point","coordinates":[44.791,41.725]},"properties":{"title":"Crimen organizado: Illegal Migrant (Tbilisi, Georgia (general), Georgia)","url":"https://www.eng.kavkaz-uzel.eu/articles/79257","source":"www.eng.kavkaz-uzel.eu","date":"2026-10-09T20:15:00Z","tipo":"Crimen organizado","severidad":3,"lugar":"Tbilisi, Georgia (general), Georgia","pais_iso3":"GEO","precision":"ciudad","origen":"mundo","actores":"Illegal Migrant","articulos":8,"arma":null,"via":"GDELT 2.0 (evento codificado; el título sale del enlace)"}},{"type":"Feature","geometry":{"type":"Point","coordinates":[100.0,60.0]},"properties":{"title":"Crimen organizado: Illegal Migrant (Russia)","url":"https://www.eng.kavkaz-uzel.eu/articles/79257","source":"www.eng.kavkaz-uzel.eu","date":"2026-10-09T20:15:00Z","tipo":"Crimen organizado","severidad":3,"lugar":"Russia","pais_iso3":"RUS","precision":"país","origen":"mundo","actores":"Illegal Migrant","articulos":2,"arma":null,"via":"GDELT 2.0 (evento codificado; el título sale del enlace)"}},{"type":"Feature","geometry":{"type":"Point","coordinates":[-97.709,31.255]},"properties":{"title":"News article vance casts doubt fort hood firing squad livestream says wont watch killing html","url":"https://www.dailymail.com/news/article-16197375/JD-Vance-casts-doubt-Fort-Hood-firing-squad-livestream-says-wont-watch-killing.html","source":"www.dailymail.com","date":"2026-10-09T20:15:00Z","tipo":"Terrorismo","severidad":3,"lugar":"Fort Hood, Texas, United States","pais_iso3":"USA","precision":"ciudad","origen":"mundo","actores":"President → Terrorist","articulos":10,"arma":null,"via":"GDELT 2.0 (evento codificado; el título sale del enlace)"}},{"type":"Feature","geometry":{"type":"Point","coordinates":[35.233,31.767]},"properties":{"title":"News israel news iron dome milestone first american made israeli missile interceptors delivered arkansas html","url":"https://www.theyeshivaworld.com/news/israel-news/2607722/iron-dome-milestone-first-american-made-israeli-missile-interceptors-delivered-in-arkansas.html","source":"www.theyeshivaworld.com","date":"2026-10-09T20:15:00Z","tipo":"Grupo rebelde","severidad":4,"lugar":"Jerusalem, Israel (general), Israel","pais_iso3":"PSE","precision":"ciudad","origen":"mundo","actores":"Israeli → Hamas","articulos":5,"arma":"Misiles o cohetes","via":"GDELT 2.0 (evento codificado; el título sale del enlace)"}},{"type":"Feature","geometry":{"type":"Point","coordinates":[34.333,31.417]},"properties":{"title":"Brief sudan attack horrific israeli","url":"https://www.miragenews.com/un-brief-sudan-attack-horrific-israeli-1758029/","source":"www.miragenews.com","date":"2026-10-09T20:15:00Z","tipo":"Grupo rebelde","severidad":4,"lugar":"Gaza, Israel (general), Israel","pais_iso3":"PSE","precision":"ciudad","origen":"mundo","actores":"Hamas → Israel","articulos":2,"arma":null,"via":"GDELT 2.0 (evento codificado; el título sale del enlace)"}},{"type":"Feature","geometry":{"type":"Point","coordinates":[46.773,24.641]},"properties":{"title":"News gulf saudi airline pilot among three killed attacks riyadh airport","url":"https://www.thenationalnews.com/news/gulf/2026/10/09/saudi-airline-pilot-among-three-killed-in-attacks-on-riyadh-airport/","source":"www.thenationalnews.com","date":"2026-10-09T20:15:00Z","tipo":"Terrorismo","severidad":4,"lugar":"Riyadh, Ar Riya?, Saudi Arabia","pais_iso3":"SAU","precision":"ciudad","origen":"mundo","actores":"Terrorist → Civilian","articulos":5,"arma":null,"via":"GDELT 2.0 (evento codificado; el título sale del enlace)"}},{"type":"Feature","geometry":{"type":"Point","coordinates":[-82.775,40.374]},"properties":{"title":"Case dismissed against adults after children found deplorable home looked like feral animals","url":"https://www.mysuncoast.com/2026/10/08/case-dismissed-against-1-4-adults-after-16-children-found-deplorable-home-looked-like-feral-animals/","source":"www.mysuncoast.com","date":"2026-10-09T20:15:00Z","tipo":"Crimen organizado","severidad":4,"lugar":"Ohio, United States","pais_iso3":"USA","precision":"estado","origen":"mundo","actores":"Ohio → Criminal","articulos":8,"arma":null,"via":"GDELT 2.0 (evento codificado; el título sale del enlace)"}},{"type":"Feature","geometry":{"type":"Point","coordinates":[151.225,-33.549]},"properties":{"title":"News the only one first look images exclusive","url":"https://www.dreadcentral.com/news/590699/the-only-one-first-look-images-exclusive/","source":"www.dreadcentral.com","date":"2026-10-09T20:00:00Z","tipo":"Crimen organizado","severidad":3,"lugar":"Brooklyn, New South Wales, Australia","pais_iso3":"AUS","precision":"ciudad","origen":"mundo","actores":"Serial Killer","articulos":10,"arma":null,"via":"GDELT 2.0 (evento codificado; el título sale del enlace)"}},{"type":"Feature","geometry":{"type":"Point","coordinates":[72.9,20.967]},"properties":{"title":"City noida man way home from work stabbed death ghaziabad articleshow cms","url":"https://timesofindia.indiatimes.com/city/noida/man-on-way-home-from-work-stabbed-to-death-in-ghaziabad/articleshow/134842328.cms","source":"timesofindia.indiatimes.com","date":"2026-10-09T20:00:00Z","tipo":"Crimen organizado","severidad":3,"lugar":"Jalalpur, Gujarat, India","pais_iso3":"IND","precision":"ciudad","origen":"mundo","actores":"Assailant","articulos":8,"arma":null,"via":"GDELT 2.0 (evento codificado; el título sale del enlace)"}},{"type":"Feature","geometry":{"type":"Point","coordinates":[38.0,35.0]},"properties":{"title":"Grupo armado: Iran (Syria)","url":"https://www.israelnationalnews.com/flashes/695069","source":"www.israelnationalnews.com","date":"2026-10-09T20:00:00Z","tipo":"Grupo armado","severidad":4,"lugar":"Syria","pais_iso3":"SYR","precision":"país","origen":"mundo","actores":"Iran","articulos":2,"arma":null,"via":"GDELT 2.0 (evento codificado; el título sale del enlace)"}},{"type":"Feature","geometry":{"type":"Point","coordinates":[0.583,51.833]},"properties":{"title":"News uprising film peasants revolt role blackheath played","url":"https://www.newsshopper.co.uk/news/26618639.uprising-film-peasants-revolt-role-blackheath-played/","source":"www.newsshopper.co.uk","date":"2026-10-09T20:00:00Z","tipo":"Grupo rebelde","severidad":3,"lugar":"Essex, Essex, United Kingdom","pais_iso3":"GBR","precision":"estado","origen":"mundo","actores":"Rebel → London","articulos":2,"arma":null,"via":"GDELT 2.0 (evento codificado; el título sale del enlace)"}},{"type":"Feature","geometry":{"type":"Point","coordinates":[-6.83,34.02]},"properties":{"title":"Moroccos king mohammed urges new migration vision and equal partnership","url":"https://www.italpress.com/moroccos-king-mohammed-vi-urges-new-migration-vision-and-equal-eu-partnership/","source":"www.italpress.com","date":"2026-10-09T20:00:00Z","tipo":"Crimen organizado","severidad":4,"lugar":"Rabat, Rabat-Saléemmour-ZaëMO, Morocco","pais_iso3":"MAR","precision":"ciudad","origen":"mundo","actores":"Refugee → Criminal","articulos":5,"arma":null,"via":"GDELT 2.0 (evento codificado; el título sale del enlace)"}},{"type":"Feature","geometry":{"type":"Point","coordinates":[38.0,35.0]},"properties":{"title":"Terrorismo: Terrorist (Syria)","url":"https://www.israelnationalnews.com/flashes/695069","source":"www.israelnationalnews.com","date":"2026-10-09T20:00:00Z","tipo":"Terrorismo","severidad":4,"lugar":"Syria","pais_iso3":"SYR","precision":"país","origen":"mundo","actores":"Terrorist","articulos":6,"arma":null,"via":"GDELT 2.0 (evento codificado; el título sale del enlace)"}},{"type":"Feature","geometry":{"type":"Point","coordinates":[34.75,31.5]},"properties":{"title":"News frederick haynes wired woman topless photo lawsuit html","url":"https://www.christianpost.com/news/frederick-haynes-wired-2k-to-woman-in-topless-photo-lawsuit.html","source":"www.christianpost.com","date":"2026-10-09T20:00:00Z","tipo":"Terrorismo","severidad":4,"lugar":"Israel","pais_iso3":"ISR","precision":"país","origen":"mundo","actores":"United States → Terrorist","articulos":2,"arma":null,"via":"GDELT 2.0 (evento codificado; el título sale del enlace)"}},{"type":"Feature","geometry":{"type":"Point","coordinates":[6.617,9.633]},"properties":{"title":"Nigerian troops arrest alleged terrorists collaborator kaduna destroy three ieds zamfara","url":"https://saharareporters.com/2026/10/09/nigerian-troops-arrest-alleged-terrorists-collaborator-kaduna-destroy-three-ieds-zamfara","source":"saharareporters.com","date":"2026-10-09T20:00:00Z","tipo":"Terrorismo","severidad":3,"lugar":"Gurusu, Nigeria (general), Nigeria","pais_iso3":"NGA","precision":"ciudad","origen":"mundo","actores":"North West → Terrorist","articulos":2,"arma":null,"via":"GDELT 2.0 (evento codificado; el título sale del enlace)"}},{"type":"Feature","geometry":{"type":"Point","coordinates":[-74.935,40.886]},"properties":{"title":"News new york crime marble hill shooting ice immigration","url":"https://www.newsday.com/news/new-york/crime/marble-hill-shooting-ice-immigration-af5vmbc3","source":"www.newsday.com","date":"2026-10-09T19:45:00Z","tipo":"Crimen organizado","severidad":4,"lugar":"Marble Hill, New Jersey, United States","pais_iso3":"USA","precision":"ciudad","origen":"mundo","actores":"Gang","articulos":2,"arma":null,"via":"GDELT 2.0 (evento codificado; el título sale del enlace)"}},{"type":"Feature","geometry":{"type":"Point","coordinates":[-118.244,34.052]},"properties":{"title":"Nidal hasans motives the fort hood attack the risk martyrdom propaganda america","url":"https://finchannel.com/nidal-hasans-motives-in-the-fort-hood-attack-the-risk-of-martyrdom-propaganda/137578/america/2026/10/","source":"finchannel.com","date":"2026-10-09T19:45:00Z","tipo":"Insurgencia","severidad":4,"lugar":"Los Angeles, California, United States","pais_iso3":"USA","precision":"ciudad","origen":"mundo","actores":"Afghanistan → Taliban","articulos":5,"arma":null,"via":"GDELT 2.0 (evento codificado; el título sale del enlace)"}},{"type":"Feature","geometry":{"type":"Point","coordinates":[-71.51,41.677]},"properties":{"title":"News local state police arrest drug gun charges after investigation into criminal street gang rhode island cranston providence warrants october","url":"https://turnto10.com/news/local/state-police-arrest-3-on-drug-gun-charges-after-investigation-into-criminal-street-gang-rhode-island-cranston-providence-warrants-october-9-2026","source":"turnto10.com","date":"2026-10-09T19:45:00Z","tipo":"Crimen organizado","severidad":3,"lugar":"Rhode Island, United States","pais_iso3":"USA","precision":"estado","origen":"mundo","actores":"Police → Criminal","articulos":5,"arma":null,"via":"GDELT 2.0 (evento codificado; el título sale del enlace)"}},{"type":"Feature","geometry":{"type":"Point","coordinates":[77.217,28.667]},"properties":{"title":"Crimen organizado: Criminal → Police Personnel (Delhi, Delhi, India)","url":"https://www.prokerala.com/news/articles/a1822602.html","source":"www.prokerala.com","date":"2026-10-09T19:45:00Z","tipo":"Crimen organizado","severidad":4,"lugar":"Delhi, Delhi, India","pais_iso3":"IND","precision":"ciudad","origen":"mundo","actores":"Criminal → Police Personnel","articulos":5,"arma":null,"via":"GDELT 2.0 (evento codificado; el título sale del enlace)"}},{"type":"Feature","geometry":{"type":"Point","coordinates":[72.826,18.975]},"properties":{"title":"Mumbai thousands hit thane streets for bhaya mukta thane morcha against rising crime political murders","url":"https://www.freepressjournal.in/mumbai/thousands-hit-thane-streets-for-bhaya-mukta-thane-morcha-against-rising-crime-political-murders","source":"www.freepressjournal.in","date":"2026-10-09T19:45:00Z","tipo":"Crimen organizado","severidad":4,"lugar":"Mumbai, Maharashtra, India","pais_iso3":"","precision":"ciudad","origen":"mundo","actores":"Assailant → President","articulos":10,"arma":null,"via":"GDELT 2.0 (evento codificado; el título sale del enlace)"}},{"type":"Feature","geometry":{"type":"Point","coordinates":[87.967,22.017]},"properties":{"title":"India west bengal adhikari congratulates bjp candidates byelection victories","url":"https://www.freepressjournal.in/india/west-bengal-cm-adhikari-congratulates-bjp-candidates-on-byelection-victories","source":"www.freepressjournal.in","date":"2026-10-09T19:45:00Z","tipo":"Crimen organizado","severidad":3,"lugar":"Nandigram, West Bengal, India","pais_iso3":"IND","precision":"ciudad","origen":"mundo","actores":"Chief Minister → Hindu","articulos":10,"arma":null,"via":"GDELT 2.0 (evento codificado; el título sale del enlace)"}},{"type":"Feature","geometry":{"type":"Point","coordinates":[-99.52,27.48]},"properties":{"title":"Familias de desaparecidos en Nuevo Laredo denuncian acoso de marinos y piden ayuda a Sheinbaum","url":"https://www.infobae.com/mexico/2026/10/09/familias-de-desaparecidos-en-nuevo-laredo-denuncian-acoso-de-marinos-y-piden-ayuda-a-sheinbaum/","source":"Infobae México","date":"2026-10-09T19:42:02Z","lugar":"Nuevo Laredo, Tamaulipas","pais_iso3":"MEX","precision":"ciudad","origen":"mx","via":"RSS de Infobae México","tipo":"Crimen organizado","severidad":3,"arma":null}},{"type":"Feature","geometry":{"type":"Point","coordinates":[-3.983,55.95]},"properties":{"title":"News world news police hunt bru bandits after","url":"https://www.somersetlive.co.uk/news/uk-world-news/police-hunt-bru-bandits-after-11192814","source":"www.somersetlive.co.uk","date":"2026-10-09T19:30:00Z","tipo":"Crimen organizado","severidad":3,"lugar":"Cumbernauld, North Lanarkshire, United Kingdom","pais_iso3":"GBR","precision":"ciudad","origen":"mundo","actores":"Manufacturer → Bandit","articulos":2,"arma":null,"via":"GDELT 2.0 (evento codificado; el título sale del enlace)"}},{"type":"Feature","geometry":{"type":"Point","coordinates":[72.052,34.202]},"properties":{"title":"Petition seeking recovery pti mpa abdul salam afridi filed phc","url":"https://www.pakistantoday.com.pk/2026/10/09/petition-seeking-recovery-of-pti-mpa-abdul-salam-afridi-filed-in-phc","source":"www.pakistantoday.com.pk","date":"2026-10-09T19:30:00Z","tipo":"Grupo armado","severidad":4,"lugar":"Mardan, North-West Frontier, Pakistan","pais_iso3":"PAK","precision":"ciudad","origen":"mundo","actores":"Armed Men → Minist For Housing","articulos":2,"arma":null,"via":"GDELT 2.0 (evento codificado; el título sale del enlace)"}},{"type":"Feature","geometry":{"type":"Point","coordinates":[-78.206,37.768]},"properties":{"title":"Apg sister paper carroll ararat man charged with cana murder article html","url":"https://www.mtairynews.com/apg_sister_paper/carroll/ararat-man-charged-with-cana-murder/article_a67eb50d-318d-56b6-b274-d3f85b89e91d.html","source":"www.mtairynews.com","date":"2026-10-09T19:30:00Z","tipo":"Crimen organizado","severidad":3,"lugar":"Virginia, United States","pais_iso3":"USA","precision":"estado","origen":"mundo","actores":"United States → Felon","articulos":2,"arma":null,"via":"GDELT 2.0 (evento codificado; el título sale del enlace)"}},{"type":"Feature","geometry":{"type":"Point","coordinates":[-74.938,42.15]},"properties":{"title":"Entertainment best shows like monster lizzie borden","url":"https://lifehacker.com/entertainment/best-shows-like-monster-lizzie-borden","source":"lifehacker.com","date":"2026-10-09T19:15:00Z","tipo":"Crimen organizado","severidad":4,"lugar":"New York, United States","pais_iso3":"USA","precision":"estado","origen":"mundo","actores":"Sex Worker","articulos":2,"arma":null,"via":"GDELT 2.0 (evento codificado; el título sale del enlace)"}},{"type":"Feature","geometry":{"type":"Point","coordinates":[43.2,38.7]},"properties":{"title":"Issues november december features kingdom fortresses","url":"https://archaeology.org/issues/november-december-2026/features/kingdom-of-fortresses/","source":"archaeology.org","date":"2026-10-09T19:15:00Z","tipo":"Grupo rebelde","severidad":3,"lugar":"Ayanis, Van, Turkey","pais_iso3":"TUR","precision":"ciudad","origen":"mundo","actores":"Looter","articulos":5,"arma":null,"via":"GDELT 2.0 (evento codificado; el título sale del enlace)"}},{"type":"Feature","geometry":{"type":"Point","coordinates":[18.922,42.392]},"properties":{"title":"News russian military blogger expelled from nato country","url":"http://www.britainnews.net/news/279362327/russian-military-blogger-expelled-from-nato-country","source":"www.britainnews.net","date":"2026-10-09T19:15:00Z","tipo":"Crimen organizado","severidad":3,"lugar":"Cetinje, Montenegro (general), Montenegro","pais_iso3":"MNE","precision":"ciudad","origen":"mundo","actores":"Russian → Criminal","articulos":3,"arma":null,"via":"GDELT 2.0 (evento codificado; el título sale del enlace)"}},{"type":"Feature","geometry":{"type":"Point","coordinates":[85.517,25.183]},"properties":{"title":"City patna anants backing jan suraaj unsettles nda poll arithmetic articleshow cms","url":"https://timesofindia.indiatimes.com/city/patna/anants-backing-of-jan-suraaj-unsettles-nda-poll-arithmetic/articleshow/134841265.cms","source":"timesofindia.indiatimes.com","date":"2026-10-09T19:00:00Z","tipo":"Grupo rebelde","severidad":4,"lugar":"Bihar, Bihar, India","pais_iso3":"IND","precision":"ciudad","origen":"mundo","actores":"Rebellion","articulos":4,"arma":null,"via":"GDELT 2.0 (evento codificado; el título sale del enlace)"}},{"type":"Feature","geometry":{"type":"Point","coordinates":[7.44,10.523]},"properties":{"title":"News fulani gunmen kill kidnap christians kaduna state nigeria","url":"https://www.christiandaily.com/news/fulani-gunmen-kill-kidnap-christians-in-kaduna-state-nigeria","source":"www.christiandaily.com","date":"2026-10-09T19:00:00Z","tipo":"Crimen organizado","severidad":4,"lugar":"Kaduna, Kaduna, Nigeria","pais_iso3":"NGA","precision":"ciudad","origen":"mundo","actores":"Bandit","articulos":4,"arma":null,"via":"GDELT 2.0 (evento codificado; el título sale del enlace)"}},{"type":"Feature","geometry":{"type":"Point","coordinates":[34.359,11.789]},"properties":{"title":"World africa civilians killed rsf drone strike sudan displacement camp","url":"https://www.dailysabah.com/world/africa/31-civilians-killed-in-rsf-drone-strike-on-sudan-displacement-camp","source":"www.dailysabah.com","date":"2026-10-09T19:00:00Z","tipo":"Separatistas","severidad":4,"lugar":"Damazin, An Nil al Azraq, Sudan","pais_iso3":"SDN","precision":"ciudad","origen":"mundo","actores":"Sudan → Liberation Movement","articulos":3,"arma":"Drones","via":"GDELT 2.0 (evento codificado; el título sale del enlace)"}},{"type":"Feature","geometry":{"type":"Point","coordinates":[35.833,33.833]},"properties":{"title":"Grupo armado: Syrian → Reuters (Lebanon)","url":"https://www.ynetnews.com/article/r1inaiusfx","source":"www.ynetnews.com","date":"2026-10-09T19:00:00Z","tipo":"Grupo armado","severidad":3,"lugar":"Lebanon","pais_iso3":"LBN","precision":"país","origen":"mundo","actores":"Syrian → Reuters","articulos":3,"arma":null,"via":"GDELT 2.0 (evento codificado; el título sale del enlace)"}},{"type":"Feature","geometry":{"type":"Point","coordinates":[-106.41,23.25]},"properties":{"title":"Cuerpos de 12 internos asesinados en penal de Mazatlán no han sido identificados: crearán nuevo penal para reforzar sistema penitenciario","url":"https://www.infobae.com/mexico/2026/10/09/cuerpos-de-12-internos-asesinados-en-penal-de-mazatlan-no-han-sido-identificados-crearan-nuevo-penal-para-reforzar-sistema-penitenciario/","source":"Infobae México","date":"2026-10-09T18:54:52Z","lugar":"Mazatlán, Sinaloa","pais_iso3":"MEX","precision":"ciudad","origen":"mx","via":"RSS de Infobae México","tipo":"Crimen organizado","severidad":4,"arma":null}},{"type":"Feature","geometry":{"type":"Point","coordinates":[-59.533,13.167]},"properties":{"title":"Man charged with criminal damage","url":"https://nationnews.com/2026/10/09/man-charged-with-criminal-damage/","source":"nationnews.com","date":"2026-10-09T18:45:00Z","tipo":"Crimen organizado","severidad":3,"lugar":"Barbados","pais_iso3":"","precision":"país","origen":"mundo","actores":"Criminal","articulos":10,"arma":null,"via":"GDELT 2.0 (evento codificado; el título sale del enlace)"}},{"type":"Feature","geometry":{"type":"Point","coordinates":[-76.135,43.038]},"properties":{"title":"Articles ice shooting nyc sparks clash html","url":"https://www.aol.com/articles/ice-shooting-nyc-sparks-clash-170840000.html","source":"www.aol.com","date":"2026-10-09T18:45:00Z","tipo":"Crimen organizado","severidad":3,"lugar":"Syracuse University, New York, United States","pais_iso3":"USA","precision":"ciudad","origen":"mundo","actores":"Criminal → University","articulos":2,"arma":null,"via":"GDELT 2.0 (evento codificado; el título sale del enlace)"}},{"type":"Feature","geometry":{"type":"Point","coordinates":[3.896,7.388]},"properties":{"title":"Today africa october south africas navi pillay wins nobel peace prize bola tinubu fights keep fbi drug probe records sealed","url":"https://www.okayafrica.com/today-in-africa-october-9-2026-south-africas-navi-pillay-wins-nobel-peace-prize-bola-tinubu-fights-to-keep-fbi-drug-probe-records-sealed/1440648","source":"www.okayafrica.com","date":"2026-10-09T18:45:00Z","tipo":"Crimen organizado","severidad":3,"lugar":"Ibadan, Oyo, Nigeria","pais_iso3":"NGA","precision":"ciudad","origen":"mundo","actores":"Criminal → Spokesman","articulos":3,"arma":null,"via":"GDELT 2.0 (evento codificado; el título sale del enlace)"}},{"type":"Feature","geometry":{"type":"Point","coordinates":[35.233,31.767]},"properties":{"title":"Exposed pro hamas hostage negotiation lies proven wrong","url":"https://www.algemeiner.com/2026/10/09/exposed-pro-hamas-hostage-negotiation-lies-proven-wrong/","source":"www.algemeiner.com","date":"2026-10-09T18:45:00Z","tipo":"Grupo rebelde","severidad":4,"lugar":"Jerusalem, Israel (general), Israel","pais_iso3":"PSE","precision":"ciudad","origen":"mundo","actores":"Israeli → Hamas","articulos":8,"arma":null,"via":"GDELT 2.0 (evento codificado; el título sale del enlace)"}},{"type":"Feature","geometry":{"type":"Point","coordinates":[34.333,31.417]},"properties":{"title":"Israeli officer killed humvee rollover southern lebanon hezbollah disarmament stalls","url":"https://www.algemeiner.com/2026/10/09/israeli-officer-killed-humvee-rollover-southern-lebanon-hezbollah-disarmament-stalls/","source":"www.algemeiner.com","date":"2026-10-09T18:45:00Z","tipo":"Terrorismo","severidad":4,"lugar":"Gaza, Israel (general), Israel","pais_iso3":"PSE","precision":"ciudad","origen":"mundo","actores":"Israeli → Terrorist Group","articulos":3,"arma":null,"via":"GDELT 2.0 (evento codificado; el título sale del enlace)"}},{"type":"Feature","geometry":{"type":"Point","coordinates":[-73.583,45.5]},"properties":{"title":"Finding the beauty life through cambodia canadian artists paintings kelowna","url":"https://kelownacapnews.com/2026/10/09/finding-the-beauty-in-life-through-cambodia-canadian-artists-paintings-in-kelowna/","source":"kelownacapnews.com","date":"2026-10-09T18:45:00Z","tipo":"Grupo rebelde","severidad":4,"lugar":"Montreal, Quebec, Canada","pais_iso3":"CAN","precision":"ciudad","origen":"mundo","actores":"Khmer Rouge → Population","articulos":10,"arma":null,"via":"GDELT 2.0 (evento codificado; el título sale del enlace)"}},{"type":"Feature","geometry":{"type":"Point","coordinates":[-78.3,0.633]},"properties":{"title":"World south america mountains trouble bumpy road for rinehart offshore mining push html","url":"https://www.theage.com.au/world/south-america/mountains-of-trouble-bumpy-road-for-rinehart-s-offshore-mining-push-20261010-p60r4x.html","source":"www.theage.com.au","date":"2026-10-09T18:30:00Z","tipo":"Grupo rebelde","severidad":3,"lugar":"La Merced De Buenos Aires, Imbabura, Ecuador","pais_iso3":"ECU","precision":"ciudad","origen":"mundo","actores":"Colombian → Colombia","articulos":3,"arma":null,"via":"GDELT 2.0 (evento codificado; el título sale del enlace)"}},{"type":"Feature","geometry":{"type":"Point","coordinates":[34.333,31.417]},"properties":{"title":"After three years genocide for palestine live imperialism must die htm","url":"https://marxist.com/after-three-years-of-genocide-for-palestine-to-live-imperialism-must-die.htm","source":"marxist.com","date":"2026-10-09T18:30:00Z","tipo":"Crimen organizado","severidad":3,"lugar":"Gaza, Israel (general), Israel","pais_iso3":"PSE","precision":"ciudad","origen":"mundo","actores":"Criminal","articulos":10,"arma":null,"via":"GDELT 2.0 (evento codificado; el título sale del enlace)"}},{"type":"Feature","geometry":{"type":"Point","coordinates":[-2.833,54.583]},"properties":{"title":"News news stolen irn bru lorry cumbernauld","url":"https://www.mirror.co.uk/news/uk-news/stolen-irn-bru-lorry-cumbernauld-37756200","source":"www.mirror.co.uk","date":"2026-10-09T18:30:00Z","tipo":"Crimen organizado","severidad":3,"lugar":"Cumbria, Cumbria, United Kingdom","pais_iso3":"GBR","precision":"estado","origen":"mundo","actores":"Bandit","articulos":10,"arma":null,"via":"GDELT 2.0 (evento codificado; el título sale del enlace)"}},{"type":"Feature","geometry":{"type":"Point","coordinates":[-118.201,34.367]},"properties":{"title":"Star covered blood robbed gunpoint horrifying footage","url":"https://metro.co.uk/2026/10/09/tv-star-covered-blood-robbed-gunpoint-horrifying-footage-29696087/","source":"metro.co.uk","date":"2026-10-09T18:30:00Z","tipo":"Crimen organizado","severidad":4,"lugar":"Los Angeles County, California, United States","pais_iso3":"USA","precision":"ciudad","origen":"mundo","actores":"Thieves","articulos":10,"arma":null,"via":"GDELT 2.0 (evento codificado; el título sale del enlace)"}},{"type":"Feature","geometry":{"type":"Point","coordinates":[-73.966,40.783]},"properties":{"title":"Newyork news marble hill ice shooting","url":"https://www.cbsnews.com/newyork/news/marble-hill-ice-shooting/","source":"www.cbsnews.com","date":"2026-10-09T18:30:00Z","tipo":"Crimen organizado","severidad":4,"lugar":"Manhattan, New York, United States","pais_iso3":"USA","precision":"ciudad","origen":"mundo","actores":"Criminal","articulos":3,"arma":null,"via":"GDELT 2.0 (evento codificado; el título sale del enlace)"}},{"type":"Feature","geometry":{"type":"Point","coordinates":[-6.249,53.333]},"properties":{"title":"Crime law courts woman who sublet room weed store help pay her rent jailed for four years","url":"https://www.irishtimes.com/crime-law/courts/2026/10/09/woman-49-who-sublet-room-as-weed-store-to-help-pay-her-rent-is-jailed-for-four-years/","source":"www.irishtimes.com","date":"2026-10-09T18:30:00Z","tipo":"Crimen organizado","severidad":3,"lugar":"Dublin, Dublin, Ireland","pais_iso3":"IRL","precision":"ciudad","origen":"mundo","actores":"Dublin → Criminal","articulos":7,"arma":null,"via":"GDELT 2.0 (evento codificado; el título sale del enlace)"}},{"type":"Feature","geometry":{"type":"Point","coordinates":[-77.036,38.895]},"properties":{"title":"News world benjamin netanyahu outcry navi pillay nobel peace prize","url":"http://www.washingtonexaminer.com/news/world/4761049/benjamin-netanyahu-outcry-navi-pillay-nobel-peace-prize/","source":"www.washingtonexaminer.com","date":"2026-10-09T18:30:00Z","tipo":"Terrorismo","severidad":3,"lugar":"Washington, District of Columbia, United States","pais_iso3":"USA","precision":"ciudad","origen":"mundo","actores":"Israel → Terrorist","articulos":2,"arma":null,"via":"GDELT 2.0 (evento codificado; el título sale del enlace)"}},{"type":"Feature","geometry":{"type":"Point","coordinates":[6.25,12.167]},"properties":{"title":"Troops arrest terrorist collaborator recover livestock kaduna zamfara","url":"https://dailytrust.com/troops-arrest-terrorist-collaborator-recover-livestock-in-kaduna-zamfara/","source":"dailytrust.com","date":"2026-10-09T18:30:00Z","tipo":"Terrorismo","severidad":4,"lugar":"Zamfara State, Zamfara, Nigeria","pais_iso3":"NGA","precision":"estado","origen":"mundo","actores":"Terrorist","articulos":4,"arma":null,"via":"GDELT 2.0 (evento codificado; el título sale del enlace)"}},{"type":"Feature","geometry":{"type":"Point","coordinates":[-76.483,42.447]},"properties":{"title":"Latest jane doe text exchange reveals shifting narrative the cornell assault case","url":"https://www.thenews.com.pk/latest/1419315-jane-doe-text-exchange-reveals-shifting-narrative-in-the-cornell-7-assault-case","source":"www.thenews.com.pk","date":"2026-10-09T18:30:00Z","tipo":"Crimen organizado","severidad":4,"lugar":"Cornell University, New York, United States","pais_iso3":"USA","precision":"ciudad","origen":"mundo","actores":"United States → Gang","articulos":2,"arma":null,"via":"GDELT 2.0 (evento codificado; el título sale del enlace)"}},{"type":"Feature","geometry":{"type":"Point","coordinates":[-0.083,50.917]},"properties":{"title":"Debate article amanda platell meghan apparently wanted limelight blighty claridges tea nobel prize winner malala wearing outfit none fooled html","url":"https://www.dailymail.com/debate/article-16196911/AMANDA-PLATELL-Meghan-apparently-wanted-limelight-Blighty-Claridges-tea-Nobel-Prize-winner-Malala-wearing-26-000-outfit-none-fooled.html","source":"www.dailymail.com","date":"2026-10-09T18:15:00Z","tipo":"Insurgencia","severidad":4,"lugar":"Sussex, East Sussex, United Kingdom","pais_iso3":"GBR","precision":"ciudad","origen":"mundo","actores":"Taliban → Pakistani","articulos":2,"arma":null,"via":"GDELT 2.0 (evento codificado; el título sale del enlace)"}},{"type":"Feature","geometry":{"type":"Point","coordinates":[-74.959,44.793]},"properties":{"title":"Stories community ice agents shoot man nyc with year old the back seat aided the nypd","url":"https://www.dailykos.com/stories/2026/10/9/800109805/community/ice-agents-shoot-man-in-nyc-with-5-year-old-in-the-back-seat-aided-by-the-nypd/","source":"www.dailykos.com","date":"2026-10-09T18:15:00Z","tipo":"Grupo rebelde","severidad":4,"lugar":"Marble Hill, New York, United States","pais_iso3":"USA","precision":"ciudad","origen":"mundo","actores":"Raider","articulos":4,"arma":null,"via":"GDELT 2.0 (evento codificado; el título sale del enlace)"}},{"type":"Feature","geometry":{"type":"Point","coordinates":[-106.41,23.25]},"properties":{"title":"EN VIVO | Seguridad, narcotráfico y crimen en México hoy 9 de octubre: Fiscalía indaga 12 muertes en penal de Mazatlán","url":"https://www.infobae.com/mexico/2026/10/09/en-vivo-seguridad-narcotrafico-y-crimen-en-mexico-hoy-9-de-octubre-naucalpan-dos-muertos-y-un-herido-en-ataques-distintos/","source":"Infobae México","date":"2026-10-09T18:09:19Z","lugar":"Mazatlán, Sinaloa","pais_iso3":"MEX","precision":"ciudad","origen":"mx","via":"RSS de Infobae México","tipo":"Narcotráfico","severidad":3,"arma":null}},{"type":"Feature","geometry":{"type":"Point","coordinates":[-107.39,24.8]},"properties":{"title":"Conciertos, carteles y sanciones: el expediente que expone al Cártel de Sinaloa y el CJNG en la industria musical","url":"https://www.infobae.com/mexico/2026/10/09/conciertos-carteles-y-sanciones-el-expediente-que-expone-al-cartel-de-sinaloa-y-el-cjng-en-la-industria-musical/","source":"Infobae México","date":"2026-10-09T18:06:21Z","lugar":"Sinaloa","pais_iso3":"MEX","precision":"estado","origen":"mx","via":"RSS de Infobae México","tipo":"Narcotráfico","severidad":3,"arma":null}},{"type":"Feature","geometry":{"type":"Point","coordinates":[-73.881,40.791]},"properties":{"title":"News nation world mamdani calls ice rotten its core after agent shot illegal immigrant nyc president trump dhs markwayne mullin bronx dominican republic jessica tisch","url":"https://fox11online.com/news/nation-world/mamdani-calls-ice-rotten-to-its-core-after-agent-shot-illegal-immigrant-in-nyc-president-trump-dhs-markwayne-mullin-bronx-dominican-republic-jessica-tisch","source":"fox11online.com","date":"2026-10-09T18:00:00Z","tipo":"Crimen organizado","severidad":4,"lugar":"Rikers Island, New York, United States","pais_iso3":"","precision":"ciudad","origen":"mundo","actores":"Dominican","articulos":4,"arma":null,"via":"GDELT 2.0 (evento codificado; el título sale del enlace)"}},{"type":"Feature","geometry":{"type":"Point","coordinates":[105.0,35.0]},"properties":{"title":"News india jnu dismisses bimol akoijam after inquiry into sexual harassment complaints articleshow cms","url":"https://economictimes.indiatimes.com/news/india/jnu-dismisses-bimol-akoijam-after-inquiry-into-sexual-harassment-complaints/articleshow/134839505.cms","source":"economictimes.indiatimes.com","date":"2026-10-09T18:00:00Z","tipo":"Crimen organizado","severidad":3,"lugar":"China","pais_iso3":"CHN","precision":"país","origen":"mundo","actores":"Security Force → Drug Peddler","articulos":5,"arma":null,"via":"GDELT 2.0 (evento codificado; el título sale del enlace)"}},{"type":"Feature","geometry":{"type":"Point","coordinates":[-77.036,38.895]},"properties":{"title":"Guterres condemns new sanctions icc","url":"https://www.miragenews.com/guterres-condemns-new-us-sanctions-on-icc-as-1757970/","source":"www.miragenews.com","date":"2026-10-09T18:00:00Z","tipo":"Crimen organizado","severidad":3,"lugar":"Washington, District of Columbia, United States","pais_iso3":"USA","precision":"ciudad","origen":"mundo","actores":"Perpetrator → The Us","articulos":10,"arma":null,"via":"GDELT 2.0 (evento codificado; el título sale del enlace)"}},{"type":"Feature","geometry":{"type":"Point","coordinates":[-74.959,44.793]},"properties":{"title":"Tim brien bronx ice involved shooting gives democrats the turnout event they were hoping for","url":"https://pjmedia.com/tim-o-brien/2026/10/09/bronx-ice-involved-shooting-gives-democrats-the-turnout-event-they-were-hoping-for-n4958135","source":"pjmedia.com","date":"2026-10-09T17:45:00Z","tipo":"Crimen organizado","severidad":3,"lugar":"Marble Hill, New York, United States","pais_iso3":"USA","precision":"ciudad","origen":"mundo","actores":"Gang","articulos":6,"arma":null,"via":"GDELT 2.0 (evento codificado; el título sale del enlace)"}},{"type":"Feature","geometry":{"type":"Point","coordinates":[-87.65,41.85]},"properties":{"title":"Judge threatens seize phones ice agents operation midway blitz","url":"https://www.newsweek.com/judge-threatens-seize-phones-ice-agents-operation-midway-blitz-12547538","source":"www.newsweek.com","date":"2026-10-09T17:45:00Z","tipo":"Crimen organizado","severidad":3,"lugar":"Chicago, Illinois, United States","pais_iso3":"USA","precision":"ciudad","origen":"mundo","actores":"Criminal → Immigrant","articulos":8,"arma":null,"via":"GDELT 2.0 (evento codificado; el título sale del enlace)"}},{"type":"Feature","geometry":{"type":"Point","coordinates":[-74.938,42.15]},"properties":{"title":"Blogs cnsnews craig bannister dhs sec mullin blasts reporters ploy what hate about","url":"https://www.newsbusters.org/blogs/cnsnews/craig-bannister/2026/10/09/dhs-sec-mullin-blasts-reporters-ploy-what-i-hate-about","source":"www.newsbusters.org","date":"2026-10-09T17:45:00Z","tipo":"Crimen organizado","severidad":4,"lugar":"New York, United States","pais_iso3":"USA","precision":"estado","origen":"mundo","actores":"United States → Criminal","articulos":2,"arma":null,"via":"GDELT 2.0 (evento codificado; el título sale del enlace)"}},{"type":"Feature","geometry":{"type":"Point","coordinates":[77.7,28.983]},"properties":{"title":"City meerut flung into canal after rape girl survives night clinging tree branch articleshow cms","url":"https://timesofindia.indiatimes.com/city/meerut/flung-into-canal-after-rape-girl-16-survives-night-clinging-to-tree-branch/articleshow/134839274.cms","source":"timesofindia.indiatimes.com","date":"2026-10-09T17:30:00Z","tipo":"Crimen organizado","severidad":4,"lugar":"Meerut, Uttar Pradesh, India","pais_iso3":"IND","precision":"ciudad","origen":"mundo","actores":"Gang → Police","articulos":4,"arma":null,"via":"GDELT 2.0 (evento codificado; el título sale del enlace)"}},{"type":"Feature","geometry":{"type":"Point","coordinates":[-77.036,38.895]},"properties":{"title":"Offbeat navy bets another fighter drone that skips the runway","url":"https://www.theregister.com/offbeat/2026/10/09/us-navy-bets-another-150m-on-fighter-drone-that-skips-the-runway/5302237","source":"www.theregister.com","date":"2026-10-09T17:30:00Z","tipo":"Grupo armado","severidad":4,"lugar":"Washington, District of Columbia, United States","pais_iso3":"USA","precision":"ciudad","origen":"mundo","actores":"Navy → Fighter","articulos":10,"arma":"Drones","via":"GDELT 2.0 (evento codificado; el título sale del enlace)"}},{"type":"Feature","geometry":{"type":"Point","coordinates":[-74.509,40.314]},"properties":{"title":"News darializa avila chevalier rips nypd for protecting ice militia after migrant shooting","url":"https://nypost.com/2026/10/09/us-news/darializa-avila-chevalier-rips-nypd-for-protecting-ice-militia-after-migrant-shooting/","source":"nypost.com","date":"2026-10-09T17:30:00Z","tipo":"Grupo armado","severidad":4,"lugar":"New Jersey, United States","pais_iso3":"USA","precision":"estado","origen":"mundo","actores":"Militia","articulos":6,"arma":null,"via":"GDELT 2.0 (evento codificado; el título sale del enlace)"}},{"type":"Feature","geometry":{"type":"Point","coordinates":[-74.938,42.15]},"properties":{"title":"Carson criticizes ice after shooting involving child new york","url":"https://wibc.com/898963/carson-criticizes-ice-after-shooting-involving-child-in-new-york/","source":"wibc.com","date":"2026-10-09T17:30:00Z","tipo":"Crimen organizado","severidad":4,"lugar":"New York, United States","pais_iso3":"USA","precision":"estado","origen":"mundo","actores":"Indianapolis → New York","articulos":10,"arma":null,"via":"GDELT 2.0 (evento codificado; el título sale del enlace)"}},{"type":"Feature","geometry":{"type":"Point","coordinates":[33.0,35.0]},"properties":{"title":"News royal navy warship hms dragon spotted off isle wight","url":"https://www.countypress.co.uk/news/26624283.royal-navy-warship-hms-dragon-spotted-off-isle-wight/","source":"www.countypress.co.uk","date":"2026-10-09T17:30:00Z","tipo":"Grupo rebelde","severidad":4,"lugar":"Cyprus","pais_iso3":"CYP","precision":"país","origen":"mundo","actores":"Yemen","articulos":10,"arma":"Artillería y tanques","via":"GDELT 2.0 (evento codificado; el título sale del enlace)"}},{"type":"Feature","geometry":{"type":"Point","coordinates":[100.0,60.0]},"properties":{"title":"News ceuta style surge possible border tensions natos eastern flank","url":"https://www.aljazeera.com/news/2026/10/9/a-ceuta-style-surge-is-possible-border-tensions-on-natos-eastern-flank","source":"www.aljazeera.com","date":"2026-10-09T17:15:00Z","tipo":"Grupo armado","severidad":4,"lugar":"Russia","pais_iso3":"RUS","precision":"país","origen":"mundo","actores":"Armed Men → Latvia","articulos":2,"arma":null,"via":"GDELT 2.0 (evento codificado; el título sale del enlace)"}},{"type":"Feature","geometry":{"type":"Point","coordinates":[-6.417,54.0]},"properties":{"title":"Man jesus knife womans neck","url":"https://www.thejournal.ie/man-jesus-knife-womans-neck-7188571-Oct2026/","source":"www.thejournal.ie","date":"2026-10-09T17:00:00Z","tipo":"Crimen organizado","severidad":3,"lugar":"Dundalk, Louth, Ireland","pais_iso3":"IRL","precision":"ciudad","origen":"mundo","actores":"Criminal","articulos":3,"arma":null,"via":"GDELT 2.0 (evento codificado; el título sale del enlace)"}},{"type":"Feature","geometry":{"type":"Point","coordinates":[-105.327,39.065]},"properties":{"title":"News world americas colorado fraternity rape lawsuit cornell html","url":"https://www.independent.co.uk/news/world/americas/colorado-fraternity-rape-lawsuit-cornell-b3064143.html","source":"www.independent.co.uk","date":"2026-10-09T17:00:00Z","tipo":"Crimen organizado","severidad":4,"lugar":"Colorado, United States","pais_iso3":"USA","precision":"estado","origen":"mundo","actores":"Gang","articulos":5,"arma":null,"via":"GDELT 2.0 (evento codificado; el título sale del enlace)"}},{"type":"Feature","geometry":{"type":"Point","coordinates":[69.958,32.951]},"properties":{"title":"Maryam nawaz praises security forces after seven terrorists killed north waziristan","url":"https://www.pakistantimes.com/maryam-nawaz-praises-security-forces-after-seven-terrorists-killed-in-north-waziristan-15501/","source":"www.pakistantimes.com","date":"2026-10-09T17:00:00Z","tipo":"Terrorismo","severidad":4,"lugar":"North Waziristan, Federally Administered Tribal Areas, Pakistan","pais_iso3":"PAK","precision":"ciudad","origen":"mundo","actores":"Chief Minister → Terrorist","articulos":7,"arma":null,"via":"GDELT 2.0 (evento codificado; el título sale del enlace)"}},{"type":"Feature","geometry":{"type":"Point","coordinates":[32.344,-85.622]},"properties":{"title":"Daylight tpb when war not war","url":"https://freethoughtblogs.com/daylight/2026/10/09/tpb-when-is-a-war-not-a-war/","source":"freethoughtblogs.com","date":"2026-10-09T17:00:00Z","tipo":"Grupo armado","severidad":3,"lugar":"Antarctica","pais_iso3":"","precision":"país","origen":"mundo","actores":"Mercenary","articulos":10,"arma":null,"via":"GDELT 2.0 (evento codificado; el título sale del enlace)"}},{"type":"Feature","geometry":{"type":"Point","coordinates":[-74.959,44.793]},"properties":{"title":"Terichristoph mullin has one question for mamdani after his outrage over the ice shooting","url":"https://redstate.com/terichristoph/2026/10/09/mullin-has-one-question-for-mamdani-after-his-outrage-over-the-ice-shooting-n2207927","source":"redstate.com","date":"2026-10-09T16:45:00Z","tipo":"Crimen organizado","severidad":4,"lugar":"Marble Hill, New York, United States","pais_iso3":"USA","precision":"ciudad","origen":"mundo","actores":"Dominican","articulos":4,"arma":null,"via":"GDELT 2.0 (evento codificado; el título sale del enlace)"}},{"type":"Feature","geometry":{"type":"Point","coordinates":[-7.35,53.533]},"properties":{"title":"News courts kickboxer threatened woman before killing mother court","url":"https://www.rte.ie/news/courts/2026/1009/1594751-kickboxer-threatened-woman-before-killing-mother-court/","source":"www.rte.ie","date":"2026-10-09T16:45:00Z","tipo":"Crimen organizado","severidad":3,"lugar":"Mullingar, Westmeath, Ireland","pais_iso3":"IRL","precision":"ciudad","origen":"mundo","actores":"Criminal","articulos":3,"arma":null,"via":"GDELT 2.0 (evento codificado; el título sale del enlace)"}},{"type":"Feature","geometry":{"type":"Point","coordinates":[-4.0,54.0]},"properties":{"title":"Crimen organizado: Pirate (United Kingdom)","url":"https://screenrant.com/db/tv-show/treasure-island-3738093/","source":"screenrant.com","date":"2026-10-09T16:45:00Z","tipo":"Crimen organizado","severidad":3,"lugar":"United Kingdom","pais_iso3":"","precision":"país","origen":"mundo","actores":"Pirate","articulos":10,"arma":null,"via":"GDELT 2.0 (evento codificado; el título sale del enlace)"}},{"type":"Feature","geometry":{"type":"Point","coordinates":[-9.485,52.446]},"properties":{"title":"News trial date set non jury court for kerry man charged over crystal meth seizure","url":"https://www.radiokerry.ie/news/trial-date-set-at-non-jury-court-for-kerry-man-charged-over-crystal-meth-seizure-502079","source":"www.radiokerry.ie","date":"2026-10-09T16:45:00Z","tipo":"Crimen organizado","severidad":3,"lugar":"Listowel, Kerry, Ireland","pais_iso3":"IRL","precision":"ciudad","origen":"mundo","actores":"Criminal","articulos":2,"arma":null,"via":"GDELT 2.0 (evento codificado; el título sale del enlace)"}},{"type":"Feature","geometry":{"type":"Point","coordinates":[-71.531,42.237]},"properties":{"title":"News crime reading man ryan hanafin vermont hearing mother shot","url":"https://www.boston.com/news/crime/2026/10/09/reading-man-ryan-hanafin-vermont-hearing-mother-shot/","source":"www.boston.com","date":"2026-10-09T16:45:00Z","tipo":"Crimen organizado","severidad":3,"lugar":"Massachusetts, United States","pais_iso3":"USA","precision":"estado","origen":"mundo","actores":"Criminal","articulos":6,"arma":null,"via":"GDELT 2.0 (evento codificado; el título sale del enlace)"}},{"type":"Feature","geometry":{"type":"Point","coordinates":[120.55,16.45]},"properties":{"title":"Nation soldier killed wounded basilan ambush","url":"https://www.philstar.com/nation/2026/10/10/2562097/soldier-killed-8-wounded-basilan-ambush","source":"www.philstar.com","date":"2026-10-09T16:45:00Z","tipo":"Grupo armado","severidad":4,"lugar":"Philippine, Benguet, Philippines","pais_iso3":"PHL","precision":"ciudad","origen":"mundo","actores":"Civilian → Gunmen","articulos":10,"arma":null,"via":"GDELT 2.0 (evento codificado; el título sale del enlace)"}},{"type":"Feature","geometry":{"type":"Point","coordinates":[-2.583,51.45]},"properties":{"title":"News midlands news organised crime group jailed","url":"https://www.birminghammail.co.uk/news/midlands-news/organised-crime-group-jailed-112-34741572","source":"www.birminghammail.co.uk","date":"2026-10-09T16:45:00Z","tipo":"Crimen organizado","severidad":3,"lugar":"Bristol, Bristol, City of, United Kingdom","pais_iso3":"GBR","precision":"ciudad","origen":"mundo","actores":"Birmingham → Gang","articulos":3,"arma":null,"via":"GDELT 2.0 (evento codificado; el título sale del enlace)"}},{"type":"Feature","geometry":{"type":"Point","coordinates":[7.533,9.083]},"properties":{"title":"Terrorist colony niger gov bago insists","url":"https://dailypost.ng/2026/10/09/no-terrorist-colony-in-niger-gov-bago-insists/","source":"dailypost.ng","date":"2026-10-09T16:45:00Z","tipo":"Terrorismo","severidad":4,"lugar":"Abuja, Abuja Federal Capital Territory, Nigeria","pais_iso3":"NGA","precision":"ciudad","origen":"mundo","actores":"Governor → Terrorist","articulos":4,"arma":null,"via":"GDELT 2.0 (evento codificado; el título sale del enlace)"}},{"type":"Feature","geometry":{"type":"Point","coordinates":[77.683,29.467]},"properties":{"title":"News report man woman sentenced years minor girls rape case htm","url":"https://www.rediff.com/news/report/man-woman-sentenced-to-10-years-in-minor-girls-rape-case/20261009.htm","source":"www.rediff.com","date":"2026-10-09T16:45:00Z","tipo":"Crimen organizado","severidad":3,"lugar":"Muzaffarnagar, Uttar Pradesh, India","pais_iso3":"IND","precision":"ciudad","origen":"mundo","actores":"Government → Criminal","articulos":5,"arma":null,"via":"GDELT 2.0 (evento codificado; el título sale del enlace)"}},{"type":"Feature","geometry":{"type":"Point","coordinates":[5.75,52.5]},"properties":{"title":"International international news netherlands enlists ghanas help hunt for fugitive drug trafficker bolle jos html","url":"https://www.graphic.com.gh/international/international-news/netherlands-enlists-ghanas-help-in-hunt-for-fugitive-drug-trafficker-bolle-jos.html","source":"www.graphic.com.gh","date":"2026-10-09T16:45:00Z","tipo":"Narcotráfico","severidad":3,"lugar":"Netherlands","pais_iso3":"NLD","precision":"país","origen":"mundo","actores":"Netherlands → Drug Trafficker","articulos":8,"arma":null,"via":"GDELT 2.0 (evento codificado; el título sale del enlace)"}},{"type":"Feature","geometry":{"type":"Point","coordinates":[-58.672,-34.587]},"properties":{"title":"World nicolas maduro charged with conspiring torture opponents case","url":"https://buenosairesherald.com/world/nicolas-maduro-charged-with-conspiring-to-torture-opponents-in-us-case","source":"buenosairesherald.com","date":"2026-10-09T16:15:00Z","tipo":"Crimen organizado","severidad":3,"lugar":"Buenos Aires, Distrito Federal, Argentina","pais_iso3":"ARG","precision":"ciudad","origen":"mundo","actores":"Criminal → Venezuela","articulos":4,"arma":null,"via":"GDELT 2.0 (evento codificado; el título sale del enlace)"}},{"type":"Feature","geometry":{"type":"Point","coordinates":[10.75,59.917]},"properties":{"title":"Who navi pillay winner the nobel peace prize","url":"https://dominicanrepublicpost.com/who-is-navi-pillay-winner-of-the-2026-nobel-peace-prize/","source":"dominicanrepublicpost.com","date":"2026-10-09T16:15:00Z","tipo":"Crimen organizado","severidad":3,"lugar":"Oslo, Oslo, Norway","pais_iso3":"NOR","precision":"ciudad","origen":"mundo","actores":"Criminal → Rwandan","articulos":6,"arma":null,"via":"GDELT 2.0 (evento codificado; el título sale del enlace)"}},{"type":"Feature","geometry":{"type":"Point","coordinates":[-2.0,8.0]},"properties":{"title":"Ghana law say man cannot raped uber driver case may end just years jail instead year","url":"https://www.ghanamma.com/2026/10/09/ghana-law-say-a-man-cannot-be-raped-uber-driver-case-may-end-as-just-3-years-jail-instead-of-25-year/","source":"www.ghanamma.com","date":"2026-10-09T16:15:00Z","tipo":"Crimen organizado","severidad":4,"lugar":"Ghana","pais_iso3":"GHA","precision":"país","origen":"mundo","actores":"Ghana","articulos":5,"arma":null,"via":"GDELT 2.0 (evento codificado; el título sale del enlace)"}},{"type":"Feature","geometry":{"type":"Point","coordinates":[34.398,31.375]},"properties":{"title":"Grupo rebelde: Negev → Hamas (Kissufim, HaDarom, Israel)","url":"http://www.jpost.com/opinion/article-911109","source":"www.jpost.com","date":"2026-10-09T16:15:00Z","tipo":"Grupo rebelde","severidad":5,"lugar":"Kissufim, HaDarom, Israel","pais_iso3":"ISR","precision":"ciudad","origen":"mundo","actores":"Negev → Hamas","articulos":7,"arma":null,"via":"GDELT 2.0 (evento codificado; el título sale del enlace)"}},{"type":"Feature","geometry":{"type":"Point","coordinates":[30.0,-2.0]},"properties":{"title":"Article navi pillay wins nobel peace prize for defending international law and human rights html","url":"https://www.moneylife.in/article/navi-pillay-wins-2026-nobel-peace-prize-for-defending-international-law-and-human-rights/81906.html","source":"www.moneylife.in","date":"2026-10-09T16:15:00Z","tipo":"Crimen organizado","severidad":4,"lugar":"Rwanda","pais_iso3":"RWA","precision":"país","origen":"mundo","actores":"Judiciary → Criminal","articulos":10,"arma":null,"via":"GDELT 2.0 (evento codificado; el título sale del enlace)"}},{"type":"Feature","geometry":{"type":"Point","coordinates":[34.333,31.417]},"properties":{"title":"News canada journal under review oct attack","url":"https://nationalpost.com/news/canada/journal-under-review-oct-7-attack","source":"nationalpost.com","date":"2026-10-09T16:15:00Z","tipo":"Grupo rebelde","severidad":4,"lugar":"Gaza, Israel (general), Israel","pais_iso3":"PSE","precision":"ciudad","origen":"mundo","actores":"Hamas → Israel","articulos":10,"arma":null,"via":"GDELT 2.0 (evento codificado; el título sale del enlace)"}},{"type":"Feature","geometry":{"type":"Point","coordinates":[3.896,7.388]},"properties":{"title":"Just police confirm abduction three workers oyo institute","url":"https://punchng.com/just-in-police-confirm-abduction-of-three-workers-at-oyo-institute/","source":"punchng.com","date":"2026-10-09T16:00:00Z","tipo":"Crimen organizado","severidad":3,"lugar":"Ibadan, Oyo, Nigeria","pais_iso3":"NGA","precision":"ciudad","origen":"mundo","actores":"Police → Perpetrator","articulos":2,"arma":null,"via":"GDELT 2.0 (evento codificado; el título sale del enlace)"}},{"type":"Feature","geometry":{"type":"Point","coordinates":[-74.509,40.314]},"properties":{"title":"Samj saritha kormatireddy letitia james oof","url":"https://twitchy.com/samj/2026/10/09/saritha-kormatireddy-letitia-james-oof-n2433122","source":"twitchy.com","date":"2026-10-09T16:00:00Z","tipo":"Crimen organizado","severidad":3,"lugar":"New Jersey, United States","pais_iso3":"USA","precision":"estado","origen":"mundo","actores":"Law Enforcement Officer → Criminal","articulos":4,"arma":null,"via":"GDELT 2.0 (evento codificado; el título sale del enlace)"}},{"type":"Feature","geometry":{"type":"Point","coordinates":[30.286,-28.523]},"properties":{"title":"News south africa active scene three suspected cit robbers shot dead rifles recovered","url":"https://www.timeslive.co.za/news/south-africa/2026-10-09-active-scene-three-suspected-cit-robbers-shot-dead-rifles-recovered/","source":"www.timeslive.co.za","date":"2026-10-09T16:00:00Z","tipo":"Crimen organizado","severidad":4,"lugar":"Kliprivier, KwaZulu-Natal, South Africa","pais_iso3":"ZAF","precision":"ciudad","origen":"mundo","actores":"Police → Robber","articulos":5,"arma":null,"via":"GDELT 2.0 (evento codificado; el título sale del enlace)"}},{"type":"Feature","geometry":{"type":"Point","coordinates":[-81.717,27.833]},"properties":{"title":"Article florida gulf state emergency panhandle big bend hurricane isaias","url":"https://www.wpbf.com/article/florida-gulf-state-of-emergency-panhandle-big-bend-hurricane-isaias/74091090","source":"www.wpbf.com","date":"2026-10-09T16:00:00Z","tipo":"Grupo rebelde","severidad":3,"lugar":"Florida, United States","pais_iso3":"USA","precision":"estado","origen":"mundo","actores":"Looter","articulos":16,"arma":null,"via":"GDELT 2.0 (evento codificado; el título sale del enlace)"}},{"type":"Feature","geometry":{"type":"Point","coordinates":[-81.717,27.833]},"properties":{"title":"Article isaias evacuations looting warning florida","url":"https://www.wpbf.com/article/isaias-evacuations-looting-warning-florida/74092089","source":"www.wpbf.com","date":"2026-10-09T16:00:00Z","tipo":"Grupo rebelde","severidad":3,"lugar":"Florida, United States","pais_iso3":"USA","precision":"estado","origen":"mundo","actores":"United States → Looter","articulos":4,"arma":null,"via":"GDELT 2.0 (evento codificado; el título sale del enlace)"}},{"type":"Feature","geometry":{"type":"Point","coordinates":[-7.61,33.59]},"properties":{"title":"Movies movie features twilight zone serling biography excerpt","url":"https://www.rollingstone.com/tv-movies/tv-movie-features/twilight-zone-serling-biography-excerpt-1235637468/","source":"www.rollingstone.com","date":"2026-10-09T15:45:00Z","tipo":"Crimen organizado","severidad":3,"lugar":"Casablanca, Grand Casablanca, Morocco","pais_iso3":"MAR","precision":"ciudad","origen":"mundo","actores":"Criminal","articulos":4,"arma":null,"via":"GDELT 2.0 (evento codificado; el título sale del enlace)"}},{"type":"Feature","geometry":{"type":"Point","coordinates":[34.333,31.417]},"properties":{"title":"Crimen organizado: Gang → Israel (Gaza, Israel (general), Israel)","url":"https://www.el-balad.com/17056333","source":"www.el-balad.com","date":"2026-10-09T15:45:00Z","tipo":"Crimen organizado","severidad":4,"lugar":"Gaza, Israel (general), Israel","pais_iso3":"PSE","precision":"ciudad","origen":"mundo","actores":"Gang → Israel","articulos":2,"arma":null,"via":"GDELT 2.0 (evento codificado; el título sale del enlace)"}},{"type":"Feature","geometry":{"type":"Point","coordinates":[-76.483,42.447]},"properties":{"title":"News crime cornell sexual assault accuser living fear after threats attorney says","url":"https://www.kztv10.com/us-news/crime/cornell-sexual-assault-accuser-living-in-fear-after-threats-attorney-says","source":"www.kztv10.com","date":"2026-10-09T15:45:00Z","tipo":"Crimen organizado","severidad":3,"lugar":"Cornell University, New York, United States","pais_iso3":"USA","precision":"ciudad","origen":"mundo","actores":"Student → Gang","articulos":4,"arma":null,"via":"GDELT 2.0 (evento codificado; el título sale del enlace)"}},{"type":"Feature","geometry":{"type":"Point","coordinates":[-122.419,37.775]},"properties":{"title":"San francisco rei store hotbed retail theft new arrests announced","url":"https://nationalenquirer.com/san-francisco-rei-store-a-hotbed-of-retail-theft-as-5-new-arrests-announced/","source":"nationalenquirer.com","date":"2026-10-09T15:45:00Z","tipo":"Crimen organizado","severidad":3,"lugar":"San Francisco, California, United States","pais_iso3":"","precision":"ciudad","origen":"mundo","actores":"Representatives → Thieves","articulos":10,"arma":null,"via":"GDELT 2.0 (evento codificado; el título sale del enlace)"}},{"type":"Feature","geometry":{"type":"Point","coordinates":[10.5,51.5]},"properties":{"title":"Terezin opera book salutes victims october","url":"https://slippedisc.com/2026/10/a-terezin-opera-book-salutes-victims-of-october-7/","source":"slippedisc.com","date":"2026-10-09T15:45:00Z","tipo":"Grupo rebelde","severidad":4,"lugar":"Germany","pais_iso3":"DEU","precision":"país","origen":"mundo","actores":"Latvia → Hamas","articulos":2,"arma":null,"via":"GDELT 2.0 (evento codificado; el título sale del enlace)"}},{"type":"Feature","geometry":{"type":"Point","coordinates":[-77.036,38.895]},"properties":{"title":"Grupo rebelde: Hamas (White House, District of Columbia, United States)","url":"http://www.imra.org.il/story.php?id=74499","source":"www.imra.org.il","date":"2026-10-09T15:45:00Z","tipo":"Grupo rebelde","severidad":4,"lugar":"White House, District of Columbia, United States","pais_iso3":"USA","precision":"ciudad","origen":"mundo","actores":"Hamas","articulos":2,"arma":null,"via":"GDELT 2.0 (evento codificado; el título sale del enlace)"}},{"type":"Feature","geometry":{"type":"Point","coordinates":[34.373,31.425]},"properties":{"title":"Israel news defense news article","url":"https://www.jpost.com/israel-news/defense-news/article-911173","source":"www.jpost.com","date":"2026-10-09T15:45:00Z","tipo":"Grupo rebelde","severidad":3,"lugar":"Gaza Strip","pais_iso3":"PSE","precision":"país","origen":"mundo","actores":"Hamas","articulos":5,"arma":null,"via":"GDELT 2.0 (evento codificado; el título sale del enlace)"}},{"type":"Feature","geometry":{"type":"Point","coordinates":[28.083,-26.2]},"properties":{"title":"Soweto residents demand economic opportunities amid anti illegal immigration protests","url":"https://www.ewn.co.za/2026/10/09/soweto-residents-demand-economic-opportunities-amid-anti-illegal-immigration-protests","source":"www.ewn.co.za","date":"2026-10-09T15:30:00Z","tipo":"Crimen organizado","severidad":3,"lugar":"Johannesburg, Gauteng, South Africa","pais_iso3":"ZAF","precision":"ciudad","origen":"mundo","actores":"Criminal","articulos":5,"arma":null,"via":"GDELT 2.0 (evento codificado; el título sale del enlace)"}},{"type":"Feature","geometry":{"type":"Point","coordinates":[-2.217,53.5]},"properties":{"title":"News news moment london crypto fraudster who","url":"https://www.manchestereveningnews.co.uk/news/uk-news/moment-london-crypto-fraudster-who-34742997","source":"www.manchestereveningnews.co.uk","date":"2026-10-09T15:30:00Z","tipo":"Crimen organizado","severidad":3,"lugar":"Manchester, Manchester, United Kingdom","pais_iso3":"GBR","precision":"ciudad","origen":"mundo","actores":"Criminal","articulos":3,"arma":null,"via":"GDELT 2.0 (evento codificado; el título sale del enlace)"}},{"type":"Feature","geometry":{"type":"Point","coordinates":[-76.483,42.447]},"properties":{"title":"News international world news cornell rape allegations the key differences between sworn statement police interview and civil lawsuit articleshow cms","url":"https://economictimes.indiatimes.com/news/international/world-news/cornell-rape-allegations-the-key-differences-between-a-sworn-statement-a-police-interview-and-a-civil-lawsuit/articleshow/134834482.cms","source":"economictimes.indiatimes.com","date":"2026-10-09T15:30:00Z","tipo":"Crimen organizado","severidad":3,"lugar":"Cornell University, New York, United States","pais_iso3":"USA","precision":"ciudad","origen":"mundo","actores":"Criminal","articulos":10,"arma":null,"via":"GDELT 2.0 (evento codificado; el título sale del enlace)"}},{"type":"Feature","geometry":{"type":"Point","coordinates":[-3.167,54.5]},"properties":{"title":"Articles unforgivable bbc two top must see dramas writer jimmy mcgovern time the lakes accused","url":"https://www.tvguide.co.uk/articles/unforgivable-bbc-two-top-must-see-dramas-writer-jimmy-mcgovern-time-the-lakes-accused/","source":"www.tvguide.co.uk","date":"2026-10-09T15:30:00Z","tipo":"Crimen organizado","severidad":4,"lugar":"Lake District, Cumbria, United Kingdom","pais_iso3":"GBR","precision":"ciudad","origen":"mundo","actores":"Gang","articulos":10,"arma":null,"via":"GDELT 2.0 (evento codificado; el título sale del enlace)"}},{"type":"Feature","geometry":{"type":"Point","coordinates":[-77.036,38.895]},"properties":{"title":"What cornell says about universities maga complicity","url":"https://www.salon.com/2026/10/09/what-cornell-says-about-universities-maga-complicity/","source":"www.salon.com","date":"2026-10-09T15:30:00Z","tipo":"Crimen organizado","severidad":4,"lugar":"White House, District of Columbia, United States","pais_iso3":"USA","precision":"ciudad","origen":"mundo","actores":"Gang → University","articulos":6,"arma":null,"via":"GDELT 2.0 (evento codificado; el título sale del enlace)"}},{"type":"Feature","geometry":{"type":"Point","coordinates":[-69.398,44.607]},"properties":{"title":"Michael kelley murder trial mike gaine","url":"https://www.thejournal.ie/michael-kelley-murder-trial-mike-gaine-7188451-Oct2026/","source":"www.thejournal.ie","date":"2026-10-09T15:30:00Z","tipo":"Crimen organizado","severidad":3,"lugar":"Maine, United States","pais_iso3":"USA","precision":"estado","origen":"mundo","actores":"Criminal → United States","articulos":4,"arma":null,"via":"GDELT 2.0 (evento codificado; el título sale del enlace)"}},{"type":"Feature","geometry":{"type":"Point","coordinates":[30.0,-2.0]},"properties":{"title":"Crimen organizado: Criminal → Tutsi (Rwanda)","url":"https://allafrica.com/stories/202610090519.html","source":"allafrica.com","date":"2026-10-09T15:30:00Z","tipo":"Crimen organizado","severidad":3,"lugar":"Rwanda","pais_iso3":"RWA","precision":"país","origen":"mundo","actores":"Criminal → Tutsi","articulos":3,"arma":null,"via":"GDELT 2.0 (evento codificado; el título sale del enlace)"}},{"type":"Feature","geometry":{"type":"Point","coordinates":[-0.117,51.5]},"properties":{"title":"News politics police andy burnham labour justice prisons","url":"https://www.express.co.uk/news/politics/2255939/Police-Andy-Burnham-Labour-justice-prisons","source":"www.express.co.uk","date":"2026-10-09T15:30:00Z","tipo":"Crimen organizado","severidad":3,"lugar":"London, London, City of, United Kingdom","pais_iso3":"GBR","precision":"ciudad","origen":"mundo","actores":"Foreign National → Criminal","articulos":10,"arma":null,"via":"GDELT 2.0 (evento codificado; el título sale del enlace)"}},{"type":"Feature","geometry":{"type":"Point","coordinates":[7.167,8.833]},"properties":{"title":"Lunatic cant preside over nigeria wike blasts amaechi over anti tinubu remarks","url":"https://tribuneonlineng.com/lunatic-cant-preside-over-nigeria-wike-blasts-amaechi-over-anti-tinubu-remarks/","source":"tribuneonlineng.com","date":"2026-10-09T15:15:00Z","tipo":"Crimen organizado","severidad":3,"lugar":"Federal Capital Territory, Abuja Federal Capital Territory, Nigeria","pais_iso3":"NGA","precision":"estado","origen":"mundo","actores":"Thief","articulos":2,"arma":null,"via":"GDELT 2.0 (evento codificado; el título sale del enlace)"}},{"type":"Feature","geometry":{"type":"Point","coordinates":[-122.65,49.1]},"properties":{"title":"News crime langley cactus club shooting victim warned police before his death","url":"https://vancouversun.com:443/news/crime/langley-cactus-club-shooting-victim-warned-by-police-before-his-death","source":"vancouversun.com:443","date":"2026-10-09T15:15:00Z","tipo":"Crimen organizado","severidad":4,"lugar":"Langley, British Columbia, Canada","pais_iso3":"CAN","precision":"ciudad","origen":"mundo","actores":"Canada → Gang","articulos":8,"arma":null,"via":"GDELT 2.0 (evento codificado; el título sale del enlace)"}},{"type":"Feature","geometry":{"type":"Point","coordinates":[74.267,22.833]},"properties":{"title":"Indore chaddi baniyan gang busted mps ratlam four arrested police recover silver grams gold","url":"https://www.freepressjournal.in/indore/chaddi-baniyan-gang-busted-in-mps-ratlam-four-arrested-police-recover-12-kg-silver-40-grams-gold","source":"www.freepressjournal.in","date":"2026-10-09T15:15:00Z","tipo":"Crimen organizado","severidad":3,"lugar":"Dahod, Gujarat, India","pais_iso3":"IND","precision":"ciudad","origen":"mundo","actores":"Police → Gang","articulos":2,"arma":null,"via":"GDELT 2.0 (evento codificado; el título sale del enlace)"}},{"type":"Feature","geometry":{"type":"Point","coordinates":[-2.233,53.45]},"properties":{"title":"Articles andy burnham humiliated police issue html","url":"https://www.aol.co.uk/articles/andy-burnham-humiliated-police-issue-143100000.html","source":"www.aol.co.uk","date":"2026-10-09T15:15:00Z","tipo":"Crimen organizado","severidad":3,"lugar":"Greater Manchester, United Kingdom (general), United Kingdom","pais_iso3":"GBR","precision":"ciudad","origen":"mundo","actores":"Prison → Criminal","articulos":10,"arma":null,"via":"GDELT 2.0 (evento codificado; el título sale del enlace)"}},{"type":"Feature","geometry":{"type":"Point","coordinates":[-89.433,43.067]},"properties":{"title":"News amy curtis madison police oversight","url":"https://townhall.com/news/amy-curtis/2026/10/09/madison-police-oversight-n2684407","source":"townhall.com","date":"2026-10-09T15:15:00Z","tipo":"Crimen organizado","severidad":4,"lugar":"Dane County, Wisconsin, United States","pais_iso3":"USA","precision":"ciudad","origen":"mundo","actores":"Police → Criminal","articulos":6,"arma":null,"via":"GDELT 2.0 (evento codificado; el título sale del enlace)"}},{"type":"Feature","geometry":{"type":"Point","coordinates":[-76.25,40.25]},"properties":{"title":"Content man pleads guilty setting apartment fire","url":"https://whp580.iheart.com/content/2026-10-09-man-pleads-guilty-to-setting-apartment-fire/","source":"whp580.iheart.com","date":"2026-10-09T15:15:00Z","tipo":"Crimen organizado","severidad":3,"lugar":"Lancaster County, Pennsylvania, United States","pais_iso3":"USA","precision":"ciudad","origen":"mundo","actores":"Criminal","articulos":3,"arma":null,"via":"GDELT 2.0 (evento codificado; el título sale del enlace)"}},{"type":"Feature","geometry":{"type":"Point","coordinates":[-0.117,51.5]},"properties":{"title":"News latest news gangland murder victims family celebrate","url":"https://www.dailystar.co.uk/news/latest-news/gangland-murder-victims-family-celebrate-37753849","source":"www.dailystar.co.uk","date":"2026-10-09T15:15:00Z","tipo":"Crimen organizado","severidad":4,"lugar":"London, London, City of, United Kingdom","pais_iso3":"GBR","precision":"ciudad","origen":"mundo","actores":"Gangland → United Kingdom","articulos":2,"arma":null,"via":"GDELT 2.0 (evento codificado; el título sale del enlace)"}},{"type":"Feature","geometry":{"type":"Point","coordinates":[-77.009,38.89]},"properties":{"title":"Back the blue iowa leaders must choose the badge over politics htm","url":"https://www.bleedingheartland.com/to-back-the-blue-iowa-leaders-must-choose-the-badge-over-politics.htm","source":"www.bleedingheartland.com","date":"2026-10-09T15:15:00Z","tipo":"Crimen organizado","severidad":3,"lugar":"United States Capitol, District of Columbia, United States","pais_iso3":"USA","precision":"ciudad","origen":"mundo","actores":"President → Criminal","articulos":2,"arma":null,"via":"GDELT 2.0 (evento codificado; el título sale del enlace)"}},{"type":"Feature","geometry":{"type":"Point","coordinates":[-114.461,42.563]},"properties":{"title":"New trump admin stats prove good guys with guns save lives","url":"https://thefederalist.com/2026/10/09/new-trump-admin-stats-prove-good-guys-with-guns-save-lives/","source":"thefederalist.com","date":"2026-10-09T15:15:00Z","tipo":"Grupo armado","severidad":4,"lugar":"Twin Falls, Idaho, United States","pais_iso3":"USA","precision":"ciudad","origen":"mundo","actores":"Jordan → Gunman","articulos":5,"arma":null,"via":"GDELT 2.0 (evento codificado; el título sale del enlace)"}},{"type":"Feature","geometry":{"type":"Point","coordinates":[3.867,7.233]},"properties":{"title":"Gunmen kidnap three crin staff members oyo","url":"https://tribuneonlineng.com/gunmen-kidnap-three-crin-staff-members-in-oyo/","source":"tribuneonlineng.com","date":"2026-10-09T15:15:00Z","tipo":"Grupo armado","severidad":4,"lugar":"Idi Ayunre, Nigeria (general), Nigeria","pais_iso3":"NGA","precision":"ciudad","origen":"mundo","actores":"Gunmen → Staff Member","articulos":10,"arma":null,"via":"GDELT 2.0 (evento codificado; el título sale del enlace)"}},{"type":"Feature","geometry":{"type":"Point","coordinates":[77.0,20.0]},"properties":{"title":"News punjab gaurav yadav named punjabs regular dgp vows crackdown gangsters html","url":"https://www.rozanaspokesman.com/news/punjab/091026/gaurav-yadav-named-punjabs-regular-dgp-vows-crackdown-on-gangsters.html","source":"www.rozanaspokesman.com","date":"2026-10-09T15:00:00Z","tipo":"Crimen organizado","severidad":3,"lugar":"India","pais_iso3":"IND","precision":"país","origen":"mundo","actores":"Gangster","articulos":5,"arma":null,"via":"GDELT 2.0 (evento codificado; el título sale del enlace)"}},{"type":"Feature","geometry":{"type":"Point","coordinates":[-74.938,42.15]},"properties":{"title":"Ice agent shoots man new york city","url":"https://www.tmz.com/2026/10/09/ice-agent-shoots-man-in-new-york-city/","source":"www.tmz.com","date":"2026-10-09T15:00:00Z","tipo":"Crimen organizado","severidad":3,"lugar":"New York, United States","pais_iso3":"USA","precision":"estado","origen":"mundo","actores":"Criminal → Immigrant","articulos":2,"arma":null,"via":"GDELT 2.0 (evento codificado; el título sale del enlace)"}},{"type":"Feature","geometry":{"type":"Point","coordinates":[-1.25,53.45]},"properties":{"title":"News article man charged murdering ann widdecombe targeting nigel farage motivated extreme left wing mindset hostility reform court hears html","url":"https://www.dailymail.com/news/article-16196661/Man-charged-murdering-Ann-Widdecombe-targeting-Nigel-Farage-motivated-extreme-left-wing-mindset-hostility-Reform-court-hears.html","source":"www.dailymail.com","date":"2026-10-09T15:00:00Z","tipo":"Terrorismo","severidad":4,"lugar":"South Yorkshire, United Kingdom (general), United Kingdom","pais_iso3":"GBR","precision":"ciudad","origen":"mundo","actores":"United Kingdom → Terrorist","articulos":4,"arma":null,"via":"GDELT 2.0 (evento codificado; el título sale del enlace)"}},{"type":"Feature","geometry":{"type":"Point","coordinates":[-74.938,42.15]},"properties":{"title":"Cornell protests across the country","url":"https://www.tmz.com/2026/10/09/cornell-protests-across-the-country/","source":"www.tmz.com","date":"2026-10-09T15:00:00Z","tipo":"Crimen organizado","severidad":4,"lugar":"New York, United States","pais_iso3":"USA","precision":"estado","origen":"mundo","actores":"Demonstrator → Gang","articulos":6,"arma":null,"via":"GDELT 2.0 (evento codificado; el título sale del enlace)"}},{"type":"Feature","geometry":{"type":"Point","coordinates":[44.207,15.355]},"properties":{"title":"Saudi coalition vows firm response after airport attack kills","url":"https://www.dw.com/en/saudi-coalition-vows-firm-response-after-airport-attack-kills-3/a-79615437","source":"www.dw.com","date":"2026-10-09T15:00:00Z","tipo":"Grupo rebelde","severidad":4,"lugar":"Sanaa, Sana', Yemen","pais_iso3":"YEM","precision":"ciudad","origen":"mundo","actores":"Rebel","articulos":10,"arma":null,"via":"GDELT 2.0 (evento codificado; el título sale del enlace)"}},{"type":"Feature","geometry":{"type":"Point","coordinates":[6.999,4.789]},"properties":{"title":"You cannot president wike fires back amaechi","url":"https://leadership.ng/you-cannot-be-president-wike-fires-back-at-amaechi/","source":"leadership.ng","date":"2026-10-09T14:45:00Z","tipo":"Crimen organizado","severidad":3,"lugar":"Port Harcourt, Rivers, Nigeria","pais_iso3":"NGA","precision":"ciudad","origen":"mundo","actores":"Thief","articulos":8,"arma":null,"via":"GDELT 2.0 (evento codificado; el título sale del enlace)"}},{"type":"Feature","geometry":{"type":"Point","coordinates":[-122.271,37.804]},"properties":{"title":"News thief oakland steals photogs cameras gear couples wedding photos","url":"https://www.fox5atlanta.com/news/thief-oakland-steals-photogs-cameras-gear-couples-wedding-photos","source":"www.fox5atlanta.com","date":"2026-10-09T14:45:00Z","tipo":"Crimen organizado","severidad":3,"lugar":"Oakland, California, United States","pais_iso3":"USA","precision":"ciudad","origen":"mundo","actores":"Thief","articulos":10,"arma":null,"via":"GDELT 2.0 (evento codificado; el título sale del enlace)"}},{"type":"Feature","geometry":{"type":"Point","coordinates":[72.052,34.202]},"properties":{"title":"Mpa abdul salam afridi abducted gunpoint mardan petition tells phc","url":"https://arynews.tv/mpa-abdul-salam-afridi-abducted-at-gunpoint-in-mardan-petition-tells-phc","source":"arynews.tv","date":"2026-10-09T14:45:00Z","tipo":"Grupo armado","severidad":4,"lugar":"Mardan, North-West Frontier, Pakistan","pais_iso3":"PAK","precision":"ciudad","origen":"mundo","actores":"Armed Men → Minist For Housing","articulos":2,"arma":null,"via":"GDELT 2.0 (evento codificado; el título sale del enlace)"}},{"type":"Feature","geometry":{"type":"Point","coordinates":[4.0,8.0]},"properties":{"title":"Gunmen invade cocoa research institute ibadan abduct three staff","url":"https://dailypost.ng/2026/10/09/gunmen-invade-cocoa-research-institute-ibadan-abduct-three-staff/","source":"dailypost.ng","date":"2026-10-09T14:45:00Z","tipo":"Grupo armado","severidad":4,"lugar":"Oyo State, Oyo, Nigeria","pais_iso3":"NGA","precision":"estado","origen":"mundo","actores":"Gunmen → Ibadan","articulos":5,"arma":null,"via":"GDELT 2.0 (evento codificado; el título sale del enlace)"}},{"type":"Feature","geometry":{"type":"Point","coordinates":[-98.21,19.04]},"properties":{"title":"Detienen a El Moco, presunto líder huachicolero en Puebla e Hidalgo: fue candidato a la presidencia municipal de Chignahuapan en 2024","url":"https://www.infobae.com/mexico/2026/10/09/detienen-a-el-moco-presunto-lider-huachicolero-en-puebla-e-hidalgo-fue-candidato-a-la-presidencia-municipal-de-chignahuapan-en-2024/","source":"Infobae México","date":"2026-10-09T14:30:59Z","lugar":"Puebla","pais_iso3":"MEX","precision":"estado","origen":"mx","via":"RSS de Infobae México","tipo":"Crimen organizado","severidad":2,"arma":null}},{"type":"Feature","geometry":{"type":"Point","coordinates":[-88.717,40.45]},"properties":{"title":"News local news morning rundown article html","url":"https://www.wfmj.com/news/local-news/morning-rundown/article_883430eb-5cbe-4616-9576-91414ac8140c.html","source":"www.wfmj.com","date":"2026-10-09T14:30:00Z","tipo":"Crimen organizado","severidad":3,"lugar":"Ellsworth, Illinois, United States","pais_iso3":"USA","precision":"ciudad","origen":"mundo","actores":"Criminal","articulos":10,"arma":null,"via":"GDELT 2.0 (evento codificado; el título sale del enlace)"}},{"type":"Feature","geometry":{"type":"Point","coordinates":[77.267,28.5]},"properties":{"title":"News litigation supreme court stays trial against today criminal defamation case bjp leader ramesh bidhuri","url":"https://www.barandbench.com/news/litigation/supreme-court-stays-trial-against-tv-today-in-criminal-defamation-case-by-bjp-leader-ramesh-bidhuri","source":"www.barandbench.com","date":"2026-10-09T14:30:00Z","tipo":"Crimen organizado","severidad":4,"lugar":"Tughlakabad, Delhi, India","pais_iso3":"IND","precision":"ciudad","origen":"mundo","actores":"Gang","articulos":10,"arma":null,"via":"GDELT 2.0 (evento codificado; el título sale del enlace)"}},{"type":"Feature","geometry":{"type":"Point","coordinates":[-81.717,27.833]},"properties":{"title":"Cia official pleads guilty fraud scheme html","url":"https://www.naturalnews.com/2026-10-09-ex-cia-official-pleads-guilty-fraud-scheme.html","source":"www.naturalnews.com","date":"2026-10-09T14:30:00Z","tipo":"Crimen organizado","severidad":3,"lugar":"Florida, United States","pais_iso3":"USA","precision":"estado","origen":"mundo","actores":"Government → Criminal","articulos":10,"arma":null,"via":"GDELT 2.0 (evento codificado; el título sale del enlace)"}},{"type":"Feature","geometry":{"type":"Point","coordinates":[3.896,7.388]},"properties":{"title":"Breaking gunmen abduct three cocoa research institute workers","url":"https://promptnewsonline.com/breaking-gunmen-abduct-three-cocoa-research-institute-workers/","source":"promptnewsonline.com","date":"2026-10-09T14:30:00Z","tipo":"Grupo armado","severidad":4,"lugar":"Ibadan, Oyo, Nigeria","pais_iso3":"NGA","precision":"ciudad","origen":"mundo","actores":"Gunmen → Worker","articulos":2,"arma":null,"via":"GDELT 2.0 (evento codificado; el título sale del enlace)"}},{"type":"Feature","geometry":{"type":"Point","coordinates":[-1.167,51.083]},"properties":{"title":"News devon drug gang jailed years police operation","url":"https://www.midweekherald.co.uk/news/26622857.devon-drug-gang-jailed-80-years-police-operation/","source":"www.midweekherald.co.uk","date":"2026-10-09T14:15:00Z","tipo":"Crimen organizado","severidad":3,"lugar":"Hampshire, Hampshire, United Kingdom","pais_iso3":"GBR","precision":"estado","origen":"mundo","actores":"Police → Drug Gang","articulos":2,"arma":null,"via":"GDELT 2.0 (evento codificado; el título sale del enlace)"}},{"type":"Feature","geometry":{"type":"Point","coordinates":[-10.893,6.503]},"properties":{"title":"Crimen organizado: Criminal → Christian (Royesville, Bomi, Liberia)","url":"https://allafrica.com/stories/202610090495.html","source":"allafrica.com","date":"2026-10-09T14:15:00Z","tipo":"Crimen organizado","severidad":3,"lugar":"Royesville, Bomi, Liberia","pais_iso3":"LBR","precision":"ciudad","origen":"mundo","actores":"Criminal → Christian","articulos":6,"arma":null,"via":"GDELT 2.0 (evento codificado; el título sale del enlace)"}},{"type":"Feature","geometry":{"type":"Point","coordinates":[84.267,19.45]},"properties":{"title":"News cec gyanesh kumars legal immunity makes him the most powerful constitutional authority","url":"https://www.thenewsminute.com/news/cec-gyanesh-kumars-legal-immunity-makes-him-the-most-powerful-constitutional-authority","source":"www.thenewsminute.com","date":"2026-10-09T14:15:00Z","tipo":"Crimen organizado","severidad":3,"lugar":"Mohana, Orissa, India","pais_iso3":"IND","precision":"ciudad","origen":"mundo","actores":"Criminal → Citizen","articulos":10,"arma":null,"via":"GDELT 2.0 (evento codificado; el título sale del enlace)"}},{"type":"Feature","geometry":{"type":"Point","coordinates":[84.033,24.95]},"properties":{"title":"City patna class student shot rohtas after school row articleshow cms","url":"https://timesofindia.indiatimes.com/city/patna/class-ix-student-shot-at-in-rohtas-after-school-row/articleshow/134835678.cms","source":"timesofindia.indiatimes.com","date":"2026-10-09T14:15:00Z","tipo":"Crimen organizado","severidad":4,"lugar":"Sasaram, Bihar, India","pais_iso3":"IND","precision":"ciudad","origen":"mundo","actores":"Miscreant → Student","articulos":4,"arma":null,"via":"GDELT 2.0 (evento codificado; el título sale del enlace)"}},{"type":"Feature","geometry":{"type":"Point","coordinates":[-10.805,6.311]},"properties":{"title":"Crimen organizado: Criminal → Liberia (Monrovia, Montserrado, Liberia)","url":"https://allafrica.com/stories/202610090495.html","source":"allafrica.com","date":"2026-10-09T14:15:00Z","tipo":"Crimen organizado","severidad":3,"lugar":"Monrovia, Montserrado, Liberia","pais_iso3":"","precision":"ciudad","origen":"mundo","actores":"Criminal → Liberia","articulos":4,"arma":null,"via":"GDELT 2.0 (evento codificado; el título sale del enlace)"}},{"type":"Feature","geometry":{"type":"Point","coordinates":[80.033,9.667]},"properties":{"title":"Index php content explainer sivarasa anojan facebook comment and death sentence saudi arabia","url":"https://www.tamilguardian.com/index.php/content/explainer-sivarasa-anojan-facebook-comment-and-death-sentence-saudi-arabia","source":"www.tamilguardian.com","date":"2026-10-09T14:15:00Z","tipo":"Crimen organizado","severidad":3,"lugar":"Nallur, Northern, Sri Lanka","pais_iso3":"","precision":"ciudad","origen":"mundo","actores":"Criminal → Saudi Arabia","articulos":2,"arma":null,"via":"GDELT 2.0 (evento codificado; el título sale del enlace)"}},{"type":"Feature","geometry":{"type":"Point","coordinates":[30.0,-2.0]},"properties":{"title":"World peace prize winner navi pillay has served judge across multiple international courts","url":"https://www.winnipegfreepress.com/world/2026/10/09/peace-prize-winner-navi-pillay-has-served-as-a-judge-across-multiple-international-courts","source":"www.winnipegfreepress.com","date":"2026-10-09T14:15:00Z","tipo":"Crimen organizado","severidad":3,"lugar":"Rwanda","pais_iso3":"RWA","precision":"país","origen":"mundo","actores":"Criminal → Perpetrator","articulos":6,"arma":null,"via":"GDELT 2.0 (evento codificado; el título sale del enlace)"}},{"type":"Feature","geometry":{"type":"Point","coordinates":[34.62,31.314]},"properties":{"title":"The media line israels october memorials remembering the dead means asking what failed","url":"https://ksevradio.com/the-media-line-at-israels-october-7-memorials-remembering-the-dead-means-asking-what-failed/","source":"ksevradio.com","date":"2026-10-09T14:15:00Z","tipo":"Terrorismo","severidad":3,"lugar":"Ofakim, HaDarom, Israel","pais_iso3":"ISR","precision":"ciudad","origen":"mundo","actores":"Community → Terrorist","articulos":3,"arma":null,"via":"GDELT 2.0 (evento codificado; el título sale del enlace)"}},{"type":"Feature","geometry":{"type":"Point","coordinates":[46.292,38.08]},"properties":{"title":"Diethni articles iran war american casualties double aircraft knocked out and billions military","url":"https://www.bankingnews.gr/diethni/articles/904315/us-iran-war-american-casualties-double-81-aircraft-knocked-out-and-billions-in-military-costs%20title=","source":"www.bankingnews.gr","date":"2026-10-09T14:15:00Z","tipo":"Grupo armado","severidad":4,"lugar":"Tabriz, Az¯arbayjan-e Sharqi, Iran","pais_iso3":"IRN","precision":"ciudad","origen":"mundo","actores":"Iranian → Fighter","articulos":20,"arma":null,"via":"GDELT 2.0 (evento codificado; el título sale del enlace)"}},{"type":"Feature","geometry":{"type":"Point","coordinates":[-76.79,39.072]},"properties":{"title":"The supreme court and the last word","url":"https://www.scotusblog.com/2026/10/the-supreme-court-and-the-last-word/","source":"www.scotusblog.com","date":"2026-10-09T14:00:00Z","tipo":"Crimen organizado","severidad":3,"lugar":"Maryland, United States","pais_iso3":"USA","precision":"estado","origen":"mundo","actores":"Outlaw","articulos":10,"arma":null,"via":"GDELT 2.0 (evento codificado; el título sale del enlace)"}},{"type":"Feature","geometry":{"type":"Point","coordinates":[34.333,31.417]},"properties":{"title":"Anti apartheid south african who condemned gaza genocide wins nobel peace prize","url":"https://dailytrust.com/anti-apartheid-south-african-who-condemned-gaza-genocide-wins-2026-nobel-peace-prize/","source":"dailytrust.com","date":"2026-10-09T14:00:00Z","tipo":"Crimen organizado","severidad":4,"lugar":"Gaza, Israel (general), Israel","pais_iso3":"PSE","precision":"ciudad","origen":"mundo","actores":"Criminal → Rwanda","articulos":6,"arma":null,"via":"GDELT 2.0 (evento codificado; el título sale del enlace)"}},{"type":"Feature","geometry":{"type":"Point","coordinates":[-5.967,54.55]},"properties":{"title":"News home news victor jacob scouts bromley jail html","url":"https://www.independent.co.uk/news/uk/home-news/victor-jacob-scouts-bromley-jail-b3063975.html","source":"www.independent.co.uk","date":"2026-10-09T13:45:00Z","tipo":"Crimen organizado","severidad":3,"lugar":"Balmoral, Belfast, United Kingdom","pais_iso3":"GBR","precision":"ciudad","origen":"mundo","actores":"Paedophile","articulos":4,"arma":null,"via":"GDELT 2.0 (evento codificado; el título sale del enlace)"}},{"type":"Feature","geometry":{"type":"Point","coordinates":[-0.117,51.5]},"properties":{"title":"Blogs kristine marsh abc wont blame san franciscos liberal policies brazen robberies","url":"https://newsbusters.org/blogs/nb/kristine-marsh/2021/11/22/abc-wont-blame-san-franciscos-liberal-policies-brazen-robberies","source":"newsbusters.org","date":"2026-10-09T13:45:00Z","tipo":"Crimen organizado","severidad":3,"lugar":"London, London, City of, United Kingdom","pais_iso3":"GBR","precision":"ciudad","origen":"mundo","actores":"Criminal","articulos":2,"arma":null,"via":"GDELT 2.0 (evento codificado; el título sale del enlace)"}},{"type":"Feature","geometry":{"type":"Point","coordinates":[-2.167,52.167]},"properties":{"title":"News prison officer jailed secret romance inmate","url":"https://www.southwalesargus.co.uk/news/26622730.prison-officer-jailed-secret-romance-inmate/","source":"www.southwalesargus.co.uk","date":"2026-10-09T13:45:00Z","tipo":"Crimen organizado","severidad":3,"lugar":"Worcestershire, Worcestershire, United Kingdom","pais_iso3":"GBR","precision":"estado","origen":"mundo","actores":"Gang → United Kingdom","articulos":2,"arma":null,"via":"GDELT 2.0 (evento codificado; el título sale del enlace)"}},{"type":"Feature","geometry":{"type":"Point","coordinates":[-93.92,45.733]},"properties":{"title":"News amy curtis stephen miller jihadism","url":"https://townhall.com/news/amy-curtis/2026/10/09/stephen-miller-jihadism-n2684403","source":"townhall.com","date":"2026-10-09T13:45:00Z","tipo":"Terrorismo","severidad":3,"lugar":"Minnesota, United States","pais_iso3":"USA","precision":"estado","origen":"mundo","actores":"President → Terrorist","articulos":3,"arma":null,"via":"GDELT 2.0 (evento codificado; el título sale del enlace)"}},{"type":"Feature","geometry":{"type":"Point","coordinates":[-97.647,31.106]},"properties":{"title":"News death row killer teen gang rape","url":"https://www.express.co.uk/news/us/2255809/death-row-killer-teen-gang-rape","source":"www.express.co.uk","date":"2026-10-09T13:45:00Z","tipo":"Crimen organizado","severidad":4,"lugar":"Texas, United States","pais_iso3":"USA","precision":"estado","origen":"mundo","actores":"Prisoner → Gang","articulos":10,"arma":null,"via":"GDELT 2.0 (evento codificado; el título sale del enlace)"}},{"type":"Feature","geometry":{"type":"Point","coordinates":[44.198,15.329]},"properties":{"title":"News world saudi houthi fighting riyadh airport","url":"https://www.cbc.ca/news/world/saudi-houthi-fighting-riyadh-airport-9.7375292","source":"www.cbc.ca","date":"2026-10-09T13:45:00Z","tipo":"Grupo rebelde","severidad":4,"lugar":"Indian Embassy, Amanat al `Asimah, Yemen","pais_iso3":"YEM","precision":"ciudad","origen":"mundo","actores":"Rebel → Yemen","articulos":3,"arma":null,"via":"GDELT 2.0 (evento codificado; el título sale del enlace)"}},{"type":"Feature","geometry":{"type":"Point","coordinates":[106.401,31.516]},"properties":{"title":"Chiang rai police raid chiang rai temple","url":"https://www.chiangraitimes.com/chiang-rai/police-raid-chiang-rai-temple/","source":"www.chiangraitimes.com","date":"2026-10-09T13:30:00Z","tipo":"Crimen organizado","severidad":3,"lugar":"Yilong, Sichuan, China","pais_iso3":"CHN","precision":"ciudad","origen":"mundo","actores":"Police → Criminal","articulos":10,"arma":null,"via":"GDELT 2.0 (evento codificado; el título sale del enlace)"}},{"type":"Feature","geometry":{"type":"Point","coordinates":[36.817,-1.283]},"properties":{"title":"Kenya identifies more trafficking victims but convictions plunge report finds","url":"https://capitalfm.africa/kenya-identifies-more-trafficking-victims-but-convictions-plunge-us-report-finds/","source":"capitalfm.africa","date":"2026-10-09T13:30:00Z","tipo":"Crimen organizado","severidad":3,"lugar":"Nairobi, Nairobi Area, Kenya","pais_iso3":"KEN","precision":"ciudad","origen":"mundo","actores":"Prison → Trafficker","articulos":10,"arma":null,"via":"GDELT 2.0 (evento codificado; el título sale del enlace)"}},{"type":"Feature","geometry":{"type":"Point","coordinates":[36.817,-1.283]},"properties":{"title":"Report flags kenyas failure act officials linked human trafficking","url":"https://capitalfm.africa/us-report-flags-kenyas-failure-to-act-on-officials-linked-to-human-trafficking/","source":"capitalfm.africa","date":"2026-10-09T13:30:00Z","tipo":"Crimen organizado","severidad":3,"lugar":"Nairobi, Nairobi Area, Kenya","pais_iso3":"KEN","precision":"ciudad","origen":"mundo","actores":"Kenya → Trafficker","articulos":20,"arma":null,"via":"GDELT 2.0 (evento codificado; el título sale del enlace)"}},{"type":"Feature","geometry":{"type":"Point","coordinates":[-94.35,36.633]},"properties":{"title":"News joplin news first jury convicts joplin man violent assault hospital staffer article html","url":"https://www.koamnewsnow.com/news/joplin-news-first/jury-convicts-joplin-man-of-violent-assault-on-hospital-staffer/article_e6a3c3de-afb6-4287-8ca8-e679f4b89bde.html","source":"www.koamnewsnow.com","date":"2026-10-09T13:15:00Z","tipo":"Crimen organizado","severidad":4,"lugar":"Mcdonald County, Missouri, United States","pais_iso3":"USA","precision":"ciudad","origen":"mundo","actores":"Convicts → Hospital","articulos":2,"arma":null,"via":"GDELT 2.0 (evento codificado; el título sale del enlace)"}},{"type":"Feature","geometry":{"type":"Point","coordinates":[-0.25,51.833]},"properties":{"title":"News article traveller burglary squad strikes terrifying moment balaclava clad gang linked break ins use crowbars smash door london home html","url":"https://www.dailymail.com/news/article-16195467/Traveller-burglary-squad-strikes-Terrifying-moment-balaclava-clad-gang-linked-50-break-ins-use-crowbars-smash-door-London-home.html","source":"www.dailymail.com","date":"2026-10-09T13:15:00Z","tipo":"Crimen organizado","severidad":3,"lugar":"Hertfordshire, Hertfordshire, United Kingdom","pais_iso3":"GBR","precision":"estado","origen":"mundo","actores":"Gang → Intelligence","articulos":6,"arma":null,"via":"GDELT 2.0 (evento codificado; el título sale del enlace)"}},{"type":"Feature","geometry":{"type":"Point","coordinates":[34.333,31.417]},"properties":{"title":"World profile navi pillay nobel laureate who led inquiry that found genocide gaza","url":"https://aa.com.tr/en/world/profile-navi-pillay-nobel-laureate-who-led-un-inquiry-that-found-genocide-in-gaza/4083429","source":"aa.com.tr","date":"2026-10-09T13:15:00Z","tipo":"Grupo armado","severidad":4,"lugar":"Gaza, Israel (general), Israel","pais_iso3":"PSE","precision":"ciudad","origen":"mundo","actores":"Israel → Israel","articulos":2,"arma":null,"via":"GDELT 2.0 (evento codificado; el título sale del enlace)"}},{"type":"Feature","geometry":{"type":"Point","coordinates":[-98.579,39.828]},"properties":{"title":"Protecting men punishing women when consequences are just essay","url":"https://universitytimes.ie/2026/10/protecting-men-punishing-women-when-consequences-are-just-an-essay/","source":"universitytimes.ie","date":"2026-10-09T13:00:00Z","tipo":"Crimen organizado","severidad":4,"lugar":"United States","pais_iso3":"USA","precision":"país","origen":"mundo","actores":"Perpetrator → Media","articulos":6,"arma":null,"via":"GDELT 2.0 (evento codificado; el título sale del enlace)"}},{"type":"Feature","geometry":{"type":"Point","coordinates":[-74.938,42.15]},"properties":{"title":"Opinion rubio western greatness retrieve roots restore branches","url":"https://patriotpost.us/opinion/1001774-rubio-on-western-greatness-retrieve-roots-restore-branches","source":"patriotpost.us","date":"2026-10-09T13:00:00Z","tipo":"Grupo rebelde","severidad":3,"lugar":"New York, United States","pais_iso3":"USA","precision":"estado","origen":"mundo","actores":"Student → Hamas","articulos":3,"arma":null,"via":"GDELT 2.0 (evento codificado; el título sale del enlace)"}},{"type":"Feature","geometry":{"type":"Point","coordinates":[-74.938,42.15]},"properties":{"title":"Opinion another muslim plots mass murder","url":"https://patriotpost.us/opinion/1001787-another-muslim-plots-mass-murder","source":"patriotpost.us","date":"2026-10-09T13:00:00Z","tipo":"Grupo rebelde","severidad":4,"lugar":"New York, United States","pais_iso3":"USA","precision":"estado","origen":"mundo","actores":"Hamas","articulos":5,"arma":null,"via":"GDELT 2.0 (evento codificado; el título sale del enlace)"}},{"type":"Feature","geometry":{"type":"Point","coordinates":[100.0,15.0]},"properties":{"title":"News latest news woman jailed trafficking drugs","url":"https://www.dailystar.co.uk/news/latest-news/woman-jailed-trafficking-150k-drugs-37753452","source":"www.dailystar.co.uk","date":"2026-10-09T12:45:00Z","tipo":"Crimen organizado","severidad":3,"lugar":"Thailand","pais_iso3":"THA","precision":"país","origen":"mundo","actores":"Smuggler","articulos":10,"arma":null,"via":"GDELT 2.0 (evento codificado; el título sale del enlace)"}},{"type":"Feature","geometry":{"type":"Point","coordinates":[74.925,31.45]},"properties":{"title":"City amritsar seconds volley bullets cctv captures killing aap linked sarpanch poll bound punjab articleshow cms","url":"https://timesofindia.indiatimes.com/city/amritsar/17-seconds-a-volley-of-bullets-cctv-captures-killing-of-aap-linked-sarpanch-in-poll-bound-punjab/articleshow/134832670.cms","source":"timesofindia.indiatimes.com","date":"2026-10-09T12:45:00Z","tipo":"Crimen organizado","severidad":4,"lugar":"Tarn Taran, Punjab, India","pais_iso3":"IND","precision":"ciudad","origen":"mundo","actores":"Assailant → Police","articulos":10,"arma":null,"via":"GDELT 2.0 (evento codificado; el título sale del enlace)"}},{"type":"Feature","geometry":{"type":"Point","coordinates":[-86.749,35.745]},"properties":{"title":"News world news harrowing update death row killer","url":"https://www.dailyrecord.co.uk/news/uk-world-news/harrowing-update-death-row-killer-37753920","source":"www.dailyrecord.co.uk","date":"2026-10-09T12:45:00Z","tipo":"Crimen organizado","severidad":4,"lugar":"Tennessee, United States","pais_iso3":"USA","precision":"estado","origen":"mundo","actores":"Gangland → Champagne","articulos":10,"arma":null,"via":"GDELT 2.0 (evento codificado; el título sale del enlace)"}},{"type":"Feature","geometry":{"type":"Point","coordinates":[8.0,45.0]},"properties":{"title":"World oct thieves make off with haul from prestigious italian winery marchesi antinori","url":"https://www.theguardian.com/world/2026/oct/09/thieves-make-off-with-haul-from-prestigious-italian-winery-marchesi-antinori","source":"www.theguardian.com","date":"2026-10-09T12:45:00Z","tipo":"Crimen organizado","severidad":3,"lugar":"Piedmont, Piemonte, Italy","pais_iso3":"ITA","precision":"estado","origen":"mundo","actores":"Gang → Italy","articulos":2,"arma":null,"via":"GDELT 2.0 (evento codificado; el título sale del enlace)"}},{"type":"Feature","geometry":{"type":"Point","coordinates":[34.767,32.067]},"properties":{"title":"Wire the focus project remembering victims and honoring heroes means defending the truth","url":"https://www.jns.org/wire/the-focus-project/remembering-victims-and-honoring-heroes-means-defending-the-truth","source":"www.jns.org","date":"2026-10-09T12:45:00Z","tipo":"Crimen organizado","severidad":5,"lugar":"Tel Aviv, Tel Aviv, Israel","pais_iso3":"ISR","precision":"ciudad","origen":"mundo","actores":"Killers → Activist","articulos":10,"arma":null,"via":"GDELT 2.0 (evento codificado; el título sale del enlace)"}},{"type":"Feature","geometry":{"type":"Point","coordinates":[-0.117,51.5]},"properties":{"title":"News latest news paedo monkey torturer filmed baby","url":"https://www.dailystar.co.uk/news/latest-news/paedo-monkey-torturer-filmed-baby-37754086","source":"www.dailystar.co.uk","date":"2026-10-09T12:45:00Z","tipo":"Crimen organizado","severidad":3,"lugar":"London, London, City of, United Kingdom","pais_iso3":"GBR","precision":"ciudad","origen":"mundo","actores":"United Kingdom → Criminal","articulos":4,"arma":null,"via":"GDELT 2.0 (evento codificado; el título sale del enlace)"}},{"type":"Feature","geometry":{"type":"Point","coordinates":[-77.036,38.895]},"properties":{"title":"Jacob aaron hicks white house mass bombings threat","url":"https://www.newsweek.com/jacob-aaron-hicks-white-house-mass-bombings-threat-12544965","source":"www.newsweek.com","date":"2026-10-09T12:45:00Z","tipo":"Crimen organizado","severidad":4,"lugar":"White House, District of Columbia, United States","pais_iso3":"USA","precision":"ciudad","origen":"mundo","actores":"Attorney → Criminal","articulos":8,"arma":"Bomba o explosivo","via":"GDELT 2.0 (evento codificado; el título sale del enlace)"}},{"type":"Feature","geometry":{"type":"Point","coordinates":[34.333,31.417]},"properties":{"title":"News world navi pillay who accused israel genocide wins nobel peace prize","url":"https://www.jns.org/news/world/navi-pillay-who-accused-israel-of-genocide-wins-nobel-peace-prize","source":"www.jns.org","date":"2026-10-09T12:45:00Z","tipo":"Grupo rebelde","severidad":4,"lugar":"Gaza, Israel (general), Israel","pais_iso3":"PSE","precision":"ciudad","origen":"mundo","actores":"Hamas → Civilian","articulos":5,"arma":null,"via":"GDELT 2.0 (evento codificado; el título sale del enlace)"}},{"type":"Feature","geometry":{"type":"Point","coordinates":[46.773,24.641]},"properties":{"title":"Grupo armado: Militia → Major General (Riyadh, Ar Riya?, Saudi Arabia)","url":"https://www.okaz.com.sa/live/2270016","source":"www.okaz.com.sa","date":"2026-10-09T12:45:00Z","tipo":"Grupo armado","severidad":4,"lugar":"Riyadh, Ar Riya?, Saudi Arabia","pais_iso3":"SAU","precision":"ciudad","origen":"mundo","actores":"Militia → Major General","articulos":3,"arma":"Artillería y tanques","via":"GDELT 2.0 (evento codificado; el título sale del enlace)"}},{"type":"Feature","geometry":{"type":"Point","coordinates":[7.153,43.665]},"properties":{"title":"Story arrests france stolen renoir paintings found","url":"https://www.merimbulanewsweekly.com.au/story/9365927/arrests-in-france-as-stolen-renoir-paintings-found/","source":"www.merimbulanewsweekly.com.au","date":"2026-10-09T12:30:00Z","tipo":"Crimen organizado","severidad":3,"lugar":"Cagnes-Sur-Mer, Provence-Alpes-Côd'Azur, France","pais_iso3":"FRA","precision":"ciudad","origen":"mundo","actores":"Thieves","articulos":10,"arma":null,"via":"GDELT 2.0 (evento codificado; el título sale del enlace)"}},{"type":"Feature","geometry":{"type":"Point","coordinates":[1.167,51.783]},"properties":{"title":"Premium the archbishop canterbury jeffrey archer philanthropist who kept charity shops shitty books","url":"https://www.thedailymash.co.uk/premium/the-archbishop-of-canterbury-on-jeffrey-archer-philanthropist-who-kept-charity-shops-in-shitty-books-20261009269948","source":"www.thedailymash.co.uk","date":"2026-10-09T12:30:00Z","tipo":"Crimen organizado","severidad":3,"lugar":"Clacton, Essex, United Kingdom","pais_iso3":"","precision":"ciudad","origen":"mundo","actores":"Crook","articulos":6,"arma":null,"via":"GDELT 2.0 (evento codificado; el título sale del enlace)"}},{"type":"Feature","geometry":{"type":"Point","coordinates":[-74.959,44.793]},"properties":{"title":"News trump slam hochul over immigration syracuse rally after nypd detective stabbing bronx ice shooting","url":"https://nypost.com/2026/10/09/us-news/trump-to-slam-hochul-over-immigration-at-syracuse-rally-after-nypd-detective-stabbing-bronx-ice-shooting/","source":"nypost.com","date":"2026-10-09T12:30:00Z","tipo":"Crimen organizado","severidad":3,"lugar":"Marble Hill, New York, United States","pais_iso3":"USA","precision":"ciudad","origen":"mundo","actores":"Criminal","articulos":5,"arma":null,"via":"GDELT 2.0 (evento codificado; el título sale del enlace)"}},{"type":"Feature","geometry":{"type":"Point","coordinates":[34.333,31.417]},"properties":{"title":"Jns idf kills hamas commander involved holding three israeli hostages article html","url":"https://www.clevelandjewishnews.com/jns/idf-kills-hamas-commander-involved-in-holding-three-israeli-hostages/article_b8267fc2-9e09-58fd-9d92-db8a89e51996.html","source":"www.clevelandjewishnews.com","date":"2026-10-09T12:30:00Z","tipo":"Grupo rebelde","severidad":4,"lugar":"Gaza City, Israel (general), Israel","pais_iso3":"PSE","precision":"ciudad","origen":"mundo","actores":"Israel → Hamas","articulos":4,"arma":null,"via":"GDELT 2.0 (evento codificado; el título sale del enlace)"}},{"type":"Feature","geometry":{"type":"Point","coordinates":[42.729,18.306]},"properties":{"title":"Latest three saudi nationals killed several hurt houthi attacks riyadh airport","url":"https://www.geo.tv/latest/685739-three-saudi-nationals-killed-several-hurt-in-houthi-attacks-on-riyadh-airport","source":"www.geo.tv","date":"2026-10-09T12:30:00Z","tipo":"Grupo rebelde","severidad":4,"lugar":"Khamis Mushait, Saudi Arabia (general), Saudi Arabia","pais_iso3":"SAU","precision":"ciudad","origen":"mundo","actores":"Rebel Group → Saudi","articulos":2,"arma":null,"via":"GDELT 2.0 (evento codificado; el título sale del enlace)"}},{"type":"Feature","geometry":{"type":"Point","coordinates":[-122.273,37.872]},"properties":{"title":"English life sentence man who killed berkeley professor athens murder hire plot","url":"https://www.iefimerida.gr/english/life-sentence-man-who-killed-berkeley-professor-athens-murder-hire-plot","source":"www.iefimerida.gr","date":"2026-10-09T12:30:00Z","tipo":"Grupo armado","severidad":4,"lugar":"Berkeley, California, United States","pais_iso3":"USA","precision":"ciudad","origen":"mundo","actores":"Gunman → United States","articulos":2,"arma":null,"via":"GDELT 2.0 (evento codificado; el título sale del enlace)"}},{"type":"Feature","geometry":{"type":"Point","coordinates":[-73.942,40.853]},"properties":{"title":"News aoc calls for full and independent investigation into bronx ice shooting","url":"https://nypost.com/2026/10/09/us-news/aoc-calls-for-full-and-independent-investigation-into-bronx-ice-shooting/","source":"nypost.com","date":"2026-10-09T12:00:00Z","tipo":"Crimen organizado","severidad":4,"lugar":"Fort Washington Park, New York, United States","pais_iso3":"USA","precision":"ciudad","origen":"mundo","actores":"Illegal Migrant","articulos":4,"arma":null,"via":"GDELT 2.0 (evento codificado; el título sale del enlace)"}},{"type":"Feature","geometry":{"type":"Point","coordinates":[30.0,-2.0]},"properties":{"title":"South african human rights lawyer navi pillay wins the nobel peace prize","url":"https://www.wamc.org/2026-10-09/south-african-human-rights-lawyer-navi-pillay-wins-the-nobel-peace-prize","source":"www.wamc.org","date":"2026-10-09T12:00:00Z","tipo":"Crimen organizado","severidad":4,"lugar":"Rwanda","pais_iso3":"RWA","precision":"país","origen":"mundo","actores":"Criminal","articulos":2,"arma":null,"via":"GDELT 2.0 (evento codificado; el título sale del enlace)"}},{"type":"Feature","geometry":{"type":"Point","coordinates":[30.0,-2.0]},"properties":{"title":"Articles icj judge navi pillay wins html","url":"https://www.aol.co.uk/articles/icj-judge-navi-pillay-wins-112410000.html","source":"www.aol.co.uk","date":"2026-10-09T12:00:00Z","tipo":"Crimen organizado","severidad":3,"lugar":"Rwanda","pais_iso3":"RWA","precision":"país","origen":"mundo","actores":"Criminal → Rwanda","articulos":3,"arma":null,"via":"GDELT 2.0 (evento codificado; el título sale del enlace)"}},{"type":"Feature","geometry":{"type":"Point","coordinates":[-119.746,36.17]},"properties":{"title":"Opinion community voices another view now you know the rest the story article html","url":"https://www.bakersfield.com/opinion/community-voices/another-view-now-you-know-the-rest-of-the-story/article_4d311e7c-6228-4c16-9a6c-4f80263eaf71.html","source":"www.bakersfield.com","date":"2026-10-09T12:00:00Z","tipo":"Grupo rebelde","severidad":4,"lugar":"California, United States","pais_iso3":"USA","precision":"estado","origen":"mundo","actores":"Hamas → Israel","articulos":10,"arma":null,"via":"GDELT 2.0 (evento codificado; el título sale del enlace)"}},{"type":"Feature","geometry":{"type":"Point","coordinates":[44.0,33.0]},"properties":{"title":"Battle hormuz won now insurgency phase","url":"https://www.newsweek.com/battle-hormuz-won-now-insurgency-phase-12545451","source":"www.newsweek.com","date":"2026-10-09T11:45:00Z","tipo":"Grupo rebelde","severidad":4,"lugar":"Iraq","pais_iso3":"IRQ","precision":"país","origen":"mundo","actores":"Insurgency","articulos":5,"arma":null,"via":"GDELT 2.0 (evento codificado; el título sale del enlace)"}},{"type":"Feature","geometry":{"type":"Point","coordinates":[66.0,33.0]},"properties":{"title":"News international world news what the international criminal court articleshow cms","url":"https://economictimes.indiatimes.com/news/international/world-news/what-is-the-international-criminal-court/articleshow/134831138.cms","source":"economictimes.indiatimes.com","date":"2026-10-09T11:45:00Z","tipo":"Insurgencia","severidad":3,"lugar":"Afghanistan","pais_iso3":"AFG","precision":"país","origen":"mundo","actores":"Afghan → Taliban","articulos":3,"arma":null,"via":"GDELT 2.0 (evento codificado; el título sale del enlace)"}},{"type":"Feature","geometry":{"type":"Point","coordinates":[-0.217,5.55]},"properties":{"title":"Fbi raids ghana scam compound million losses uncovered","url":"https://theheraldghana.com/fbi-raids-ghana-scam-compound-us10-million-losses-uncovered/","source":"theheraldghana.com","date":"2026-10-09T11:45:00Z","tipo":"Crimen organizado","severidad":3,"lugar":"Accra, Greater Accra, Ghana","pais_iso3":"","precision":"ciudad","origen":"mundo","actores":"Africa → Criminal","articulos":6,"arma":null,"via":"GDELT 2.0 (evento codificado; el título sale del enlace)"}},{"type":"Feature","geometry":{"type":"Point","coordinates":[28.229,-25.707]},"properties":{"title":"News top stories eff arrested allegedly assaulting police officer","url":"https://www.enca.com/news-top-stories/eff-mp-arrested-allegedly-assaulting-police-officer","source":"www.enca.com","date":"2026-10-09T11:45:00Z","tipo":"Grupo rebelde","severidad":3,"lugar":"Pretoria, Gauteng, South Africa","pais_iso3":"ZAF","precision":"ciudad","origen":"mundo","actores":"Police Officer → Freedom Fighter","articulos":10,"arma":null,"via":"GDELT 2.0 (evento codificado; el título sale del enlace)"}},{"type":"Feature","geometry":{"type":"Point","coordinates":[46.109,43.351]},"properties":{"title":"Terrorismo: Law Enforcement Officer → Terrorist (Gudermes, Chechnya and Ingushetiya, Russia)","url":"https://www.eng.kavkaz-uzel.eu/articles/79243","source":"www.eng.kavkaz-uzel.eu","date":"2026-10-09T11:45:00Z","tipo":"Terrorismo","severidad":4,"lugar":"Gudermes, Chechnya and Ingushetiya, Russia","pais_iso3":"RUS","precision":"ciudad","origen":"mundo","actores":"Law Enforcement Officer → Terrorist","articulos":10,"arma":null,"via":"GDELT 2.0 (evento codificado; el título sale del enlace)"}},{"type":"Feature","geometry":{"type":"Point","coordinates":[18.369,-33.806]},"properties":{"title":"Crimen organizado: Criminal (Robben Island, Western Cape, South Africa)","url":"https://www.npr.org/2026/10/08/nx-s1-5994952/nobel-peace-prize","source":"www.npr.org","date":"2026-10-09T11:45:00Z","tipo":"Crimen organizado","severidad":4,"lugar":"Robben Island, Western Cape, South Africa","pais_iso3":"","precision":"ciudad","origen":"mundo","actores":"Criminal","articulos":2,"arma":null,"via":"GDELT 2.0 (evento codificado; el título sale del enlace)"}},{"type":"Feature","geometry":{"type":"Point","coordinates":[39.5,19.0]},"properties":{"title":"Britannia shield air and missile defence plan","url":"https://theaviationist.com/2026/10/09/uk-britannia-shield-air-and-missile-defence-plan/","source":"theaviationist.com","date":"2026-10-09T11:45:00Z","tipo":"Grupo armado","severidad":4,"lugar":"Red Sea, Djibouti (general), Djibouti","pais_iso3":"","precision":"ciudad","origen":"mundo","actores":"Djibouti → Militia","articulos":5,"arma":"Misiles o cohetes","via":"GDELT 2.0 (evento codificado; el título sale del enlace)"}},{"type":"Feature","geometry":{"type":"Point","coordinates":[-4.0,54.0]},"properties":{"title":"Showbiz vijay deverakonda rashmika mandanna battle british rule ranabaali trailer packed with rebellion details","url":"https://www.indiablooms.com/showbiz/vijay-deverakonda-rashmika-mandanna-battle-british-rule-in-ranabaali-trailer-packed-with-rebellion/details","source":"www.indiablooms.com","date":"2026-10-09T11:45:00Z","tipo":"Grupo rebelde","severidad":4,"lugar":"United Kingdom","pais_iso3":"","precision":"país","origen":"mundo","actores":"United Kingdom → Rebellion","articulos":2,"arma":null,"via":"GDELT 2.0 (evento codificado; el título sale del enlace)"}},{"type":"Feature","geometry":{"type":"Point","coordinates":[34.333,31.417]},"properties":{"title":"Opinion october has strengthened the jewish peoples resolve","url":"https://nationalpost.com/opinion/october-7-has-strengthened-the-jewish-peoples-resolve","source":"nationalpost.com","date":"2026-10-09T11:45:00Z","tipo":"Grupo rebelde","severidad":4,"lugar":"Gaza, Israel (general), Israel","pais_iso3":"PSE","precision":"ciudad","origen":"mundo","actores":"Hamas → Israel","articulos":10,"arma":null,"via":"GDELT 2.0 (evento codificado; el título sale del enlace)"}},{"type":"Feature","geometry":{"type":"Point","coordinates":[46.773,24.641]},"properties":{"title":"News world news riyadh airport saudi arabia houthis","url":"https://www.mirror.co.uk/news/world-news/riyadh-airport-saudi-arabia-houthis-37753838","source":"www.mirror.co.uk","date":"2026-10-09T11:45:00Z","tipo":"Grupo rebelde","severidad":3,"lugar":"Riyadh, Ar Riya?, Saudi Arabia","pais_iso3":"SAU","precision":"ciudad","origen":"mundo","actores":"Riyadh → Rebel","articulos":10,"arma":null,"via":"GDELT 2.0 (evento codificado; el título sale del enlace)"}},{"type":"Feature","geometry":{"type":"Point","coordinates":[76.5,10.0]},"properties":{"title":"Burglars decamp with jewels cash worth over lakh from two houses","url":"https://starofmysore.com/burglars-decamp-with-jewels-cash-worth-over-rs-13-lakh-from-two-houses/","source":"starofmysore.com","date":"2026-10-09T11:30:00Z","tipo":"Crimen organizado","severidad":3,"lugar":"Keralam, Kerala, India","pais_iso3":"IND","precision":"estado","origen":"mundo","actores":"Burglar","articulos":10,"arma":null,"via":"GDELT 2.0 (evento codificado; el título sale del enlace)"}},{"type":"Feature","geometry":{"type":"Point","coordinates":[3.896,7.388]},"properties":{"title":"Oyo apc candidate alleges attacks wife two aspirants","url":"https://promptnewsonline.com/oyo-apc-candidate-alleges-attacks-on-wife-two-aspirants/","source":"promptnewsonline.com","date":"2026-10-09T11:30:00Z","tipo":"Crimen organizado","severidad":4,"lugar":"Ibadan, Oyo, Nigeria","pais_iso3":"NGA","precision":"ciudad","origen":"mundo","actores":"Miscreant → Nigeria","articulos":4,"arma":null,"via":"GDELT 2.0 (evento codificado; el título sale del enlace)"}},{"type":"Feature","geometry":{"type":"Point","coordinates":[34.75,31.5]},"properties":{"title":"Watch slams nobel prize for navi pillay","url":"https://www.miragenews.com/un-watch-slams-nobel-prize-for-navi-pillay-1757766/","source":"www.miragenews.com","date":"2026-10-09T11:30:00Z","tipo":"Grupo rebelde","severidad":3,"lugar":"Israel","pais_iso3":"ISR","precision":"país","origen":"mundo","actores":"Israel → Hamas","articulos":4,"arma":null,"via":"GDELT 2.0 (evento codificado; el título sale del enlace)"}},{"type":"Feature","geometry":{"type":"Point","coordinates":[100.0,60.0]},"properties":{"title":"Unitedstates trials appeals compensation look back the trial the peace information center and web bois","url":"https://www.mondaq.com:443/unitedstates/trials-appeals-compensation/1853148/a-look-back-the-1951-trial-of-the-peace-information-center-and-web-du-bois","source":"www.mondaq.com:443","date":"2026-10-09T11:30:00Z","tipo":"Crimen organizado","severidad":3,"lugar":"Russia","pais_iso3":"RUS","precision":"país","origen":"mundo","actores":"District Court → Criminal","articulos":10,"arma":null,"via":"GDELT 2.0 (evento codificado; el título sale del enlace)"}},{"type":"Feature","geometry":{"type":"Point","coordinates":[47.502,42.976]},"properties":{"title":"Terrorismo: Terrorist (Makhachkala, Dagestan, Russia)","url":"https://www.eng.kavkaz-uzel.eu/articles/79242","source":"www.eng.kavkaz-uzel.eu","date":"2026-10-09T11:30:00Z","tipo":"Terrorismo","severidad":4,"lugar":"Makhachkala, Dagestan, Russia","pais_iso3":"RUS","precision":"ciudad","origen":"mundo","actores":"Terrorist","articulos":2,"arma":"Ataque aéreo","via":"GDELT 2.0 (evento codificado; el título sale del enlace)"}},{"type":"Feature","geometry":{"type":"Point","coordinates":[84.867,19.333]},"properties":{"title":"News national west bengal west bengal vows action over cpim leaders vandalism hindutvawadis remark held for house attack ece","url":"https://www.thehindu.com/news/national/west-bengal/west-bengal-cm-vows-action-over-cpim-leaders-vandalism-by-hindutvawadis-remark-1-held-for-house-attack/article71563655.ece","source":"www.thehindu.com","date":"2026-10-09T11:15:00Z","tipo":"Crimen organizado","severidad":3,"lugar":"Narendrapur, Orissa, India","pais_iso3":"IND","precision":"ciudad","origen":"mundo","actores":"West Bengal → Hindu","articulos":10,"arma":null,"via":"GDELT 2.0 (evento codificado; el título sale del enlace)"}},{"type":"Feature","geometry":{"type":"Point","coordinates":[65.644,28.479]},"properties":{"title":"More news international heavy casualties desertions force pak army recall soldiers for deployment balochistan","url":"https://www.sentinelassam.com/more-news/international/heavy-casualties-desertions-force-pak-army-to-recall-ex-soldiers-for-deployment-in-balochistan","source":"www.sentinelassam.com","date":"2026-10-09T11:15:00Z","tipo":"Separatistas","severidad":4,"lugar":"Balochistan, Balochistan, Pakistan","pais_iso3":"PAK","precision":"estado","origen":"mundo","actores":"Separatist → Security Force","articulos":10,"arma":null,"via":"GDELT 2.0 (evento codificado; el título sale del enlace)"}},{"type":"Feature","geometry":{"type":"Point","coordinates":[-76.483,42.447]},"properties":{"title":"Girl uninterrupted you are not jane doe","url":"https://dailycampus.com/2026/10/09/girl-uninterrupted-you-are-not-jane-doe/","source":"dailycampus.com","date":"2026-10-09T11:00:00Z","tipo":"Crimen organizado","severidad":4,"lugar":"Cornell University, New York, United States","pais_iso3":"USA","precision":"ciudad","origen":"mundo","actores":"Gang","articulos":6,"arma":null,"via":"GDELT 2.0 (evento codificado; el título sale del enlace)"}},{"type":"Feature","geometry":{"type":"Point","coordinates":[-122.166,37.424]},"properties":{"title":"Stanford sexual assault cornell","url":"https://stanforddaily.com/2026/10/09/stanford-sexual-assault-cornell/","source":"stanforddaily.com","date":"2026-10-09T11:00:00Z","tipo":"Crimen organizado","severidad":4,"lugar":"Stanford, California, United States","pais_iso3":"USA","precision":"ciudad","origen":"mundo","actores":"Gang → University","articulos":10,"arma":null,"via":"GDELT 2.0 (evento codificado; el título sale del enlace)"}},{"type":"Feature","geometry":{"type":"Point","coordinates":[147.0,-6.0]},"properties":{"title":"Separatistas: Separatist → Papua (Papua New Guinea)","url":"https://english.news.cn/20261009/5c3d5b9c282148d683afccbe2adc32ca/c.html","source":"english.news.cn","date":"2026-10-09T11:00:00Z","tipo":"Separatistas","severidad":4,"lugar":"Papua New Guinea","pais_iso3":"PNG","precision":"país","origen":"mundo","actores":"Separatist → Papua","articulos":10,"arma":null,"via":"GDELT 2.0 (evento codificado; el título sale del enlace)"}},{"type":"Feature","geometry":{"type":"Point","coordinates":[-118.244,34.052]},"properties":{"title":"Politics attorney calls out loud mouth california dems feds step skid row drug bust lunatics","url":"https://www.foxnews.com/politics/us-attorney-calls-out-loud-mouth-california-dems-feds-step-skid-row-drug-bust-lunatics","source":"www.foxnews.com","date":"2026-10-09T10:45:00Z","tipo":"Crimen organizado","severidad":3,"lugar":"Los Angeles, California, United States","pais_iso3":"USA","precision":"ciudad","origen":"mundo","actores":"Gang","articulos":5,"arma":null,"via":"GDELT 2.0 (evento codificado; el título sale del enlace)"}},{"type":"Feature","geometry":{"type":"Point","coordinates":[69.183,34.517]},"properties":{"title":"Articles france confirms talks taliban deport html","url":"https://www.aol.co.uk/articles/france-confirms-talks-taliban-deport-102146000.html","source":"www.aol.co.uk","date":"2026-10-09T10:45:00Z","tipo":"Insurgencia","severidad":4,"lugar":"Kabul, Kabol, Afghanistan","pais_iso3":"AFG","precision":"ciudad","origen":"mundo","actores":"Taliban → Afghanistan","articulos":10,"arma":null,"via":"GDELT 2.0 (evento codificado; el título sale del enlace)"}},{"type":"Feature","geometry":{"type":"Point","coordinates":[43.845,40.794]},"properties":{"title":"Crimen organizado: Armenia → Prison (Gyumri, Shirak, Armenia)","url":"https://www.pan.am/en/626151","source":"www.pan.am","date":"2026-10-09T10:45:00Z","tipo":"Crimen organizado","severidad":3,"lugar":"Gyumri, Shirak, Armenia","pais_iso3":"ARM","precision":"ciudad","origen":"mundo","actores":"Armenia → Prison","articulos":6,"arma":null,"via":"GDELT 2.0 (evento codificado; el título sale del enlace)"}},{"type":"Feature","geometry":{"type":"Point","coordinates":[-4.0,54.0]},"properties":{"title":"News world news nepal school bus tragedy sees","url":"https://www.dailyrecord.co.uk/news/uk-world-news/nepal-school-bus-tragedy-sees-37753122","source":"www.dailyrecord.co.uk","date":"2026-10-09T10:45:00Z","tipo":"Crimen organizado","severidad":4,"lugar":"United Kingdom","pais_iso3":"","precision":"país","origen":"mundo","actores":"Gangland → Champagne","articulos":10,"arma":null,"via":"GDELT 2.0 (evento codificado; el título sale del enlace)"}},{"type":"Feature","geometry":{"type":"Point","coordinates":[-2.217,53.5]},"properties":{"title":"News news glasgow paul ferris death gangland","url":"https://www.manchestereveningnews.co.uk/news/uk-news/glasgow-paul-ferris-death-gangland-34739521","source":"www.manchestereveningnews.co.uk","date":"2026-10-09T10:45:00Z","tipo":"Crimen organizado","severidad":4,"lugar":"Manchester, Manchester, United Kingdom","pais_iso3":"GBR","precision":"ciudad","origen":"mundo","actores":"Champagne → Gangster","articulos":10,"arma":null,"via":"GDELT 2.0 (evento codificado; el título sale del enlace)"}},{"type":"Feature","geometry":{"type":"Point","coordinates":[62.2,34.348]},"properties":{"title":"Afghanistan kidneys selling poverty html","url":"https://www.rferl.org/a/afghanistan-kidneys-selling-poverty/33872894.html","source":"www.rferl.org","date":"2026-10-09T10:30:00Z","tipo":"Insurgencia","severidad":3,"lugar":"Herat, Herat, Afghanistan","pais_iso3":"AFG","precision":"ciudad","origen":"mundo","actores":"Afghanistan → Taliban","articulos":10,"arma":null,"via":"GDELT 2.0 (evento codificado; el título sale del enlace)"}},{"type":"Feature","geometry":{"type":"Point","coordinates":[120.55,16.45]},"properties":{"title":"World illegal online gambling operators philippines could fronts for chinas espionage analyst warns","url":"https://www.theepochtimes.com/world/illegal-online-gambling-operators-in-philippines-could-be-fronts-for-chinas-espionage-analyst-warns-6101297","source":"www.theepochtimes.com","date":"2026-10-09T10:30:00Z","tipo":"Crimen organizado","severidad":4,"lugar":"Philippine, Benguet, Philippines","pais_iso3":"PHL","precision":"ciudad","origen":"mundo","actores":"Criminal → Chinese","articulos":7,"arma":null,"via":"GDELT 2.0 (evento codificado; el título sale del enlace)"}},{"type":"Feature","geometry":{"type":"Point","coordinates":[76.0,13.5]},"properties":{"title":"News world who navanethem navi pillay india origin lawyer wins nobel peace prize her career key achievements icc judge gaza html","url":"https://www.livemint.com/news/world/who-is-navanethem-navi-pillay-india-origin-lawyer-wins-nobel-peace-prize-2026-her-career-key-achievements-icc-judge-gaza-11791536860368.html","source":"www.livemint.com","date":"2026-10-09T10:30:00Z","tipo":"Crimen organizado","severidad":4,"lugar":"Karnataka, Karnataka, India","pais_iso3":"IND","precision":"estado","origen":"mundo","actores":"Criminal → Rwanda","articulos":2,"arma":null,"via":"GDELT 2.0 (evento codificado; el título sale del enlace)"}},{"type":"Feature","geometry":{"type":"Point","coordinates":[6.633,12.55]},"properties":{"title":"Kidnapping war edo must not become island","url":"https://nigerianobservernews.com/2026/10/kidnapping-war-edo-must-not-become-an-island/","source":"nigerianobservernews.com","date":"2026-10-09T10:30:00Z","tipo":"Crimen organizado","severidad":4,"lugar":"Kogi, Nigeria (general), Nigeria","pais_iso3":"NGA","precision":"ciudad","origen":"mundo","actores":"Governor → Kidnapper","articulos":10,"arma":null,"via":"GDELT 2.0 (evento codificado; el título sale del enlace)"}},{"type":"Feature","geometry":{"type":"Point","coordinates":[99.018,3.529]},"properties":{"title":"News tni neutralizes armed separatists southwest papua clash","url":"https://en.antaranews.com/news/434772/tni-neutralizes-armed-separatists-in-southwest-papua-clash","source":"en.antaranews.com","date":"2026-10-09T10:30:00Z","tipo":"Separatistas","severidad":4,"lugar":"Antara, Aceh, Indonesia","pais_iso3":"IDN","precision":"ciudad","origen":"mundo","actores":"Jakarta → Separatist","articulos":10,"arma":null,"via":"GDELT 2.0 (evento codificado; el título sale del enlace)"}},{"type":"Feature","geometry":{"type":"Point","coordinates":[-77.35,25.083]},"properties":{"title":"Long island politics capone assault charge","url":"https://www.newsday.com/long-island/politics/capone-assault-charge-ku3s5ny6","source":"www.newsday.com","date":"2026-10-09T10:00:00Z","tipo":"Crimen organizado","severidad":4,"lugar":"Nassau, New Providence, Bahamas, The","pais_iso3":"","precision":"ciudad","origen":"mundo","actores":"Bahama → Criminal","articulos":3,"arma":null,"via":"GDELT 2.0 (evento codificado; el título sale del enlace)"}},{"type":"Feature","geometry":{"type":"Point","coordinates":[69.958,32.951]},"properties":{"title":"Pakistan security forces kill seven terrorists north waziristan operation","url":"https://dunyanews.tv/en/Pakistan/976927-security-forces-kill-seven-terrorists-in-north-waziristan-operation","source":"dunyanews.tv","date":"2026-10-09T10:00:00Z","tipo":"Terrorismo","severidad":4,"lugar":"North Waziristan, Federally Administered Tribal Areas, Pakistan","pais_iso3":"PAK","precision":"ciudad","origen":"mundo","actores":"Security Force → Terrorist","articulos":2,"arma":null,"via":"GDELT 2.0 (evento codificado; el título sale del enlace)"}},{"type":"Feature","geometry":{"type":"Point","coordinates":[79.848,6.932]},"properties":{"title":"Breaking news former magistrate thilina gamage removed from service","url":"https://www.dailymirror.lk/breaking-news/Former-magistrate-Thilina-Gamage-removed-from-service/108-352177","source":"www.dailymirror.lk","date":"2026-10-09T10:00:00Z","tipo":"Crimen organizado","severidad":3,"lugar":"Colombo, Western, Sri Lanka","pais_iso3":"LKA","precision":"ciudad","origen":"mundo","actores":"Sri Lanka → Criminal","articulos":4,"arma":null,"via":"GDELT 2.0 (evento codificado; el título sale del enlace)"}},{"type":"Feature","geometry":{"type":"Point","coordinates":[11.4,49.25]},"properties":{"title":"Police arrest suspect after deadly shooting germanys upper palatinate","url":"https://www.euronews.com/2026/10/09/police-arrest-suspect-after-deadly-shooting-in-germanys-upper-palatinate","source":"www.euronews.com","date":"2026-10-09T09:45:00Z","tipo":"Grupo armado","severidad":3,"lugar":"Berngau, Bayern, Germany","pais_iso3":"DEU","precision":"ciudad","origen":"mundo","actores":"Police → Gunman","articulos":10,"arma":null,"via":"GDELT 2.0 (evento codificado; el título sale del enlace)"}},{"type":"Feature","geometry":{"type":"Point","coordinates":[-97.647,31.106]},"properties":{"title":"News world news death row inmate who killed","url":"https://www.dailystar.co.uk/news/world-news/death-row-inmate-who-killed-37752867","source":"www.dailystar.co.uk","date":"2026-10-09T09:45:00Z","tipo":"Crimen organizado","severidad":4,"lugar":"Texas, United States","pais_iso3":"USA","precision":"estado","origen":"mundo","actores":"Gang","articulos":6,"arma":null,"via":"GDELT 2.0 (evento codificado; el título sale del enlace)"}},{"type":"Feature","geometry":{"type":"Point","coordinates":[-77.036,38.895]},"properties":{"title":"News ice shooting triggers clashes new york","url":"http://www.haitisun.com/news/279361324/ice-shooting-triggers-clashes-in-new-york","source":"www.haitisun.com","date":"2026-10-09T09:45:00Z","tipo":"Crimen organizado","severidad":4,"lugar":"White House, District of Columbia, United States","pais_iso3":"USA","precision":"ciudad","origen":"mundo","actores":"Criminal","articulos":10,"arma":null,"via":"GDELT 2.0 (evento codificado; el título sale del enlace)"}},{"type":"Feature","geometry":{"type":"Point","coordinates":[10.0,62.0]},"properties":{"title":"Prizes peace press release","url":"https://www.nobelprize.org/prizes/peace/2026/press-release/","source":"www.nobelprize.org","date":"2026-10-09T09:45:00Z","tipo":"Crimen organizado","severidad":4,"lugar":"Norway","pais_iso3":"NOR","precision":"país","origen":"mundo","actores":"Criminal → Rwanda","articulos":2,"arma":null,"via":"GDELT 2.0 (evento codificado; el título sale del enlace)"}},{"type":"Feature","geometry":{"type":"Point","coordinates":[10.5,51.5]},"properties":{"title":"Global commentisfree oct naza mass killing gaza israel","url":"https://www.theguardian.com/global/commentisfree/2026/oct/09/naza-mass-killing-gaza-israel","source":"www.theguardian.com","date":"2026-10-09T09:45:00Z","tipo":"Crimen organizado","severidad":4,"lugar":"Germany","pais_iso3":"DEU","precision":"país","origen":"mundo","actores":"Germany → Germany","articulos":2,"arma":null,"via":"GDELT 2.0 (evento codificado; el título sale del enlace)"}},{"type":"Feature","geometry":{"type":"Point","coordinates":[-4.25,55.833]},"properties":{"title":"News latest news notorious gangland enforcer refused","url":"https://www.dailystar.co.uk/news/latest-news/notorious-gangland-enforcer-refused-10000-37752614","source":"www.dailystar.co.uk","date":"2026-10-09T09:45:00Z","tipo":"Crimen organizado","severidad":4,"lugar":"Glasgow, Glasgow City, United Kingdom","pais_iso3":"GBR","precision":"ciudad","origen":"mundo","actores":"United Kingdom → United Kingdom","articulos":2,"arma":null,"via":"GDELT 2.0 (evento codificado; el título sale del enlace)"}},{"type":"Feature","geometry":{"type":"Point","coordinates":[77.217,28.667]},"properties":{"title":"Cities delhi oct prominent citizens write delhi police commissioner allege intimidation citizens ahead october protest","url":"https://www.newindianexpress.com/cities/delhi/2026/Oct/09/47-prominent-citizens-write-to-delhi-police-commissioner-allege-intimidation-of-citizens-ahead-of-october-10-protest","source":"www.newindianexpress.com","date":"2026-10-09T09:30:00Z","tipo":"Crimen organizado","severidad":3,"lugar":"Delhi, Delhi, India","pais_iso3":"IND","precision":"ciudad","origen":"mundo","actores":"Criminal","articulos":5,"arma":null,"via":"GDELT 2.0 (evento codificado; el título sale del enlace)"}},{"type":"Feature","geometry":{"type":"Point","coordinates":[34.333,31.417]},"properties":{"title":"Detail controversial open letter published the guardian iran","url":"https://www.presstv.co.uk/Detail/2026/10/09/777928/Controversial--open-letter--published-by-The-Guardian-on-Iran","source":"www.presstv.co.uk","date":"2026-10-09T09:30:00Z","tipo":"Crimen organizado","severidad":3,"lugar":"Gaza, Israel (general), Israel","pais_iso3":"PSE","precision":"ciudad","origen":"mundo","actores":"Islamic → Criminal","articulos":2,"arma":null,"via":"GDELT 2.0 (evento codificado; el título sale del enlace)"}},{"type":"Feature","geometry":{"type":"Point","coordinates":[51.515,35.75]},"properties":{"title":"War iran houthis riyadh airport","url":"https://eaworldview.com/2026/10/us-war-iran-houthis-riyadh-airport/","source":"eaworldview.com","date":"2026-10-09T09:30:00Z","tipo":"Grupo rebelde","severidad":5,"lugar":"Tehran, Tehran, Iran","pais_iso3":"IRN","precision":"ciudad","origen":"mundo","actores":"Hamas","articulos":6,"arma":null,"via":"GDELT 2.0 (evento codificado; el título sale del enlace)"}},{"type":"Feature","geometry":{"type":"Point","coordinates":[-72.0,4.0]},"properties":{"title":"News article celebrity plastic surgeon executed customers marbella clinic threats disgruntled customer swedish teen hitman arrested html","url":"https://www.dailymail.com/news/article-16195437/Celebrity-plastic-surgeon-executed-customers-Marbella-clinic-threats-disgruntled-customer-Swedish-teen-hitman-arrested.html","source":"www.dailymail.com","date":"2026-10-09T09:15:00Z","tipo":"Crimen organizado","severidad":4,"lugar":"Colombia","pais_iso3":"COL","precision":"país","origen":"mundo","actores":"Criminal → Colombia","articulos":2,"arma":null,"via":"GDELT 2.0 (evento codificado; el título sale del enlace)"}},{"type":"Feature","geometry":{"type":"Point","coordinates":[77.0,20.0]},"properties":{"title":"News world saudi authorities say saudi citizens were killed thursdays attacks riyadh airport claimed houthi rebels","url":"https://www.news4jax.com/news/world/2026/10/09/saudi-authorities-say-3-saudi-citizens-were-killed-in-thursdays-attacks-on-riyadh-airport-claimed-by-houthi-rebels/","source":"www.news4jax.com","date":"2026-10-09T09:15:00Z","tipo":"Grupo rebelde","severidad":4,"lugar":"India","pais_iso3":"IND","precision":"país","origen":"mundo","actores":"Rebel → Saudi Arabia","articulos":3,"arma":null,"via":"GDELT 2.0 (evento codificado; el título sale del enlace)"}},{"type":"Feature","geometry":{"type":"Point","coordinates":[65.644,28.479]},"properties":{"title":"News world asia voice for baloch missing persons raises alarm over mounting enforced disappearances","url":"https://aninews.in/news/world/asia/voice-for-baloch-missing-persons-raises-alarm-over-mounting-enforced-disappearances-in-balochistan20261009134807/","source":"aninews.in","date":"2026-10-09T09:15:00Z","tipo":"Grupo armado","severidad":4,"lugar":"Balochistan, Balochistan, Pakistan","pais_iso3":"PAK","precision":"estado","origen":"mundo","actores":"Armed Men","articulos":10,"arma":null,"via":"GDELT 2.0 (evento codificado; el título sale del enlace)"}},{"type":"Feature","geometry":{"type":"Point","coordinates":[-74.938,42.15]},"properties":{"title":"Content vigils rallies held over cornell gang rape allegation","url":"https://newstalk1400online.iheart.com/content/2026-10-09-vigils-rallies-held-over-cornell-gang-rape-allegation/","source":"newstalk1400online.iheart.com","date":"2026-10-09T09:15:00Z","tipo":"Crimen organizado","severidad":4,"lugar":"New York, United States","pais_iso3":"USA","precision":"estado","origen":"mundo","actores":"United States → Gang","articulos":24,"arma":null,"via":"GDELT 2.0 (evento codificado; el título sale del enlace)"}},{"type":"Feature","geometry":{"type":"Point","coordinates":[-97.709,31.255]},"properties":{"title":"Snapchat article soldier killed soldiers death firing squad livestreamed html","url":"https://www.dailymail.com/snapchat/article-16195699/Soldier-killed-13-U-S-soldiers-death-firing-squad-livestreamed.html","source":"www.dailymail.com","date":"2026-10-09T09:15:00Z","tipo":"Terrorismo","severidad":4,"lugar":"Fort Hood, Texas, United States","pais_iso3":"USA","precision":"ciudad","origen":"mundo","actores":"United States → Terrorist","articulos":2,"arma":null,"via":"GDELT 2.0 (evento codificado; el título sale del enlace)"}},{"type":"Feature","geometry":{"type":"Point","coordinates":[72.587,33.813]},"properties":{"title":"News national general news pdps abdul kabir detained for questioning over calling burhan wani","url":"https://aninews.in/news/national/general-news/pdps-abdul-kabir-detained-for-questioning-over-calling-burhan-wani-a-8216martyr821720261009130055/","source":"aninews.in","date":"2026-10-09T08:45:00Z","tipo":"Separatistas","severidad":4,"lugar":"Burhan, Punjab, Pakistan","pais_iso3":"PAK","precision":"ciudad","origen":"mundo","actores":"Jammu And Kashmir → Mujahideen","articulos":3,"arma":null,"via":"GDELT 2.0 (evento codificado; el título sale del enlace)"}},{"type":"Feature","geometry":{"type":"Point","coordinates":[34.333,31.417]},"properties":{"title":"News oct just asking","url":"https://www.arkansasonline.com/news/2026/oct/09/just-asking/","source":"www.arkansasonline.com","date":"2026-10-09T08:45:00Z","tipo":"Grupo rebelde","severidad":4,"lugar":"Gaza, Israel (general), Israel","pais_iso3":"PSE","precision":"ciudad","origen":"mundo","actores":"Hamas → American","articulos":3,"arma":null,"via":"GDELT 2.0 (evento codificado; el título sale del enlace)"}},{"type":"Feature","geometry":{"type":"Point","coordinates":[37.616,55.752]},"properties":{"title":"Eurasia russia seeks extradition icc officials convicted absentia","url":"https://aa.com.tr/en/eurasia/russia-seeks-extradition-of-9-icc-officials-convicted-in-absentia/4082898","source":"aa.com.tr","date":"2026-10-09T08:45:00Z","tipo":"Crimen organizado","severidad":3,"lugar":"Moscow, Moskva, Russia","pais_iso3":"RUS","precision":"ciudad","origen":"mundo","actores":"Moscow → Criminal","articulos":10,"arma":null,"via":"GDELT 2.0 (evento codificado; el título sale del enlace)"}},{"type":"Feature","geometry":{"type":"Point","coordinates":[70.0,30.0]},"properties":{"title":"Asia pacific pakistani premier vows commitment sovereignty saudi arabia under mecca pact urges end houthi attacks","url":"https://aa.com.tr/en/asia-pacific/pakistani-premier-vows-commitment-to-sovereignty-of-saudi-arabia-under-mecca-pact-urges-end-to-houthi-attacks/4082852","source":"aa.com.tr","date":"2026-10-09T08:45:00Z","tipo":"Grupo armado","severidad":4,"lugar":"Pakistan","pais_iso3":"PAK","precision":"país","origen":"mundo","actores":"Militia","articulos":3,"arma":null,"via":"GDELT 2.0 (evento codificado; el título sale del enlace)"}},{"type":"Feature","geometry":{"type":"Point","coordinates":[-0.117,51.5]},"properties":{"title":"Articles gangland murder victims family celebrate html","url":"https://www.aol.co.uk/articles/gangland-murder-victims-family-celebrate-080042000.html","source":"www.aol.co.uk","date":"2026-10-09T08:45:00Z","tipo":"Crimen organizado","severidad":4,"lugar":"London, London, City of, United Kingdom","pais_iso3":"GBR","precision":"ciudad","origen":"mundo","actores":"Scottish → United Kingdom","articulos":4,"arma":null,"via":"GDELT 2.0 (evento codificado; el título sale del enlace)"}},{"type":"Feature","geometry":{"type":"Point","coordinates":[127.5,37.0]},"properties":{"title":"Chinese democracy groups hold conference condemning chinas law promoting ethnic unity and progress","url":"https://tibet.net/chinese-democracy-groups-hold-conference-condemning-chinas-law-on-promoting-ethnic-unity-and-progress/","source":"tibet.net","date":"2026-10-09T08:30:00Z","tipo":"Separatistas","severidad":3,"lugar":"South Korea","pais_iso3":"KOR","precision":"país","origen":"mundo","actores":"Separatist","articulos":2,"arma":null,"via":"GDELT 2.0 (evento codificado; el título sale del enlace)"}},{"type":"Feature","geometry":{"type":"Point","coordinates":[93.333,23.467]},"properties":{"title":"Crimen organizado: Smuggler (Champhai, Mizoram, India)","url":"https://www.prokerala.com/news/articles/a1822305.html","source":"www.prokerala.com","date":"2026-10-09T08:30:00Z","tipo":"Crimen organizado","severidad":3,"lugar":"Champhai, Mizoram, India","pais_iso3":"IND","precision":"ciudad","origen":"mundo","actores":"Smuggler","articulos":5,"arma":null,"via":"GDELT 2.0 (evento codificado; el título sale del enlace)"}},{"type":"Feature","geometry":{"type":"Point","coordinates":[79.358,27.053]},"properties":{"title":"Crimen organizado: Smuggler (Manipur, Uttar Pradesh, India)","url":"https://www.prokerala.com/news/articles/a1822305.html","source":"www.prokerala.com","date":"2026-10-09T08:30:00Z","tipo":"Crimen organizado","severidad":3,"lugar":"Manipur, Uttar Pradesh, India","pais_iso3":"IND","precision":"ciudad","origen":"mundo","actores":"Smuggler","articulos":10,"arma":null,"via":"GDELT 2.0 (evento codificado; el título sale del enlace)"}},{"type":"Feature","geometry":{"type":"Point","coordinates":[-98.579,39.828]},"properties":{"title":"Article the pest cornell greek life fraternity red zone","url":"https://www.thepostathens.com/article/2026/10/the-pest-cornell-greek-life-fraternity-red-zone","source":"www.thepostathens.com","date":"2026-10-09T08:30:00Z","tipo":"Crimen organizado","severidad":4,"lugar":"United States","pais_iso3":"USA","precision":"país","origen":"mundo","actores":"Gang → University","articulos":10,"arma":null,"via":"GDELT 2.0 (evento codificado; el título sale del enlace)"}},{"type":"Feature","geometry":{"type":"Point","coordinates":[57.22,28.085]},"properties":{"title":"Uae usiran standoff what uae residents need know today oct","url":"https://gulfnews.com/uae/usiran-standoff-what-uae-residents-need-to-know-today-oct-9-2026-1.500703686","source":"gulfnews.com","date":"2026-10-09T08:30:00Z","tipo":"Grupo armado","severidad":4,"lugar":"Faryab, Kerman, Iran","pais_iso3":"IRN","precision":"ciudad","origen":"mundo","actores":"Iran → Fighter","articulos":3,"arma":null,"via":"GDELT 2.0 (evento codificado; el título sale del enlace)"}},{"type":"Feature","geometry":{"type":"Point","coordinates":[-77.036,38.895]},"properties":{"title":"News world news mass shooters firing squad execution","url":"https://www.dailyrecord.co.uk/news/uk-world-news/mass-shooters-firing-squad-execution-37752652","source":"www.dailyrecord.co.uk","date":"2026-10-09T08:30:00Z","tipo":"Grupo armado","severidad":4,"lugar":"White House, District of Columbia, United States","pais_iso3":"USA","precision":"ciudad","origen":"mundo","actores":"United States → Gunman","articulos":5,"arma":null,"via":"GDELT 2.0 (evento codificado; el título sale del enlace)"}},{"type":"Feature","geometry":{"type":"Point","coordinates":[174.0,-42.0]},"properties":{"title":"Theaters africa tim kennedy ufc green beret ambush html","url":"https://www.stripes.com/theaters/africa/2026-10-09/tim-kennedy-ufc-green-beret-ambush-23098999.html","source":"www.stripes.com","date":"2026-10-09T08:15:00Z","tipo":"Grupo armado","severidad":4,"lugar":"New Zealand","pais_iso3":"NZL","precision":"país","origen":"mundo","actores":"Fighter → Congo","articulos":2,"arma":null,"via":"GDELT 2.0 (evento codificado; el título sale del enlace)"}},{"type":"Feature","geometry":{"type":"Point","coordinates":[8.512,7.741]},"properties":{"title":"Panel begins probe naf plane crash","url":"https://thenationonlineng.net/panel-begins-probe-of-naf-plane-crash/","source":"thenationonlineng.net","date":"2026-10-09T08:15:00Z","tipo":"Crimen organizado","severidad":4,"lugar":"Makurdi, Benue, Nigeria","pais_iso3":"NGA","precision":"ciudad","origen":"mundo","actores":"Nigeria","articulos":4,"arma":"Ataque aéreo","via":"GDELT 2.0 (evento codificado; el título sale del enlace)"}},{"type":"Feature","geometry":{"type":"Point","coordinates":[-79.5,22.0]},"properties":{"title":"Dominican republic report haiti arms trafficking","url":"https://www.riotimesonline.com/dominican-republic-un-report-haiti-arms-trafficking-2026/","source":"www.riotimesonline.com","date":"2026-10-09T08:15:00Z","tipo":"Crimen organizado","severidad":3,"lugar":"Cuba","pais_iso3":"CUB","precision":"país","origen":"mundo","actores":"Gang → Dominican Republic","articulos":3,"arma":null,"via":"GDELT 2.0 (evento codificado; el título sale del enlace)"}},{"type":"Feature","geometry":{"type":"Point","coordinates":[10.0,62.0]},"properties":{"title":"Crimen organizado: Kidnapper → Tribunal (Norway)","url":"https://thenationonlineng.net/death-by-hanging/","source":"thenationonlineng.net","date":"2026-10-09T08:15:00Z","tipo":"Crimen organizado","severidad":3,"lugar":"Norway","pais_iso3":"NOR","precision":"país","origen":"mundo","actores":"Kidnapper → Tribunal","articulos":2,"arma":null,"via":"GDELT 2.0 (evento codificado; el título sale del enlace)"}},{"type":"Feature","geometry":{"type":"Point","coordinates":[4.994,12.627]},"properties":{"title":"Crimen organizado: Bandit → Nigeria (Shagari, Sokoto, Nigeria)","url":"https://allafrica.com/stories/202610090169.html","source":"allafrica.com","date":"2026-10-09T08:15:00Z","tipo":"Crimen organizado","severidad":4,"lugar":"Shagari, Sokoto, Nigeria","pais_iso3":"NGA","precision":"ciudad","origen":"mundo","actores":"Bandit → Nigeria","articulos":2,"arma":null,"via":"GDELT 2.0 (evento codificado; el título sale del enlace)"}},{"type":"Feature","geometry":{"type":"Point","coordinates":[2.25,9.5]},"properties":{"title":"Crimen organizado: Governor → Criminal (Benin)","url":"https://thenationonlineng.net/death-by-hanging/","source":"thenationonlineng.net","date":"2026-10-09T08:15:00Z","tipo":"Crimen organizado","severidad":3,"lugar":"Benin","pais_iso3":"BEN","precision":"país","origen":"mundo","actores":"Governor → Criminal","articulos":10,"arma":null,"via":"GDELT 2.0 (evento codificado; el título sale del enlace)"}},{"type":"Feature","geometry":{"type":"Point","coordinates":[8.0,10.0]},"properties":{"title":"Terrorismo: Nigeria → Terrorist (Nigeria)","url":"https://allafrica.com/stories/202610090173.html","source":"allafrica.com","date":"2026-10-09T08:15:00Z","tipo":"Terrorismo","severidad":4,"lugar":"Nigeria","pais_iso3":"NGA","precision":"país","origen":"mundo","actores":"Nigeria → Terrorist","articulos":2,"arma":null,"via":"GDELT 2.0 (evento codificado; el título sale del enlace)"}},{"type":"Feature","geometry":{"type":"Point","coordinates":[39.5,13.5]},"properties":{"title":"News world ethiopian police ask residents tigray regional capital help restore order after rebel pullout article html","url":"http://www.thegazette.com/news/world/ethiopian-police-ask-residents-in-tigray-regional-capital-to-help-restore-order-after-rebel-pullout/article_f6a230d9-1b6c-583b-8745-a87b065a8996.html","source":"www.thegazette.com","date":"2026-10-09T08:15:00Z","tipo":"Grupo rebelde","severidad":4,"lugar":"Tigray, Tigray, Ethiopia","pais_iso3":"ETH","precision":"ciudad","origen":"mundo","actores":"Rebel","articulos":20,"arma":null,"via":"GDELT 2.0 (evento codificado; el título sale del enlace)"}},{"type":"Feature","geometry":{"type":"Point","coordinates":[43.926,13.339]},"properties":{"title":"Grupo armado: Combatant (Al-Maafir, Taizz, Yemen)","url":"https://www.khabaragency.net/news254044.html","source":"www.khabaragency.net","date":"2026-10-09T08:15:00Z","tipo":"Grupo armado","severidad":3,"lugar":"Al-Maafir, Taizz, Yemen","pais_iso3":"YEM","precision":"ciudad","origen":"mundo","actores":"Combatant","articulos":5,"arma":null,"via":"GDELT 2.0 (evento codificado; el título sale del enlace)"}},{"type":"Feature","geometry":{"type":"Point","coordinates":[5.194,13.03]},"properties":{"title":"Regional north central plateau among states seeking acresal funding boost html","url":"https://www.premiumtimesng.com/regional/north-central/915590-plateau-among-states-seeking-500m-acresal-funding-boost.html","source":"www.premiumtimesng.com","date":"2026-10-09T08:15:00Z","tipo":"Grupo armado","severidad":4,"lugar":"Nasarawa, Sokoto, Nigeria","pais_iso3":"NGA","precision":"ciudad","origen":"mundo","actores":"Gunmen → Community","articulos":10,"arma":null,"via":"GDELT 2.0 (evento codificado; el título sale del enlace)"}},{"type":"Feature","geometry":{"type":"Point","coordinates":[105.0,35.0]},"properties":{"title":"Opinion opinion maga media election denial mayoral race warning for the article html","url":"https://www.ivpressonline.com/opinion/opinion-maga-media-s-election-denial-in-la-mayoral-race-is-a-warning-for-the/article_3e36f51f-2fb3-4a78-a44e-efe801045db9.html","source":"www.ivpressonline.com","date":"2026-10-09T08:00:00Z","tipo":"Crimen organizado","severidad":3,"lugar":"China","pais_iso3":"CHN","precision":"país","origen":"mundo","actores":"Outlaw","articulos":3,"arma":null,"via":"GDELT 2.0 (evento codificado; el título sale del enlace)"}},{"type":"Feature","geometry":{"type":"Point","coordinates":[-95.363,29.763]},"properties":{"title":"World mar lago face famous again after susan dells white house remarks what and how does rewrite the rules aging articleshow cms","url":"https://economictimes.indiatimes.com/world/us/mar-a-lago-face-is-famous-again-after-susan-dells-white-house-remarks-what-is-it-and-how-does-it-rewrite-the-rules-of-aging/articleshow/134815366.cms","source":"economictimes.indiatimes.com","date":"2026-10-09T08:00:00Z","tipo":"Crimen organizado","severidad":4,"lugar":"Houston, Texas, United States","pais_iso3":"USA","precision":"ciudad","origen":"mundo","actores":"Criminal → New York City","articulos":3,"arma":null,"via":"GDELT 2.0 (evento codificado; el título sale del enlace)"}},{"type":"Feature","geometry":{"type":"Point","coordinates":[34.333,31.417]},"properties":{"title":"Eng international geneva what the status investigations into hamas and israel three years from october","url":"https://www.swissinfo.ch/eng/international-geneva/what-is-the-status-of-investigations-into-hamas-and-israel-three-years-on-from-october-7/92190172","source":"www.swissinfo.ch","date":"2026-10-09T08:00:00Z","tipo":"Grupo rebelde","severidad":4,"lugar":"Gaza, Israel (general), Israel","pais_iso3":"PSE","precision":"ciudad","origen":"mundo","actores":"Israeli → Hamas","articulos":6,"arma":null,"via":"GDELT 2.0 (evento codificado; el título sale del enlace)"}},{"type":"Feature","geometry":{"type":"Point","coordinates":[69.958,32.951]},"properties":{"title":"Seven fitna khawarij terrorists killed north waziristan ibo","url":"https://arynews.tv/seven-fitna-al-khawarij-terrorists-killed-in-north-waziristan-ibo","source":"arynews.tv","date":"2026-10-09T08:00:00Z","tipo":"Terrorismo","severidad":4,"lugar":"North Waziristan, Federally Administered Tribal Areas, Pakistan","pais_iso3":"PAK","precision":"ciudad","origen":"mundo","actores":"Intelligence → Terrorist","articulos":10,"arma":null,"via":"GDELT 2.0 (evento codificado; el título sale del enlace)"}},{"type":"Feature","geometry":{"type":"Point","coordinates":[71.573,34.008]},"properties":{"title":"Housing minister amjad ali abducted says pti","url":"https://arynews.tv/kp-housing-minister-dr-amjad-ali-abducted-says-pti","source":"arynews.tv","date":"2026-10-09T08:00:00Z","tipo":"Grupo armado","severidad":4,"lugar":"Peshawar, North-West Frontier, Pakistan","pais_iso3":"PAK","precision":"ciudad","origen":"mundo","actores":"Armed Men → Peshawar","articulos":10,"arma":null,"via":"GDELT 2.0 (evento codificado; el título sale del enlace)"}},{"type":"Feature","geometry":{"type":"Point","coordinates":[75.15,33.733]},"properties":{"title":"News india pdp leader abdul kabir arrested for calling slain hizbul commander burhan wani martyr html","url":"https://www.moneycontrol.com/news/india/pdp-leader-abdul-kabir-arrested-for-calling-slain-hizbul-commander-burhan-wani-martyr-14048436.html","source":"www.moneycontrol.com","date":"2026-10-09T07:45:00Z","tipo":"Separatistas","severidad":3,"lugar":"Anantnag, Jammu and Kashmir, India","pais_iso3":"IND","precision":"ciudad","origen":"mundo","actores":"Police → Mujahideen","articulos":8,"arma":null,"via":"GDELT 2.0 (evento codificado; el título sale del enlace)"}},{"type":"Feature","geometry":{"type":"Point","coordinates":[77.25,31.917]},"properties":{"title":"Top stories supreme court dismisses plea seeking investigation delhi police firs over jantar mantar student protests july","url":"https://www.livelaw.in/top-stories/supreme-court-dismisses-plea-seeking-investigation-of-delhi-police-firs-over-jantar-mantar-student-protests-of-july-553866","source":"www.livelaw.in","date":"2026-10-09T07:45:00Z","tipo":"Crimen organizado","severidad":3,"lugar":"Himachal Pradesh, Himachal Pradesh, India","pais_iso3":"IND","precision":"estado","origen":"mundo","actores":"Himachal Pradesh → Criminal","articulos":4,"arma":null,"via":"GDELT 2.0 (evento codificado; el título sale del enlace)"}},{"type":"Feature","geometry":{"type":"Point","coordinates":[46.773,24.641]},"properties":{"title":"News saudi arabia intercepts three ballistic missiles launched houthis","url":"https://tradearabia.com:443/News/487738/Saudi-Arabia-intercepts-three-ballistic-missiles-launched-by-Houthis","source":"tradearabia.com:443","date":"2026-10-09T07:45:00Z","tipo":"Terrorismo","severidad":4,"lugar":"Riyadh, Ar Riya?, Saudi Arabia","pais_iso3":"SAU","precision":"ciudad","origen":"mundo","actores":"Terrorist","articulos":6,"arma":"Misiles o cohetes","via":"GDELT 2.0 (evento codificado; el título sale del enlace)"}},{"type":"Feature","geometry":{"type":"Point","coordinates":[-78.206,37.768]},"properties":{"title":"Fort hood attackers execution firing squad will livestreamed pentagon says","url":"https://capitalfm.africa/fort-hood-attackers-execution-by-firing-squad-will-be-livestreamed-pentagon-says/","source":"capitalfm.africa","date":"2026-10-09T07:45:00Z","tipo":"Grupo armado","severidad":4,"lugar":"Virginia, United States","pais_iso3":"USA","precision":"estado","origen":"mundo","actores":"Gunman → American","articulos":3,"arma":null,"via":"GDELT 2.0 (evento codificado; el título sale del enlace)"}},{"type":"Feature","geometry":{"type":"Point","coordinates":[-74.938,42.15]},"properties":{"title":"Narcotráfico: Gang → Prison (New York, United States)","url":"https://newsroomamerica.com/category/drug_trafficking","source":"newsroomamerica.com","date":"2026-10-09T07:30:00Z","tipo":"Narcotráfico","severidad":3,"lugar":"New York, United States","pais_iso3":"USA","precision":"estado","origen":"mundo","actores":"Gang → Prison","articulos":3,"arma":null,"via":"GDELT 2.0 (evento codificado; el título sale del enlace)"}},{"type":"Feature","geometry":{"type":"Point","coordinates":[-71.531,42.237]},"properties":{"title":"Crimen organizado: Gangster → Prison (Massachusetts, United States)","url":"https://newsroomamerica.com/tag/extortion","source":"newsroomamerica.com","date":"2026-10-09T07:30:00Z","tipo":"Crimen organizado","severidad":3,"lugar":"Massachusetts, United States","pais_iso3":"USA","precision":"estado","origen":"mundo","actores":"Gangster → Prison","articulos":5,"arma":null,"via":"GDELT 2.0 (evento codificado; el título sale del enlace)"}},{"type":"Feature","geometry":{"type":"Point","coordinates":[37.616,55.752]},"properties":{"title":"Russia seeks handover icc president tomoko akane after moscow conviction","url":"https://slguardian.org/russia-seeks-handover-of-icc-president-tomoko-akane-after-moscow-conviction/","source":"slguardian.org","date":"2026-10-09T07:30:00Z","tipo":"Crimen organizado","severidad":3,"lugar":"Moscow, Moskva, Russia","pais_iso3":"RUS","precision":"ciudad","origen":"mundo","actores":"Moscow → Criminal","articulos":8,"arma":null,"via":"GDELT 2.0 (evento codificado; el título sale del enlace)"}},{"type":"Feature","geometry":{"type":"Point","coordinates":[7.03,5.483]},"properties":{"title":"Not aware any ransom payment for release abducted corps members says imo","url":"https://theeagleonline.com.ng/i-am-not-aware-of-any-ransom-payment-for-release-of-abducted-corps-members-says-imo-cp/","source":"theeagleonline.com.ng","date":"2026-10-09T07:30:00Z","tipo":"Crimen organizado","severidad":3,"lugar":"Owerri, Imo, Nigeria","pais_iso3":"NGA","precision":"ciudad","origen":"mundo","actores":"Operative → Perpetrator","articulos":10,"arma":null,"via":"GDELT 2.0 (evento codificado; el título sale del enlace)"}},{"type":"Feature","geometry":{"type":"Point","coordinates":[7.561,5.926]},"properties":{"title":"Police arrest suspects for armed robbery cultism enugu","url":"https://blueprint.ng/police-arrest-5-suspects-for-armed-robbery-cultism-in-enugu/","source":"blueprint.ng","date":"2026-10-09T07:15:00Z","tipo":"Crimen organizado","severidad":4,"lugar":"Amagu, Abia, Nigeria","pais_iso3":"NGA","precision":"ciudad","origen":"mundo","actores":"Operative → Criminal","articulos":4,"arma":null,"via":"GDELT 2.0 (evento codificado; el título sale del enlace)"}},{"type":"Feature","geometry":{"type":"Point","coordinates":[75.333,34.033]},"properties":{"title":"India pakistan lost control its terror monster","url":"https://idrw.org/india-at-un-pakistan-lost-control-of-its-terror-monster/","source":"idrw.org","date":"2026-10-09T07:00:00Z","tipo":"Terrorismo","severidad":4,"lugar":"Pahalgam, Jammu and Kashmir, India","pais_iso3":"IND","precision":"ciudad","origen":"mundo","actores":"Lashkar E Taiba → Terrorist","articulos":2,"arma":null,"via":"GDELT 2.0 (evento codificado; el título sale del enlace)"}},{"type":"Feature","geometry":{"type":"Point","coordinates":[65.644,28.479]},"properties":{"title":"Story security forces kill seven terrorists north waziristan ibo state media","url":"https://tribune.com.pk/story/2633858/security-forces-kill-seven-terrorists-in-north-waziristan-ibo-state-media-1","source":"tribune.com.pk","date":"2026-10-09T07:00:00Z","tipo":"Terrorismo","severidad":4,"lugar":"Balochistan, Balochistan, Pakistan","pais_iso3":"PAK","precision":"estado","origen":"mundo","actores":"Terrorist","articulos":10,"arma":null,"via":"GDELT 2.0 (evento codificado; el título sale del enlace)"}},{"type":"Feature","geometry":{"type":"Point","coordinates":[4.0,8.0]},"properties":{"title":"Morning recap petrol discount triggers backlash killed ondo crash other top stories","url":"https://punchng.com/morning-recap-petrol-discount-triggers-backlash-25-killed-in-ondo-crash-other-top-stories/","source":"punchng.com","date":"2026-10-09T07:00:00Z","tipo":"Crimen organizado","severidad":4,"lugar":"Oyo State, Oyo, Nigeria","pais_iso3":"NGA","precision":"estado","origen":"mundo","actores":"Abductor","articulos":10,"arma":null,"via":"GDELT 2.0 (evento codificado; el título sale del enlace)"}},{"type":"Feature","geometry":{"type":"Point","coordinates":[70.0,30.0]},"properties":{"title":"Condemns houthi attacks saudi airports","url":"https://www.radio.gov.pk/09-10-2026/pm-condemns-houthi-attacks-on-saudi-airports","source":"www.radio.gov.pk","date":"2026-10-09T07:00:00Z","tipo":"Grupo armado","severidad":4,"lugar":"Pakistan","pais_iso3":"PAK","precision":"país","origen":"mundo","actores":"Prime Minister → Militia","articulos":2,"arma":null,"via":"GDELT 2.0 (evento codificado; el título sale del enlace)"}},{"type":"Feature","geometry":{"type":"Point","coordinates":[-93.75,18.492]},"properties":{"title":"Articles mexico prison riot leaves least html","url":"https://www.aol.co.uk/articles/mexico-prison-riot-leaves-least-060000000.html","source":"www.aol.co.uk","date":"2026-10-09T07:00:00Z","tipo":"Crimen organizado","severidad":4,"lugar":"Sinaloa, Tabasco, Mexico","pais_iso3":"","precision":"ciudad","origen":"mundo","actores":"Mexico → Mexico","articulos":4,"arma":null,"via":"GDELT 2.0 (evento codificado; el título sale del enlace)"}},{"type":"Feature","geometry":{"type":"Point","coordinates":[-2.193,51.005]},"properties":{"title":"Ireland knew werent being rescued irish survivor mozambique massacre gives evidence inquest","url":"https://www.irishtimes.com/ireland/2026/10/09/we-knew-we-werent-being-rescued-irish-survivor-of-mozambique-massacre-gives-evidence-at-inquest/","source":"www.irishtimes.com","date":"2026-10-09T07:00:00Z","tipo":"Grupo rebelde","severidad":4,"lugar":"Shaftesbury, Dorset, United Kingdom","pais_iso3":"GBR","precision":"ciudad","origen":"mundo","actores":"Insurgent → Islamic","articulos":2,"arma":null,"via":"GDELT 2.0 (evento codificado; el título sale del enlace)"}},{"type":"Feature","geometry":{"type":"Point","coordinates":[-0.767,51.633]},"properties":{"title":"News buckinghamshires terror links include isis recruits bomb plotters","url":"https://www.bucksfreepress.co.uk/news/26618914.buckinghamshires-terror-links-include-isis-recruits-bomb-plotters/","source":"www.bucksfreepress.co.uk","date":"2026-10-09T07:00:00Z","tipo":"Terrorismo","severidad":4,"lugar":"High Wycombe, Buckinghamshire, United Kingdom","pais_iso3":"GBR","precision":"ciudad","origen":"mundo","actores":"Terrorist","articulos":10,"arma":"Bomba o explosivo","via":"GDELT 2.0 (evento codificado; el título sale del enlace)"}},{"type":"Feature","geometry":{"type":"Point","coordinates":[-66.917,10.5]},"properties":{"title":"Grupo armado: Mercenary → Caracas (Caracas, Distrito Federal, Venezuela)","url":"https://www.wsws.org/en/articles/2026/10/09/xkrc-o09.html","source":"www.wsws.org","date":"2026-10-09T07:00:00Z","tipo":"Grupo armado","severidad":4,"lugar":"Caracas, Distrito Federal, Venezuela","pais_iso3":"VEN","precision":"ciudad","origen":"mundo","actores":"Mercenary → Caracas","articulos":5,"arma":null,"via":"GDELT 2.0 (evento codificado; el título sale del enlace)"}},{"type":"Feature","geometry":{"type":"Point","coordinates":[74.0,26.0]},"properties":{"title":"Crimen organizado: Criminal (State Of Rajasthan, Rajasthan, India)","url":"https://indiankanoon.org/doc/30636408/","source":"indiankanoon.org","date":"2026-10-09T06:45:00Z","tipo":"Crimen organizado","severidad":3,"lugar":"State Of Rajasthan, Rajasthan, India","pais_iso3":"IND","precision":"estado","origen":"mundo","actores":"Criminal","articulos":10,"arma":null,"via":"GDELT 2.0 (evento codificado; el título sale del enlace)"}},{"type":"Feature","geometry":{"type":"Point","coordinates":[76.0,28.0]},"properties":{"title":"Crimen organizado: Criminal (Hindustan, India (general), India)","url":"https://indiankanoon.org/doc/30636408/","source":"indiankanoon.org","date":"2026-10-09T06:45:00Z","tipo":"Crimen organizado","severidad":3,"lugar":"Hindustan, India (general), India","pais_iso3":"IND","precision":"ciudad","origen":"mundo","actores":"Criminal","articulos":2,"arma":null,"via":"GDELT 2.0 (evento codificado; el título sale del enlace)"}},{"type":"Feature","geometry":{"type":"Point","coordinates":[2.333,48.867]},"properties":{"title":"Crimen organizado: Criminal (Paris, France (general), France)","url":"https://allafrica.com/stories/202610090090.html","source":"allafrica.com","date":"2026-10-09T06:45:00Z","tipo":"Crimen organizado","severidad":3,"lugar":"Paris, France (general), France","pais_iso3":"FRA","precision":"ciudad","origen":"mundo","actores":"Criminal","articulos":2,"arma":null,"via":"GDELT 2.0 (evento codificado; el título sale del enlace)"}},{"type":"Feature","geometry":{"type":"Point","coordinates":[30.061,-1.954]},"properties":{"title":"Crimen organizado: Criminal (Kigali, (RW09), Rwanda)","url":"https://allafrica.com/stories/202610090090.html","source":"allafrica.com","date":"2026-10-09T06:45:00Z","tipo":"Crimen organizado","severidad":3,"lugar":"Kigali, (RW09), Rwanda","pais_iso3":"RWA","precision":"ciudad","origen":"mundo","actores":"Criminal","articulos":6,"arma":null,"via":"GDELT 2.0 (evento codificado; el título sale del enlace)"}},{"type":"Feature","geometry":{"type":"Point","coordinates":[26.0,-30.0]},"properties":{"title":"Crimen organizado: Migrant → Illegal Immigrant (South Africa)","url":"https://allafrica.com/stories/202610090134.html","source":"allafrica.com","date":"2026-10-09T06:45:00Z","tipo":"Crimen organizado","severidad":3,"lugar":"South Africa","pais_iso3":"ZAF","precision":"país","origen":"mundo","actores":"Migrant → Illegal Immigrant","articulos":5,"arma":null,"via":"GDELT 2.0 (evento codificado; el título sale del enlace)"}},{"type":"Feature","geometry":{"type":"Point","coordinates":[38.0,1.0]},"properties":{"title":"Mudavadi emergency fund kenyans russia ukraine war html","url":"https://nairobiwire.com/2026/10/mudavadi-emergency-fund-kenyans-russia-ukraine-war.html","source":"nairobiwire.com","date":"2026-10-09T06:45:00Z","tipo":"Grupo armado","severidad":3,"lugar":"Kenya","pais_iso3":"KEN","precision":"país","origen":"mundo","actores":"Kenyan → Prisoner Of War","articulos":8,"arma":null,"via":"GDELT 2.0 (evento codificado; el título sale del enlace)"}},{"type":"Feature","geometry":{"type":"Point","coordinates":[67.05,24.867]},"properties":{"title":"Story cop civvies kills suspected bike snatcher","url":"https://tribune.com.pk/story/2633833/cop-in-civvies-kills-suspected-bike-snatcher","source":"tribune.com.pk","date":"2026-10-09T06:45:00Z","tipo":"Crimen organizado","severidad":4,"lugar":"Karachi, Sindh, Pakistan","pais_iso3":"PAK","precision":"ciudad","origen":"mundo","actores":"Karachi → Snatcher","articulos":10,"arma":null,"via":"GDELT 2.0 (evento codificado; el título sale del enlace)"}},{"type":"Feature","geometry":{"type":"Point","coordinates":[34.333,31.417]},"properties":{"title":"News administration impossible ignore students call for divestment walkout marking year anniversary oct attacks","url":"https://www.michigandaily.com/news/administration/impossible-to-ignore-students-call-for-divestment-in-walkout-marking-3-year-anniversary-of-oct-7-attacks/","source":"www.michigandaily.com","date":"2026-10-09T06:45:00Z","tipo":"Grupo rebelde","severidad":4,"lugar":"Gaza, Israel (general), Israel","pais_iso3":"PSE","precision":"ciudad","origen":"mundo","actores":"Hamas","articulos":5,"arma":null,"via":"GDELT 2.0 (evento codificado; el título sale del enlace)"}},{"type":"Feature","geometry":{"type":"Point","coordinates":[-4.0,54.0]},"properties":{"title":"News unprecedented court case king charles strips politician cbe","url":"https://www.oxfordmail.co.uk/news/26620404.unprecedented-court-case-king-charles-strips-politician-cbe/","source":"www.oxfordmail.co.uk","date":"2026-10-09T06:30:00Z","tipo":"Crimen organizado","severidad":3,"lugar":"United Kingdom","pais_iso3":"","precision":"país","origen":"mundo","actores":"United Kingdom → Criminal","articulos":2,"arma":null,"via":"GDELT 2.0 (evento codificado; el título sale del enlace)"}},{"type":"Feature","geometry":{"type":"Point","coordinates":[-74.938,42.15]},"properties":{"title":"Border dhs criminal alien gang member shot ice officer organized protests erupt","url":"https://www.breitbart.com/border/2026/10/08/dhs-criminal-alien-gang-member-shot-by-ice-officer-organized-protests-erupt/","source":"www.breitbart.com","date":"2026-10-09T06:30:00Z","tipo":"Crimen organizado","severidad":4,"lugar":"New York, United States","pais_iso3":"USA","precision":"estado","origen":"mundo","actores":"Gang","articulos":10,"arma":null,"via":"GDELT 2.0 (evento codificado; el título sale del enlace)"}},{"type":"Feature","geometry":{"type":"Point","coordinates":[69.183,34.517]},"properties":{"title":"The year war afghanistan hasnt ended","url":"https://consortiumnews.com/2026/10/09/the-25-year-war-on-afghanistan-hasnt-ended/","source":"consortiumnews.com","date":"2026-10-09T06:30:00Z","tipo":"Insurgencia","severidad":4,"lugar":"Kabul, Kabol, Afghanistan","pais_iso3":"AFG","precision":"ciudad","origen":"mundo","actores":"Afghanistan → Taliban","articulos":4,"arma":null,"via":"GDELT 2.0 (evento codificado; el título sale del enlace)"}},{"type":"Feature","geometry":{"type":"Point","coordinates":[-97.696,26.191]},"properties":{"title":"Ice arrests south texas construction impact","url":"https://www.ibtimes.co.uk/ice-arrests-south-texas-construction-impact-1824601","source":"www.ibtimes.co.uk","date":"2026-10-09T06:30:00Z","tipo":"Crimen organizado","severidad":3,"lugar":"Harlingen, Texas, United States","pais_iso3":"USA","precision":"ciudad","origen":"mundo","actores":"Criminal","articulos":3,"arma":null,"via":"GDELT 2.0 (evento codificado; el título sale del enlace)"}},{"type":"Feature","geometry":{"type":"Point","coordinates":[32.864,39.927]},"properties":{"title":"English greece and turkey wary neighbors meet crime and migration where their interests overlap","url":"https://www.iefimerida.gr/english/greece-and-turkey-wary-neighbors-meet-crime-and-migration-where-their-interests-overlap","source":"www.iefimerida.gr","date":"2026-10-09T06:30:00Z","tipo":"Crimen organizado","severidad":3,"lugar":"Ankara, Ankara, Turkey","pais_iso3":"TUR","precision":"ciudad","origen":"mundo","actores":"Greece → Turkish","articulos":4,"arma":null,"via":"GDELT 2.0 (evento codificado; el título sale del enlace)"}},{"type":"Feature","geometry":{"type":"Point","coordinates":[-98.579,39.828]},"properties":{"title":"Malaga marbella san pedro alleged hitman html","url":"https://www.surinenglish.com/malaga/marbella-san-pedro/18yearold-alleged-hitman-20261009000500-nt.html","source":"www.surinenglish.com","date":"2026-10-09T06:30:00Z","tipo":"Grupo armado","severidad":4,"lugar":"United States","pais_iso3":"USA","precision":"país","origen":"mundo","actores":"Surgeon → Sweden","articulos":6,"arma":null,"via":"GDELT 2.0 (evento codificado; el título sale del enlace)"}},{"type":"Feature","geometry":{"type":"Point","coordinates":[-79.9,-2.167]},"properties":{"title":"News killed injured attack fishing boat off southern ecuador","url":"http://www.venezuelastar.com/news/279360716/5-killed-1-injured-in-attack-on-fishing-boat-off-southern-ecuador","source":"www.venezuelastar.com","date":"2026-10-09T06:30:00Z","tipo":"Grupo armado","severidad":4,"lugar":"Guayaquil, Guayas, Ecuador","pais_iso3":"ECU","precision":"ciudad","origen":"mundo","actores":"Armed Men","articulos":10,"arma":null,"via":"GDELT 2.0 (evento codificado; el título sale del enlace)"}},{"type":"Feature","geometry":{"type":"Point","coordinates":[-6.249,53.333]},"properties":{"title":"News irish news institutionalised criminal appeals conviction murdering","url":"https://www.irishmirror.ie/news/irish-news/institutionalised-criminal-appeals-conviction-murdering-37751224","source":"www.irishmirror.ie","date":"2026-10-09T06:15:00Z","tipo":"Crimen organizado","severidad":3,"lugar":"Dublin, Dublin, Ireland","pais_iso3":"IRL","precision":"ciudad","origen":"mundo","actores":"Criminal","articulos":10,"arma":null,"via":"GDELT 2.0 (evento codificado; el título sale del enlace)"}},{"type":"Feature","geometry":{"type":"Point","coordinates":[-74.938,42.15]},"properties":{"title":"Story man shot car ice agents new york mayor","url":"https://www.thecourier.com.au/story/9365567/man-shot-in-car-by-ice-agents-in-new-york-mayor/","source":"www.thecourier.com.au","date":"2026-10-09T06:15:00Z","tipo":"Crimen organizado","severidad":3,"lugar":"New York, United States","pais_iso3":"USA","precision":"estado","origen":"mundo","actores":"Criminal → Dominican Republic","articulos":6,"arma":null,"via":"GDELT 2.0 (evento codificado; el título sale del enlace)"}},{"type":"Feature","geometry":{"type":"Point","coordinates":[39.5,13.5]},"properties":{"title":"Grupo rebelde: Looter (Tigray, Tigray, Ethiopia)","url":"https://allafrica.com/stories/202610090079.html","source":"allafrica.com","date":"2026-10-09T06:15:00Z","tipo":"Grupo rebelde","severidad":3,"lugar":"Tigray, Tigray, Ethiopia","pais_iso3":"ETH","precision":"ciudad","origen":"mundo","actores":"Looter","articulos":10,"arma":null,"via":"GDELT 2.0 (evento codificado; el título sale del enlace)"}},{"type":"Feature","geometry":{"type":"Point","coordinates":[46.696,24.958]},"properties":{"title":"News world asia akasa air extends riyadh flight cancellation till oct amid evolving security","url":"https://aninews.in/news/world/asia/akasa-air-extends-riyadh-flight-cancellation-till-oct-10-amid-evolving-security-situation20261009111325/","source":"aninews.in","date":"2026-10-09T06:15:00Z","tipo":"Grupo armado","severidad":4,"lugar":"King Khalid International, Ar Riya?, Saudi Arabia","pais_iso3":"SAU","precision":"ciudad","origen":"mundo","actores":"Saudi → Militia","articulos":10,"arma":"Artillería y tanques","via":"GDELT 2.0 (evento codificado; el título sale del enlace)"}},{"type":"Feature","geometry":{"type":"Point","coordinates":[39.461,14.277]},"properties":{"title":"Grupo armado: Armed Group → Government (Adigrat, Tigray, Ethiopia)","url":"https://allafrica.com/stories/202610090079.html","source":"allafrica.com","date":"2026-10-09T06:15:00Z","tipo":"Grupo armado","severidad":3,"lugar":"Adigrat, Tigray, Ethiopia","pais_iso3":"ETH","precision":"ciudad","origen":"mundo","actores":"Armed Group → Government","articulos":5,"arma":null,"via":"GDELT 2.0 (evento codificado; el título sale del enlace)"}},{"type":"Feature","geometry":{"type":"Point","coordinates":[42.955,14.798]},"properties":{"title":"News liveblog iran war live updates trump israel","url":"https://arynews.tv/news/liveblog/iran-war-2026-live-updates-trump-us-israel?update=09-Oct-2026-08-48-00","source":"arynews.tv","date":"2026-10-09T06:00:00Z","tipo":"Terrorismo","severidad":4,"lugar":"Al-Hudaydah, Al ?udaydah, Yemen","pais_iso3":"","precision":"ciudad","origen":"mundo","actores":"Terrorist → Civilian","articulos":8,"arma":null,"via":"GDELT 2.0 (evento codificado; el título sale del enlace)"}},{"type":"Feature","geometry":{"type":"Point","coordinates":[100.91,14.525]},"properties":{"title":"Crime police arrest two loan scammers","url":"https://www.chiangraitimes.com/crime/police-arrest-two-loan-scammers/","source":"www.chiangraitimes.com","date":"2026-10-09T05:45:00Z","tipo":"Crimen organizado","severidad":3,"lugar":"Saraburi, Sara Buri, Thailand","pais_iso3":"THA","precision":"ciudad","origen":"mundo","actores":"Criminal","articulos":10,"arma":null,"via":"GDELT 2.0 (evento codificado; el título sale del enlace)"}},{"type":"Feature","geometry":{"type":"Point","coordinates":[77.217,28.667]},"properties":{"title":"Crimen organizado: Criminal → Supreme Court (Delhi, Delhi, India)","url":"https://indiankanoon.org/doc/76726538/","source":"indiankanoon.org","date":"2026-10-09T05:45:00Z","tipo":"Crimen organizado","severidad":3,"lugar":"Delhi, Delhi, India","pais_iso3":"IND","precision":"ciudad","origen":"mundo","actores":"Criminal → Supreme Court","articulos":5,"arma":null,"via":"GDELT 2.0 (evento codificado; el título sale del enlace)"}},{"type":"Feature","geometry":{"type":"Point","coordinates":[-123.133,49.25]},"properties":{"title":"News canada british columbia ubc cornell jane doe rally","url":"https://www.cbc.ca/news/canada/british-columbia/ubc-cornell-jane-doe-rally-9.7374921","source":"www.cbc.ca","date":"2026-10-09T05:45:00Z","tipo":"Crimen organizado","severidad":3,"lugar":"Vancouver, British Columbia, Canada","pais_iso3":"CAN","precision":"ciudad","origen":"mundo","actores":"Student → Gang","articulos":10,"arma":null,"via":"GDELT 2.0 (evento codificado; el título sale del enlace)"}},{"type":"Feature","geometry":{"type":"Point","coordinates":[-98.494,29.424]},"properties":{"title":"Trump rally protester hair pull texas senate race","url":"https://www.ibtimes.co.uk/trump-rally-protester-hair-pull-texas-senate-race-1824598","source":"www.ibtimes.co.uk","date":"2026-10-09T05:30:00Z","tipo":"Crimen organizado","severidad":3,"lugar":"San Antonio, Texas, United States","pais_iso3":"USA","precision":"ciudad","origen":"mundo","actores":"Criminal","articulos":8,"arma":null,"via":"GDELT 2.0 (evento codificado; el título sale del enlace)"}},{"type":"Feature","geometry":{"type":"Point","coordinates":[33.0,2.0]},"properties":{"title":"Columnists victordavishanson genocide hypocrites","url":"https://townhall.com/columnists/victordavishanson/2026/10/09/genocide-hypocrites-n2684395","source":"townhall.com","date":"2026-10-09T05:30:00Z","tipo":"Crimen organizado","severidad":4,"lugar":"Uganda","pais_iso3":"UGA","precision":"país","origen":"mundo","actores":"Hamas → Hamas","articulos":2,"arma":"Coche bomba","via":"GDELT 2.0 (evento codificado; el título sale del enlace)"}},{"type":"Feature","geometry":{"type":"Point","coordinates":[39.826,21.427]},"properties":{"title":"Saudi arabia stand firmly and solidarity with saudi arabia says pakistan","url":"https://www.arabnews.com/saudi-arabia/we-stand-firmly-and-in-solidarity-with-saudi-arabia-says-pakistan-pm-3005418","source":"www.arabnews.com","date":"2026-10-09T05:30:00Z","tipo":"Grupo armado","severidad":4,"lugar":"Makkah, Makkah, Saudi Arabia","pais_iso3":"SAU","precision":"ciudad","origen":"mundo","actores":"Militia","articulos":10,"arma":null,"via":"GDELT 2.0 (evento codificado; el título sale del enlace)"}},{"type":"Feature","geometry":{"type":"Point","coordinates":[-111.307,47.503]},"properties":{"title":"Ixp most dangerous prison montana","url":"https://z100missoula.com/ixp/1106/p/most-dangerous-prison-montana/","source":"z100missoula.com","date":"2026-10-09T05:30:00Z","tipo":"Crimen organizado","severidad":3,"lugar":"Great Falls Police Department, Montana, United States","pais_iso3":"USA","precision":"ciudad","origen":"mundo","actores":"United States → Criminal","articulos":6,"arma":null,"via":"GDELT 2.0 (evento codificado; el título sale del enlace)"}},{"type":"Feature","geometry":{"type":"Point","coordinates":[-105.327,39.065]},"properties":{"title":"Deranged stalker deborah frisch out prison but for how much longer comment page","url":"https://theothermccain.com/2026/09/26/deranged-stalker-deborah-frisch-is-out-of-prison-but-for-how-much-longer/comment-page-1/","source":"theothermccain.com","date":"2026-10-09T05:15:00Z","tipo":"Crimen organizado","severidad":3,"lugar":"Colorado, United States","pais_iso3":"USA","precision":"estado","origen":"mundo","actores":"Criminal","articulos":4,"arma":null,"via":"GDELT 2.0 (evento codificado; el título sale del enlace)"}},{"type":"Feature","geometry":{"type":"Point","coordinates":[53.0,32.0]},"properties":{"title":"National headline the meltdown over the nidal hasan livestream predictable and its mostly the usual suspects","url":"https://wcbm.com/national-headline/the-meltdown-over-the-nidal-hasan-livestream-is-predictable-and-its-mostly-the-usual-suspects/","source":"wcbm.com","date":"2026-10-09T05:15:00Z","tipo":"Terrorismo","severidad":4,"lugar":"Iran","pais_iso3":"IRN","precision":"país","origen":"mundo","actores":"Iran → Terrorist","articulos":4,"arma":null,"via":"GDELT 2.0 (evento codificado; el título sale del enlace)"}},{"type":"Feature","geometry":{"type":"Point","coordinates":[34.333,31.417]},"properties":{"title":"Worthington three years gaza ghetto genocidal extermination","url":"https://original.antiwar.com/worthington/2026/10/08/three-years-of-gaza-as-a-ghetto-of-genocidal-extermination/","source":"original.antiwar.com","date":"2026-10-09T05:15:00Z","tipo":"Grupo rebelde","severidad":3,"lugar":"Gaza, Israel (general), Israel","pais_iso3":"PSE","precision":"ciudad","origen":"mundo","actores":"Hamas","articulos":5,"arma":null,"via":"GDELT 2.0 (evento codificado; el título sale del enlace)"}},{"type":"Feature","geometry":{"type":"Point","coordinates":[76.1,34.567]},"properties":{"title":"Defence news breaking the monolith colonial legacy combat reality and the future strategic military leadership the indian army articleshow cms","url":"https://timesofindia.indiatimes.com/defence/news/breaking-the-monolith-colonial-legacy-combat-reality-and-the-future-of-strategic-military-leadership-in-the-indian-army/articleshow/134806890.cms","source":"timesofindia.indiatimes.com","date":"2026-10-09T05:15:00Z","tipo":"Grupo armado","severidad":4,"lugar":"Kargil, Jammu and Kashmir, India","pais_iso3":"IND","precision":"ciudad","origen":"mundo","actores":"Fighter","articulos":5,"arma":null,"via":"GDELT 2.0 (evento codificado; el título sale del enlace)"}},{"type":"Feature","geometry":{"type":"Point","coordinates":[34.333,31.417]},"properties":{"title":"Mamdani never said jews his own side booed him anyway","url":"https://jewlicious.com/2026/10/mamdani-never-said-jews-his-own-side-booed-him-anyway/","source":"jewlicious.com","date":"2026-10-09T05:00:00Z","tipo":"Grupo rebelde","severidad":4,"lugar":"Gaza, Israel (general), Israel","pais_iso3":"PSE","precision":"ciudad","origen":"mundo","actores":"Hamas → Jewish","articulos":5,"arma":null,"via":"GDELT 2.0 (evento codificado; el título sale del enlace)"}},{"type":"Feature","geometry":{"type":"Point","coordinates":[39.826,21.427]},"properties":{"title":"Pakistan shehbaz strongly condemns houthi attacks against saudi arabia","url":"https://dunyanews.tv/en/Pakistan/976921-pm-shehbaz-strongly-condemns-houthi-attacks-against-saudi-arabia","source":"dunyanews.tv","date":"2026-10-09T05:00:00Z","tipo":"Grupo armado","severidad":4,"lugar":"Makkah, Makkah, Saudi Arabia","pais_iso3":"SAU","precision":"ciudad","origen":"mundo","actores":"Militia → Saudi Arabia","articulos":5,"arma":null,"via":"GDELT 2.0 (evento codificado; el título sale del enlace)"}},{"type":"Feature","geometry":{"type":"Point","coordinates":[-70.667,19.0]},"properties":{"title":"News national international ice shooting manhattan thursday","url":"https://www.nbcchicago.com/news/national-international/ice-shooting-manhattan-thursday/3999895/","source":"www.nbcchicago.com","date":"2026-10-09T04:45:00Z","tipo":"Crimen organizado","severidad":4,"lugar":"Dominican Republic","pais_iso3":"DOM","precision":"país","origen":"mundo","actores":"Gang","articulos":2,"arma":null,"via":"GDELT 2.0 (evento codificado; el título sale del enlace)"}},{"type":"Feature","geometry":{"type":"Point","coordinates":[135.0,-25.0]},"properties":{"title":"Karl stefanovic settles podcast lawsuit for undisclosed sum","url":"https://www.bandt.com.au/karl-stefanovic-settles-podcast-lawsuit-for-undisclosed-sum/","source":"www.bandt.com.au","date":"2026-10-09T04:45:00Z","tipo":"Crimen organizado","severidad":3,"lugar":"Australia","pais_iso3":"AUS","precision":"país","origen":"mundo","actores":"Criminal","articulos":3,"arma":null,"via":"GDELT 2.0 (evento codificado; el título sale del enlace)"}},{"type":"Feature","geometry":{"type":"Point","coordinates":[-86.749,35.745]},"properties":{"title":"Voice america hides death thats why euthanasia seems acceptable html","url":"https://www.christianpost.com/voice/america-hides-death-thats-why-euthanasia-seems-acceptable.html","source":"www.christianpost.com","date":"2026-10-09T04:45:00Z","tipo":"Crimen organizado","severidad":4,"lugar":"Tennessee, United States","pais_iso3":"USA","precision":"estado","origen":"mundo","actores":"Criminal","articulos":5,"arma":null,"via":"GDELT 2.0 (evento codificado; el título sale del enlace)"}},{"type":"Feature","geometry":{"type":"Point","coordinates":[-152.268,61.385]},"properties":{"title":"Live alaskas gubernatorial candidates clash debate state","url":"https://www.alaskasnewssource.com/2026/10/09/live-alaskas-gubernatorial-candidates-clash-debate-state/","source":"www.alaskasnewssource.com","date":"2026-10-09T04:45:00Z","tipo":"Crimen organizado","severidad":3,"lugar":"Alaska, United States","pais_iso3":"USA","precision":"estado","origen":"mundo","actores":"Attorney General → Dealer","articulos":6,"arma":null,"via":"GDELT 2.0 (evento codificado; el título sale del enlace)"}},{"type":"Feature","geometry":{"type":"Point","coordinates":[35.204,31.898]},"properties":{"title":"Grupo rebelde: Hamas → West Bank (Palestinian Legislative Council, West Bank (general), West Bank)","url":"https://www.israelnationalnews.com/news/434335","source":"www.israelnationalnews.com","date":"2026-10-09T04:45:00Z","tipo":"Grupo rebelde","severidad":3,"lugar":"Palestinian Legislative Council, West Bank (general), West Bank","pais_iso3":"PSE","precision":"ciudad","origen":"mundo","actores":"Hamas → West Bank","articulos":4,"arma":null,"via":"GDELT 2.0 (evento codificado; el título sale del enlace)"}},{"type":"Feature","geometry":{"type":"Point","coordinates":[45.0,25.0]},"properties":{"title":"News oct iran scales hormuz attacks raising pressure","url":"https://www.texarkanagazette.com/news/2026/oct/08/iran-scales-up-hormuz-attacks-raising-pressure-on/","source":"www.texarkanagazette.com","date":"2026-10-09T04:45:00Z","tipo":"Grupo armado","severidad":4,"lugar":"Saudi Arabia","pais_iso3":"SAU","precision":"país","origen":"mundo","actores":"Militant → Saudi","articulos":3,"arma":"Artillería y tanques","via":"GDELT 2.0 (evento codificado; el título sale del enlace)"}},{"type":"Feature","geometry":{"type":"Point","coordinates":[-76.466,42.45]},"properties":{"title":"Cornell rape defendant letitia james","url":"https://kysdc.com/5739574/cornell-rape-defendant-letitia-james/","source":"kysdc.com","date":"2026-10-09T04:30:00Z","tipo":"Crimen organizado","severidad":3,"lugar":"Tompkins County, New York, United States","pais_iso3":"USA","precision":"ciudad","origen":"mundo","actores":"Felon","articulos":3,"arma":null,"via":"GDELT 2.0 (evento codificado; el título sale del enlace)"}},{"type":"Feature","geometry":{"type":"Point","coordinates":[-74.938,42.15]},"properties":{"title":"World criminal illegal alien who was the year old man shot ice agent new york city articleshow cms","url":"https://economictimes.indiatimes.com/world/us/criminal-illegal-alien-who-was-the-28-year-old-man-shot-by-an-ice-agent-in-new-york-city/articleshow/134805645.cms","source":"economictimes.indiatimes.com","date":"2026-10-09T04:30:00Z","tipo":"Crimen organizado","severidad":3,"lugar":"New York, United States","pais_iso3":"USA","precision":"estado","origen":"mundo","actores":"Criminal","articulos":4,"arma":null,"via":"GDELT 2.0 (evento codificado; el título sale del enlace)"}},{"type":"Feature","geometry":{"type":"Point","coordinates":[135.0,-25.0]},"properties":{"title":"Listen programs worldtoday tobacco cartels send black market profits offshore","url":"https://www.abc.net.au/listen/programs/worldtoday/tobacco-cartels-send-black-market-profits-offshore/107248318","source":"www.abc.net.au","date":"2026-10-09T04:30:00Z","tipo":"Narcotráfico","severidad":3,"lugar":"Australia","pais_iso3":"AUS","precision":"país","origen":"mundo","actores":"Cartel","articulos":3,"arma":null,"via":"GDELT 2.0 (evento codificado; el título sale del enlace)"}},{"type":"Feature","geometry":{"type":"Point","coordinates":[27.867,-26.267]},"properties":{"title":"News there will consequences saps dimpane warns after violent protests vehicle torching","url":"https://www.citizen.co.za/news/there-will-be-consequences-saps-dimpane-warns-after-violent-protests-vehicle-torching/","source":"www.citizen.co.za","date":"2026-10-09T04:30:00Z","tipo":"Crimen organizado","severidad":3,"lugar":"Soweto, Gauteng, South Africa","pais_iso3":"ZAF","precision":"ciudad","origen":"mundo","actores":"Criminal → Police","articulos":6,"arma":null,"via":"GDELT 2.0 (evento codificado; el título sale del enlace)"}},{"type":"Feature","geometry":{"type":"Point","coordinates":[51.515,35.75]},"properties":{"title":"Military preparing for renewed war with iran trump weighs strikes","url":"https://www.worthynews.com/118079-us-military-preparing-for-renewed-war-with-iran-as-trump-weighs-strikes","source":"www.worthynews.com","date":"2026-10-09T04:30:00Z","tipo":"Grupo armado","severidad":4,"lugar":"Tehran, Tehran, Iran","pais_iso3":"IRN","precision":"ciudad","origen":"mundo","actores":"Iranian → Armed Group","articulos":2,"arma":null,"via":"GDELT 2.0 (evento codificado; el título sale del enlace)"}},{"type":"Feature","geometry":{"type":"Point","coordinates":[32.0,49.0]},"properties":{"title":"Hungary gold convoy case widens four more suspects named","url":"https://www.budapesttimes.hu/hungary/gold-convoy-case-widens-four-more-suspects-named/","source":"www.budapesttimes.hu","date":"2026-10-09T04:30:00Z","tipo":"Crimen organizado","severidad":3,"lugar":"Ukraine","pais_iso3":"UKR","precision":"país","origen":"mundo","actores":"Prosecutor → Criminal","articulos":5,"arma":null,"via":"GDELT 2.0 (evento codificado; el título sale del enlace)"}},{"type":"Feature","geometry":{"type":"Point","coordinates":[-74.959,44.793]},"properties":{"title":"Ice agent shoots illegal immigrant with alleged gang ties during new york city enforcement operation","url":"https://www.worthynews.com/118078-ice-agent-shoots-illegal-immigrant-with-alleged-gang-ties-during-new-york-city-enforcement-operation","source":"www.worthynews.com","date":"2026-10-09T04:30:00Z","tipo":"Crimen organizado","severidad":3,"lugar":"Marble Hill, New York, United States","pais_iso3":"USA","precision":"ciudad","origen":"mundo","actores":"United States → Criminal","articulos":4,"arma":null,"via":"GDELT 2.0 (evento codificado; el título sale del enlace)"}},{"type":"Feature","geometry":{"type":"Point","coordinates":[-66.917,10.5]},"properties":{"title":"News venezuela flores denied bail justice department levies new maduro charges","url":"https://venezuelanalysis.com/news/venezuela-flores-denied-bail-as-justice-department-levies-new-maduro-charges/","source":"venezuelanalysis.com","date":"2026-10-09T04:30:00Z","tipo":"Crimen organizado","severidad":4,"lugar":"Caracas, Distrito Federal, Venezuela","pais_iso3":"VEN","precision":"ciudad","origen":"mundo","actores":"A Us → Gang","articulos":10,"arma":"Bomba o explosivo","via":"GDELT 2.0 (evento codificado; el título sale del enlace)"}},{"type":"Feature","geometry":{"type":"Point","coordinates":[-99.88,16.86]},"properties":{"title":"Hallan a un asesinado con torniquete en Hogar Moderno de Acapulco","url":"https://guerrero.quadratin.com.mx/hallan-a-un-asesinado-con-torniquete-en-hogar-moderno-de-acapulco/","source":"Quadratín Guerrero","date":"2026-10-09T04:24:08Z","lugar":"Acapulco, Guerrero","pais_iso3":"MEX","precision":"ciudad","origen":"mx","via":"RSS de Quadratín Guerrero","tipo":"Crimen organizado","severidad":4,"arma":null}},{"type":"Feature","geometry":{"type":"Point","coordinates":[-79.5,22.0]},"properties":{"title":"News world ice officer shoots man during enforcement operation new bronx investigation","url":"https://aninews.in/news/world/us/ice-officer-shoots-man-during-enforcement-operation-in-new-york8217s-bronx-investigation-underway20261009080325/","source":"aninews.in","date":"2026-10-09T04:15:00Z","tipo":"Crimen organizado","severidad":4,"lugar":"Cuba","pais_iso3":"CUB","precision":"país","origen":"mundo","actores":"Gang","articulos":7,"arma":null,"via":"GDELT 2.0 (evento codificado; el título sale del enlace)"}},{"type":"Feature","geometry":{"type":"Point","coordinates":[-4.25,55.833]},"properties":{"title":"News scottish news gangland enforcer offered kill","url":"https://www.dailyrecord.co.uk/news/scottish-news/gangland-enforcer-offered-10000-kill-37751835","source":"www.dailyrecord.co.uk","date":"2026-10-09T04:15:00Z","tipo":"Crimen organizado","severidad":4,"lugar":"Glasgow, Glasgow City, United Kingdom","pais_iso3":"GBR","precision":"ciudad","origen":"mundo","actores":"United Kingdom → Gangland","articulos":4,"arma":null,"via":"GDELT 2.0 (evento codificado; el título sale del enlace)"}},{"type":"Feature","geometry":{"type":"Point","coordinates":[47.5,15.5]},"properties":{"title":"Terrorismo: Yemen → Terrorist (Yemen)","url":"https://www.ynetnews.com/article/symi00arsme","source":"www.ynetnews.com","date":"2026-10-09T04:15:00Z","tipo":"Terrorismo","severidad":4,"lugar":"Yemen","pais_iso3":"YEM","precision":"país","origen":"mundo","actores":"Yemen → Terrorist","articulos":4,"arma":null,"via":"GDELT 2.0 (evento codificado; el título sale del enlace)"}},{"type":"Feature","geometry":{"type":"Point","coordinates":[31.045,-17.818]},"properties":{"title":"Government warns over human trafficking scams","url":"https://dailynews.co.zw/government-warns-over-human-trafficking-scams/","source":"dailynews.co.zw","date":"2026-10-09T04:15:00Z","tipo":"Crimen organizado","severidad":3,"lugar":"Harare, Mashonaland East, Zimbabwe","pais_iso3":"ZWE","precision":"ciudad","origen":"mundo","actores":"Harare → Criminal","articulos":2,"arma":null,"via":"GDELT 2.0 (evento codificado; el título sale del enlace)"}},{"type":"Feature","geometry":{"type":"Point","coordinates":[-99.5,17.55]},"properties":{"title":"Ofrece Fiscalía de Guerrero 1.5 millones de pesos por los 7 secuestrados","url":"https://guerrero.quadratin.com.mx/ofrece-fiscalia-de-guerrero-1-5-millones-de-pesos-por-los-7-secuestrados/","source":"Quadratín Guerrero","date":"2026-10-09T04:01:00Z","lugar":"Guerrero","pais_iso3":"MEX","precision":"estado","origen":"mx","via":"RSS de Quadratín Guerrero","tipo":"Crimen organizado","severidad":3,"arma":null}},{"type":"Feature","geometry":{"type":"Point","coordinates":[80.75,27.25]},"properties":{"title":"Goanews ninth accused held porvorim shootout case","url":"https://navhindtimes.in/goanews/ninth-accused-held-in-porvorim-shootout-case/","source":"navhindtimes.in","date":"2026-10-09T04:00:00Z","tipo":"Crimen organizado","severidad":4,"lugar":"Uttar Pradesh, Uttar Pradesh, India","pais_iso3":"IND","precision":"estado","origen":"mundo","actores":"Assailant","articulos":10,"arma":null,"via":"GDELT 2.0 (evento codificado; el título sale del enlace)"}},{"type":"Feature","geometry":{"type":"Point","coordinates":[-97.647,31.106]},"properties":{"title":"News local news coastal bend blood center hosts annual run for blood race support south texas hospital blood supply","url":"https://www.kristv.com/news/local-news/coastal-bend-blood-center-hosts-annual-run-for-blood-race-to-support-south-texas-hospital-blood-supply","source":"www.kristv.com","date":"2026-10-09T03:45:00Z","tipo":"Crimen organizado","severidad":4,"lugar":"Texas, United States","pais_iso3":"USA","precision":"estado","origen":"mundo","actores":"Runner","articulos":5,"arma":null,"via":"GDELT 2.0 (evento codificado; el título sale del enlace)"}},{"type":"Feature","geometry":{"type":"Point","coordinates":[-82.775,40.374]},"properties":{"title":"Highlights from caleb flynn sentencing you killed the only mother ever had daughter says","url":"https://news.crossmap.com/2026/10/09/6-highlights-from-caleb-flynn-s-sentencing-you-killed-the-only-mother-i-ever-had-daughter-says/","source":"news.crossmap.com","date":"2026-10-09T03:45:00Z","tipo":"Crimen organizado","severidad":4,"lugar":"Ohio, United States","pais_iso3":"USA","precision":"estado","origen":"mundo","actores":"University","articulos":30,"arma":null,"via":"GDELT 2.0 (evento codificado; el título sale del enlace)"}},{"type":"Feature","geometry":{"type":"Point","coordinates":[34.333,31.417]},"properties":{"title":"News israel news aviation terror warning ben shabbat urges immediate action against copycat attacks after flydubai hijacking attempt html","url":"https://www.theyeshivaworld.com/news/israel-news/2607439/aviation-terror-warning-ben-shabbat-urges-immediate-action-against-copycat-attacks-after-flydubai-hijacking-attempt.html","source":"www.theyeshivaworld.com","date":"2026-10-09T03:45:00Z","tipo":"Grupo rebelde","severidad":3,"lugar":"Gaza, Israel (general), Israel","pais_iso3":"PSE","precision":"ciudad","origen":"mundo","actores":"Hamas","articulos":2,"arma":null,"via":"GDELT 2.0 (evento codificado; el título sale del enlace)"}},{"type":"Feature","geometry":{"type":"Point","coordinates":[-98.579,39.828]},"properties":{"title":"Three years members the georgetown community gather for oct vigil","url":"https://georgetownvoice.com/2026/10/08/three-years-on-members-of-the-georgetown-community-gather-for-oct-7-vigil/","source":"georgetownvoice.com","date":"2026-10-09T03:45:00Z","tipo":"Grupo rebelde","severidad":4,"lugar":"United States","pais_iso3":"USA","precision":"país","origen":"mundo","actores":"Hamas → Israel","articulos":2,"arma":null,"via":"GDELT 2.0 (evento codificado; el título sale del enlace)"}},{"type":"Feature","geometry":{"type":"Point","coordinates":[-98.579,39.828]},"properties":{"title":"Creative content shows ahs plot episode recap coven witches reunion","url":"https://www.thewrap.com/creative-content/tv-shows/ahs-13-plot-episode-7-8-recap-coven-witches-reunion/","source":"www.thewrap.com","date":"2026-10-09T03:30:00Z","tipo":"Crimen organizado","severidad":3,"lugar":"United States","pais_iso3":"USA","precision":"país","origen":"mundo","actores":"Serial Killer","articulos":6,"arma":null,"via":"GDELT 2.0 (evento codificado; el título sale del enlace)"}},{"type":"Feature","geometry":{"type":"Point","coordinates":[-76.483,42.447]},"properties":{"title":"Hundreds ucla students participate national walkout against sexual violence","url":"https://dailybruin.com/2026/10/08/hundreds-of-ucla-students-participate-in-national-walkout-against-sexual-violence","source":"dailybruin.com","date":"2026-10-09T03:30:00Z","tipo":"Crimen organizado","severidad":4,"lugar":"Cornell University, New York, United States","pais_iso3":"USA","precision":"ciudad","origen":"mundo","actores":"Gang → University","articulos":6,"arma":null,"via":"GDELT 2.0 (evento codificado; el título sale del enlace)"}},{"type":"Feature","geometry":{"type":"Point","coordinates":[-66.917,10.5]},"properties":{"title":"Trump wins again against illegal migration","url":"https://www.wnd.com/2026/10/trump-wins-again-against-illegal-migration/","source":"www.wnd.com","date":"2026-10-09T03:30:00Z","tipo":"Crimen organizado","severidad":3,"lugar":"Federal District, Distrito Federal, Venezuela","pais_iso3":"VEN","precision":"estado","origen":"mundo","actores":"Administration → Gang","articulos":4,"arma":null,"via":"GDELT 2.0 (evento codificado; el título sale del enlace)"}},{"type":"Feature","geometry":{"type":"Point","coordinates":[34.333,31.417]},"properties":{"title":"News october massacre anniversary comes before israel vote","url":"http://www.utahindependent.com/news/279358022/october-7-massacre-anniversary-comes-before-israel-vote","source":"www.utahindependent.com","date":"2026-10-09T03:30:00Z","tipo":"Grupo rebelde","severidad":4,"lugar":"Gaza, Israel (general), Israel","pais_iso3":"PSE","precision":"ciudad","origen":"mundo","actores":"Hamas","articulos":15,"arma":null,"via":"GDELT 2.0 (evento codificado; el título sale del enlace)"}},{"type":"Feature","geometry":{"type":"Point","coordinates":[34.333,31.417]},"properties":{"title":"Opinion alex joffe sept and oct bookend the decline higher education","url":"https://www.jns.org/opinion/alex-joffe/sept-11-and-oct-7-bookend-the-decline-of-higher-education","source":"www.jns.org","date":"2026-10-09T03:30:00Z","tipo":"Grupo rebelde","severidad":4,"lugar":"Gaza, Israel (general), Israel","pais_iso3":"PSE","precision":"ciudad","origen":"mundo","actores":"Hamas → Population","articulos":7,"arma":null,"via":"GDELT 2.0 (evento codificado; el título sale del enlace)"}},{"type":"Feature","geometry":{"type":"Point","coordinates":[-74.938,42.15]},"properties":{"title":"Post nyc ice shooting protests erupt politicians condemn marble hill incident","url":"https://abc7ny.com/post/nyc-ice-shooting-protests-erupt-politicians-condemn-marble-hill-incident/19923465/","source":"abc7ny.com","date":"2026-10-09T03:15:00Z","tipo":"Crimen organizado","severidad":3,"lugar":"New York, United States","pais_iso3":"USA","precision":"estado","origen":"mundo","actores":"Gang","articulos":10,"arma":null,"via":"GDELT 2.0 (evento codificado; el título sale del enlace)"}},{"type":"Feature","geometry":{"type":"Point","coordinates":[-70.667,19.0]},"properties":{"title":"Crimen organizado: Criminal (Dominican Republic)","url":"https://www.bbc.com/news/articles/c59vzk9yypn3o","source":"www.bbc.com","date":"2026-10-09T03:15:00Z","tipo":"Crimen organizado","severidad":3,"lugar":"Dominican Republic","pais_iso3":"DOM","precision":"país","origen":"mundo","actores":"Criminal","articulos":10,"arma":null,"via":"GDELT 2.0 (evento codificado; el título sale del enlace)"}},{"type":"Feature","geometry":{"type":"Point","coordinates":[-66.484,18.236]},"properties":{"title":"Matt margolis roseanne barr coming back with new series","url":"https://pjmedia.com/matt-margolis/2026/10/08/roseanne-barr-is-coming-back-with-a-new-series-n4958125","source":"pjmedia.com","date":"2026-10-09T03:15:00Z","tipo":"Crimen organizado","severidad":4,"lugar":"Puerto Rico","pais_iso3":"PRI","precision":"país","origen":"mundo","actores":"Pedophile","articulos":6,"arma":null,"via":"GDELT 2.0 (evento codificado; el título sale del enlace)"}},{"type":"Feature","geometry":{"type":"Point","coordinates":[-74.4,4.6]},"properties":{"title":"The difficult and dangerous road","url":"https://www.equaltimes.org/the-difficult-and-dangerous-road","source":"www.equaltimes.org","date":"2026-10-09T03:00:00Z","tipo":"Grupo armado","severidad":4,"lugar":"Antioquia, Cundinamarca, Colombia","pais_iso3":"COL","precision":"ciudad","origen":"mundo","actores":"Colombia","articulos":4,"arma":null,"via":"GDELT 2.0 (evento codificado; el título sale del enlace)"}},{"type":"Feature","geometry":{"type":"Point","coordinates":[-70.667,19.0]},"properties":{"title":"News scott mcclallen ice officer shoots suspect during bronx operation dhs says target was gang linked illegal alien","url":"https://townhall.com/news/scott-mcclallen/2026/10/08/ice-officer-shoots-suspect-during-bronx-operation-dhs-says-target-was-gang-linked-illegal-alien-n2684389","source":"townhall.com","date":"2026-10-09T03:00:00Z","tipo":"Crimen organizado","severidad":3,"lugar":"Dominican Republic","pais_iso3":"DOM","precision":"país","origen":"mundo","actores":"Criminal → Dominican Republic","articulos":2,"arma":null,"via":"GDELT 2.0 (evento codificado; el título sale del enlace)"}},{"type":"Feature","geometry":{"type":"Point","coordinates":[-118.277,34.059]},"properties":{"title":"Crime lapd feds target skid row drug dealers","url":"https://mynewsla.com/crime/2026/10/08/lapd-feds-target-skid-row-drug-dealers-5/","source":"mynewsla.com","date":"2026-10-09T03:00:00Z","tipo":"Crimen organizado","severidad":3,"lugar":"Macarthur Park, California, United States","pais_iso3":"USA","precision":"ciudad","origen":"mundo","actores":"Residents → Dealer","articulos":3,"arma":null,"via":"GDELT 2.0 (evento codificado; el título sale del enlace)"}},{"type":"Feature","geometry":{"type":"Point","coordinates":[-106.09,28.63]},"properties":{"title":"Detienen a una mujer en Iztapalapa por secuestrar a una perrita Chihuahua: exigía dinero y anillos de oro para el rescate","url":"https://www.infobae.com/mexico/2026/10/09/detienen-a-una-mujer-en-iztapalapa-por-secuestrar-a-una-perrita-chihuahua-exigia-dinero-y-anillos-de-oro-para-el-rescate/","source":"Infobae México","date":"2026-10-09T02:49:32Z","lugar":"Chihuahua","pais_iso3":"MEX","precision":"estado","origen":"mx","via":"RSS de Infobae México","tipo":"Crimen organizado","severidad":2,"arma":null}},{"type":"Feature","geometry":{"type":"Point","coordinates":[135.0,-25.0]},"properties":{"title":"Black clover season episode release date time","url":"https://screenrant.com/black-clover-season-2-episode-2-release-date-time/","source":"screenrant.com","date":"2026-10-09T02:45:00Z","tipo":"Grupo armado","severidad":4,"lugar":"Australia","pais_iso3":"AUS","precision":"país","origen":"mundo","actores":"Fighter","articulos":6,"arma":null,"via":"GDELT 2.0 (evento codificado; el título sale del enlace)"}},{"type":"Feature","geometry":{"type":"Point","coordinates":[-74.959,44.793]},"properties":{"title":"News anti ice protesters cops clash outside nyc hospital where wounded criminal migrant recovering after agent shot him","url":"https://nypost.com/2026/10/08/us-news/anti-ice-protesters-cops-clash-outside-nyc-hospital-where-wounded-criminal-migrant-recovering-after-an-agent-shot-him/","source":"nypost.com","date":"2026-10-09T02:45:00Z","tipo":"Crimen organizado","severidad":3,"lugar":"Marble Hill, New York, United States","pais_iso3":"USA","precision":"ciudad","origen":"mundo","actores":"Migrant → Criminal","articulos":10,"arma":null,"via":"GDELT 2.0 (evento codificado; el título sale del enlace)"}},{"type":"Feature","geometry":{"type":"Point","coordinates":[-98.579,39.828]},"properties":{"title":"Trump approves first military firing squad execution since world war for fort hood shooter","url":"https://www.foreignpolicyjournal.com/2026/10/08/trump-approves-first-military-firing-squad-execution-since-world-war-ii-for-2009-fort-hood-shooter/","source":"www.foreignpolicyjournal.com","date":"2026-10-09T02:45:00Z","tipo":"Crimen organizado","severidad":4,"lugar":"United States","pais_iso3":"USA","precision":"país","origen":"mundo","actores":"President → Perpetrator","articulos":8,"arma":null,"via":"GDELT 2.0 (evento codificado; el título sale del enlace)"}},{"type":"Feature","geometry":{"type":"Point","coordinates":[44.96,49.817]},"properties":{"title":"Grupo armado: Military → Fighter (Kamyshin, Volgogradskaya Oblast', Russia)","url":"https://www.eng.kavkaz-uzel.eu/articles/79234","source":"www.eng.kavkaz-uzel.eu","date":"2026-10-09T02:45:00Z","tipo":"Grupo armado","severidad":4,"lugar":"Kamyshin, Volgogradskaya Oblast', Russia","pais_iso3":"RUS","precision":"ciudad","origen":"mundo","actores":"Military → Fighter","articulos":2,"arma":null,"via":"GDELT 2.0 (evento codificado; el título sale del enlace)"}},{"type":"Feature","geometry":{"type":"Point","coordinates":[42.729,18.306]},"properties":{"title":"World oct houthis claim new attack against airport saudi capital riyadh","url":"https://www.newindianexpress.com/world/2026/Oct/09/houthis-claim-new-attack-against-airport-in-saudi-capital-riyadh","source":"www.newindianexpress.com","date":"2026-10-09T02:45:00Z","tipo":"Grupo rebelde","severidad":3,"lugar":"Khamis Mushait, Saudi Arabia (general), Saudi Arabia","pais_iso3":"SAU","precision":"ciudad","origen":"mundo","actores":"Rebel → Airline","articulos":2,"arma":null,"via":"GDELT 2.0 (evento codificado; el título sale del enlace)"}},{"type":"Feature","geometry":{"type":"Point","coordinates":[-93.92,45.733]},"properties":{"title":"Brettt minnesota teacher says somalis were working hard they neglected raising their kids","url":"https://twitchy.com/brettt/2026/10/08/minnesota-teacher-says-somalis-were-working-so-hard-they-neglected-raising-their-kids-n2433103","source":"twitchy.com","date":"2026-10-09T02:30:00Z","tipo":"Crimen organizado","severidad":4,"lugar":"Minnesota, United States","pais_iso3":"USA","precision":"estado","origen":"mundo","actores":"Gang","articulos":10,"arma":null,"via":"GDELT 2.0 (evento codificado; el título sale del enlace)"}},{"type":"Feature","geometry":{"type":"Point","coordinates":[85.117,25.6]},"properties":{"title":"Crimen organizado: Miscreant → College (Patna, Bihar, India)","url":"https://indiankanoon.org/doc/163965902/","source":"indiankanoon.org","date":"2026-10-09T02:30:00Z","tipo":"Crimen organizado","severidad":4,"lugar":"Patna, Bihar, India","pais_iso3":"IND","precision":"ciudad","origen":"mundo","actores":"Miscreant → College","articulos":4,"arma":null,"via":"GDELT 2.0 (evento codificado; el título sale del enlace)"}},{"type":"Feature","geometry":{"type":"Point","coordinates":[79.1,27.317]},"properties":{"title":"Crimen organizado: Miscreant → Patna (Sultanganj, Uttar Pradesh, India)","url":"https://indiankanoon.org/doc/163965902/","source":"indiankanoon.org","date":"2026-10-09T02:30:00Z","tipo":"Crimen organizado","severidad":4,"lugar":"Sultanganj, Uttar Pradesh, India","pais_iso3":"IND","precision":"ciudad","origen":"mundo","actores":"Miscreant → Patna","articulos":2,"arma":null,"via":"GDELT 2.0 (evento codificado; el título sale del enlace)"}},{"type":"Feature","geometry":{"type":"Point","coordinates":[-74.938,42.15]},"properties":{"title":"Maduro wife torture charges what means case","url":"https://www.newsweek.com/maduro-wife-torture-charges-what-it-means-case-12544110","source":"www.newsweek.com","date":"2026-10-09T02:30:00Z","tipo":"Crimen organizado","severidad":4,"lugar":"New York, United States","pais_iso3":"USA","precision":"estado","origen":"mundo","actores":"Prosecutor → Criminal","articulos":6,"arma":null,"via":"GDELT 2.0 (evento codificado; el título sale del enlace)"}},{"type":"Feature","geometry":{"type":"Point","coordinates":[34.75,31.5]},"properties":{"title":"Justmindy nidal hasan firing squad will televised","url":"https://twitchy.com/justmindy/2026/10/08/nidal-hasan-firing-squad-will-be-televised-n2433115","source":"twitchy.com","date":"2026-10-09T02:30:00Z","tipo":"Terrorismo","severidad":4,"lugar":"Israel","pais_iso3":"ISR","precision":"país","origen":"mundo","actores":"Terrorist","articulos":3,"arma":null,"via":"GDELT 2.0 (evento codificado; el título sale del enlace)"}},{"type":"Feature","geometry":{"type":"Point","coordinates":[46.773,24.641]},"properties":{"title":"India issues advisory airlines cancel riyadh flights","url":"https://www.dailyexcelsior.com/india-issues-advisory-airlines-cancel-riyadh-flights/","source":"www.dailyexcelsior.com","date":"2026-10-09T02:30:00Z","tipo":"Grupo armado","severidad":4,"lugar":"Riyadh, Ar Riya?, Saudi Arabia","pais_iso3":"SAU","precision":"ciudad","origen":"mundo","actores":"Militant → Riyadh","articulos":5,"arma":null,"via":"GDELT 2.0 (evento codificado; el título sale del enlace)"}},{"type":"Feature","geometry":{"type":"Point","coordinates":[45.0,25.0]},"properties":{"title":"News articles world html","url":"https://news.webindia123.com/news/Articles/World/20261009/4508726.html","source":"news.webindia123.com","date":"2026-10-09T02:30:00Z","tipo":"Grupo armado","severidad":4,"lugar":"Saudi Arabia","pais_iso3":"SAU","precision":"país","origen":"mundo","actores":"Washington → Gunman","articulos":2,"arma":null,"via":"GDELT 2.0 (evento codificado; el título sale del enlace)"}},{"type":"Feature","geometry":{"type":"Point","coordinates":[-74.938,42.15]},"properties":{"title":"News national world cnn national person shot during encounter with federal agents new york city nypd says","url":"https://ktvz.com/news/national-world/cnn-national/2026/10/08/person-shot-during-encounter-with-federal-agents-in-new-york-city-nypd-says/","source":"ktvz.com","date":"2026-10-09T02:15:00Z","tipo":"Crimen organizado","severidad":3,"lugar":"New York, United States","pais_iso3":"USA","precision":"estado","origen":"mundo","actores":"Criminal","articulos":10,"arma":null,"via":"GDELT 2.0 (evento codificado; el título sale del enlace)"}},{"type":"Feature","geometry":{"type":"Point","coordinates":[66.0,33.0]},"properties":{"title":"Singham why not bring back public hangings and the guillotine well","url":"https://freethoughtblogs.com/singham/2026/10/08/why-not-bring-back-public-hangings-and-the-guillotine-as-well/","source":"freethoughtblogs.com","date":"2026-10-09T02:15:00Z","tipo":"Crimen organizado","severidad":4,"lugar":"Afghanistan","pais_iso3":"AFG","precision":"país","origen":"mundo","actores":"Killers → Afghanistan","articulos":4,"arma":null,"via":"GDELT 2.0 (evento codificado; el título sale del enlace)"}},{"type":"Feature","geometry":{"type":"Point","coordinates":[-70.667,19.0]},"properties":{"title":"News nypd crime federal law enforcement agents shooting marble hill","url":"https://www.fox26houston.com/news/nypd-crime-federal-law-enforcement-agents-shooting-marble-hill","source":"www.fox26houston.com","date":"2026-10-09T02:00:00Z","tipo":"Crimen organizado","severidad":4,"lugar":"Dominican Republic","pais_iso3":"DOM","precision":"país","origen":"mundo","actores":"Gang","articulos":8,"arma":null,"via":"GDELT 2.0 (evento codificado; el título sale del enlace)"}},{"type":"Feature","geometry":{"type":"Point","coordinates":[-74.938,42.15]},"properties":{"title":"Entertainment news law and order svus smith cameron cornell similarities","url":"https://www.usmagazine.com/entertainment/news/law-and-order-svus-j-smith-cameron-on-cornell-7-similarities/","source":"www.usmagazine.com","date":"2026-10-09T02:00:00Z","tipo":"Crimen organizado","severidad":4,"lugar":"New York, United States","pais_iso3":"USA","precision":"estado","origen":"mundo","actores":"Gang","articulos":10,"arma":null,"via":"GDELT 2.0 (evento codificado; el título sale del enlace)"}},{"type":"Feature","geometry":{"type":"Point","coordinates":[34.333,31.417]},"properties":{"title":"Articles october hamas israel anniversary philadelphia march","url":"https://whyy.org/articles/october-7-hamas-israel-3rd-anniversary-philadelphia-march/","source":"whyy.org","date":"2026-10-09T02:00:00Z","tipo":"Grupo rebelde","severidad":4,"lugar":"Gaza, Israel (general), Israel","pais_iso3":"PSE","precision":"ciudad","origen":"mundo","actores":"Hamas → Israeli","articulos":3,"arma":null,"via":"GDELT 2.0 (evento codificado; el título sale del enlace)"}},{"type":"Feature","geometry":{"type":"Point","coordinates":[18.679,-34.039]},"properties":{"title":"South africa suspect charged tourist killing","url":"https://www.sanews.gov.za/south-africa/suspect-charged-tourist-killing","source":"www.sanews.gov.za","date":"2026-10-09T02:00:00Z","tipo":"Grupo armado","severidad":4,"lugar":"Khayelitsha, Western Cape, South Africa","pais_iso3":"ZAF","precision":"ciudad","origen":"mundo","actores":"Armed Men → Company","articulos":10,"arma":null,"via":"GDELT 2.0 (evento codificado; el título sale del enlace)"}},{"type":"Feature","geometry":{"type":"Point","coordinates":[105.0,35.0]},"properties":{"title":"Lakurawa attack kills two soldiers chinese kebbi","url":"https://punchng.com/lakurawa-attack-kills-two-soldiers-chinese-in-kebbi/","source":"punchng.com","date":"2026-10-09T01:45:00Z","tipo":"Terrorismo","severidad":4,"lugar":"China","pais_iso3":"CHN","precision":"país","origen":"mundo","actores":"Terrorist Group","articulos":5,"arma":null,"via":"GDELT 2.0 (evento codificado; el título sale del enlace)"}},{"type":"Feature","geometry":{"type":"Point","coordinates":[-82.999,39.961]},"properties":{"title":"News local alleged gunman wanted double shooting that killed one remains the run michael rashawn wells jeffrey amaker rita robinette homicide detectives barnett road lounge crime stoppers ohio","url":"https://myfox28columbus.com/news/local/alleged-gunman-wanted-in-double-shooting-that-killed-one-remains-on-the-run-michael-rashawn-wells-jeffrey-amaker-rita-robinette-homicide-detectives-barnett-road-lounge-crime-stoppers-of-ohio","source":"myfox28columbus.com","date":"2026-10-09T01:45:00Z","tipo":"Grupo armado","severidad":4,"lugar":"Columbus, Ohio, United States","pais_iso3":"USA","precision":"ciudad","origen":"mundo","actores":"Gunman","articulos":10,"arma":null,"via":"GDELT 2.0 (evento codificado; el título sale del enlace)"}},{"type":"Feature","geometry":{"type":"Point","coordinates":[-96.0,60.0]},"properties":{"title":"News turning point usa charlie kirk podcast hosts accuse candidate lying about her rape","url":"https://www.phoenixnewtimes.com/news/turning-point-usa-charlie-kirk-podcast-hosts-accuse-candidate-of-lying-about-her-rape-40705601/","source":"www.phoenixnewtimes.com","date":"2026-10-09T01:45:00Z","tipo":"Crimen organizado","severidad":4,"lugar":"Canada","pais_iso3":"CAN","precision":"país","origen":"mundo","actores":"Gang","articulos":6,"arma":null,"via":"GDELT 2.0 (evento codificado; el título sale del enlace)"}},{"type":"Feature","geometry":{"type":"Point","coordinates":[116.388,39.929]},"properties":{"title":"China labor watchdog cites ccp threat visa investigations involving universities","url":"https://www.theepochtimes.com/china/labor-watchdog-cites-ccp-threat-in-visa-investigations-involving-9-us-universities-6101340","source":"www.theepochtimes.com","date":"2026-10-09T01:45:00Z","tipo":"Crimen organizado","severidad":3,"lugar":"Beijing, Beijing, China","pais_iso3":"CHN","precision":"ciudad","origen":"mundo","actores":"Criminal → Attorney General","articulos":5,"arma":null,"via":"GDELT 2.0 (evento codificado; el título sale del enlace)"}},{"type":"Feature","geometry":{"type":"Point","coordinates":[-79.843,35.641]},"properties":{"title":"News local cornell case north carolina law october","url":"https://www.wral.com/news/local/cornell-case-north-carolina-law-october-2026/","source":"www.wral.com","date":"2026-10-09T01:45:00Z","tipo":"Crimen organizado","severidad":4,"lugar":"North Carolina, United States","pais_iso3":"USA","precision":"estado","origen":"mundo","actores":"Criminal → North Carolina","articulos":4,"arma":null,"via":"GDELT 2.0 (evento codificado; el título sale del enlace)"}},{"type":"Feature","geometry":{"type":"Point","coordinates":[-98.579,39.828]},"properties":{"title":"Going out going out reviews rent review","url":"https://www.radiotimes.com/going-out/going-out-reviews/rent-review/","source":"www.radiotimes.com","date":"2026-10-09T01:45:00Z","tipo":"Crimen organizado","severidad":3,"lugar":"United States","pais_iso3":"USA","precision":"país","origen":"mundo","actores":"United Kingdom → Gang","articulos":4,"arma":null,"via":"GDELT 2.0 (evento codificado; el título sale del enlace)"}},{"type":"Feature","geometry":{"type":"Point","coordinates":[-76.483,42.447]},"properties":{"title":"News ithaca council moratorium new cornell events permits","url":"http://www.cbsnews.com/news/ithaca-council-moratorium-new-cornell-events-permits/","source":"www.cbsnews.com","date":"2026-10-09T01:30:00Z","tipo":"Crimen organizado","severidad":4,"lugar":"Cornell University, New York, United States","pais_iso3":"USA","precision":"ciudad","origen":"mundo","actores":"Gang","articulos":6,"arma":null,"via":"GDELT 2.0 (evento codificado; el título sale del enlace)"}},{"type":"Feature","geometry":{"type":"Point","coordinates":[-71.531,42.237]},"properties":{"title":"News massachusetts governor gubernatorial debate keller wbz","url":"https://www.wbur.org/news/2026/10/08/massachusetts-governor-gubernatorial-debate-keller-wbz","source":"www.wbur.org","date":"2026-10-09T01:30:00Z","tipo":"Crimen organizado","severidad":3,"lugar":"Massachusetts, United States","pais_iso3":"USA","precision":"estado","origen":"mundo","actores":"Criminal","articulos":10,"arma":null,"via":"GDELT 2.0 (evento codificado; el título sale del enlace)"}},{"type":"Feature","geometry":{"type":"Point","coordinates":[-81.511,29.43]},"properties":{"title":"Articles local news man charged with aiming gun housemate","url":"https://www.palatkadailynews.com/articles/local-news/man-charged-with-aiming-gun-at-housemate/","source":"www.palatkadailynews.com","date":"2026-10-09T01:30:00Z","tipo":"Crimen organizado","severidad":3,"lugar":"Crescent City, Florida, United States","pais_iso3":"USA","precision":"ciudad","origen":"mundo","actores":"Felon","articulos":5,"arma":null,"via":"GDELT 2.0 (evento codificado; el título sale del enlace)"}},{"type":"Feature","geometry":{"type":"Point","coordinates":[-122.127,44.567]},"properties":{"title":"News local grants pass man pleads guilty illegal possession firearm stole burglary","url":"https://nbc16.com/news/local/grants-pass-man-pleads-guilty-to-illegal-possession-of-a-firearm-he-stole-in-a-burglary","source":"nbc16.com","date":"2026-10-09T01:30:00Z","tipo":"Crimen organizado","severidad":3,"lugar":"Oregon, United States","pais_iso3":"USA","precision":"estado","origen":"mundo","actores":"Prison → Criminal","articulos":12,"arma":null,"via":"GDELT 2.0 (evento codificado; el título sale del enlace)"}},{"type":"Feature","geometry":{"type":"Point","coordinates":[-77.036,38.895]},"properties":{"title":"Local army ten miler what know about road closures race times and parking","url":"https://wtop.com/local/2026/10/army-ten-miler-what-to-know-about-road-closures-race-times-and-parking/","source":"wtop.com","date":"2026-10-09T01:30:00Z","tipo":"Crimen organizado","severidad":3,"lugar":"Washington, District of Columbia, United States","pais_iso3":"USA","precision":"ciudad","origen":"mundo","actores":"Runner","articulos":3,"arma":null,"via":"GDELT 2.0 (evento codificado; el título sale del enlace)"}},{"type":"Feature","geometry":{"type":"Point","coordinates":[100.572,13.717]},"properties":{"title":"Bangkok police raid jewish center","url":"https://www.chiangraitimes.com/bangkok/police-raid-jewish-center/","source":"www.chiangraitimes.com","date":"2026-10-09T01:30:00Z","tipo":"Crimen organizado","severidad":3,"lugar":"Khlong Toei, Krung Thep Mahanakhon, Thailand","pais_iso3":"THA","precision":"ciudad","origen":"mundo","actores":"Administration → Criminal","articulos":10,"arma":null,"via":"GDELT 2.0 (evento codificado; el título sale del enlace)"}},{"type":"Feature","geometry":{"type":"Point","coordinates":[-90.667,40.467]},"properties":{"title":"News local macomb man convicted sex abuse case involving minors article html","url":"https://www.khqa.com/news/local/macomb-man-convicted-in-sex-abuse-case-involving-2-minors/article_20356131-72a4-4c83-b962-55af2aaa2a94.html","source":"www.khqa.com","date":"2026-10-09T01:30:00Z","tipo":"Crimen organizado","severidad":3,"lugar":"Mcdonough County, Illinois, United States","pais_iso3":"USA","precision":"ciudad","origen":"mundo","actores":"Illinois → Criminal","articulos":2,"arma":null,"via":"GDELT 2.0 (evento codificado; el título sale del enlace)"}},{"type":"Feature","geometry":{"type":"Point","coordinates":[-0.117,51.5]},"properties":{"title":"Article zodiac spy thriller mcu series announced coming","url":"https://nerdist.com/article/zodiac-spy-thriller-mcu-series-announced-coming-in-2028/","source":"nerdist.com","date":"2026-10-09T01:15:00Z","tipo":"Crimen organizado","severidad":4,"lugar":"London, London, City of, United Kingdom","pais_iso3":"GBR","precision":"ciudad","origen":"mundo","actores":"Criminal","articulos":10,"arma":null,"via":"GDELT 2.0 (evento codificado; el título sale del enlace)"}},{"type":"Feature","geometry":{"type":"Point","coordinates":[-81.791,30.646]},"properties":{"title":"News florida men indicted major traffickers for possessing more than kilograms cocaine html","url":"https://www.longisland.com/news/10-08-26/-florida-men-indicted-as-major-traffickers-for-possessing-more-than-300-kilograms-of-cocaine.html","source":"www.longisland.com","date":"2026-10-09T01:15:00Z","tipo":"Narcotráfico","severidad":3,"lugar":"Nassau County, Florida, United States","pais_iso3":"USA","precision":"ciudad","origen":"mundo","actores":"Nassau → Trafficker","articulos":6,"arma":null,"via":"GDELT 2.0 (evento codificado; el título sale del enlace)"}},{"type":"Feature","geometry":{"type":"Point","coordinates":[-99.333,49.217]},"properties":{"title":"Breakingnews accused brandon sword attack pleads not guilty","url":"https://www.winnipegfreepress.com/breakingnews/2026/10/08/accused-in-brandon-sword-attack-pleads-not-guilty","source":"www.winnipegfreepress.com","date":"2026-10-09T01:15:00Z","tipo":"Crimen organizado","severidad":4,"lugar":"Neelin, Manitoba, Canada","pais_iso3":"CAN","precision":"ciudad","origen":"mundo","actores":"Canada → Criminal","articulos":2,"arma":null,"via":"GDELT 2.0 (evento codificado; el título sale del enlace)"}},{"type":"Feature","geometry":{"type":"Point","coordinates":[50.626,26.273]},"properties":{"title":"Crimen organizado: Government → Trafficker (Bahrain International Airport, Al Mu?arraq, Bahrain)","url":"https://www.gdnonline.com:443/Details/1409141","source":"www.gdnonline.com:443","date":"2026-10-09T01:15:00Z","tipo":"Crimen organizado","severidad":3,"lugar":"Bahrain International Airport, Al Mu?arraq, Bahrain","pais_iso3":"","precision":"ciudad","origen":"mundo","actores":"Government → Trafficker","articulos":10,"arma":null,"via":"GDELT 2.0 (evento codificado; el título sale del enlace)"}},{"type":"Feature","geometry":{"type":"Point","coordinates":[34.231,31.329]},"properties":{"title":"Bet mishpachah participates oct commemoration ceremony","url":"https://www.washingtonblade.com/2026/10/08/bet-mishpachah-participates-in-d-c-oct-7-commemoration-ceremony/","source":"www.washingtonblade.com","date":"2026-10-09T01:15:00Z","tipo":"Grupo rebelde","severidad":4,"lugar":"Rafah, Gaza Strip (general), Gaza Strip","pais_iso3":"PSE","precision":"ciudad","origen":"mundo","actores":"Hamas → Israel","articulos":10,"arma":null,"via":"GDELT 2.0 (evento codificado; el título sale del enlace)"}},{"type":"Feature","geometry":{"type":"Point","coordinates":[-77.036,38.895]},"properties":{"title":"News hegseth says public will able watch fort hood shooter nidal hasan execution firing squad","url":"http://www.batonrougepost.com/news/279360770/hegseth-says-public-will-be-able-to-watch-fort-hood-shooter-nidal-hasan-execution-by-firing-squad","source":"www.batonrougepost.com","date":"2026-10-09T01:15:00Z","tipo":"Grupo armado","severidad":4,"lugar":"Washington, District of Columbia, United States","pais_iso3":"USA","precision":"ciudad","origen":"mundo","actores":"Washington → Gunman","articulos":2,"arma":null,"via":"GDELT 2.0 (evento codificado; el título sale del enlace)"}},{"type":"Feature","geometry":{"type":"Point","coordinates":[-99.13,19.43]},"properties":{"title":"Condenan con hasta 165 años de cárcel a nueve secuestradores que operaban en la CDMX y el Edomex","url":"https://www.infobae.com/mexico/2026/10/09/condenan-con-hasta-165-anos-de-carcel-a-nueve-secuestradores-que-operaban-en-la-cdmx-y-el-edomex/","source":"Infobae México","date":"2026-10-09T00:45:33Z","lugar":"Ciudad de México","pais_iso3":"MEX","precision":"estado","origen":"mx","via":"RSS de Infobae México","tipo":"Crimen organizado","severidad":3,"arma":null}},{"type":"Feature","geometry":{"type":"Point","coordinates":[-97.724,30.326]},"properties":{"title":"News local meth trafficker gets years federal prison after homeland security operation","url":"https://news4sanantonio.com/news/local/meth-trafficker-gets-20-years-in-federal-prison-after-homeland-security-operation","source":"news4sanantonio.com","date":"2026-10-09T00:45:00Z","tipo":"Crimen organizado","severidad":3,"lugar":"Texas Department Of Public Safety, Texas, United States","pais_iso3":"USA","precision":"ciudad","origen":"mundo","actores":"Gang","articulos":3,"arma":null,"via":"GDELT 2.0 (evento codificado; el título sale del enlace)"}},{"type":"Feature","geometry":{"type":"Point","coordinates":[50.5,26.0]},"properties":{"title":"Details drilling firm executives jailed over vat evasion","url":"https://www.gdnonline.com:443/Details/1409085/Drilling-firm-executives-jailed-over-BD52,000-VAT-evasion","source":"www.gdnonline.com:443","date":"2026-10-09T00:45:00Z","tipo":"Crimen organizado","severidad":3,"lugar":"Bahrain","pais_iso3":"BHR","precision":"país","origen":"mundo","actores":"Prison → Criminal","articulos":3,"arma":null,"via":"GDELT 2.0 (evento codificado; el título sale del enlace)"}},{"type":"Feature","geometry":{"type":"Point","coordinates":[-4.0,40.0]},"properties":{"title":"News article cartels plan smuggle cocaine europe html","url":"https://www.dailymail.com/news/article-16192335/Cartels-plan-smuggle-cocaine-Europe.html","source":"www.dailymail.com","date":"2026-10-09T00:45:00Z","tipo":"Narcotráfico","severidad":4,"lugar":"Spain","pais_iso3":"ESP","precision":"país","origen":"mundo","actores":"Cartel","articulos":10,"arma":null,"via":"GDELT 2.0 (evento codificado; el título sale del enlace)"}},{"type":"Feature","geometry":{"type":"Point","coordinates":[-118.201,34.367]},"properties":{"title":"Police federal agents arrest raids targeting skid row drug dealers","url":"https://www.presstelegram.com/2026/10/08/la-police-federal-agents-arrest-23-in-raids-targeting-skid-row-drug-dealers/","source":"www.presstelegram.com","date":"2026-10-09T00:45:00Z","tipo":"Crimen organizado","severidad":3,"lugar":"Los Angeles County, California, United States","pais_iso3":"USA","precision":"ciudad","origen":"mundo","actores":"Residents → Dealer","articulos":3,"arma":null,"via":"GDELT 2.0 (evento codificado; el título sale del enlace)"}},{"type":"Feature","geometry":{"type":"Point","coordinates":[-1.35,53.433]},"properties":{"title":"News article kemi badenoch reconnaissance list ann widdecombe html","url":"https://www.dailymail.com/news/article-16194757/Kemi-Badenoch-reconnaissance-list-Ann-Widdecombe.html","source":"www.dailymail.com","date":"2026-10-09T00:45:00Z","tipo":"Terrorismo","severidad":3,"lugar":"Rotherham, Rotherham, United Kingdom","pais_iso3":"GBR","precision":"ciudad","origen":"mundo","actores":"United Kingdom → Terrorist","articulos":4,"arma":null,"via":"GDELT 2.0 (evento codificado; el título sale del enlace)"}},{"type":"Feature","geometry":{"type":"Point","coordinates":[-3.2,55.95]},"properties":{"title":"Debate article leo mckinstry tony blair danger posed muscles html","url":"https://www.dailymail.com/debate/article-16194061/LEO-MCKINSTRY-Tony-Blair-danger-posed-muscles-eu.html","source":"www.dailymail.com","date":"2026-10-09T00:45:00Z","tipo":"Grupo armado","severidad":3,"lugar":"Edinburgh, Edinburgh, City of, United Kingdom","pais_iso3":"GBR","precision":"ciudad","origen":"mundo","actores":"Militant → Britain","articulos":10,"arma":null,"via":"GDELT 2.0 (evento codificado; el título sale del enlace)"}},{"type":"Feature","geometry":{"type":"Point","coordinates":[36.0,31.0]},"properties":{"title":"News teesside news faces three persistent shoplifters hauled","url":"https://www.gazettelive.co.uk/news/teesside-news/faces-three-persistent-shoplifters-hauled-34720301","source":"www.gazettelive.co.uk","date":"2026-10-09T00:30:00Z","tipo":"Crimen organizado","severidad":3,"lugar":"Jordan","pais_iso3":"JOR","precision":"país","origen":"mundo","actores":"Thief","articulos":10,"arma":null,"via":"GDELT 2.0 (evento codificado; el título sale del enlace)"}},{"type":"Feature","geometry":{"type":"Point","coordinates":[-76.945,38.956]},"properties":{"title":"News local ice arrests accused illegal immigrant gang leader maryland","url":"https://wjla.com/news/local/ice-arrests-accused-illegal-immigrant-gang-leader-in-maryland","source":"wjla.com","date":"2026-10-09T00:30:00Z","tipo":"Crimen organizado","severidad":3,"lugar":"Hyattsville, Maryland, United States","pais_iso3":"USA","precision":"ciudad","origen":"mundo","actores":"Gang","articulos":2,"arma":null,"via":"GDELT 2.0 (evento codificado; el título sale del enlace)"}},{"type":"Feature","geometry":{"type":"Point","coordinates":[3.896,7.388]},"properties":{"title":"Rescued prospective nysc members reunite with families","url":"https://punchng.com/20-rescued-prospective-nysc-members-reunite-with-families/","source":"punchng.com","date":"2026-10-09T00:30:00Z","tipo":"Crimen organizado","severidad":4,"lugar":"Ibadan, Oyo, Nigeria","pais_iso3":"NGA","precision":"ciudad","origen":"mundo","actores":"Abductor → Nigeria","articulos":7,"arma":null,"via":"GDELT 2.0 (evento codificado; el título sale del enlace)"}},{"type":"Feature","geometry":{"type":"Point","coordinates":[10.0,53.55]},"properties":{"title":"News local news eastern suburbs erie county clerk race heats over gun show with nazi paraphernalia","url":"https://www.wkbw.com/news/local-news/eastern-suburbs/erie-county-clerk-race-heats-up-over-gun-show-with-nazi-paraphernalia","source":"www.wkbw.com","date":"2026-10-09T00:30:00Z","tipo":"Crimen organizado","severidad":4,"lugar":"Hamburg, Hamburg, Germany","pais_iso3":"DEU","precision":"ciudad","origen":"mundo","actores":"Runner → Resistance Movement","articulos":5,"arma":null,"via":"GDELT 2.0 (evento codificado; el título sale del enlace)"}},{"type":"Feature","geometry":{"type":"Point","coordinates":[84.417,20.5]},"properties":{"title":"Crimen organizado: Appellate Court → Criminal (State Of Orissa, Orissa, India)","url":"https://indiankanoon.org/doc/149726131/","source":"indiankanoon.org","date":"2026-10-09T00:30:00Z","tipo":"Crimen organizado","severidad":3,"lugar":"State Of Orissa, Orissa, India","pais_iso3":"IND","precision":"estado","origen":"mundo","actores":"Appellate Court → Criminal","articulos":3,"arma":null,"via":"GDELT 2.0 (evento codificado; el título sale del enlace)"}},{"type":"Feature","geometry":{"type":"Point","coordinates":[-92.717,44.417]},"properties":{"title":"Ixp rochester man convicted pine island methamphetamine","url":"https://quickcountry.com/ixp/669/p/rochester-man-convicted-pine-island-methamphetamine/","source":"quickcountry.com","date":"2026-10-09T00:30:00Z","tipo":"Crimen organizado","severidad":3,"lugar":"Goodhue County, Minnesota, United States","pais_iso3":"USA","precision":"ciudad","origen":"mundo","actores":"Rochester → Criminal","articulos":12,"arma":null,"via":"GDELT 2.0 (evento codificado; el título sale del enlace)"}},{"type":"Feature","geometry":{"type":"Point","coordinates":[8.683,9.85]},"properties":{"title":"News military nigeria detains christian journalist rights advocate","url":"https://www.christiandaily.com/news/military-in-nigeria-detains-christian-journalist-rights-advocate","source":"www.christiandaily.com","date":"2026-10-09T00:15:00Z","tipo":"Grupo armado","severidad":4,"lugar":"Miango, Nigeria (general), Nigeria","pais_iso3":"NGA","precision":"ciudad","origen":"mundo","actores":"Christian → Fulani","articulos":10,"arma":null,"via":"GDELT 2.0 (evento codificado; el título sale del enlace)"}},{"type":"Feature","geometry":{"type":"Point","coordinates":[6.977,5.618]},"properties":{"title":"Rescued prospective nysc members arrive ibadan","url":"https://theeagleonline.com.ng/rescued-20-prospective-nysc-members-arrive-ibadan/","source":"theeagleonline.com.ng","date":"2026-10-09T00:15:00Z","tipo":"Crimen organizado","severidad":4,"lugar":"Umunoha, Imo, Nigeria","pais_iso3":"NGA","precision":"ciudad","origen":"mundo","actores":"Abductor","articulos":10,"arma":null,"via":"GDELT 2.0 (evento codificado; el título sale del enlace)"}},{"type":"Feature","geometry":{"type":"Point","coordinates":[-79.843,35.641]},"properties":{"title":"Mid hudson valley arrests report oct","url":"https://www.dailyfreeman.com/2026/10/08/mid-hudson-valley-arrests-report-oct-8-2026/","source":"www.dailyfreeman.com","date":"2026-10-09T00:15:00Z","tipo":"Crimen organizado","severidad":3,"lugar":"North Carolina, United States","pais_iso3":"USA","precision":"estado","origen":"mundo","actores":"Criminal → United States","articulos":2,"arma":null,"via":"GDELT 2.0 (evento codificado; el título sale del enlace)"}},{"type":"Feature","geometry":{"type":"Point","coordinates":[-0.117,51.5]},"properties":{"title":"Opinion rubio stands for the west against enemies both within and without","url":"https://nypost.com/2026/10/08/opinion/rubio-stands-up-for-the-west-against-enemies-both-within-and-without/","source":"nypost.com","date":"2026-10-09T00:15:00Z","tipo":"Crimen organizado","severidad":4,"lugar":"London, London, City of, United Kingdom","pais_iso3":"GBR","precision":"ciudad","origen":"mundo","actores":"London → Gang","articulos":10,"arma":null,"via":"GDELT 2.0 (evento codificado; el título sale del enlace)"}},{"type":"Feature","geometry":{"type":"Point","coordinates":[-73.906,42.021]},"properties":{"title":"Leon botstein steps down from bard college posts amid new claims about epstein tie claims","url":"https://www.dailyfreeman.com/2026/10/08/leon-botstein-steps-down-from-bard-college-posts-amid-new-claims-about-epstein-tie-claims/","source":"www.dailyfreeman.com","date":"2026-10-09T00:15:00Z","tipo":"Crimen organizado","severidad":3,"lugar":"Bard College, New York, United States","pais_iso3":"USA","precision":"ciudad","origen":"mundo","actores":"President → Trafficker","articulos":8,"arma":null,"via":"GDELT 2.0 (evento codificado; el título sale del enlace)"}},{"type":"Feature","geometry":{"type":"Point","coordinates":[34.333,31.417]},"properties":{"title":"Hamas rakes million daily gaza rearming plotting soldier abductions israeli reports say","url":"https://www.algemeiner.com/2026/10/08/hamas-rakes-in-up-5-million-daily-gaza-rearming-plotting-soldier-abductions-israeli-reports-say/","source":"www.algemeiner.com","date":"2026-10-09T00:15:00Z","tipo":"Grupo rebelde","severidad":3,"lugar":"Gaza, Israel (general), Israel","pais_iso3":"PSE","precision":"ciudad","origen":"mundo","actores":"West Bank → Hamas","articulos":2,"arma":null,"via":"GDELT 2.0 (evento codificado; el título sale del enlace)"}},{"type":"Feature","geometry":{"type":"Point","coordinates":[34.75,31.5]},"properties":{"title":"News sayed wont say whether iran more threat than israel michigan senate debate","url":"https://nypost.com/2026/10/08/us-news/el-sayed-wont-say-whether-iran-is-more-a-threat-than-israel-in-michigan-senate-debate/","source":"nypost.com","date":"2026-10-09T00:15:00Z","tipo":"Grupo rebelde","severidad":4,"lugar":"Israel","pais_iso3":"ISR","precision":"país","origen":"mundo","actores":"Hamas → Israeli","articulos":6,"arma":null,"via":"GDELT 2.0 (evento codificado; el título sale del enlace)"}},{"type":"Feature","geometry":{"type":"Point","coordinates":[46.773,24.641]},"properties":{"title":"News region edge tensions boil","url":"https://www.arabtimesonline.com/news/region-on-edge-as-tensions-boil/","source":"www.arabtimesonline.com","date":"2026-10-09T00:15:00Z","tipo":"Grupo rebelde","severidad":3,"lugar":"Riyadh, Ar Riya?, Saudi Arabia","pais_iso3":"SAU","precision":"ciudad","origen":"mundo","actores":"Rebel → Airline","articulos":10,"arma":null,"via":"GDELT 2.0 (evento codificado; el título sale del enlace)"}},{"type":"Feature","geometry":{"type":"Point","coordinates":[-82.775,40.374]},"properties":{"title":"News ohio man charged with forgery after traffic stop article html","url":"https://www.thedailynewsonline.com/news/ohio-man-charged-with-forgery-after-traffic-stop/article_b70f7e88-bb3d-5045-9f57-5f78a61078bb.html","source":"www.thedailynewsonline.com","date":"2026-10-09T00:15:00Z","tipo":"Crimen organizado","severidad":3,"lugar":"Ohio, United States","pais_iso3":"USA","precision":"estado","origen":"mundo","actores":"United States → Criminal","articulos":6,"arma":null,"via":"GDELT 2.0 (evento codificado; el título sale del enlace)"}},{"type":"Feature","geometry":{"type":"Point","coordinates":[44.021,13.579]},"properties":{"title":"News pakistan trkiye agree deploy forces saudi arabia","url":"http://www.pakistantelegraph.com/news/279355126/pakistan-trkiye-agree-to-deploy-forces-to-saudi-arabia","source":"www.pakistantelegraph.com","date":"2026-10-09T00:15:00Z","tipo":"Grupo armado","severidad":3,"lugar":"Taizz, Taizz, Yemen","pais_iso3":"YEM","precision":"ciudad","origen":"mundo","actores":"Yemeni → Fighter","articulos":6,"arma":null,"via":"GDELT 2.0 (evento codificado; el título sale del enlace)"}},{"type":"Feature","geometry":{"type":"Point","coordinates":[-97.709,31.255]},"properties":{"title":"Terrorismo: United States → Terrorist (Fort Hood, Texas, United States)","url":"https://freerepublic.com/tag/*/index?more=4398469","source":"freerepublic.com","date":"2026-10-09T00:00:00Z","tipo":"Terrorismo","severidad":3,"lugar":"Fort Hood, Texas, United States","pais_iso3":"USA","precision":"ciudad","origen":"mundo","actores":"United States → Terrorist","articulos":2,"arma":null,"via":"GDELT 2.0 (evento codificado; el título sale del enlace)"}},{"type":"Feature","geometry":{"type":"Point","coordinates":[-93.92,45.733]},"properties":{"title":"Terrorismo: United States → Terrorist (Minnesota, United States)","url":"https://freerepublic.com/tag/*/index?more=4398469","source":"freerepublic.com","date":"2026-10-09T00:00:00Z","tipo":"Terrorismo","severidad":3,"lugar":"Minnesota, United States","pais_iso3":"USA","precision":"estado","origen":"mundo","actores":"United States → Terrorist","articulos":2,"arma":null,"via":"GDELT 2.0 (evento codificado; el título sale del enlace)"}},{"type":"Feature","geometry":{"type":"Point","coordinates":[-4.0,54.0]},"properties":{"title":"Terrorismo: Minneapolis → Terrorist (United Kingdom)","url":"https://freerepublic.com/tag/*/index?more=4398469","source":"freerepublic.com","date":"2026-10-09T00:00:00Z","tipo":"Terrorismo","severidad":3,"lugar":"United Kingdom","pais_iso3":"","precision":"país","origen":"mundo","actores":"Minneapolis → Terrorist","articulos":4,"arma":null,"via":"GDELT 2.0 (evento codificado; el título sale del enlace)"}},{"type":"Feature","geometry":{"type":"Point","coordinates":[-77.036,38.895]},"properties":{"title":"News crime arizona man arrested charged after allegedly threatening bomb white house","url":"https://www.fox17online.com/us-news/crime/arizona-man-arrested-charged-after-allegedly-threatening-to-bomb-white-house","source":"www.fox17online.com","date":"2026-10-09T00:00:00Z","tipo":"Crimen organizado","severidad":4,"lugar":"White House, District of Columbia, United States","pais_iso3":"USA","precision":"ciudad","origen":"mundo","actores":"Criminal","articulos":12,"arma":"Bomba o explosivo","via":"GDELT 2.0 (evento codificado; el título sale del enlace)"}},{"type":"Feature","geometry":{"type":"Point","coordinates":[69.183,34.517]},"properties":{"title":"Article taliban control afghanistan invasion","url":"https://www.kcci.com/article/taliban-in-control-afghanistan-us-invasion/74084540","source":"www.kcci.com","date":"2026-10-09T00:00:00Z","tipo":"Insurgencia","severidad":4,"lugar":"Kabul, Kabol, Afghanistan","pais_iso3":"AFG","precision":"ciudad","origen":"mundo","actores":"Taliban","articulos":30,"arma":null,"via":"GDELT 2.0 (evento codificado; el título sale del enlace)"}},{"type":"Feature","geometry":{"type":"Point","coordinates":[138.517,-35.133]},"properties":{"title":"High visibility police operation targets","url":"https://www.miragenews.com/high-visibility-police-operation-targets-1757470/","source":"www.miragenews.com","date":"2026-10-09T00:00:00Z","tipo":"Crimen organizado","severidad":3,"lugar":"Morphett Vale, South Australia, Australia","pais_iso3":"AUS","precision":"ciudad","origen":"mundo","actores":"Criminal","articulos":10,"arma":null,"via":"GDELT 2.0 (evento codificado; el título sale del enlace)"}},{"type":"Feature","geometry":{"type":"Point","coordinates":[-77.264,40.577]},"properties":{"title":"Crimen organizado: Illegal Immigrant (Pennsylvania, United States)","url":"https://www.bostonherald.com/2026/10/08/us-election-2026-pennsylvania-ice/","source":"www.bostonherald.com","date":"2026-10-09T00:00:00Z","tipo":"Crimen organizado","severidad":4,"lugar":"Pennsylvania, United States","pais_iso3":"USA","precision":"estado","origen":"mundo","actores":"Illegal Immigrant","articulos":16,"arma":null,"via":"GDELT 2.0 (evento codificado; el título sale del enlace)"}},{"type":"Feature","geometry":{"type":"Point","coordinates":[-77.036,38.895]},"properties":{"title":"Italian american but dont celebrate columbus day","url":"https://reason.com/2026/10/08/im-italian-american-but-i-dont-celebrate-columbus-day/","source":"reason.com","date":"2026-10-09T00:00:00Z","tipo":"Crimen organizado","severidad":3,"lugar":"White House, District of Columbia, United States","pais_iso3":"USA","precision":"ciudad","origen":"mundo","actores":"Europe → Gangster","articulos":4,"arma":null,"via":"GDELT 2.0 (evento codificado; el título sale del enlace)"}},{"type":"Feature","geometry":{"type":"Point","coordinates":[-69.398,44.607]},"properties":{"title":"Geography states safest least safe states america ranked","url":"https://www.mentalfloss.com/geography/states/safest-least-safe-states-america-ranked","source":"www.mentalfloss.com","date":"2026-10-09T00:00:00Z","tipo":"Terrorismo","severidad":4,"lugar":"Maine, United States","pais_iso3":"USA","precision":"estado","origen":"mundo","actores":"Terrorist","articulos":5,"arma":null,"via":"GDELT 2.0 (evento codificado; el título sale del enlace)"}},{"type":"Feature","geometry":{"type":"Point","coordinates":[15.0,62.0]},"properties":{"title":"News latest news celebrity plastic surgeon feared shot","url":"https://www.dailystar.co.uk/news/latest-news/celebrity-plastic-surgeon-feared-shot-37751037","source":"www.dailystar.co.uk","date":"2026-10-09T00:00:00Z","tipo":"Grupo armado","severidad":4,"lugar":"Sweden","pais_iso3":"SWE","precision":"país","origen":"mundo","actores":"Hitman → Surgeon","articulos":10,"arma":null,"via":"GDELT 2.0 (evento codificado; el título sale del enlace)"}},{"type":"Feature","geometry":{"type":"Point","coordinates":[46.773,24.641]},"properties":{"title":"News hundreds flights cancelled after plane","url":"https://www.dailystar.co.uk/news/hundreds-flights-cancelled-after-plane-37751917","source":"www.dailystar.co.uk","date":"2026-10-09T00:00:00Z","tipo":"Grupo armado","severidad":3,"lugar":"Riyadh, Ar Riya?, Saudi Arabia","pais_iso3":"SAU","precision":"ciudad","origen":"mundo","actores":"Armed Group → Worker","articulos":10,"arma":null,"via":"GDELT 2.0 (evento codificado; el título sale del enlace)"}},{"type":"Feature","geometry":{"type":"Point","coordinates":[-98.579,39.828]},"properties":{"title":"Catherinesalgado hegseth fort hood terrorists execution public","url":"https://pjmedia.com/catherinesalgado/2026/10/08/hegseth-fort-hood-terrorists-execution-to-be-public-n4958116","source":"pjmedia.com","date":"2026-10-09T00:00:00Z","tipo":"Terrorismo","severidad":3,"lugar":"United States","pais_iso3":"USA","precision":"país","origen":"mundo","actores":"United States → Terrorist","articulos":4,"arma":null,"via":"GDELT 2.0 (evento codificado; el título sale del enlace)"}},{"type":"Feature","geometry":{"type":"Point","coordinates":[29.505,-2.631]},"properties":{"title":"Nzsas veteran justin conaglen linked congo ambush that wounded green beret mma star tim kennedy premium","url":"https://www.nzherald.co.nz/nz/nzsas-veteran-justin-conaglen-linked-to-congo-ambush-that-wounded-green-beret-mma-star-tim-kennedy/premium/NTEYWX3XSRGYTAA6PBW5MNCSDE/","source":"www.nzherald.co.nz","date":"2026-10-08T23:45:00Z","tipo":"Grupo rebelde","severidad":4,"lugar":"Kivu, Sud, Rwanda","pais_iso3":"RWA","precision":"ciudad","origen":"mundo","actores":"Congolese → Rebel","articulos":3,"arma":null,"via":"GDELT 2.0 (evento codificado; el título sale del enlace)"}},{"type":"Feature","geometry":{"type":"Point","coordinates":[30.983,-29.85]},"properties":{"title":"News case you missed october","url":"https://www.citizen.co.za/news/in-case-you-missed-it-8-october-2026/","source":"www.citizen.co.za","date":"2026-10-08T23:45:00Z","tipo":"Crimen organizado","severidad":4,"lugar":"Mayville, KwaZulu-Natal, South Africa","pais_iso3":"ZAF","precision":"ciudad","origen":"mundo","actores":"Police → Killers","articulos":2,"arma":null,"via":"GDELT 2.0 (evento codificado; el título sale del enlace)"}},{"type":"Feature","geometry":{"type":"Point","coordinates":[-87.65,41.85]},"properties":{"title":"News local suburban police use sting operation arrest suspect groping indecent exposure incidents","url":"https://www.nbcchicago.com/news/local/suburban-police-use-sting-operation-to-arrest-suspect-in-groping-indecent-exposure-incidents/3999727/","source":"www.nbcchicago.com","date":"2026-10-08T23:45:00Z","tipo":"Crimen organizado","severidad":3,"lugar":"Chicago, Illinois, United States","pais_iso3":"USA","precision":"ciudad","origen":"mundo","actores":"Criminal","articulos":10,"arma":null,"via":"GDELT 2.0 (evento codificado; el título sale del enlace)"}},{"type":"Feature","geometry":{"type":"Point","coordinates":[46.773,24.641]},"properties":{"title":"Houthis yemen war saudi arabia airport oil strikes pakistan turkey syria","url":"https://foreignpolicy.com/2026/10/08/houthis-yemen-war-saudi-arabia-airport-oil-strikes-pakistan-turkey-syria/","source":"foreignpolicy.com","date":"2026-10-08T23:45:00Z","tipo":"Grupo rebelde","severidad":4,"lugar":"Riyadh, Ar Riya?, Saudi Arabia","pais_iso3":"SAU","precision":"ciudad","origen":"mundo","actores":"Rebel Group","articulos":2,"arma":null,"via":"GDELT 2.0 (evento codificado; el título sale del enlace)"}},{"type":"Feature","geometry":{"type":"Point","coordinates":[-74.938,42.15]},"properties":{"title":"News first look mike flanagans the exorcist martyrs released ahead full trailer","url":"https://movies.mxdwn.com/news/first-look-at-mike-flanagans-the-exorcist-martyrs-released-ahead-of-full-trailer/","source":"movies.mxdwn.com","date":"2026-10-08T23:45:00Z","tipo":"Crimen organizado","severidad":3,"lugar":"New York, United States","pais_iso3":"USA","precision":"estado","origen":"mundo","actores":"United States → Serial Killer","articulos":2,"arma":null,"via":"GDELT 2.0 (evento codificado; el título sale del enlace)"}},{"type":"Feature","geometry":{"type":"Point","coordinates":[-119.746,36.17]},"properties":{"title":"News college campus sexual assault data","url":"https://www.cbsnews.com/news/us-college-campus-sexual-assault-data/","source":"www.cbsnews.com","date":"2026-10-08T23:30:00Z","tipo":"Crimen organizado","severidad":4,"lugar":"California, United States","pais_iso3":"USA","precision":"estado","origen":"mundo","actores":"Gang","articulos":6,"arma":null,"via":"GDELT 2.0 (evento codificado; el título sale del enlace)"}},{"type":"Feature","geometry":{"type":"Point","coordinates":[-122.637,38.232]},"properties":{"title":"Inside san quentins death row with north bays condemned prisoners","url":"https://www.pressdemocrat.com/2016/08/19/inside-san-quentins-death-row-with-north-bays-condemned-prisoners/","source":"www.pressdemocrat.com","date":"2026-10-08T23:30:00Z","tipo":"Crimen organizado","severidad":3,"lugar":"Petaluma, California, United States","pais_iso3":"USA","precision":"ciudad","origen":"mundo","actores":"Serial Killer → Deputies","articulos":2,"arma":null,"via":"GDELT 2.0 (evento codificado; el título sale del enlace)"}},{"type":"Feature","geometry":{"type":"Point","coordinates":[34.333,31.417]},"properties":{"title":"News israel news former nsc adviser israel must prepare for copycat aviation attacks html","url":"https://www.theyeshivaworld.com/news/israel-news/2607197/former-nsc-adviser-israel-must-prepare-for-copycat-aviation-attacks.html","source":"www.theyeshivaworld.com","date":"2026-10-08T23:30:00Z","tipo":"Terrorismo","severidad":3,"lugar":"Gaza, Israel (general), Israel","pais_iso3":"PSE","precision":"ciudad","origen":"mundo","actores":"Terrorist → Israel","articulos":3,"arma":null,"via":"GDELT 2.0 (evento codificado; el título sale del enlace)"}},{"type":"Feature","geometry":{"type":"Point","coordinates":[11.4,49.25]},"properties":{"title":"Grupo armado: Police → Gunman (Berngau, Bayern, Germany)","url":"https://english.news.cn/europe/20261009/37b72e8fdedd41fe9b02ae285f6c3520/c.html","source":"english.news.cn","date":"2026-10-08T23:15:00Z","tipo":"Grupo armado","severidad":4,"lugar":"Berngau, Bayern, Germany","pais_iso3":"DEU","precision":"ciudad","origen":"mundo","actores":"Police → Gunman","articulos":5,"arma":null,"via":"GDELT 2.0 (evento codificado; el título sale del enlace)"}},{"type":"Feature","geometry":{"type":"Point","coordinates":[-76.466,42.45]},"properties":{"title":"Newsroom cornell fraternity member seeks removal from gang rape case cites alleged bias","url":"https://www.oann.com/newsroom/cornell-fraternity-member-seeks-removal-of-n-y-ag-from-gang-rape-case-cites-alleged-bias/","source":"www.oann.com","date":"2026-10-08T23:15:00Z","tipo":"Crimen organizado","severidad":4,"lugar":"Tompkins County, New York, United States","pais_iso3":"USA","precision":"ciudad","origen":"mundo","actores":"Gang","articulos":8,"arma":null,"via":"GDELT 2.0 (evento codificado; el título sale del enlace)"}},{"type":"Feature","geometry":{"type":"Point","coordinates":[-74.938,42.15]},"properties":{"title":"Jonathan newell was supposed sober cornell chi phi party","url":"https://www.tmz.com/2026/10/08/jonathan-newell-was-supposed-to-be-sober-at-cornell-chi-phi-party/","source":"www.tmz.com","date":"2026-10-08T23:15:00Z","tipo":"Crimen organizado","severidad":4,"lugar":"New York, United States","pais_iso3":"USA","precision":"estado","origen":"mundo","actores":"Gang → United States","articulos":4,"arma":null,"via":"GDELT 2.0 (evento codificado; el título sale del enlace)"}},{"type":"Feature","geometry":{"type":"Point","coordinates":[7.177,5.502]},"properties":{"title":"Nysc members abducted south east rescued after week captivity","url":"https://naija247news.com/20-nysc-members-abducted-in-south-east-rescued-after-week-in-captivity/","source":"naija247news.com","date":"2026-10-08T23:15:00Z","tipo":"Crimen organizado","severidad":4,"lugar":"Amakohia, Imo, Nigeria","pais_iso3":"NGA","precision":"ciudad","origen":"mundo","actores":"Government → Kidnapper","articulos":5,"arma":null,"via":"GDELT 2.0 (evento codificado; el título sale del enlace)"}},{"type":"Feature","geometry":{"type":"Point","coordinates":[83.817,54.95]},"properties":{"title":"Terrorismo: Military → Terrorist Organization (Beloglinskiy, Novosibirskaya Oblast', Russia)","url":"https://www.eng.kavkaz-uzel.eu/articles/79230","source":"www.eng.kavkaz-uzel.eu","date":"2026-10-08T23:15:00Z","tipo":"Terrorismo","severidad":3,"lugar":"Beloglinskiy, Novosibirskaya Oblast', Russia","pais_iso3":"RUS","precision":"ciudad","origen":"mundo","actores":"Military → Terrorist Organization","articulos":7,"arma":null,"via":"GDELT 2.0 (evento codificado; el título sale del enlace)"}},{"type":"Feature","geometry":{"type":"Point","coordinates":[-79.9,-2.167]},"properties":{"title":"Grupo armado: Armed Men (Guayaquil, Guayas, Ecuador)","url":"https://english.news.cn/20261009/dfee8c3d892f40809c3de9107eb1eade/c.html","source":"english.news.cn","date":"2026-10-08T23:15:00Z","tipo":"Grupo armado","severidad":3,"lugar":"Guayaquil, Guayas, Ecuador","pais_iso3":"ECU","precision":"ciudad","origen":"mundo","actores":"Armed Men","articulos":10,"arma":null,"via":"GDELT 2.0 (evento codificado; el título sale del enlace)"}},{"type":"Feature","geometry":{"type":"Point","coordinates":[-78.5,-0.217]},"properties":{"title":"Grupo armado: Gunmen → Quito (Quito, Pichincha, Ecuador)","url":"https://english.news.cn/20261009/dfee8c3d892f40809c3de9107eb1eade/c.html","source":"english.news.cn","date":"2026-10-08T23:15:00Z","tipo":"Grupo armado","severidad":4,"lugar":"Quito, Pichincha, Ecuador","pais_iso3":"ECU","precision":"ciudad","origen":"mundo","actores":"Gunmen → Quito","articulos":10,"arma":null,"via":"GDELT 2.0 (evento codificado; el título sale del enlace)"}},{"type":"Feature","geometry":{"type":"Point","coordinates":[-92.302,38.462]},"properties":{"title":"Politics pair illegal aliens accused kidnapping raping year old girl small missouri town","url":"https://www.breitbart.com/politics/2026/10/08/pair-of-illegal-aliens-accused-of-kidnapping-raping-17-year-old-girl-in-small-missouri-town/","source":"www.breitbart.com","date":"2026-10-08T23:00:00Z","tipo":"Crimen organizado","severidad":3,"lugar":"Missouri, United States","pais_iso3":"USA","precision":"estado","origen":"mundo","actores":"Police → Criminal","articulos":10,"arma":null,"via":"GDELT 2.0 (evento codificado; el título sale del enlace)"}},{"type":"Feature","geometry":{"type":"Point","coordinates":[34.333,31.417]},"properties":{"title":"Opinion column fiamma nirenstein giorgia meloni believe jihad will never compromise","url":"https://www.jns.org/opinion/column/fiamma-nirenstein/giorgia-meloni-believe-me-jihad-will-never-compromise","source":"www.jns.org","date":"2026-10-08T23:00:00Z","tipo":"Terrorismo","severidad":4,"lugar":"Gaza, Israel (general), Israel","pais_iso3":"PSE","precision":"ciudad","origen":"mundo","actores":"Hamas → Civilian","articulos":2,"arma":null,"via":"GDELT 2.0 (evento codificado; el título sale del enlace)"}},{"type":"Feature","geometry":{"type":"Point","coordinates":[34.333,31.417]},"properties":{"title":"News news state department returns israel highest rank fight against human trafficking","url":"https://www.jns.org/news/u-s-news/state-department-returns-israel-to-highest-rank-in-fight-against-human-trafficking","source":"www.jns.org","date":"2026-10-08T23:00:00Z","tipo":"Grupo rebelde","severidad":4,"lugar":"Gaza, Israel (general), Israel","pais_iso3":"PSE","precision":"ciudad","origen":"mundo","actores":"Hamas → Israel","articulos":2,"arma":null,"via":"GDELT 2.0 (evento codificado; el título sale del enlace)"}},{"type":"Feature","geometry":{"type":"Point","coordinates":[7.177,5.502]},"properties":{"title":"Grupo armado: Gunmen (Amakohia, Imo, Nigeria)","url":"https://pidgin.informationng.com/?p=36127","source":"pidgin.informationng.com","date":"2026-10-08T23:00:00Z","tipo":"Grupo armado","severidad":4,"lugar":"Amakohia, Imo, Nigeria","pais_iso3":"NGA","precision":"ciudad","origen":"mundo","actores":"Gunmen","articulos":10,"arma":null,"via":"GDELT 2.0 (evento codificado; el título sale del enlace)"}},{"type":"Feature","geometry":{"type":"Point","coordinates":[45.0,25.0]},"properties":{"title":"Nation world iran scales hormuz attacks raising pressure trump midterms near","url":"https://www.adn.com/nation-world/2026/10/08/iran-scales-up-hormuz-attacks-raising-pressure-on-trump-as-midterms-near/","source":"www.adn.com","date":"2026-10-08T23:00:00Z","tipo":"Grupo armado","severidad":4,"lugar":"Saudi Arabia","pais_iso3":"SAU","precision":"país","origen":"mundo","actores":"Militant → Saudi","articulos":3,"arma":"Artillería y tanques","via":"GDELT 2.0 (evento codificado; el título sale del enlace)"}},{"type":"Feature","geometry":{"type":"Point","coordinates":[-72.0,47.5]},"properties":{"title":"News convicted murdered approved forward with sentence appeal","url":"https://calgarysun.com/news/convicted-murdered-approved-to-go-forward-with-sentence-appeal","source":"calgarysun.com","date":"2026-10-08T22:45:00Z","tipo":"Crimen organizado","severidad":3,"lugar":"Quebec, Quebec, Canada","pais_iso3":"CAN","precision":"ciudad","origen":"mundo","actores":"Canada → Canada","articulos":2,"via":"GDELT 2.0 (evento codificado; el título sale del enlace)"}},{"type":"Feature","geometry":{"type":"Point","coordinates":[-121.252,36.251]},"properties":{"title":"Crimen organizado: Criminal (Monterey County, California, United States)","url":"https://www.el-balad.com/17056189","source":"www.el-balad.com","date":"2026-10-08T22:45:00Z","tipo":"Crimen organizado","severidad":3,"lugar":"Monterey County, California, United States","pais_iso3":"USA","precision":"ciudad","origen":"mundo","actores":"Criminal","articulos":2,"via":"GDELT 2.0 (evento codificado; el título sale del enlace)"}},{"type":"Feature","geometry":{"type":"Point","coordinates":[-98.579,39.828]},"properties":{"title":"Half kilo heroin recovered airmont","url":"https://rocklandtimes.com/2026/10/08/half-kilo-of-heroin-recovered-in-airmont/","source":"rocklandtimes.com","date":"2026-10-08T22:45:00Z","tipo":"Crimen organizado","severidad":3,"lugar":"United States","pais_iso3":"USA","precision":"país","origen":"mundo","actores":"Criminal","articulos":10,"via":"GDELT 2.0 (evento codificado; el título sale del enlace)"}},{"type":"Feature","geometry":{"type":"Point","coordinates":[7.494,6.44]},"properties":{"title":"Enugu mans arrest linked cyberbullying not filming attack police","url":"https://punchng.com/enugu-mans-arrest-linked-to-cyberbullying-not-filming-attack-police/","source":"punchng.com","date":"2026-10-08T22:45:00Z","tipo":"Crimen organizado","severidad":4,"lugar":"Enugu, Enugu, Nigeria","pais_iso3":"NGA","precision":"ciudad","origen":"mundo","actores":"Drug Dealer → Residents","articulos":6,"via":"GDELT 2.0 (evento codificado; el título sale del enlace)"}},{"type":"Feature","geometry":{"type":"Point","coordinates":[34.333,31.417]},"properties":{"title":"News world trump record including war with iran deserving nobel peace prize syria","url":"http://www.washingtonexaminer.com/news/world/4759734/trump-record-including-war-with-iran-deserving-nobel-peace-prize-syria/","source":"www.washingtonexaminer.com","date":"2026-10-08T22:45:00Z","tipo":"Grupo rebelde","severidad":4,"lugar":"Gaza, Israel (general), Israel","pais_iso3":"PSE","precision":"ciudad","origen":"mundo","actores":"Israeli → Hamas","articulos":10,"via":"GDELT 2.0 (evento codificado; el título sale del enlace)"}},{"type":"Feature","geometry":{"type":"Point","coordinates":[34.333,31.417]},"properties":{"title":"Opinion how trump defied the experts and pushed the post oct peace","url":"https://nypost.com/2026/10/08/opinion/how-trump-defied-the-experts-and-pushed-the-un-to-post-oct-7-peace/","source":"nypost.com","date":"2026-10-08T22:45:00Z","tipo":"Grupo rebelde","severidad":4,"lugar":"Gaza, Israel (general), Israel","pais_iso3":"PSE","precision":"ciudad","origen":"mundo","actores":"Israel → Hamas","articulos":2,"via":"GDELT 2.0 (evento codificado; el título sale del enlace)"}},{"type":"Feature","geometry":{"type":"Point","coordinates":[-98.579,39.828]},"properties":{"title":"News local department justice asks federal judge dismiss lawsuit from lewiston shooting victims maine civil case army mass shooter robert card maine gun violence schemengees bar and grille just time recreation","url":"https://wgme.com/news/local/department-of-justice-asks-federal-judge-to-dismiss-lawsuit-from-lewiston-shooting-victims-maine-civil-case-army-mass-shooter-robert-card-maine-gun-violence-schemengees-bar-and-grille-just-in-time-recreation","source":"wgme.com","date":"2026-10-08T22:30:00Z","tipo":"Crimen organizado","severidad":4,"lugar":"United States","pais_iso3":"USA","precision":"país","origen":"mundo","actores":"Criminal","articulos":5,"via":"GDELT 2.0 (evento codificado; el título sale del enlace)"}},{"type":"Feature","geometry":{"type":"Point","coordinates":[-114.322,34.484]},"properties":{"title":"News serial shoplifter sentenced months prison for lake havasu city thefts article html","url":"https://www.havasunews.com/news/serial-shoplifter-sentenced-to-18-months-in-prison-for-lake-havasu-city-thefts/article_8ade55d4-d767-4bbb-916c-8cc132daae89.html","source":"www.havasunews.com","date":"2026-10-08T22:30:00Z","tipo":"Crimen organizado","severidad":3,"lugar":"Lake Havasu City, Arizona, United States","pais_iso3":"USA","precision":"ciudad","origen":"mundo","actores":"Shoplifter → Prison","articulos":10,"via":"GDELT 2.0 (evento codificado; el título sale del enlace)"}},{"type":"Feature","geometry":{"type":"Point","coordinates":[-91.875,31.18]},"properties":{"title":"Catherinesalgado being anti israel anti american because our enemy the same","url":"https://pjmedia.com/catherinesalgado/2026/10/08/being-anti-israel-is-anti-american-because-our-enemy-is-the-same-n4958094","source":"pjmedia.com","date":"2026-10-08T22:30:00Z","tipo":"Grupo rebelde","severidad":3,"lugar":"Louisiana, United States","pais_iso3":"USA","precision":"estado","origen":"mundo","actores":"Hamas","articulos":5,"via":"GDELT 2.0 (evento codificado; el título sale del enlace)"}},{"type":"Feature","geometry":{"type":"Point","coordinates":[-99.5,17.55]},"properties":{"title":"Rechaza El Balcón vínculos criminales de los 7 secuestrados en Guerrero","url":"https://guerrero.quadratin.com.mx/rechaza-el-balcon-vinculos-criminales-de-los-7-secuestrados-en-guerrero/","source":"Quadratín Guerrero","date":"2026-10-08T22:18:50Z","lugar":"Guerrero","pais_iso3":"MEX","precision":"estado","origen":"mx","via":"RSS de Quadratín Guerrero","tipo":"Crimen organizado","severidad":3,"arma":null}},{"type":"Feature","geometry":{"type":"Point","coordinates":[50.5,26.0]},"properties":{"title":"Crimen organizado: Prison → Criminal (Bahrain)","url":"https://www.gdnonline.com:443/Details/1409085","source":"www.gdnonline.com:443","date":"2026-10-08T22:15:00Z","tipo":"Crimen organizado","severidad":3,"lugar":"Bahrain","pais_iso3":"BHR","precision":"país","origen":"mundo","actores":"Prison → Criminal","articulos":3,"via":"GDELT 2.0 (evento codificado; el título sale del enlace)"}},{"type":"Feature","geometry":{"type":"Point","coordinates":[-122.676,45.523]},"properties":{"title":"Stories charged sex trafficking child oregon this huge problem were","url":"http://www.chronline.com/stories/32-charged-in-sex-trafficking-of-child-in-oregon-this-is-a-huge-problem-were-seeing,409679","source":"www.chronline.com","date":"2026-10-08T22:15:00Z","tipo":"Crimen organizado","severidad":3,"lugar":"Portland, Oregon, United States","pais_iso3":"USA","precision":"ciudad","origen":"mundo","actores":"Trafficker","articulos":5,"via":"GDELT 2.0 (evento codificado; el título sale del enlace)"}},{"type":"Feature","geometry":{"type":"Point","coordinates":[-87.65,41.85]},"properties":{"title":"Nacelle reveals first look biker mice from mars judge dredd action figure collaboration","url":"https://www.firstcomicsnews.com/nacelle-reveals-first-look-at-biker-mice-from-mars-x-judge-dredd-action-figure-collaboration/","source":"www.firstcomicsnews.com","date":"2026-10-08T22:15:00Z","tipo":"Crimen organizado","severidad":4,"lugar":"Chicago, Illinois, United States","pais_iso3":"USA","precision":"ciudad","origen":"mundo","actores":"Lawbreaker → Judge","articulos":5,"via":"GDELT 2.0 (evento codificado; el título sale del enlace)"}},{"type":"Feature","geometry":{"type":"Point","coordinates":[34.936,32.182]},"properties":{"title":"Top stories former hostage evyatar david tml appreciate everything anything can taken seconds","url":"https://themedialine.org/top-stories/former-hostage-evyatar-david-to-tml-appreciate-everything-anything-can-be-taken-in-seconds/","source":"themedialine.org","date":"2026-10-08T22:15:00Z","tipo":"Grupo rebelde","severidad":4,"lugar":"Kfar Saba, HaMerkaz, Israel","pais_iso3":"ISR","precision":"ciudad","origen":"mundo","actores":"Israel → Hamas","articulos":2,"via":"GDELT 2.0 (evento codificado; el título sale del enlace)"}},{"type":"Feature","geometry":{"type":"Point","coordinates":[149.217,-35.283]},"properties":{"title":"Grupo rebelde: Hamas (Canberra, Australian Capital Territory, Australia)","url":"https://yourdemocracy.net/drupal/node/61315","source":"yourdemocracy.net","date":"2026-10-08T22:15:00Z","tipo":"Grupo rebelde","severidad":4,"lugar":"Canberra, Australian Capital Territory, Australia","pais_iso3":"AUS","precision":"ciudad","origen":"mundo","actores":"Hamas","articulos":2,"via":"GDELT 2.0 (evento codificado; el título sale del enlace)"}},{"type":"Feature","geometry":{"type":"Point","coordinates":[34.373,31.425]},"properties":{"title":"Grupo rebelde: Hamas (Gaza Strip)","url":"https://www.israelnationalnews.com/news/434323","source":"www.israelnationalnews.com","date":"2026-10-08T22:00:00Z","tipo":"Grupo rebelde","severidad":4,"lugar":"Gaza Strip","pais_iso3":"PSE","precision":"país","origen":"mundo","actores":"Hamas","articulos":4,"via":"GDELT 2.0 (evento codificado; el título sale del enlace)"}},{"type":"Feature","geometry":{"type":"Point","coordinates":[-107.39,24.8]},"properties":{"title":"Sinaloa suma más de 10 mil huérfanos por la narcoguerra sin un solo registro estatal","url":"https://www.infobae.com/mexico/2026/10/08/sinaloa-suma-mas-de-10-mil-huerfanos-por-la-narcoguerra-sin-un-solo-registro-estatal/","source":"Infobae México","date":"2026-10-08T18:10:21Z","lugar":"Sinaloa","pais_iso3":"MEX","precision":"estado","origen":"mx","via":"RSS de Infobae México","tipo":"Narcotráfico","severidad":3,"arma":null}},{"type":"Feature","geometry":{"type":"Point","coordinates":[-104.66,24.02]},"properties":{"title":"Refuerzan seguridad en zonas serranas en Durango, Jalisco, Nayarit y Zacatecas ante avance del CJNG y Cártel de Sinaloa","url":"https://www.infobae.com/mexico/2026/10/08/refuerzan-seguridad-en-zonas-serranas-en-durango-jalisco-nayarit-y-zacatecas-ante-avance-del-cjng-y-cartel-de-sinaloa/","source":"Infobae México","date":"2026-10-08T16:57:05Z","lugar":"Durango","pais_iso3":"MEX","precision":"estado","origen":"mx","via":"RSS de Infobae México","tipo":"Narcotráfico","severidad":3,"arma":null}}]}