{"type":"FeatureCollection","generado_utc":"2026-10-11T00:30:03Z","fuentes":{"austria":0,"belgium":0,"bosnia-herzegovina":15,"bulgaria":0,"croatia":"82 (JSON)","cyprus":0,"czechia":0,"denmark":0,"estonia":"46 (JSON)","finland":15,"france":0,"germany":357,"greece":24,"hungary":0,"iceland":"2 (JSON)","ireland":0,"israel":"102 (JSON)","italy":35,"latvia":"69 (JSON)","lithuania":11,"luxembourg":0,"malta":0,"moldova":0,"montenegro":7,"netherlands":"19 (JSON)","republic-of-north-macedonia":0,"norway":"39 (JSON)","poland":2,"portugal":1,"romania":0,"serbia":4,"slovakia":0,"slovenia":0,"spain":4,"sweden":"1 (JSON)","switzerland":0,"ukraine":"5 (JSON)","united-kingdom":0},"sin_region":0,"atribucion":"MeteoAlarm (EUMETNET) y servicios meteorológicos nacionales","features":[{"type":"Feature","geometry":{"type":"Polygon","coordinates":[[[18.539,43.031],[18.491,42.942],[18.434,42.567],[18.101,42.697],[18.138,42.769],[17.919,43.021],[18.0,43.239],[18.539,43.031]]]},"properties":{"id":"emma:BA010","codigo":"BA010","region":"TREBINJE","pais_iso2":"BA","nivel":2,"en_curso":true,"tipos":["Lluvia","Viento"],"url":"https://meteoalarm.org?geocode=EMMA_ID:BA010","fecha_utc":"2026-10-10T22:00:00+00:00","leido_utc":"2026-10-11T00:30:03Z","avisos":[{"tipo":"Lluvia","nivel":2,"desde":"2026-10-10T22:00:00+00:00","hasta":"2026-10-11T21:59:59+00:00","severidad_cap":"Moderate"},{"tipo":"Viento","nivel":2,"desde":"2026-10-11T12:00:00+00:00","hasta":"2026-10-11T21:59:59+00:00","severidad_cap":"Moderate"},{"tipo":"Viento","nivel":2,"desde":"2026-10-11T12:00:00+00:00","hasta":"2026-10-11T21:59:59+00:00","severidad_cap":"Moderate"},{"tipo":"Viento","nivel":2,"desde":"2026-10-11T22:00:00+00:00","hasta":"2026-10-12T10:00:59+00:00","severidad_cap":"Moderate"}],"k":"zona","opacidad":0.42}},{"type":"Feature","geometry":{"type":"Point","coordinates":[18.27,42.856]},"properties":{"id":"emma:BA010","codigo":"BA010","region":"TREBINJE","pais_iso2":"BA","nivel":2,"en_curso":true,"tipos":["Lluvia","Viento"],"url":"https://meteoalarm.org?geocode=EMMA_ID:BA010","fecha_utc":"2026-10-10T22:00:00+00:00","leido_utc":"2026-10-11T00:30:03Z","avisos":[{"tipo":"Lluvia","nivel":2,"desde":"2026-10-10T22:00:00+00:00","hasta":"2026-10-11T21:59:59+00:00","severidad_cap":"Moderate"},{"tipo":"Viento","nivel":2,"desde":"2026-10-11T12:00:00+00:00","hasta":"2026-10-11T21:59:59+00:00","severidad_cap":"Moderate"},{"tipo":"Viento","nivel":2,"desde":"2026-10-11T12:00:00+00:00","hasta":"2026-10-11T21:59:59+00:00","severidad_cap":"Moderate"},{"tipo":"Viento","nivel":2,"desde":"2026-10-11T22:00:00+00:00","hasta":"2026-10-12T10:00:59+00:00","severidad_cap":"Moderate"}],"k":"region"}},{"type":"Feature","geometry":{"type":"Polygon","coordinates":[[[19.008,43.505],[18.696,43.261],[18.539,43.031],[18.0,43.239],[18.006,43.482],[18.356,43.482],[18.534,43.694],[19.008,43.505]]]},"properties":{"id":"emma:BA009","codigo":"BA009","region":"FOCA","pais_iso2":"BA","nivel":2,"en_curso":true,"tipos":["Lluvia","Viento"],"url":"https://meteoalarm.org?geocode=EMMA_ID:BA009","fecha_utc":"2026-10-10T22:00:00+00:00","leido_utc":"2026-10-11T00:30:03Z","avisos":[{"tipo":"Lluvia","nivel":2,"desde":"2026-10-10T22:00:00+00:00","hasta":"2026-10-11T21:59:59+00:00","severidad_cap":"Moderate"},{"tipo":"Viento","nivel":2,"desde":"2026-10-11T12:00:00+00:00","hasta":"2026-10-11T21:59:59+00:00","severidad_cap":"Moderate"},{"tipo":"Viento","nivel":2,"desde":"2026-10-11T12:00:00+00:00","hasta":"2026-10-11T21:59:59+00:00","severidad_cap":"Moderate"},{"tipo":"Viento","nivel":2,"desde":"2026-10-11T22:00:00+00:00","hasta":"2026-10-12T10:00:59+00:00","severidad_cap":"Moderate"}],"k":"zona","opacidad":0.42}},{"type":"Feature","geometry":{"type":"Point","coordinates":[18.42,43.371]},"properties":{"id":"emma:BA009","codigo":"BA009","region":"FOCA","pais_iso2":"BA","nivel":2,"en_curso":true,"tipos":["Lluvia","Viento"],"url":"https://meteoalarm.org?geocode=EMMA_ID:BA009","fecha_utc":"2026-10-10T22:00:00+00:00","leido_utc":"2026-10-11T00:30:03Z","avisos":[{"tipo":"Lluvia","nivel":2,"desde":"2026-10-10T22:00:00+00:00","hasta":"2026-10-11T21:59:59+00:00","severidad_cap":"Moderate"},{"tipo":"Viento","nivel":2,"desde":"2026-10-11T12:00:00+00:00","hasta":"2026-10-11T21:59:59+00:00","severidad_cap":"Moderate"},{"tipo":"Viento","nivel":2,"desde":"2026-10-11T12:00:00+00:00","hasta":"2026-10-11T21:59:59+00:00","severidad_cap":"Moderate"},{"tipo":"Viento","nivel":2,"desde":"2026-10-11T22:00:00+00:00","hasta":"2026-10-12T10:00:59+00:00","severidad_cap":"Moderate"}],"k":"region"}},{"type":"Feature","geometry":{"type":"Polygon","coordinates":[[[19.2,44.556],[19.154,44.495],[19.118,44.343],[19.284,43.864],[19.482,43.742],[19.523,43.644],[19.503,43.585],[19.008,43.505],[18.35,43.783],[18.618,44.087],[18.818,44.187],[18.774,44.344],[19.022,44.563],[19.2,44.556]]]},"properties":{"id":"emma:BA007","codigo":"BA007","region":"VISEGRAD","pais_iso2":"BA","nivel":2,"en_curso":false,"tipos":["Viento"],"url":"https://meteoalarm.org?geocode=EMMA_ID:BA007","fecha_utc":"2026-10-11T09:00:00+00:00","leido_utc":"2026-10-11T00:30:03Z","avisos":[{"tipo":"Viento","nivel":2,"desde":"2026-10-11T09:00:00+00:00","hasta":"2026-10-11T17:00:59+00:00","severidad_cap":"Moderate"}],"k":"zona","opacidad":0.22}},{"type":"Feature","geometry":{"type":"Point","coordinates":[18.883,43.976]},"properties":{"id":"emma:BA007","codigo":"BA007","region":"VISEGRAD","pais_iso2":"BA","nivel":2,"en_curso":false,"tipos":["Viento"],"url":"https://meteoalarm.org?geocode=EMMA_ID:BA007","fecha_utc":"2026-10-11T09:00:00+00:00","leido_utc":"2026-10-11T00:30:03Z","avisos":[{"tipo":"Viento","nivel":2,"desde":"2026-10-11T09:00:00+00:00","hasta":"2026-10-11T17:00:59+00:00","severidad_cap":"Moderate"}],"k":"region"}},{"type":"Feature","geometry":{"type":"MultiPolygon","coordinates":[[[[22.882,60.121],[22.874,60.157],[22.925,60.13],[22.882,60.121]]],[[[22.532,60.218],[22.461,60.223],[22.377,60.098],[22.386,60.009],[22.771,60.011],[22.858,60.096],[22.928,60.083],[23.031,60.123],[23.032,60.089],[22.997,60.072],[23.025,60.051],[22.829,60.021],[22.824,59.969],[22.894,59.812],[22.182,59.819],[21.994,59.926],[21.614,59.91],[21.286,59.955],[21.228,59.922],[21.143,59.773],[21.009,59.721],[20.855,59.743],[20.743,59.824],[20.499,59.801],[20.499,59.83],[19.99,59.833],[19.992,60.033],[20.173,59.995],[19.996,60.279],[19.99,60.614],[20.353,60.493],[21.769,60.492],[21.809,60.475],[21.797,60.4],[21.821,60.382],[21.983,60.342],[22.035,60.357],[21.979,60.422],[22.108,60.443],[22.184,60.434],[22.161,60.401],[22.196,60.386],[22.257,60.407],[22.539,60.387],[22.579,60.377],[22.569,60.352],[22.477,60.296],[22.471,60.257],[22.532,60.218]],[[22.501,60.331],[22.382,60.363],[22.123,60.323],[22.097,60.293],[22.237,60.195],[22.419,60.255],[22.501,60.331]],[[20.772,60.279],[20.762,60.245],[20.79,60.229],[20.842,60.251],[20.772,60.279]],[[21.458,60.202],[21.351,60.236],[21.294,60.212],[21.361,60.183],[21.458,60.202]],[[21.796,60.215],[21.723,60.189],[21.694,60.142],[21.777,60.131],[21.948,60.186],[21.796,60.215]],[[21.681,60.174],[21.585,60.182],[21.513,60.127],[21.66,60.118],[21.694,60.142],[21.681,60.174]],[[21.962,60.156],[22.025,60.153],[22.099,60.202],[21.948,60.186],[21.962,60.156]],[[22.373,60.2],[22.298,60.159],[22.329,60.149],[22.373,60.2]],[[20.269,60.161],[20.226,60.129],[20.238,60.073],[20.286,60.111],[20.269,60.161]],[[20.429,60.24],[20.333,60.28],[20.332,60.235],[20.382,60.2],[20.429,60.24]],[[20.576,60.057],[20.517,60.016],[20.605,60.029],[20.576,60.057]],[[20.444,59.992],[20.345,60.015],[20.312,59.995],[20.444,59.992]]],[[[22.772,60.245],[22.855,60.287],[22.895,60.299],[22.858,60.245],[22.772,60.245]]],[[[23.023,60.324],[22.976,60.294],[22.935,60.313],[23.023,60.324]]]]},"properties":{"id":"emma:FI811","codigo":"FI811","region":"Sea of Archipelago","pais_iso2":"FI","nivel":2,"en_curso":false,"tipos":["Viento"],"url":"https://meteoalarm.org?geocode=EMMA_ID:FI811","fecha_utc":"2026-10-11T15:00:00+00:00","leido_utc":"2026-10-11T00:30:03Z","avisos":[{"tipo":"Viento","nivel":2,"desde":"2026-10-11T15:00:00+00:00","hasta":"2026-10-11T21:00:00+00:00","severidad_cap":"Moderate"}],"k":"zona","opacidad":0.22}},{"type":"Feature","geometry":{"type":"Point","coordinates":[20.816,60.168]},"properties":{"id":"emma:FI811","codigo":"FI811","region":"Sea of Archipelago","pais_iso2":"FI","nivel":2,"en_curso":false,"tipos":["Viento"],"url":"https://meteoalarm.org?geocode=EMMA_ID:FI811","fecha_utc":"2026-10-11T15:00:00+00:00","leido_utc":"2026-10-11T00:30:03Z","avisos":[{"tipo":"Viento","nivel":2,"desde":"2026-10-11T15:00:00+00:00","hasta":"2026-10-11T21:00:00+00:00","severidad_cap":"Moderate"}],"k":"region"}},{"type":"Feature","geometry":{"type":"MultiPolygon","coordinates":[[[[25.583,60.311],[25.588,60.238],[25.626,60.217],[25.671,60.27],[25.789,60.244],[25.88,60.285],[25.988,60.072],[25.632,60.012],[25.285,60.026],[24.374,59.802],[23.523,59.682],[22.918,59.632],[22.894,59.812],[23.202,59.834],[23.234,59.844],[23.242,59.896],[23.357,59.933],[23.457,59.945],[23.488,59.936],[23.458,59.907],[23.527,59.894],[23.598,59.923],[23.523,59.94],[23.554,59.955],[23.812,59.98],[23.89,59.95],[24.014,60.008],[25.583,60.311]]],[[[25.583,60.311],[25.64,60.341],[25.645,60.285],[25.615,60.306],[25.583,60.311]]]]},"properties":{"id":"emma:FI806","codigo":"FI806","region":"Western Gulf of Finland","pais_iso2":"FI","nivel":2,"en_curso":true,"tipos":["Viento"],"url":"https://meteoalarm.org?geocode=EMMA_ID:FI806","fecha_utc":"2026-10-10T21:16:18+00:00","leido_utc":"2026-10-11T00:30:03Z","avisos":[{"tipo":"Viento","nivel":2,"desde":"2026-10-10T21:16:18+00:00","hasta":"2026-10-11T05:00:00+00:00","severidad_cap":"Moderate"},{"tipo":"Viento","nivel":2,"desde":"2026-10-12T03:00:00+00:00","hasta":"2026-10-12T18:00:00+00:00","severidad_cap":"Moderate"}],"k":"zona","opacidad":0.42}},{"type":"Feature","geometry":{"type":"Point","coordinates":[24.487,59.967]},"properties":{"id":"emma:FI806","codigo":"FI806","region":"Western Gulf of Finland","pais_iso2":"FI","nivel":2,"en_curso":true,"tipos":["Viento"],"url":"https://meteoalarm.org?geocode=EMMA_ID:FI806","fecha_utc":"2026-10-10T21:16:18+00:00","leido_utc":"2026-10-11T00:30:03Z","avisos":[{"tipo":"Viento","nivel":2,"desde":"2026-10-10T21:16:18+00:00","hasta":"2026-10-11T05:00:00+00:00","severidad_cap":"Moderate"},{"tipo":"Viento","nivel":2,"desde":"2026-10-12T03:00:00+00:00","hasta":"2026-10-12T18:00:00+00:00","severidad_cap":"Moderate"}],"k":"region"}},{"type":"Feature","geometry":{"type":"Polygon","coordinates":[[[27.787,60.539],[27.495,60.263],[27.117,60.299],[26.568,60.16],[26.325,60.146],[25.988,60.072],[25.869,60.314],[25.884,60.344],[26.08,60.428],[26.183,60.368],[26.45,60.453],[27.748,60.546],[27.787,60.539]],[[25.929,60.36],[25.938,60.281],[26.019,60.285],[25.989,60.339],[25.929,60.36]]]},"properties":{"id":"emma:FI805","codigo":"FI805","region":"Eastern Gulf of Finland","pais_iso2":"FI","nivel":2,"en_curso":true,"tipos":["Viento"],"url":"https://meteoalarm.org?geocode=EMMA_ID:FI805","fecha_utc":"2026-10-10T21:16:18+00:00","leido_utc":"2026-10-11T00:30:03Z","avisos":[{"tipo":"Viento","nivel":2,"desde":"2026-10-10T21:16:18+00:00","hasta":"2026-10-11T05:00:00+00:00","severidad_cap":"Moderate"},{"tipo":"Viento","nivel":2,"desde":"2026-10-12T03:00:00+00:00","hasta":"2026-10-12T18:00:00+00:00","severidad_cap":"Moderate"}],"k":"zona","opacidad":0.42}},{"type":"Feature","geometry":{"type":"Point","coordinates":[26.774,60.306]},"properties":{"id":"emma:FI805","codigo":"FI805","region":"Eastern Gulf of Finland","pais_iso2":"FI","nivel":2,"en_curso":true,"tipos":["Viento"],"url":"https://meteoalarm.org?geocode=EMMA_ID:FI805","fecha_utc":"2026-10-10T21:16:18+00:00","leido_utc":"2026-10-11T00:30:03Z","avisos":[{"tipo":"Viento","nivel":2,"desde":"2026-10-10T21:16:18+00:00","hasta":"2026-10-11T05:00:00+00:00","severidad_cap":"Moderate"},{"tipo":"Viento","nivel":2,"desde":"2026-10-12T03:00:00+00:00","hasta":"2026-10-12T18:00:00+00:00","severidad_cap":"Moderate"}],"k":"region"}},{"type":"Feature","geometry":{"type":"MultiPolygon","coordinates":[[[[21.829,60.492],[21.769,60.492],[21.794,60.511],[21.829,60.492]]],[[[21.338,60.535],[21.419,60.5],[21.441,60.484],[21.358,60.489],[21.338,60.535]]],[[[21.94,60.546],[21.977,60.479],[21.864,60.489],[21.876,60.541],[21.94,60.546]]],[[[21.707,60.48],[21.67,60.476],[21.479,60.483],[21.538,60.537],[21.614,60.513],[21.694,60.575],[21.814,60.59],[21.803,60.535],[21.737,60.536],[21.707,60.48]]],[[[21.338,60.535],[21.247,60.576],[21.271,60.496],[21.237,60.484],[20.834,60.489],[20.838,60.672],[20.922,60.815],[20.894,61.104],[20.976,61.201],[21.125,61.267],[21.23,61.544],[21.083,61.792],[20.914,61.903],[21.414,61.955],[21.532,61.809],[21.643,61.593],[21.647,61.516],[21.521,61.191],[21.415,61.053],[21.307,61.085],[21.343,60.74],[21.512,60.558],[21.392,60.596],[21.339,60.568],[21.338,60.535]],[[21.325,60.6],[21.296,60.67],[21.238,60.641],[21.279,60.597],[21.325,60.6]]]]},"properties":{"id":"emma:FI807","codigo":"FI807","region":"Southern Sea of Bothnia","pais_iso2":"FI","nivel":2,"en_curso":false,"tipos":["Viento"],"url":"https://meteoalarm.org?geocode=EMMA_ID:FI807","fecha_utc":"2026-10-11T15:00:00+00:00","leido_utc":"2026-10-11T00:30:03Z","avisos":[{"tipo":"Viento","nivel":2,"desde":"2026-10-11T15:00:00+00:00","hasta":"2026-10-12T03:00:00+00:00","severidad_cap":"Moderate"}],"k":"zona","opacidad":0.22}},{"type":"Feature","geometry":{"type":"Point","coordinates":[21.294,61.234]},"properties":{"id":"emma:FI807","codigo":"FI807","region":"Southern Sea of Bothnia","pais_iso2":"FI","nivel":2,"en_curso":false,"tipos":["Viento"],"url":"https://meteoalarm.org?geocode=EMMA_ID:FI807","fecha_utc":"2026-10-11T15:00:00+00:00","leido_utc":"2026-10-11T00:30:03Z","avisos":[{"tipo":"Viento","nivel":2,"desde":"2026-10-11T15:00:00+00:00","hasta":"2026-10-12T03:00:00+00:00","severidad_cap":"Moderate"}],"k":"region"}},{"type":"Feature","geometry":{"type":"Polygon","coordinates":[[[19.99,60.614],[19.996,60.279],[19.948,60.352],[19.963,60.39],[19.872,60.421],[19.685,60.297],[19.67,60.25],[19.615,60.297],[19.527,60.199],[19.536,60.159],[19.58,60.145],[19.691,60.196],[19.758,60.098],[19.992,60.033],[19.99,59.833],[19.56,59.917],[19.399,60.011],[19.344,60.071],[19.331,60.244],[19.382,60.374],[19.452,60.447],[19.746,60.604],[19.99,60.614]]]},"properties":{"id":"emma:FI813","codigo":"FI813","region":"Sea of Aaland","pais_iso2":"FI","nivel":2,"en_curso":false,"tipos":["Viento"],"url":"https://meteoalarm.org?geocode=EMMA_ID:FI813","fecha_utc":"2026-10-11T15:00:00+00:00","leido_utc":"2026-10-11T00:30:03Z","avisos":[{"tipo":"Viento","nivel":2,"desde":"2026-10-11T15:00:00+00:00","hasta":"2026-10-12T03:00:00+00:00","severidad_cap":"Moderate"}],"k":"zona","opacidad":0.22}},{"type":"Feature","geometry":{"type":"Point","coordinates":[19.44,60.222]},"properties":{"id":"emma:FI813","codigo":"FI813","region":"Sea of Aaland","pais_iso2":"FI","nivel":2,"en_curso":false,"tipos":["Viento"],"url":"https://meteoalarm.org?geocode=EMMA_ID:FI813","fecha_utc":"2026-10-11T15:00:00+00:00","leido_utc":"2026-10-11T00:30:03Z","avisos":[{"tipo":"Viento","nivel":2,"desde":"2026-10-11T15:00:00+00:00","hasta":"2026-10-12T03:00:00+00:00","severidad_cap":"Moderate"}],"k":"region"}},{"type":"Feature","geometry":{"type":"Polygon","coordinates":[[[20.349,59.787],[19.902,59.833],[20.499,59.83],[20.499,59.801],[20.349,59.787]]]},"properties":{"id":"emma:FI803","codigo":"FI803","region":"Western part of Northern Baltic","pais_iso2":"FI","nivel":2,"en_curso":false,"tipos":["Viento"],"url":"https://meteoalarm.org?geocode=EMMA_ID:FI803","fecha_utc":"2026-10-11T15:00:00+00:00","leido_utc":"2026-10-11T00:30:03Z","avisos":[{"tipo":"Viento","nivel":2,"desde":"2026-10-11T15:00:00+00:00","hasta":"2026-10-12T03:00:00+00:00","severidad_cap":"Moderate"}],"k":"zona","opacidad":0.22}},{"type":"Feature","geometry":{"type":"Point","coordinates":[20.286,59.815]},"properties":{"id":"emma:FI803","codigo":"FI803","region":"Western part of Northern Baltic","pais_iso2":"FI","nivel":2,"en_curso":false,"tipos":["Viento"],"url":"https://meteoalarm.org?geocode=EMMA_ID:FI803","fecha_utc":"2026-10-11T15:00:00+00:00","leido_utc":"2026-10-11T00:30:03Z","avisos":[{"tipo":"Viento","nivel":2,"desde":"2026-10-11T15:00:00+00:00","hasta":"2026-10-12T03:00:00+00:00","severidad_cap":"Moderate"}],"k":"region"}},{"type":"Feature","geometry":{"type":"Polygon","coordinates":[[[22.894,59.812],[22.918,59.632],[22.52,59.622],[22.318,59.684],[22.182,59.819],[22.894,59.812]]]},"properties":{"id":"emma:FI812","codigo":"FI812","region":"Eastern part of Northern Baltic","pais_iso2":"FI","nivel":2,"en_curso":false,"tipos":["Viento"],"url":"https://meteoalarm.org?geocode=EMMA_ID:FI812","fecha_utc":"2026-10-11T15:00:00+00:00","leido_utc":"2026-10-11T00:30:03Z","avisos":[{"tipo":"Viento","nivel":2,"desde":"2026-10-11T15:00:00+00:00","hasta":"2026-10-12T03:00:00+00:00","severidad_cap":"Moderate"}],"k":"zona","opacidad":0.22}},{"type":"Feature","geometry":{"type":"Point","coordinates":[22.578,59.748]},"properties":{"id":"emma:FI812","codigo":"FI812","region":"Eastern part of Northern Baltic","pais_iso2":"FI","nivel":2,"en_curso":false,"tipos":["Viento"],"url":"https://meteoalarm.org?geocode=EMMA_ID:FI812","fecha_utc":"2026-10-11T15:00:00+00:00","leido_utc":"2026-10-11T00:30:03Z","avisos":[{"tipo":"Viento","nivel":2,"desde":"2026-10-11T15:00:00+00:00","hasta":"2026-10-12T03:00:00+00:00","severidad_cap":"Moderate"}],"k":"region"}},{"type":"Feature","geometry":{"type":"Polygon","coordinates":[[[22.138,63.527],[21.558,63.272],[21.237,62.876],[20.675,63.026],[20.741,63.131],[20.693,63.301],[20.939,63.512],[21.02,63.544],[21.357,63.575],[21.583,63.562],[21.85,63.674],[22.138,63.527]],[[21.242,63.32],[21.13,63.26],[21.159,63.192],[21.328,63.164],[21.242,63.32]],[[21.242,63.32],[21.36,63.295],[21.4,63.365],[21.255,63.361],[21.242,63.32]],[[21.144,63.012],[21.144,62.953],[21.187,62.948],[21.174,62.987],[21.144,63.012]]]},"properties":{"id":"emma:FI801","codigo":"FI801","region":"The Quark","pais_iso2":"FI","nivel":2,"en_curso":false,"tipos":["Viento"],"url":"https://meteoalarm.org?geocode=EMMA_ID:FI801","fecha_utc":"2026-10-11T05:00:00+00:00","leido_utc":"2026-10-11T00:30:03Z","avisos":[{"tipo":"Viento","nivel":2,"desde":"2026-10-11T05:00:00+00:00","hasta":"2026-10-11T21:00:00+00:00","severidad_cap":"Moderate"}],"k":"zona","opacidad":0.22}},{"type":"Feature","geometry":{"type":"Point","coordinates":[20.936,63.283]},"properties":{"id":"emma:FI801","codigo":"FI801","region":"The Quark","pais_iso2":"FI","nivel":2,"en_curso":false,"tipos":["Viento"],"url":"https://meteoalarm.org?geocode=EMMA_ID:FI801","fecha_utc":"2026-10-11T05:00:00+00:00","leido_utc":"2026-10-11T00:30:03Z","avisos":[{"tipo":"Viento","nivel":2,"desde":"2026-10-11T05:00:00+00:00","hasta":"2026-10-11T21:00:00+00:00","severidad_cap":"Moderate"}],"k":"region"}},{"type":"Feature","geometry":{"type":"Polygon","coordinates":[[[21.237,62.876],[21.151,62.752],[21.115,62.473],[21.28,62.001],[21.33,61.95],[20.914,61.903],[20.694,62.433],[20.688,62.604],[20.754,62.857],[20.675,63.026],[21.237,62.876]]]},"properties":{"id":"emma:FI802","codigo":"FI802","region":"Northern Sea of Bothnia","pais_iso2":"FI","nivel":2,"en_curso":false,"tipos":["Viento"],"url":"https://meteoalarm.org?geocode=EMMA_ID:FI802","fecha_utc":"2026-10-11T05:00:00+00:00","leido_utc":"2026-10-11T00:30:03Z","avisos":[{"tipo":"Viento","nivel":2,"desde":"2026-10-11T05:00:00+00:00","hasta":"2026-10-11T21:00:00+00:00","severidad_cap":"Moderate"}],"k":"zona","opacidad":0.22}},{"type":"Feature","geometry":{"type":"Point","coordinates":[20.907,62.453]},"properties":{"id":"emma:FI802","codigo":"FI802","region":"Northern Sea of Bothnia","pais_iso2":"FI","nivel":2,"en_curso":false,"tipos":["Viento"],"url":"https://meteoalarm.org?geocode=EMMA_ID:FI802","fecha_utc":"2026-10-11T05:00:00+00:00","leido_utc":"2026-10-11T00:30:03Z","avisos":[{"tipo":"Viento","nivel":2,"desde":"2026-10-11T05:00:00+00:00","hasta":"2026-10-11T21:00:00+00:00","severidad_cap":"Moderate"}],"k":"region"}},{"type":"Feature","geometry":{"type":"Polygon","coordinates":[[[24.352,63.115],[24.279,63.031],[24.343,62.869],[24.567,62.677],[24.579,62.632],[24.458,62.489],[24.019,62.357],[22.745,62.273],[22.525,62.216],[22.326,62.107],[21.964,61.981],[21.638,62.018],[21.656,62.203],[21.531,62.379],[21.605,62.591],[21.834,62.81],[22.215,62.765],[22.388,62.851],[22.52,63.059],[22.565,63.258],[22.635,63.31],[23.466,63.522],[23.743,63.369],[24.352,63.115]]]},"properties":{"id":"emma:FI030","codigo":"FI030","region":"Etelä-Pohjanmaa","pais_iso2":"FI","nivel":2,"en_curso":false,"tipos":["Nieve y hielo"],"url":"https://meteoalarm.org?geocode=EMMA_ID:FI030","fecha_utc":"2026-10-11T01:00:00+00:00","leido_utc":"2026-10-11T00:30:03Z","avisos":[{"tipo":"Nieve y hielo","nivel":2,"desde":"2026-10-11T01:00:00+00:00","hasta":"2026-10-11T09:00:00+00:00","severidad_cap":"Moderate"}],"k":"zona","opacidad":0.22}},{"type":"Feature","geometry":{"type":"Point","coordinates":[23.128,62.721]},"properties":{"id":"emma:FI030","codigo":"FI030","region":"Etelä-Pohjanmaa","pais_iso2":"FI","nivel":2,"en_curso":false,"tipos":["Nieve y hielo"],"url":"https://meteoalarm.org?geocode=EMMA_ID:FI030","fecha_utc":"2026-10-11T01:00:00+00:00","leido_utc":"2026-10-11T00:30:03Z","avisos":[{"tipo":"Nieve y hielo","nivel":2,"desde":"2026-10-11T01:00:00+00:00","hasta":"2026-10-11T09:00:00+00:00","severidad_cap":"Moderate"}],"k":"region"}},{"type":"Feature","geometry":{"type":"Polygon","coordinates":[[[8.995,53.842],[9.272,53.734],[9.126,53.581],[8.979,53.549],[8.915,53.374],[8.801,53.38],[8.668,53.295],[8.507,53.287],[8.505,53.484],[8.619,53.495],[8.654,53.608],[8.812,53.83],[8.995,53.842]]]},"properties":{"id":"emma:DE030","codigo":"DE030","region":"Kreis Cuxhaven - Binnenland","pais_iso2":"DE","nivel":3,"en_curso":true,"tipos":["Lluvia"],"url":"https://meteoalarm.org?geocode=EMMA_ID:DE030","fecha_utc":"2026-10-10T10:00:00+00:00","leido_utc":"2026-10-11T00:30:03Z","avisos":[{"tipo":"Lluvia","nivel":3,"desde":"2026-10-10T10:00:00+00:00","hasta":"2026-10-11T10:00:00+00:00","severidad_cap":"Moderate"},{"tipo":"Viento","nivel":2,"desde":"2026-10-10T17:00:00+00:00","hasta":"2026-10-11T04:00:00+00:00","severidad_cap":"Minor"}],"k":"zona","opacidad":0.42}},{"type":"Feature","geometry":{"type":"Point","coordinates":[8.847,53.565]},"properties":{"id":"emma:DE030","codigo":"DE030","region":"Kreis Cuxhaven - Binnenland","pais_iso2":"DE","nivel":3,"en_curso":true,"tipos":["Lluvia"],"url":"https://meteoalarm.org?geocode=EMMA_ID:DE030","fecha_utc":"2026-10-10T10:00:00+00:00","leido_utc":"2026-10-11T00:30:03Z","avisos":[{"tipo":"Lluvia","nivel":3,"desde":"2026-10-10T10:00:00+00:00","hasta":"2026-10-11T10:00:00+00:00","severidad_cap":"Moderate"},{"tipo":"Viento","nivel":2,"desde":"2026-10-10T17:00:00+00:00","hasta":"2026-10-11T04:00:00+00:00","severidad_cap":"Minor"}],"k":"region"}},{"type":"Feature","geometry":{"type":"Polygon","coordinates":[[[7.26,53.409],[7.296,53.328],[7.261,53.315],[7.107,53.294],[6.994,53.364],[7.01,53.392],[7.26,53.409]]]},"properties":{"id":"emma:DE154","codigo":"DE154","region":"Stadt Emden","pais_iso2":"DE","nivel":2,"en_curso":true,"tipos":["Viento"],"url":"https://meteoalarm.org?geocode=EMMA_ID:DE154","fecha_utc":"2026-10-10T17:00:00+00:00","leido_utc":"2026-10-11T00:30:03Z","avisos":[{"tipo":"Viento","nivel":2,"desde":"2026-10-10T17:00:00+00:00","hasta":"2026-10-11T04:00:00+00:00","severidad_cap":"Minor"}],"k":"zona","opacidad":0.42}},{"type":"Feature","geometry":{"type":"Point","coordinates":[7.155,53.346]},"properties":{"id":"emma:DE154","codigo":"DE154","region":"Stadt Emden","pais_iso2":"DE","nivel":2,"en_curso":true,"tipos":["Viento"],"url":"https://meteoalarm.org?geocode=EMMA_ID:DE154","fecha_utc":"2026-10-10T17:00:00+00:00","leido_utc":"2026-10-11T00:30:03Z","avisos":[{"tipo":"Viento","nivel":2,"desde":"2026-10-10T17:00:00+00:00","hasta":"2026-10-11T04:00:00+00:00","severidad_cap":"Minor"}],"k":"region"}},{"type":"Feature","geometry":{"type":"Polygon","coordinates":[[[7.653,53.551],[7.798,53.375],[7.585,53.336],[7.287,53.358],[7.26,53.409],[7.26,53.481],[7.339,53.523],[7.621,53.557],[7.653,53.551]]]},"properties":{"id":"emma:DE102","codigo":"DE102","region":"Kreis Aurich - Binnenland","pais_iso2":"DE","nivel":2,"en_curso":true,"tipos":["Viento"],"url":"https://meteoalarm.org?geocode=EMMA_ID:DE102","fecha_utc":"2026-10-10T17:00:00+00:00","leido_utc":"2026-10-11T00:30:03Z","avisos":[{"tipo":"Viento","nivel":2,"desde":"2026-10-10T17:00:00+00:00","hasta":"2026-10-11T04:00:00+00:00","severidad_cap":"Minor"}],"k":"zona","opacidad":0.42}},{"type":"Feature","geometry":{"type":"Point","coordinates":[7.5,53.445]},"properties":{"id":"emma:DE102","codigo":"DE102","region":"Kreis Aurich - Binnenland","pais_iso2":"DE","nivel":2,"en_curso":true,"tipos":["Viento"],"url":"https://meteoalarm.org?geocode=EMMA_ID:DE102","fecha_utc":"2026-10-10T17:00:00+00:00","leido_utc":"2026-10-11T00:30:03Z","avisos":[{"tipo":"Viento","nivel":2,"desde":"2026-10-10T17:00:00+00:00","hasta":"2026-10-11T04:00:00+00:00","severidad_cap":"Minor"}],"k":"region"}},{"type":"Feature","geometry":{"type":"Polygon","coordinates":[[[8.281,53.193],[8.192,53.196],[8.055,53.052],[7.7,53.2],[7.901,53.346],[8.005,53.313],[8.164,53.349],[8.259,53.283],[8.281,53.193]]]},"properties":{"id":"emma:DE221","codigo":"DE221","region":"Kreis Ammerland","pais_iso2":"DE","nivel":2,"en_curso":true,"tipos":["Viento"],"url":"https://meteoalarm.org?geocode=EMMA_ID:DE221","fecha_utc":"2026-10-10T17:00:00+00:00","leido_utc":"2026-10-11T00:30:03Z","avisos":[{"tipo":"Viento","nivel":2,"desde":"2026-10-10T17:00:00+00:00","hasta":"2026-10-11T04:00:00+00:00","severidad_cap":"Minor"}],"k":"zona","opacidad":0.42}},{"type":"Feature","geometry":{"type":"Point","coordinates":[8.013,53.242]},"properties":{"id":"emma:DE221","codigo":"DE221","region":"Kreis Ammerland","pais_iso2":"DE","nivel":2,"en_curso":true,"tipos":["Viento"],"url":"https://meteoalarm.org?geocode=EMMA_ID:DE221","fecha_utc":"2026-10-10T17:00:00+00:00","leido_utc":"2026-10-11T00:30:03Z","avisos":[{"tipo":"Viento","nivel":2,"desde":"2026-10-10T17:00:00+00:00","hasta":"2026-10-11T04:00:00+00:00","severidad_cap":"Minor"}],"k":"region"}},{"type":"Feature","geometry":{"type":"Polygon","coordinates":[[[9.499,53.707],[9.554,53.616],[9.765,53.558],[9.77,53.529],[9.768,53.489],[9.568,53.331],[9.428,53.356],[9.126,53.581],[9.272,53.734],[8.995,53.842],[9.264,53.866],[9.499,53.707]]]},"properties":{"id":"emma:DE222","codigo":"DE222","region":"Kreis Stade","pais_iso2":"DE","nivel":3,"en_curso":true,"tipos":["Lluvia"],"url":"https://meteoalarm.org?geocode=EMMA_ID:DE222","fecha_utc":"2026-10-10T10:00:00+00:00","leido_utc":"2026-10-11T00:30:03Z","avisos":[{"tipo":"Lluvia","nivel":3,"desde":"2026-10-10T10:00:00+00:00","hasta":"2026-10-11T10:00:00+00:00","severidad_cap":"Moderate"},{"tipo":"Viento","nivel":2,"desde":"2026-10-10T17:00:00+00:00","hasta":"2026-10-11T04:00:00+00:00","severidad_cap":"Minor"}],"k":"zona","opacidad":0.42}},{"type":"Feature","geometry":{"type":"Point","coordinates":[9.38,53.599]},"properties":{"id":"emma:DE222","codigo":"DE222","region":"Kreis Stade","pais_iso2":"DE","nivel":3,"en_curso":true,"tipos":["Lluvia"],"url":"https://meteoalarm.org?geocode=EMMA_ID:DE222","fecha_utc":"2026-10-10T10:00:00+00:00","leido_utc":"2026-10-11T00:30:03Z","avisos":[{"tipo":"Lluvia","nivel":3,"desde":"2026-10-10T10:00:00+00:00","hasta":"2026-10-11T10:00:00+00:00","severidad_cap":"Moderate"},{"tipo":"Viento","nivel":2,"desde":"2026-10-10T17:00:00+00:00","hasta":"2026-10-11T04:00:00+00:00","severidad_cap":"Minor"}],"k":"region"}},{"type":"Feature","geometry":{"type":"Polygon","coordinates":[[[8.493,53.458],[8.508,53.207],[8.642,53.119],[8.613,53.103],[8.299,53.168],[8.259,53.283],[8.164,53.349],[8.329,53.494],[8.388,53.445],[8.493,53.458]]]},"properties":{"id":"emma:DE064","codigo":"DE064","region":"Kreis Wesermarsch - Binnenland","pais_iso2":"DE","nivel":2,"en_curso":true,"tipos":["Viento"],"url":"https://meteoalarm.org?geocode=EMMA_ID:DE064","fecha_utc":"2026-10-10T17:00:00+00:00","leido_utc":"2026-10-11T00:30:03Z","avisos":[{"tipo":"Viento","nivel":2,"desde":"2026-10-10T17:00:00+00:00","hasta":"2026-10-11T04:00:00+00:00","severidad_cap":"Minor"}],"k":"zona","opacidad":0.42}},{"type":"Feature","geometry":{"type":"Point","coordinates":[8.357,53.316]},"properties":{"id":"emma:DE064","codigo":"DE064","region":"Kreis Wesermarsch - Binnenland","pais_iso2":"DE","nivel":2,"en_curso":true,"tipos":["Viento"],"url":"https://meteoalarm.org?geocode=EMMA_ID:DE064","fecha_utc":"2026-10-10T17:00:00+00:00","leido_utc":"2026-10-11T00:30:03Z","avisos":[{"tipo":"Viento","nivel":2,"desde":"2026-10-10T17:00:00+00:00","hasta":"2026-10-11T04:00:00+00:00","severidad_cap":"Minor"}],"k":"region"}},{"type":"Feature","geometry":{"type":"Polygon","coordinates":[[[7.877,53.374],[7.901,53.346],[7.662,53.19],[7.602,53.058],[7.565,53.045],[7.472,53.086],[7.171,53.121],[7.196,53.242],[7.107,53.294],[7.261,53.315],[7.296,53.328],[7.287,53.358],[7.585,53.336],[7.877,53.374]]]},"properties":{"id":"emma:DE069","codigo":"DE069","region":"Kreis Leer","pais_iso2":"DE","nivel":2,"en_curso":true,"tipos":["Viento"],"url":"https://meteoalarm.org?geocode=EMMA_ID:DE069","fecha_utc":"2026-10-10T17:00:00+00:00","leido_utc":"2026-10-11T00:30:03Z","avisos":[{"tipo":"Viento","nivel":2,"desde":"2026-10-10T17:00:00+00:00","hasta":"2026-10-11T04:00:00+00:00","severidad_cap":"Minor"}],"k":"zona","opacidad":0.42}},{"type":"Feature","geometry":{"type":"Point","coordinates":[7.446,53.216]},"properties":{"id":"emma:DE069","codigo":"DE069","region":"Kreis Leer","pais_iso2":"DE","nivel":2,"en_curso":true,"tipos":["Viento"],"url":"https://meteoalarm.org?geocode=EMMA_ID:DE069","fecha_utc":"2026-10-10T17:00:00+00:00","leido_utc":"2026-10-11T00:30:03Z","avisos":[{"tipo":"Viento","nivel":2,"desde":"2026-10-10T17:00:00+00:00","hasta":"2026-10-11T04:00:00+00:00","severidad_cap":"Minor"}],"k":"region"}},{"type":"Feature","geometry":{"type":"Polygon","coordinates":[[[9.861,54.018],[9.587,53.727],[9.546,53.716],[9.469,53.72],[9.323,53.846],[9.203,53.893],[9.293,54.075],[9.553,54.09],[9.861,54.018]]]},"properties":{"id":"emma:DE158","codigo":"DE158","region":"Kreis Steinburg","pais_iso2":"DE","nivel":3,"en_curso":true,"tipos":["Lluvia"],"url":"https://meteoalarm.org?geocode=EMMA_ID:DE158","fecha_utc":"2026-10-10T10:00:00+00:00","leido_utc":"2026-10-11T00:30:03Z","avisos":[{"tipo":"Lluvia","nivel":3,"desde":"2026-10-10T10:00:00+00:00","hasta":"2026-10-11T10:00:00+00:00","severidad_cap":"Moderate"},{"tipo":"Viento","nivel":2,"desde":"2026-10-10T17:00:00+00:00","hasta":"2026-10-11T04:00:00+00:00","severidad_cap":"Minor"}],"k":"zona","opacidad":0.42}},{"type":"Feature","geometry":{"type":"Point","coordinates":[9.518,53.956]},"properties":{"id":"emma:DE158","codigo":"DE158","region":"Kreis Steinburg","pais_iso2":"DE","nivel":3,"en_curso":true,"tipos":["Lluvia"],"url":"https://meteoalarm.org?geocode=EMMA_ID:DE158","fecha_utc":"2026-10-10T10:00:00+00:00","leido_utc":"2026-10-11T00:30:03Z","avisos":[{"tipo":"Lluvia","nivel":3,"desde":"2026-10-10T10:00:00+00:00","hasta":"2026-10-11T10:00:00+00:00","severidad_cap":"Moderate"},{"tipo":"Viento","nivel":2,"desde":"2026-10-10T17:00:00+00:00","hasta":"2026-10-11T04:00:00+00:00","severidad_cap":"Minor"}],"k":"region"}},{"type":"Feature","geometry":{"type":"Polygon","coordinates":[[[9.035,54.383],[9.406,54.268],[9.429,54.173],[9.332,54.138],[9.203,53.893],[9.114,53.891],[9.067,53.903],[9.124,54.17],[8.978,54.342],[9.035,54.383]]]},"properties":{"id":"emma:DE081","codigo":"DE081","region":"Kreis Dithmarschen - Binnenland","pais_iso2":"DE","nivel":3,"en_curso":true,"tipos":["Lluvia"],"url":"https://meteoalarm.org?geocode=EMMA_ID:DE081","fecha_utc":"2026-10-10T10:00:00+00:00","leido_utc":"2026-10-11T00:30:03Z","avisos":[{"tipo":"Lluvia","nivel":3,"desde":"2026-10-10T10:00:00+00:00","hasta":"2026-10-11T10:00:00+00:00","severidad_cap":"Moderate"},{"tipo":"Viento","nivel":2,"desde":"2026-10-10T17:00:00+00:00","hasta":"2026-10-11T04:00:00+00:00","severidad_cap":"Minor"}],"k":"zona","opacidad":0.42}},{"type":"Feature","geometry":{"type":"Point","coordinates":[9.181,54.02]},"properties":{"id":"emma:DE081","codigo":"DE081","region":"Kreis Dithmarschen - Binnenland","pais_iso2":"DE","nivel":3,"en_curso":true,"tipos":["Lluvia"],"url":"https://meteoalarm.org?geocode=EMMA_ID:DE081","fecha_utc":"2026-10-10T10:00:00+00:00","leido_utc":"2026-10-11T00:30:03Z","avisos":[{"tipo":"Lluvia","nivel":3,"desde":"2026-10-10T10:00:00+00:00","hasta":"2026-10-11T10:00:00+00:00","severidad_cap":"Moderate"},{"tipo":"Viento","nivel":2,"desde":"2026-10-10T17:00:00+00:00","hasta":"2026-10-11T04:00:00+00:00","severidad_cap":"Minor"}],"k":"region"}},{"type":"Feature","geometry":{"type":"Polygon","coordinates":[[[9.406,54.826],[9.366,54.776],[9.725,54.656],[9.738,54.568],[9.736,54.531],[9.406,54.268],[9.181,54.335],[9.316,54.454],[9.096,54.863],[9.406,54.826]]]},"properties":{"id":"emma:DE062","codigo":"DE062","region":"Kreis Schleswig-Flensburg - Binnenland","pais_iso2":"DE","nivel":3,"en_curso":true,"tipos":["Lluvia"],"url":"https://meteoalarm.org?geocode=EMMA_ID:DE062","fecha_utc":"2026-10-10T10:00:00+00:00","leido_utc":"2026-10-11T00:30:03Z","avisos":[{"tipo":"Lluvia","nivel":3,"desde":"2026-10-10T10:00:00+00:00","hasta":"2026-10-11T10:00:00+00:00","severidad_cap":"Moderate"},{"tipo":"Viento","nivel":2,"desde":"2026-10-10T17:00:00+00:00","hasta":"2026-10-11T04:00:00+00:00","severidad_cap":"Minor"}],"k":"zona","opacidad":0.42}},{"type":"Feature","geometry":{"type":"Point","coordinates":[9.501,54.55]},"properties":{"id":"emma:DE062","codigo":"DE062","region":"Kreis Schleswig-Flensburg - Binnenland","pais_iso2":"DE","nivel":3,"en_curso":true,"tipos":["Lluvia"],"url":"https://meteoalarm.org?geocode=EMMA_ID:DE062","fecha_utc":"2026-10-10T10:00:00+00:00","leido_utc":"2026-10-11T00:30:03Z","avisos":[{"tipo":"Lluvia","nivel":3,"desde":"2026-10-10T10:00:00+00:00","hasta":"2026-10-11T10:00:00+00:00","severidad_cap":"Moderate"},{"tipo":"Viento","nivel":2,"desde":"2026-10-10T17:00:00+00:00","hasta":"2026-10-11T04:00:00+00:00","severidad_cap":"Minor"}],"k":"region"}},{"type":"Feature","geometry":{"type":"Polygon","coordinates":[[[7.877,53.374],[7.798,53.375],[7.686,53.483],[7.936,53.511],[7.926,53.424],[7.877,53.374]]]},"properties":{"id":"emma:DE053","codigo":"DE053","region":"Kreis Wittmund - Binnenland","pais_iso2":"DE","nivel":2,"en_curso":true,"tipos":["Viento"],"url":"https://meteoalarm.org?geocode=EMMA_ID:DE053","fecha_utc":"2026-10-10T17:00:00+00:00","leido_utc":"2026-10-11T00:30:03Z","avisos":[{"tipo":"Viento","nivel":2,"desde":"2026-10-10T17:00:00+00:00","hasta":"2026-10-11T04:00:00+00:00","severidad_cap":"Minor"}],"k":"zona","opacidad":0.42}},{"type":"Feature","geometry":{"type":"Point","coordinates":[7.823,53.454]},"properties":{"id":"emma:DE053","codigo":"DE053","region":"Kreis Wittmund - Binnenland","pais_iso2":"DE","nivel":2,"en_curso":true,"tipos":["Viento"],"url":"https://meteoalarm.org?geocode=EMMA_ID:DE053","fecha_utc":"2026-10-10T17:00:00+00:00","leido_utc":"2026-10-11T00:30:03Z","avisos":[{"tipo":"Viento","nivel":2,"desde":"2026-10-10T17:00:00+00:00","hasta":"2026-10-11T04:00:00+00:00","severidad_cap":"Minor"}],"k":"region"}},{"type":"Feature","geometry":{"type":"Polygon","coordinates":[[[9.096,54.863],[9.316,54.454],[9.181,54.335],[9.035,54.383],[9.094,54.501],[8.804,54.738],[8.736,54.845],[8.76,54.899],[9.096,54.863]]]},"properties":{"id":"emma:DE106","codigo":"DE106","region":"Kreis Nordfriesland - Binnenland","pais_iso2":"DE","nivel":3,"en_curso":true,"tipos":["Lluvia"],"url":"https://meteoalarm.org?geocode=EMMA_ID:DE106","fecha_utc":"2026-10-10T10:00:00+00:00","leido_utc":"2026-10-11T00:30:03Z","avisos":[{"tipo":"Lluvia","nivel":3,"desde":"2026-10-10T10:00:00+00:00","hasta":"2026-10-11T10:00:00+00:00","severidad_cap":"Moderate"},{"tipo":"Viento","nivel":2,"desde":"2026-10-10T17:00:00+00:00","hasta":"2026-10-11T04:00:00+00:00","severidad_cap":"Minor"}],"k":"zona","opacidad":0.42}},{"type":"Feature","geometry":{"type":"Point","coordinates":[9.088,54.62]},"properties":{"id":"emma:DE106","codigo":"DE106","region":"Kreis Nordfriesland - Binnenland","pais_iso2":"DE","nivel":3,"en_curso":true,"tipos":["Lluvia"],"url":"https://meteoalarm.org?geocode=EMMA_ID:DE106","fecha_utc":"2026-10-10T10:00:00+00:00","leido_utc":"2026-10-11T00:30:03Z","avisos":[{"tipo":"Lluvia","nivel":3,"desde":"2026-10-10T10:00:00+00:00","hasta":"2026-10-11T10:00:00+00:00","severidad_cap":"Moderate"},{"tipo":"Viento","nivel":2,"desde":"2026-10-10T17:00:00+00:00","hasta":"2026-10-11T04:00:00+00:00","severidad_cap":"Minor"}],"k":"region"}},{"type":"Feature","geometry":{"type":"Polygon","coordinates":[[[9.736,54.531],[10.13,54.254],[10.127,54.172],[10.12,54.144],[9.982,54.142],[9.937,54.104],[9.941,54.028],[9.805,54.022],[9.553,54.09],[9.293,54.075],[9.332,54.138],[9.429,54.173],[9.406,54.268],[9.427,54.295],[9.736,54.531]]]},"properties":{"id":"emma:DE031","codigo":"DE031","region":"Kreis Rendsburg-Eckernförde - Binnenland","pais_iso2":"DE","nivel":3,"en_curso":true,"tipos":["Lluvia"],"url":"https://meteoalarm.org?geocode=EMMA_ID:DE031","fecha_utc":"2026-10-10T10:00:00+00:00","leido_utc":"2026-10-11T00:30:03Z","avisos":[{"tipo":"Lluvia","nivel":3,"desde":"2026-10-10T10:00:00+00:00","hasta":"2026-10-11T10:00:00+00:00","severidad_cap":"Moderate"},{"tipo":"Viento","nivel":2,"desde":"2026-10-10T17:00:00+00:00","hasta":"2026-10-11T04:00:00+00:00","severidad_cap":"Minor"}],"k":"zona","opacidad":0.42}},{"type":"Feature","geometry":{"type":"Point","coordinates":[9.754,54.282]},"properties":{"id":"emma:DE031","codigo":"DE031","region":"Kreis Rendsburg-Eckernförde - Binnenland","pais_iso2":"DE","nivel":3,"en_curso":true,"tipos":["Lluvia"],"url":"https://meteoalarm.org?geocode=EMMA_ID:DE031","fecha_utc":"2026-10-10T10:00:00+00:00","leido_utc":"2026-10-11T00:30:03Z","avisos":[{"tipo":"Lluvia","nivel":3,"desde":"2026-10-10T10:00:00+00:00","hasta":"2026-10-11T10:00:00+00:00","severidad_cap":"Moderate"},{"tipo":"Viento","nivel":2,"desde":"2026-10-10T17:00:00+00:00","hasta":"2026-10-11T04:00:00+00:00","severidad_cap":"Minor"}],"k":"region"}},{"type":"Feature","geometry":{"type":"Polygon","coordinates":[[[8.074,53.474],[8.215,53.398],[8.164,53.349],[8.005,53.313],[7.956,53.313],[7.877,53.374],[7.926,53.424],[7.936,53.511],[8.045,53.524],[8.074,53.474]]]},"properties":{"id":"emma:DE065","codigo":"DE065","region":"Kreis Friesland - Binnenland","pais_iso2":"DE","nivel":2,"en_curso":true,"tipos":["Viento"],"url":"https://meteoalarm.org?geocode=EMMA_ID:DE065","fecha_utc":"2026-10-10T17:00:00+00:00","leido_utc":"2026-10-11T00:30:03Z","avisos":[{"tipo":"Viento","nivel":2,"desde":"2026-10-10T17:00:00+00:00","hasta":"2026-10-11T04:00:00+00:00","severidad_cap":"Minor"}],"k":"zona","opacidad":0.42}},{"type":"Feature","geometry":{"type":"Point","coordinates":[8.052,53.411]},"properties":{"id":"emma:DE065","codigo":"DE065","region":"Kreis Friesland - Binnenland","pais_iso2":"DE","nivel":2,"en_curso":true,"tipos":["Viento"],"url":"https://meteoalarm.org?geocode=EMMA_ID:DE065","fecha_utc":"2026-10-10T17:00:00+00:00","leido_utc":"2026-10-11T00:30:03Z","avisos":[{"tipo":"Viento","nivel":2,"desde":"2026-10-10T17:00:00+00:00","hasta":"2026-10-11T04:00:00+00:00","severidad_cap":"Minor"}],"k":"region"}},{"type":"Feature","geometry":{"type":"MultiPolygon","coordinates":[[[[13.112,54.595],[13.144,54.603],[13.145,54.575],[13.085,54.512],[13.112,54.595]]],[[[13.384,54.183],[13.166,54.287],[13.115,54.37],[13.207,54.38],[13.198,54.457],[13.131,54.458],[13.177,54.494],[13.165,54.53],[13.22,54.628],[13.382,54.679],[13.67,54.57],[13.635,54.409],[13.734,54.345],[13.689,54.305],[13.618,54.345],[13.476,54.329],[13.409,54.284],[13.384,54.183]]]]},"properties":{"id":"emma:DE052","codigo":"DE052","region":"Kreis Vorpommern-Rügen - Insel Rügen","pais_iso2":"DE","nivel":2,"en_curso":true,"tipos":["Viento"],"url":"https://meteoalarm.org?geocode=EMMA_ID:DE052","fecha_utc":"2026-10-10T07:39:00+00:00","leido_utc":"2026-10-11T00:30:03Z","avisos":[{"tipo":"Viento","nivel":2,"desde":"2026-10-10T07:39:00+00:00","hasta":"2026-10-11T04:00:00+00:00","severidad_cap":"Minor"},{"tipo":"Viento","nivel":2,"desde":"2026-10-11T04:00:00+00:00","hasta":"2026-10-11T16:00:00+00:00","severidad_cap":"Minor"}],"k":"zona","opacidad":0.42}},{"type":"Feature","geometry":{"type":"Point","coordinates":[13.421,54.433]},"properties":{"id":"emma:DE052","codigo":"DE052","region":"Kreis Vorpommern-Rügen - Insel Rügen","pais_iso2":"DE","nivel":2,"en_curso":true,"tipos":["Viento"],"url":"https://meteoalarm.org?geocode=EMMA_ID:DE052","fecha_utc":"2026-10-10T07:39:00+00:00","leido_utc":"2026-10-11T00:30:03Z","avisos":[{"tipo":"Viento","nivel":2,"desde":"2026-10-10T07:39:00+00:00","hasta":"2026-10-11T04:00:00+00:00","severidad_cap":"Minor"},{"tipo":"Viento","nivel":2,"desde":"2026-10-11T04:00:00+00:00","hasta":"2026-10-11T16:00:00+00:00","severidad_cap":"Minor"}],"k":"region"}},{"type":"Feature","geometry":{"type":"Polygon","coordinates":[[[13.115,54.37],[13.166,54.287],[13.384,54.183],[13.186,54.112],[13.015,54.306],[12.977,54.315],[12.648,54.33],[12.365,54.192],[12.273,54.261],[12.526,54.472],[13.029,54.426],[13.115,54.37]]]},"properties":{"id":"emma:DE032","codigo":"DE032","region":"Kreis Vorpommern-Rügen - Küste","pais_iso2":"DE","nivel":2,"en_curso":true,"tipos":["Viento"],"url":"https://meteoalarm.org?geocode=EMMA_ID:DE032","fecha_utc":"2026-10-10T07:39:00+00:00","leido_utc":"2026-10-11T00:30:03Z","avisos":[{"tipo":"Viento","nivel":2,"desde":"2026-10-10T07:39:00+00:00","hasta":"2026-10-11T04:00:00+00:00","severidad_cap":"Minor"},{"tipo":"Viento","nivel":2,"desde":"2026-10-11T04:00:00+00:00","hasta":"2026-10-11T16:00:00+00:00","severidad_cap":"Minor"}],"k":"zona","opacidad":0.42}},{"type":"Feature","geometry":{"type":"Point","coordinates":[12.448,54.297]},"properties":{"id":"emma:DE032","codigo":"DE032","region":"Kreis Vorpommern-Rügen - Küste","pais_iso2":"DE","nivel":2,"en_curso":true,"tipos":["Viento"],"url":"https://meteoalarm.org?geocode=EMMA_ID:DE032","fecha_utc":"2026-10-10T07:39:00+00:00","leido_utc":"2026-10-11T00:30:03Z","avisos":[{"tipo":"Viento","nivel":2,"desde":"2026-10-10T07:39:00+00:00","hasta":"2026-10-11T04:00:00+00:00","severidad_cap":"Minor"},{"tipo":"Viento","nivel":2,"desde":"2026-10-11T04:00:00+00:00","hasta":"2026-10-11T16:00:00+00:00","severidad_cap":"Minor"}],"k":"region"}},{"type":"Feature","geometry":{"type":"Polygon","coordinates":[[[11.275,51.653],[11.141,51.577],[10.702,51.638],[10.588,51.815],[10.641,51.881],[10.835,51.883],[10.865,51.873],[10.912,51.684],[11.275,51.653]]]},"properties":{"id":"emma:DE093","codigo":"DE093","region":"Kreis Harz - Bergland","pais_iso2":"DE","nivel":3,"en_curso":true,"tipos":["Viento"],"url":"https://meteoalarm.org?geocode=EMMA_ID:DE093","fecha_utc":"2026-10-10T19:00:00+00:00","leido_utc":"2026-10-11T00:30:03Z","avisos":[{"tipo":"Viento","nivel":3,"desde":"2026-10-10T19:00:00+00:00","hasta":"2026-10-11T09:00:00+00:00","severidad_cap":"Moderate"},{"tipo":"Viento","nivel":3,"desde":"2026-10-11T09:00:00+00:00","hasta":"2026-10-11T22:00:00+00:00","severidad_cap":"Moderate"}],"k":"zona","opacidad":0.42}},{"type":"Feature","geometry":{"type":"Point","coordinates":[10.763,51.75]},"properties":{"id":"emma:DE093","codigo":"DE093","region":"Kreis Harz - Bergland","pais_iso2":"DE","nivel":3,"en_curso":true,"tipos":["Viento"],"url":"https://meteoalarm.org?geocode=EMMA_ID:DE093","fecha_utc":"2026-10-10T19:00:00+00:00","leido_utc":"2026-10-11T00:30:03Z","avisos":[{"tipo":"Viento","nivel":3,"desde":"2026-10-10T19:00:00+00:00","hasta":"2026-10-11T09:00:00+00:00","severidad_cap":"Moderate"},{"tipo":"Viento","nivel":3,"desde":"2026-10-11T09:00:00+00:00","hasta":"2026-10-11T22:00:00+00:00","severidad_cap":"Moderate"}],"k":"region"}},{"type":"Feature","geometry":{"type":"Polygon","coordinates":[[[9.067,53.903],[8.951,53.902],[8.845,54.012],[8.84,54.27],[8.952,54.339],[8.978,54.342],[9.124,54.17],[9.067,53.903]]]},"properties":{"id":"emma:DE091","codigo":"DE091","region":"Kreis Dithmarschen - Küste","pais_iso2":"DE","nivel":3,"en_curso":true,"tipos":["Lluvia"],"url":"https://meteoalarm.org?geocode=EMMA_ID:DE091","fecha_utc":"2026-10-10T10:00:00+00:00","leido_utc":"2026-10-11T00:30:03Z","avisos":[{"tipo":"Lluvia","nivel":3,"desde":"2026-10-10T10:00:00+00:00","hasta":"2026-10-11T10:00:00+00:00","severidad_cap":"Moderate"},{"tipo":"Viento","nivel":2,"desde":"2026-10-10T22:00:00+00:00","hasta":"2026-10-11T08:00:00+00:00","severidad_cap":"Minor"},{"tipo":"Viento","nivel":2,"desde":"2026-10-10T22:00:00+00:00","hasta":"2026-10-11T13:00:00+00:00","severidad_cap":"Minor"}],"k":"zona","opacidad":0.42}},{"type":"Feature","geometry":{"type":"Point","coordinates":[8.975,54.091]},"properties":{"id":"emma:DE091","codigo":"DE091","region":"Kreis Dithmarschen - Küste","pais_iso2":"DE","nivel":3,"en_curso":true,"tipos":["Lluvia"],"url":"https://meteoalarm.org?geocode=EMMA_ID:DE091","fecha_utc":"2026-10-10T10:00:00+00:00","leido_utc":"2026-10-11T00:30:03Z","avisos":[{"tipo":"Lluvia","nivel":3,"desde":"2026-10-10T10:00:00+00:00","hasta":"2026-10-11T10:00:00+00:00","severidad_cap":"Moderate"},{"tipo":"Viento","nivel":2,"desde":"2026-10-10T22:00:00+00:00","hasta":"2026-10-11T08:00:00+00:00","severidad_cap":"Minor"},{"tipo":"Viento","nivel":2,"desde":"2026-10-10T22:00:00+00:00","hasta":"2026-10-11T13:00:00+00:00","severidad_cap":"Minor"}],"k":"region"}},{"type":"Feature","geometry":{"type":"MultiPolygon","coordinates":[[[[8.615,54.49],[8.586,54.521],[8.696,54.532],[8.676,54.501],[8.615,54.49]]],[[[8.35,54.696],[8.358,54.623],[8.331,54.624],[8.304,54.678],[8.35,54.696]]],[[[8.392,54.711],[8.438,54.749],[8.533,54.754],[8.59,54.711],[8.54,54.679],[8.392,54.711]]],[[[8.84,54.27],[8.593,54.312],[8.651,54.389],[8.864,54.402],[9.006,54.478],[8.723,54.692],[8.629,54.851],[8.564,54.894],[8.597,54.917],[8.76,54.899],[8.736,54.845],[8.804,54.738],[9.094,54.501],[9.035,54.383],[8.84,54.27]]],[[[8.403,55.058],[8.457,55.034],[8.381,54.883],[8.301,54.848],[8.294,54.901],[8.403,55.058]]]]},"properties":{"id":"emma:DE095","codigo":"DE095","region":"Kreis Nordfriesland - Küste","pais_iso2":"DE","nivel":3,"en_curso":true,"tipos":["Lluvia"],"url":"https://meteoalarm.org?geocode=EMMA_ID:DE095","fecha_utc":"2026-10-10T10:00:00+00:00","leido_utc":"2026-10-11T00:30:03Z","avisos":[{"tipo":"Lluvia","nivel":3,"desde":"2026-10-10T10:00:00+00:00","hasta":"2026-10-11T10:00:00+00:00","severidad_cap":"Moderate"},{"tipo":"Viento","nivel":2,"desde":"2026-10-10T22:00:00+00:00","hasta":"2026-10-11T08:00:00+00:00","severidad_cap":"Minor"}],"k":"zona","opacidad":0.42}},{"type":"Feature","geometry":{"type":"Point","coordinates":[8.49,54.73]},"properties":{"id":"emma:DE095","codigo":"DE095","region":"Kreis Nordfriesland - Küste","pais_iso2":"DE","nivel":3,"en_curso":true,"tipos":["Lluvia"],"url":"https://meteoalarm.org?geocode=EMMA_ID:DE095","fecha_utc":"2026-10-10T10:00:00+00:00","leido_utc":"2026-10-11T00:30:03Z","avisos":[{"tipo":"Lluvia","nivel":3,"desde":"2026-10-10T10:00:00+00:00","hasta":"2026-10-11T10:00:00+00:00","severidad_cap":"Moderate"},{"tipo":"Viento","nivel":2,"desde":"2026-10-10T22:00:00+00:00","hasta":"2026-10-11T08:00:00+00:00","severidad_cap":"Minor"}],"k":"region"}},{"type":"Feature","geometry":{"type":"MultiPolygon","coordinates":[[[[11.071,54.378],[11.093,54.209],[10.886,54.091],[10.762,54.056],[10.492,54.172],[10.564,54.229],[10.697,54.207],[10.717,54.369],[11.071,54.378]]],[[[11.096,54.401],[11.005,54.452],[11.052,54.53],[11.183,54.516],[11.302,54.405],[11.096,54.401]]]]},"properties":{"id":"emma:DE061","codigo":"DE061","region":"Kreis Ostholstein - Küste","pais_iso2":"DE","nivel":2,"en_curso":true,"tipos":["Viento"],"url":"https://meteoalarm.org?geocode=EMMA_ID:DE061","fecha_utc":"2026-10-10T06:00:00+00:00","leido_utc":"2026-10-11T00:30:03Z","avisos":[{"tipo":"Viento","nivel":2,"desde":"2026-10-10T06:00:00+00:00","hasta":"2026-10-11T04:00:00+00:00","severidad_cap":"Minor"},{"tipo":"Viento","nivel":2,"desde":"2026-10-11T04:00:00+00:00","hasta":"2026-10-11T08:00:00+00:00","severidad_cap":"Minor"}],"k":"zona","opacidad":0.42}},{"type":"Feature","geometry":{"type":"Point","coordinates":[10.895,54.219]},"properties":{"id":"emma:DE061","codigo":"DE061","region":"Kreis Ostholstein - Küste","pais_iso2":"DE","nivel":2,"en_curso":true,"tipos":["Viento"],"url":"https://meteoalarm.org?geocode=EMMA_ID:DE061","fecha_utc":"2026-10-10T06:00:00+00:00","leido_utc":"2026-10-11T00:30:03Z","avisos":[{"tipo":"Viento","nivel":2,"desde":"2026-10-10T06:00:00+00:00","hasta":"2026-10-11T04:00:00+00:00","severidad_cap":"Minor"},{"tipo":"Viento","nivel":2,"desde":"2026-10-11T04:00:00+00:00","hasta":"2026-10-11T08:00:00+00:00","severidad_cap":"Minor"}],"k":"region"}},{"type":"Feature","geometry":{"type":"MultiPolygon","coordinates":[[[[7.819,53.504],[7.686,53.483],[7.653,53.551],[7.621,53.557],[7.42,53.532],[7.447,53.626],[7.515,53.689],[7.791,53.709],[7.819,53.504]]],[[[7.681,53.766],[7.714,53.778],[7.744,53.768],[7.708,53.753],[7.681,53.766]]]]},"properties":{"id":"emma:DE083","codigo":"DE083","region":"Kreis Wittmund - Küste","pais_iso2":"DE","nivel":3,"en_curso":true,"tipos":["Lluvia"],"url":"https://meteoalarm.org?geocode=EMMA_ID:DE083","fecha_utc":"2026-10-10T10:00:00+00:00","leido_utc":"2026-10-11T00:30:03Z","avisos":[{"tipo":"Lluvia","nivel":3,"desde":"2026-10-10T10:00:00+00:00","hasta":"2026-10-11T10:00:00+00:00","severidad_cap":"Moderate"},{"tipo":"Viento","nivel":2,"desde":"2026-10-10T22:00:00+00:00","hasta":"2026-10-11T13:00:00+00:00","severidad_cap":"Minor"}],"k":"zona","opacidad":0.42}},{"type":"Feature","geometry":{"type":"Point","coordinates":[7.622,53.591]},"properties":{"id":"emma:DE083","codigo":"DE083","region":"Kreis Wittmund - Küste","pais_iso2":"DE","nivel":3,"en_curso":true,"tipos":["Lluvia"],"url":"https://meteoalarm.org?geocode=EMMA_ID:DE083","fecha_utc":"2026-10-10T10:00:00+00:00","leido_utc":"2026-10-11T00:30:03Z","avisos":[{"tipo":"Lluvia","nivel":3,"desde":"2026-10-10T10:00:00+00:00","hasta":"2026-10-11T10:00:00+00:00","severidad_cap":"Moderate"},{"tipo":"Viento","nivel":2,"desde":"2026-10-10T22:00:00+00:00","hasta":"2026-10-11T13:00:00+00:00","severidad_cap":"Minor"}],"k":"region"}},{"type":"Feature","geometry":{"type":"Polygon","coordinates":[[[7.515,53.689],[7.447,53.626],[7.42,53.532],[7.26,53.481],[7.26,53.409],[7.01,53.392],[7.028,53.49],[7.185,53.643],[7.291,53.678],[7.515,53.689]]]},"properties":{"id":"emma:DE103","codigo":"DE103","region":"Kreis Aurich - Küste","pais_iso2":"DE","nivel":3,"en_curso":true,"tipos":["Lluvia"],"url":"https://meteoalarm.org?geocode=EMMA_ID:DE103","fecha_utc":"2026-10-10T10:00:00+00:00","leido_utc":"2026-10-11T00:30:03Z","avisos":[{"tipo":"Lluvia","nivel":3,"desde":"2026-10-10T10:00:00+00:00","hasta":"2026-10-11T10:00:00+00:00","severidad_cap":"Moderate"},{"tipo":"Viento","nivel":2,"desde":"2026-10-10T22:00:00+00:00","hasta":"2026-10-11T13:00:00+00:00","severidad_cap":"Minor"}],"k":"zona","opacidad":0.42}},{"type":"Feature","geometry":{"type":"Point","coordinates":[7.276,53.579]},"properties":{"id":"emma:DE103","codigo":"DE103","region":"Kreis Aurich - Küste","pais_iso2":"DE","nivel":3,"en_curso":true,"tipos":["Lluvia"],"url":"https://meteoalarm.org?geocode=EMMA_ID:DE103","fecha_utc":"2026-10-10T10:00:00+00:00","leido_utc":"2026-10-11T00:30:03Z","avisos":[{"tipo":"Lluvia","nivel":3,"desde":"2026-10-10T10:00:00+00:00","hasta":"2026-10-11T10:00:00+00:00","severidad_cap":"Moderate"},{"tipo":"Viento","nivel":2,"desde":"2026-10-10T22:00:00+00:00","hasta":"2026-10-11T13:00:00+00:00","severidad_cap":"Minor"}],"k":"region"}},{"type":"Feature","geometry":{"type":"Polygon","coordinates":[[[8.812,53.83],[8.654,53.608],[8.472,53.621],[8.603,53.877],[8.683,53.891],[8.812,53.83]]]},"properties":{"id":"emma:DE045","codigo":"DE045","region":"Kreis Cuxhaven - Küste","pais_iso2":"DE","nivel":3,"en_curso":true,"tipos":["Lluvia"],"url":"https://meteoalarm.org?geocode=EMMA_ID:DE045","fecha_utc":"2026-10-10T10:00:00+00:00","leido_utc":"2026-10-11T00:30:03Z","avisos":[{"tipo":"Lluvia","nivel":3,"desde":"2026-10-10T10:00:00+00:00","hasta":"2026-10-11T10:00:00+00:00","severidad_cap":"Moderate"},{"tipo":"Viento","nivel":2,"desde":"2026-10-10T22:00:00+00:00","hasta":"2026-10-11T13:00:00+00:00","severidad_cap":"Minor"}],"k":"zona","opacidad":0.42}},{"type":"Feature","geometry":{"type":"Point","coordinates":[8.632,53.726]},"properties":{"id":"emma:DE045","codigo":"DE045","region":"Kreis Cuxhaven - Küste","pais_iso2":"DE","nivel":3,"en_curso":true,"tipos":["Lluvia"],"url":"https://meteoalarm.org?geocode=EMMA_ID:DE045","fecha_utc":"2026-10-10T10:00:00+00:00","leido_utc":"2026-10-11T00:30:03Z","avisos":[{"tipo":"Lluvia","nivel":3,"desde":"2026-10-10T10:00:00+00:00","hasta":"2026-10-11T10:00:00+00:00","severidad_cap":"Moderate"},{"tipo":"Viento","nivel":2,"desde":"2026-10-10T22:00:00+00:00","hasta":"2026-10-11T13:00:00+00:00","severidad_cap":"Minor"}],"k":"region"}},{"type":"Feature","geometry":{"type":"Polygon","coordinates":[[[8.272,53.609],[8.52,53.546],[8.52,53.519],[8.493,53.458],[8.434,53.44],[8.388,53.445],[8.25,53.573],[8.272,53.609]]]},"properties":{"id":"emma:DE101","codigo":"DE101","region":"Kreis Wesermarsch - Küste","pais_iso2":"DE","nivel":2,"en_curso":true,"tipos":["Viento"],"url":"https://meteoalarm.org?geocode=EMMA_ID:DE101","fecha_utc":"2026-10-10T22:00:00+00:00","leido_utc":"2026-10-11T00:30:03Z","avisos":[{"tipo":"Viento","nivel":2,"desde":"2026-10-10T22:00:00+00:00","hasta":"2026-10-11T13:00:00+00:00","severidad_cap":"Minor"}],"k":"zona","opacidad":0.42}},{"type":"Feature","geometry":{"type":"Point","coordinates":[8.407,53.532]},"properties":{"id":"emma:DE101","codigo":"DE101","region":"Kreis Wesermarsch - Küste","pais_iso2":"DE","nivel":2,"en_curso":true,"tipos":["Viento"],"url":"https://meteoalarm.org?geocode=EMMA_ID:DE101","fecha_utc":"2026-10-10T22:00:00+00:00","leido_utc":"2026-10-11T00:30:03Z","avisos":[{"tipo":"Viento","nivel":2,"desde":"2026-10-10T22:00:00+00:00","hasta":"2026-10-11T13:00:00+00:00","severidad_cap":"Minor"}],"k":"region"}},{"type":"Feature","geometry":{"type":"Polygon","coordinates":[[[8.06,53.644],[8.015,53.619],[8.045,53.524],[7.819,53.504],[7.791,53.709],[7.956,53.736],[8.022,53.708],[8.06,53.644]]]},"properties":{"id":"emma:DE104","codigo":"DE104","region":"Kreis Friesland - Küste","pais_iso2":"DE","nivel":3,"en_curso":true,"tipos":["Lluvia"],"url":"https://meteoalarm.org?geocode=EMMA_ID:DE104","fecha_utc":"2026-10-10T10:00:00+00:00","leido_utc":"2026-10-11T00:30:03Z","avisos":[{"tipo":"Lluvia","nivel":3,"desde":"2026-10-10T10:00:00+00:00","hasta":"2026-10-11T10:00:00+00:00","severidad_cap":"Moderate"},{"tipo":"Viento","nivel":2,"desde":"2026-10-10T22:00:00+00:00","hasta":"2026-10-11T13:00:00+00:00","severidad_cap":"Minor"}],"k":"zona","opacidad":0.42}},{"type":"Feature","geometry":{"type":"Point","coordinates":[7.919,53.632]},"properties":{"id":"emma:DE104","codigo":"DE104","region":"Kreis Friesland - Küste","pais_iso2":"DE","nivel":3,"en_curso":true,"tipos":["Lluvia"],"url":"https://meteoalarm.org?geocode=EMMA_ID:DE104","fecha_utc":"2026-10-10T10:00:00+00:00","leido_utc":"2026-10-11T00:30:03Z","avisos":[{"tipo":"Lluvia","nivel":3,"desde":"2026-10-10T10:00:00+00:00","hasta":"2026-10-11T10:00:00+00:00","severidad_cap":"Moderate"},{"tipo":"Viento","nivel":2,"desde":"2026-10-10T22:00:00+00:00","hasta":"2026-10-11T13:00:00+00:00","severidad_cap":"Minor"}],"k":"region"}},{"type":"Feature","geometry":{"type":"Polygon","coordinates":[[[6.761,53.564],[6.659,53.586],[6.76,53.616],[6.79,53.594],[6.761,53.564]]]},"properties":{"id":"emma:DE039","codigo":"DE039","region":"Insel Borkum","pais_iso2":"DE","nivel":3,"en_curso":true,"tipos":["Lluvia"],"url":"https://meteoalarm.org?geocode=EMMA_ID:DE039","fecha_utc":"2026-10-10T10:00:00+00:00","leido_utc":"2026-10-11T00:30:03Z","avisos":[{"tipo":"Lluvia","nivel":3,"desde":"2026-10-10T10:00:00+00:00","hasta":"2026-10-11T10:00:00+00:00","severidad_cap":"Moderate"},{"tipo":"Viento","nivel":2,"desde":"2026-10-10T22:00:00+00:00","hasta":"2026-10-11T13:00:00+00:00","severidad_cap":"Minor"}],"k":"zona","opacidad":0.42}},{"type":"Feature","geometry":{"type":"Point","coordinates":[6.73,53.59]},"properties":{"id":"emma:DE039","codigo":"DE039","region":"Insel Borkum","pais_iso2":"DE","nivel":3,"en_curso":true,"tipos":["Lluvia"],"url":"https://meteoalarm.org?geocode=EMMA_ID:DE039","fecha_utc":"2026-10-10T10:00:00+00:00","leido_utc":"2026-10-11T00:30:03Z","avisos":[{"tipo":"Lluvia","nivel":3,"desde":"2026-10-10T10:00:00+00:00","hasta":"2026-10-11T10:00:00+00:00","severidad_cap":"Moderate"},{"tipo":"Viento","nivel":2,"desde":"2026-10-10T22:00:00+00:00","hasta":"2026-10-11T13:00:00+00:00","severidad_cap":"Minor"}],"k":"region"}},{"type":"Feature","geometry":{"type":"Polygon","coordinates":[[[8.654,53.608],[8.619,53.495],[8.588,53.486],[8.505,53.484],[8.52,53.546],[8.444,53.563],[8.472,53.621],[8.654,53.608]]]},"properties":{"id":"emma:DE173","codigo":"DE173","region":"Stadt Bremerhaven","pais_iso2":"DE","nivel":2,"en_curso":true,"tipos":["Viento"],"url":"https://meteoalarm.org?geocode=EMMA_ID:DE173","fecha_utc":"2026-10-10T22:00:00+00:00","leido_utc":"2026-10-11T00:30:03Z","avisos":[{"tipo":"Viento","nivel":2,"desde":"2026-10-10T22:00:00+00:00","hasta":"2026-10-11T13:00:00+00:00","severidad_cap":"Minor"}],"k":"zona","opacidad":0.42}},{"type":"Feature","geometry":{"type":"Point","coordinates":[8.56,53.554]},"properties":{"id":"emma:DE173","codigo":"DE173","region":"Stadt Bremerhaven","pais_iso2":"DE","nivel":2,"en_curso":true,"tipos":["Viento"],"url":"https://meteoalarm.org?geocode=EMMA_ID:DE173","fecha_utc":"2026-10-10T22:00:00+00:00","leido_utc":"2026-10-11T00:30:03Z","avisos":[{"tipo":"Viento","nivel":2,"desde":"2026-10-10T22:00:00+00:00","hasta":"2026-10-11T13:00:00+00:00","severidad_cap":"Minor"}],"k":"region"}},{"type":"Feature","geometry":{"type":"Polygon","coordinates":[[[8.074,53.474],[8.015,53.619],[8.06,53.644],[8.149,53.524],[8.074,53.474]]]},"properties":{"id":"emma:DE124","codigo":"DE124","region":"Stadt Wilhelmshaven","pais_iso2":"DE","nivel":2,"en_curso":true,"tipos":["Viento"],"url":"https://meteoalarm.org?geocode=EMMA_ID:DE124","fecha_utc":"2026-10-10T22:00:00+00:00","leido_utc":"2026-10-11T00:30:03Z","avisos":[{"tipo":"Viento","nivel":2,"desde":"2026-10-10T22:00:00+00:00","hasta":"2026-10-11T13:00:00+00:00","severidad_cap":"Minor"}],"k":"zona","opacidad":0.42}},{"type":"Feature","geometry":{"type":"Point","coordinates":[8.074,53.571]},"properties":{"id":"emma:DE124","codigo":"DE124","region":"Stadt Wilhelmshaven","pais_iso2":"DE","nivel":2,"en_curso":true,"tipos":["Viento"],"url":"https://meteoalarm.org?geocode=EMMA_ID:DE124","fecha_utc":"2026-10-10T22:00:00+00:00","leido_utc":"2026-10-11T00:30:03Z","avisos":[{"tipo":"Viento","nivel":2,"desde":"2026-10-10T22:00:00+00:00","hasta":"2026-10-11T13:00:00+00:00","severidad_cap":"Minor"}],"k":"region"}},{"type":"Feature","geometry":{"type":"Polygon","coordinates":[[[22.374,38.146],[22.365,38.035],[22.255,37.84],[22.021,37.791],[21.858,37.85],[21.807,37.807],[21.795,37.685],[21.814,37.578],[22.011,37.297],[22.174,37.15],[22.248,37.156],[22.275,37.129],[22.348,36.984],[22.39,36.789],[22.339,36.723],[22.153,37.008],[22.051,37.026],[21.936,36.988],[21.928,36.774],[21.884,36.729],[21.85,36.738],[21.698,36.832],[21.184,37.933],[21.373,38.12],[21.855,38.339],[22.008,38.314],[22.374,38.146]]]},"properties":{"id":"emma:GR009","codigo":"GR009","region":"WEST PELOPONNISOS","pais_iso2":"GR","nivel":2,"en_curso":false,"tipos":["Lluvia","Tormentas"],"url":"https://meteoalarm.org?geocode=EMMA_ID:GR009","fecha_utc":"2026-10-11T03:00:00+00:00","leido_utc":"2026-10-11T00:30:03Z","avisos":[{"tipo":"Tormentas","nivel":2,"desde":"2026-10-11T03:00:00+00:00","hasta":"2026-10-11T18:00:00+00:00","severidad_cap":"Moderate"},{"tipo":"Lluvia","nivel":2,"desde":"2026-10-11T06:00:00+00:00","hasta":"2026-10-11T17:00:00+00:00","severidad_cap":"Moderate"}],"k":"zona","opacidad":0.22}},{"type":"Feature","geometry":{"type":"Point","coordinates":[21.664,37.438]},"properties":{"id":"emma:GR009","codigo":"GR009","region":"WEST PELOPONNISOS","pais_iso2":"GR","nivel":2,"en_curso":false,"tipos":["Lluvia","Tormentas"],"url":"https://meteoalarm.org?geocode=EMMA_ID:GR009","fecha_utc":"2026-10-11T03:00:00+00:00","leido_utc":"2026-10-11T00:30:03Z","avisos":[{"tipo":"Tormentas","nivel":2,"desde":"2026-10-11T03:00:00+00:00","hasta":"2026-10-11T18:00:00+00:00","severidad_cap":"Moderate"},{"tipo":"Lluvia","nivel":2,"desde":"2026-10-11T06:00:00+00:00","hasta":"2026-10-11T17:00:00+00:00","severidad_cap":"Moderate"}],"k":"region"}},{"type":"Feature","geometry":{"type":"MultiPolygon","coordinates":[[[[24.139,37.704],[24.114,37.689],[24.145,37.742],[24.139,37.704]]],[[[23.526,37.988],[23.451,37.878],[23.402,37.9],[23.423,37.984],[23.526,37.988]]],[[[23.161,37.955],[23.117,38.049],[23.146,38.181],[23.674,38.338],[23.889,38.298],[24.059,38.2],[24.039,37.831],[23.928,37.785],[23.893,37.778],[23.562,38.044],[23.161,37.955]]]]},"properties":{"id":"emma:GR011","codigo":"GR011","region":"ATTIKI","pais_iso2":"GR","nivel":2,"en_curso":false,"tipos":["Tormentas"],"url":"https://meteoalarm.org?geocode=EMMA_ID:GR011","fecha_utc":"2026-10-11T12:00:00+00:00","leido_utc":"2026-10-11T00:30:03Z","avisos":[{"tipo":"Tormentas","nivel":2,"desde":"2026-10-11T12:00:00+00:00","hasta":"2026-10-11T18:00:00+00:00","severidad_cap":"Moderate"}],"k":"zona","opacidad":0.22}},{"type":"Feature","geometry":{"type":"Point","coordinates":[23.593,38.115]},"properties":{"id":"emma:GR011","codigo":"GR011","region":"ATTIKI","pais_iso2":"GR","nivel":2,"en_curso":false,"tipos":["Tormentas"],"url":"https://meteoalarm.org?geocode=EMMA_ID:GR011","fecha_utc":"2026-10-11T12:00:00+00:00","leido_utc":"2026-10-11T00:30:03Z","avisos":[{"tipo":"Tormentas","nivel":2,"desde":"2026-10-11T12:00:00+00:00","hasta":"2026-10-11T18:00:00+00:00","severidad_cap":"Moderate"}],"k":"region"}},{"type":"Feature","geometry":{"type":"MultiPolygon","coordinates":[[[[20.871,37.673],[20.813,37.654],[20.694,37.741],[20.632,37.809],[20.632,37.886],[20.691,37.924],[20.755,37.858],[20.897,37.807],[20.908,37.731],[20.871,37.673]]],[[[20.796,38.078],[20.537,38.104],[20.375,38.161],[20.349,38.21],[20.422,38.362],[20.569,38.471],[20.617,38.313],[20.793,38.142],[20.796,38.078]]],[[[20.704,38.443],[20.718,38.315],[20.693,38.323],[20.616,38.474],[20.704,38.443]]],[[[20.949,38.637],[20.888,38.598],[20.89,38.633],[20.949,38.637]]],[[[20.731,38.662],[20.798,38.606],[20.736,38.629],[20.607,38.578],[20.558,38.577],[20.549,38.604],[20.589,38.758],[20.675,38.846],[20.71,38.849],[20.722,38.816],[20.731,38.662]]],[[[20.205,39.179],[20.154,39.184],[20.124,39.234],[20.159,39.228],[20.205,39.179]]],[[[20.117,39.385],[20.066,39.371],[19.874,39.454],[19.668,39.701],[19.657,39.78],[19.805,39.809],[19.938,39.787],[20.117,39.385]]]]},"properties":{"id":"emma:GR010","codigo":"GR010","region":"IONION ISLANDS","pais_iso2":"GR","nivel":3,"en_curso":true,"tipos":["Lluvia","Tormentas"],"url":"https://meteoalarm.org?geocode=EMMA_ID:GR010","fecha_utc":"2026-10-10T18:01:00+00:00","leido_utc":"2026-10-11T00:30:03Z","avisos":[{"tipo":"Tormentas","nivel":3,"desde":"2026-10-10T18:01:00+00:00","hasta":"2026-10-11T10:00:00+00:00","severidad_cap":"Severe"},{"tipo":"Lluvia","nivel":3,"desde":"2026-10-10T21:00:00+00:00","hasta":"2026-10-11T09:00:00+00:00","severidad_cap":"Severe"}],"k":"zona","opacidad":0.42}},{"type":"Feature","geometry":{"type":"Point","coordinates":[20.522,38.262]},"properties":{"id":"emma:GR010","codigo":"GR010","region":"IONION ISLANDS","pais_iso2":"GR","nivel":3,"en_curso":true,"tipos":["Lluvia","Tormentas"],"url":"https://meteoalarm.org?geocode=EMMA_ID:GR010","fecha_utc":"2026-10-10T18:01:00+00:00","leido_utc":"2026-10-11T00:30:03Z","avisos":[{"tipo":"Tormentas","nivel":3,"desde":"2026-10-10T18:01:00+00:00","hasta":"2026-10-11T10:00:00+00:00","severidad_cap":"Severe"},{"tipo":"Lluvia","nivel":3,"desde":"2026-10-10T21:00:00+00:00","hasta":"2026-10-11T09:00:00+00:00","severidad_cap":"Severe"}],"k":"region"}},{"type":"Feature","geometry":{"type":"Polygon","coordinates":[[[21.279,39.862],[21.129,39.664],[21.195,39.48],[21.289,39.371],[21.388,39.336],[21.411,39.275],[21.366,39.176],[21.112,39.051],[20.706,39.001],[20.305,39.31],[20.22,39.436],[20.258,39.504],[20.185,39.638],[20.4,39.812],[20.406,39.876],[20.535,40.096],[20.801,40.36],[20.87,40.346],[20.987,40.21],[20.983,40.098],[21.101,39.882],[21.279,39.862]]]},"properties":{"id":"emma:GR008","codigo":"GR008","region":"EPIRUS","pais_iso2":"GR","nivel":3,"en_curso":true,"tipos":["Tormentas"],"url":"https://meteoalarm.org?geocode=EMMA_ID:GR008","fecha_utc":"2026-10-10T12:00:00+00:00","leido_utc":"2026-10-11T00:30:03Z","avisos":[{"tipo":"Tormentas","nivel":3,"desde":"2026-10-10T20:59:00+00:00","hasta":"2026-10-11T10:00:00+00:00","severidad_cap":"Severe"},{"tipo":"Lluvia","nivel":2,"desde":"2026-10-10T12:00:00+00:00","hasta":"2026-10-11T15:00:00+00:00","severidad_cap":"Moderate"}],"k":"zona","opacidad":0.42}},{"type":"Feature","geometry":{"type":"Point","coordinates":[20.747,39.738]},"properties":{"id":"emma:GR008","codigo":"GR008","region":"EPIRUS","pais_iso2":"GR","nivel":3,"en_curso":true,"tipos":["Tormentas"],"url":"https://meteoalarm.org?geocode=EMMA_ID:GR008","fecha_utc":"2026-10-10T12:00:00+00:00","leido_utc":"2026-10-11T00:30:03Z","avisos":[{"tipo":"Tormentas","nivel":3,"desde":"2026-10-10T20:59:00+00:00","hasta":"2026-10-11T10:00:00+00:00","severidad_cap":"Severe"},{"tipo":"Lluvia","nivel":2,"desde":"2026-10-10T12:00:00+00:00","hasta":"2026-10-11T15:00:00+00:00","severidad_cap":"Moderate"}],"k":"region"}},{"type":"Feature","geometry":{"type":"Polygon","coordinates":[[[23.725,40.751],[23.694,40.661],[23.819,40.446],[23.4,40.282],[23.334,40.196],[23.471,40.047],[23.739,39.927],[23.708,39.909],[23.456,39.962],[23.367,40.011],[22.937,40.482],[22.921,40.504],[22.969,40.535],[22.965,40.576],[22.892,40.639],[22.596,40.473],[22.548,40.158],[22.594,40.014],[22.662,39.965],[22.528,39.955],[22.354,40.098],[22.154,40.202],[22.167,40.307],[21.916,40.518],[21.729,40.823],[21.738,40.881],[21.957,41.115],[22.277,41.163],[22.474,41.121],[22.718,41.147],[22.867,41.316],[22.948,41.207],[23.356,40.877],[23.725,40.751]]]},"properties":{"id":"emma:GR007","codigo":"GR007","region":"CENTRAL MAKEDONIA","pais_iso2":"GR","nivel":2,"en_curso":false,"tipos":["Lluvia","Tormentas"],"url":"https://meteoalarm.org?geocode=EMMA_ID:GR007","fecha_utc":"2026-10-11T03:00:00+00:00","leido_utc":"2026-10-11T00:30:03Z","avisos":[{"tipo":"Lluvia","nivel":2,"desde":"2026-10-11T03:00:00+00:00","hasta":"2026-10-11T20:59:00+00:00","severidad_cap":"Moderate"},{"tipo":"Tormentas","nivel":2,"desde":"2026-10-11T04:00:00+00:00","hasta":"2026-10-11T22:00:00+00:00","severidad_cap":"Moderate"}],"k":"zona","opacidad":0.22}},{"type":"Feature","geometry":{"type":"Point","coordinates":[22.349,40.607]},"properties":{"id":"emma:GR007","codigo":"GR007","region":"CENTRAL MAKEDONIA","pais_iso2":"GR","nivel":2,"en_curso":false,"tipos":["Lluvia","Tormentas"],"url":"https://meteoalarm.org?geocode=EMMA_ID:GR007","fecha_utc":"2026-10-11T03:00:00+00:00","leido_utc":"2026-10-11T00:30:03Z","avisos":[{"tipo":"Lluvia","nivel":2,"desde":"2026-10-11T03:00:00+00:00","hasta":"2026-10-11T20:59:00+00:00","severidad_cap":"Moderate"},{"tipo":"Tormentas","nivel":2,"desde":"2026-10-11T04:00:00+00:00","hasta":"2026-10-11T22:00:00+00:00","severidad_cap":"Moderate"}],"k":"region"}},{"type":"Feature","geometry":{"type":"MultiPolygon","coordinates":[[[[24.68,40.584],[24.522,40.627],[24.55,40.734],[24.641,40.796],[24.778,40.739],[24.68,40.584]]],[[[24.82,40.865],[24.576,40.882],[24.311,40.829],[24.067,40.717],[23.725,40.751],[23.356,40.877],[22.948,41.207],[22.867,41.316],[22.958,41.349],[23.207,41.329],[23.919,41.45],[24.059,41.492],[24.113,41.557],[24.549,41.554],[24.792,41.376],[24.605,41.279],[24.606,41.246],[24.82,40.865]]]]},"properties":{"id":"emma:GR005","codigo":"GR005","region":"EAST MAKEDONIA","pais_iso2":"GR","nivel":2,"en_curso":false,"tipos":["Lluvia","Tormentas"],"url":"https://meteoalarm.org?geocode=EMMA_ID:GR005","fecha_utc":"2026-10-11T12:00:00+00:00","leido_utc":"2026-10-11T00:30:03Z","avisos":[{"tipo":"Tormentas","nivel":2,"desde":"2026-10-11T12:00:00+00:00","hasta":"2026-10-12T06:00:00+00:00","severidad_cap":"Moderate"},{"tipo":"Lluvia","nivel":2,"desde":"2026-10-11T15:00:00+00:00","hasta":"2026-10-12T03:00:00+00:00","severidad_cap":"Moderate"}],"k":"zona","opacidad":0.22}},{"type":"Feature","geometry":{"type":"Point","coordinates":[23.934,41.044]},"properties":{"id":"emma:GR005","codigo":"GR005","region":"EAST MAKEDONIA","pais_iso2":"GR","nivel":2,"en_curso":false,"tipos":["Lluvia","Tormentas"],"url":"https://meteoalarm.org?geocode=EMMA_ID:GR005","fecha_utc":"2026-10-11T12:00:00+00:00","leido_utc":"2026-10-11T00:30:03Z","avisos":[{"tipo":"Tormentas","nivel":2,"desde":"2026-10-11T12:00:00+00:00","hasta":"2026-10-12T06:00:00+00:00","severidad_cap":"Moderate"},{"tipo":"Lluvia","nivel":2,"desde":"2026-10-11T15:00:00+00:00","hasta":"2026-10-12T03:00:00+00:00","severidad_cap":"Moderate"}],"k":"region"}},{"type":"Feature","geometry":{"type":"MultiPolygon","coordinates":[[[[25.626,40.407],[25.554,40.403],[25.46,40.487],[25.567,40.514],[25.689,40.467],[25.626,40.407]]],[[[26.347,41.714],[26.582,41.611],[26.64,41.381],[26.3,40.945],[26.088,40.735],[26.051,40.735],[26.036,40.829],[25.058,40.992],[24.82,40.865],[24.612,41.216],[24.605,41.279],[24.825,41.399],[24.908,41.413],[25.251,41.292],[25.887,41.309],[26.103,41.356],[26.197,41.442],[26.195,41.483],[26.145,41.623],[26.074,41.663],[26.069,41.709],[26.16,41.751],[26.347,41.714]]]]},"properties":{"id":"emma:GR004","codigo":"GR004","region":"THRAKI","pais_iso2":"GR","nivel":2,"en_curso":false,"tipos":["Lluvia","Tormentas"],"url":"https://meteoalarm.org?geocode=EMMA_ID:GR004","fecha_utc":"2026-10-11T20:00:00+00:00","leido_utc":"2026-10-11T00:30:03Z","avisos":[{"tipo":"Tormentas","nivel":2,"desde":"2026-10-11T20:00:00+00:00","hasta":"2026-10-12T09:00:00+00:00","severidad_cap":"Moderate"},{"tipo":"Lluvia","nivel":2,"desde":"2026-10-11T21:00:00+00:00","hasta":"2026-10-12T09:00:00+00:00","severidad_cap":"Moderate"}],"k":"zona","opacidad":0.22}},{"type":"Feature","geometry":{"type":"Point","coordinates":[25.572,41.248]},"properties":{"id":"emma:GR004","codigo":"GR004","region":"THRAKI","pais_iso2":"GR","nivel":2,"en_curso":false,"tipos":["Lluvia","Tormentas"],"url":"https://meteoalarm.org?geocode=EMMA_ID:GR004","fecha_utc":"2026-10-11T20:00:00+00:00","leido_utc":"2026-10-11T00:30:03Z","avisos":[{"tipo":"Tormentas","nivel":2,"desde":"2026-10-11T20:00:00+00:00","hasta":"2026-10-12T09:00:00+00:00","severidad_cap":"Moderate"},{"tipo":"Lluvia","nivel":2,"desde":"2026-10-11T21:00:00+00:00","hasta":"2026-10-12T09:00:00+00:00","severidad_cap":"Moderate"}],"k":"region"}},{"type":"Feature","geometry":{"type":"Polygon","coordinates":[[[21.929,39.063],[21.868,39.014],[21.853,38.93],[21.969,38.758],[22.01,38.572],[21.995,38.504],[21.869,38.377],[21.501,38.307],[21.126,38.406],[20.992,38.679],[21.152,38.92],[21.16,38.98],[21.112,39.051],[21.366,39.176],[21.929,39.063]]]},"properties":{"id":"emma:GR002","codigo":"GR002","region":"WEST STEREA","pais_iso2":"GR","nivel":3,"en_curso":true,"tipos":["Tormentas"],"url":"https://meteoalarm.org?geocode=EMMA_ID:GR002","fecha_utc":"2026-10-10T20:59:00+00:00","leido_utc":"2026-10-11T00:30:03Z","avisos":[{"tipo":"Tormentas","nivel":3,"desde":"2026-10-10T20:59:00+00:00","hasta":"2026-10-11T10:00:00+00:00","severidad_cap":"Severe"},{"tipo":"Lluvia","nivel":2,"desde":"2026-10-10T22:00:00+00:00","hasta":"2026-10-11T15:00:00+00:00","severidad_cap":"Moderate"},{"tipo":"Tormentas","nivel":2,"desde":"2026-10-11T10:00:00+00:00","hasta":"2026-10-11T18:00:00+00:00","severidad_cap":"Moderate"}],"k":"zona","opacidad":0.42}},{"type":"Feature","geometry":{"type":"Point","coordinates":[21.498,38.719]},"properties":{"id":"emma:GR002","codigo":"GR002","region":"WEST STEREA","pais_iso2":"GR","nivel":3,"en_curso":true,"tipos":["Tormentas"],"url":"https://meteoalarm.org?geocode=EMMA_ID:GR002","fecha_utc":"2026-10-10T20:59:00+00:00","leido_utc":"2026-10-11T00:30:03Z","avisos":[{"tipo":"Tormentas","nivel":3,"desde":"2026-10-10T20:59:00+00:00","hasta":"2026-10-11T10:00:00+00:00","severidad_cap":"Severe"},{"tipo":"Lluvia","nivel":2,"desde":"2026-10-10T22:00:00+00:00","hasta":"2026-10-11T15:00:00+00:00","severidad_cap":"Moderate"},{"tipo":"Tormentas","nivel":2,"desde":"2026-10-11T10:00:00+00:00","hasta":"2026-10-11T18:00:00+00:00","severidad_cap":"Moderate"}],"k":"region"}},{"type":"Feature","geometry":{"type":"MultiPolygon","coordinates":[[[[23.054,36.138],[22.942,36.164],[22.908,36.228],[22.933,36.284],[23.101,36.246],[23.054,36.138]]],[[[22.973,36.512],[22.976,36.459],[22.924,36.474],[22.942,36.498],[22.973,36.512]]],[[[23.156,37.252],[23.117,37.248],[23.107,37.277],[23.156,37.252]]],[[[23.558,37.354],[23.37,37.297],[23.496,37.363],[23.558,37.354]]],[[[23.51,37.517],[23.481,37.5],[23.446,37.514],[23.48,37.535],[23.51,37.517]]],[[[23.493,37.682],[23.455,37.681],[23.426,37.751],[23.527,37.773],[23.552,37.758],[23.493,37.682]]],[[[22.973,36.512],[22.783,36.792],[22.746,36.805],[22.578,36.781],[22.479,36.619],[22.471,36.523],[22.393,36.546],[22.339,36.723],[22.392,36.821],[22.348,36.984],[22.275,37.129],[22.248,37.156],[22.174,37.15],[22.035,37.27],[21.814,37.578],[21.797,37.74],[21.832,37.829],[21.891,37.855],[22.051,37.791],[22.255,37.84],[22.365,38.035],[22.374,38.146],[23.117,38.049],[23.161,37.955],[23.113,37.876],[23.15,37.621],[22.792,37.589],[22.785,37.554],[22.818,37.316],[22.995,37.036],[23.197,36.446],[23.106,36.437],[22.973,36.512]]]]},"properties":{"id":"emma:GR015","codigo":"GR015","region":"EAST PELOPONNISOS","pais_iso2":"GR","nivel":2,"en_curso":false,"tipos":["Tormentas"],"url":"https://meteoalarm.org?geocode=EMMA_ID:GR015","fecha_utc":"2026-10-11T11:00:00+00:00","leido_utc":"2026-10-11T00:30:03Z","avisos":[{"tipo":"Tormentas","nivel":2,"desde":"2026-10-11T11:00:00+00:00","hasta":"2026-10-11T15:00:00+00:00","severidad_cap":"Moderate"}],"k":"zona","opacidad":0.22}},{"type":"Feature","geometry":{"type":"Point","coordinates":[22.426,37.293]},"properties":{"id":"emma:GR015","codigo":"GR015","region":"EAST PELOPONNISOS","pais_iso2":"GR","nivel":2,"en_curso":false,"tipos":["Tormentas"],"url":"https://meteoalarm.org?geocode=EMMA_ID:GR015","fecha_utc":"2026-10-11T11:00:00+00:00","leido_utc":"2026-10-11T00:30:03Z","avisos":[{"tipo":"Tormentas","nivel":2,"desde":"2026-10-11T11:00:00+00:00","hasta":"2026-10-11T15:00:00+00:00","severidad_cap":"Moderate"}],"k":"region"}},{"type":"Feature","geometry":{"type":"MultiPolygon","coordinates":[[[[26.52,37.609],[26.494,37.538],[26.482,37.607],[26.52,37.609]]],[[[26.065,37.519],[25.981,37.517],[25.984,37.547],[26.091,37.636],[26.288,37.612],[26.065,37.519]]],[[[26.885,37.646],[26.606,37.676],[26.572,37.728],[26.67,37.792],[26.94,37.764],[26.976,37.705],[26.885,37.646]]],[[[25.989,38.604],[26.141,38.552],[26.139,38.326],[26.089,38.225],[26.005,38.155],[25.872,38.236],[25.835,38.556],[25.989,38.604]]],[[[25.607,38.554],[25.561,38.541],[25.543,38.604],[25.599,38.603],[25.607,38.554]]],[[[26.436,38.966],[26.134,39.038],[25.886,39.144],[25.837,39.195],[25.928,39.285],[26.188,39.379],[26.303,39.374],[26.403,39.326],[26.605,39.05],[26.568,38.992],[26.436,38.966]]],[[[25.05,39.522],[24.979,39.478],[24.993,39.549],[25.05,39.522]]],[[[25.197,39.803],[25.051,39.838],[25.038,39.989],[25.434,40.031],[25.433,39.981],[25.197,39.803]]]]},"properties":{"id":"emma:GR014","codigo":"GR014","region":"NORTH EAST AEGEAN ISLANDS","pais_iso2":"GR","nivel":2,"en_curso":false,"tipos":["Tormentas"],"url":"https://meteoalarm.org?geocode=EMMA_ID:GR014","fecha_utc":"2026-10-11T21:00:00+00:00","leido_utc":"2026-10-11T00:30:03Z","avisos":[{"tipo":"Tormentas","nivel":2,"desde":"2026-10-11T21:00:00+00:00","hasta":"2026-10-12T12:00:00+00:00","severidad_cap":"Moderate"}],"k":"zona","opacidad":0.22}},{"type":"Feature","geometry":{"type":"Point","coordinates":[26.19,39.169]},"properties":{"id":"emma:GR014","codigo":"GR014","region":"NORTH EAST AEGEAN ISLANDS","pais_iso2":"GR","nivel":2,"en_curso":false,"tipos":["Tormentas"],"url":"https://meteoalarm.org?geocode=EMMA_ID:GR014","fecha_utc":"2026-10-11T21:00:00+00:00","leido_utc":"2026-10-11T00:30:03Z","avisos":[{"tipo":"Tormentas","nivel":2,"desde":"2026-10-11T21:00:00+00:00","hasta":"2026-10-12T12:00:00+00:00","severidad_cap":"Moderate"}],"k":"region"}},{"type":"Feature","geometry":{"type":"Polygon","coordinates":[[[22.154,40.202],[21.921,39.857],[21.157,39.861],[21.101,39.882],[21.023,40.001],[20.983,40.098],[20.987,40.21],[20.87,40.346],[20.801,40.36],[21.049,40.569],[21.055,40.696],[20.984,40.847],[21.777,40.931],[21.738,40.881],[21.742,40.784],[21.916,40.518],[22.167,40.307],[22.154,40.202]]]},"properties":{"id":"emma:GR006","codigo":"GR006","region":"WEST MAKEDONIA","pais_iso2":"GR","nivel":2,"en_curso":false,"tipos":["Tormentas"],"url":"https://meteoalarm.org?geocode=EMMA_ID:GR006","fecha_utc":"2026-10-11T03:00:00+00:00","leido_utc":"2026-10-11T00:30:03Z","avisos":[{"tipo":"Tormentas","nivel":2,"desde":"2026-10-11T03:00:00+00:00","hasta":"2026-10-11T15:00:00+00:00","severidad_cap":"Moderate"}],"k":"zona","opacidad":0.22}},{"type":"Feature","geometry":{"type":"Point","coordinates":[21.453,40.439]},"properties":{"id":"emma:GR006","codigo":"GR006","region":"WEST MAKEDONIA","pais_iso2":"GR","nivel":2,"en_curso":false,"tipos":["Tormentas"],"url":"https://meteoalarm.org?geocode=EMMA_ID:GR006","fecha_utc":"2026-10-11T03:00:00+00:00","leido_utc":"2026-10-11T00:30:03Z","avisos":[{"tipo":"Tormentas","nivel":2,"desde":"2026-10-11T03:00:00+00:00","hasta":"2026-10-11T15:00:00+00:00","severidad_cap":"Moderate"}],"k":"region"}},{"type":"Feature","geometry":{"type":"MultiPolygon","coordinates":[[[[23.736,39.077],[23.647,39.104],[23.631,39.188],[23.777,39.129],[23.736,39.077]]],[[[23.492,39.157],[23.454,39.136],[23.389,39.156],[23.459,39.211],[23.492,39.157]]],[[[23.973,39.267],[23.965,39.165],[23.929,39.182],[23.836,39.143],[23.946,39.282],[23.973,39.267]]],[[[24.088,39.306],[24.055,39.299],[24.06,39.363],[24.088,39.355],[24.088,39.306]]],[[[22.528,39.955],[22.699,39.952],[22.981,39.561],[23.086,39.502],[23.254,39.332],[23.342,39.182],[23.319,39.155],[23.137,39.091],[23.052,39.1],[23.064,39.133],[23.104,39.144],[23.101,39.104],[23.172,39.143],[23.203,39.2],[23.134,39.293],[22.943,39.356],[22.822,39.272],[22.816,39.236],[22.869,39.144],[23.058,39.026],[22.969,38.978],[22.032,39.033],[21.395,39.165],[21.366,39.176],[21.416,39.306],[21.358,39.359],[21.289,39.371],[21.216,39.453],[21.129,39.664],[21.279,39.862],[21.921,39.857],[22.154,40.202],[22.354,40.098],[22.528,39.955]]]]},"properties":{"id":"emma:GR001","codigo":"GR001","region":"THESSALIA","pais_iso2":"GR","nivel":2,"en_curso":false,"tipos":["Tormentas"],"url":"https://meteoalarm.org?geocode=EMMA_ID:GR001","fecha_utc":"2026-10-11T10:00:00+00:00","leido_utc":"2026-10-11T00:30:03Z","avisos":[{"tipo":"Tormentas","nivel":2,"desde":"2026-10-11T10:00:00+00:00","hasta":"2026-10-11T18:00:00+00:00","severidad_cap":"Moderate"}],"k":"zona","opacidad":0.22}},{"type":"Feature","geometry":{"type":"Point","coordinates":[22.047,39.613]},"properties":{"id":"emma:GR001","codigo":"GR001","region":"THESSALIA","pais_iso2":"GR","nivel":2,"en_curso":false,"tipos":["Tormentas"],"url":"https://meteoalarm.org?geocode=EMMA_ID:GR001","fecha_utc":"2026-10-11T10:00:00+00:00","leido_utc":"2026-10-11T00:30:03Z","avisos":[{"tipo":"Tormentas","nivel":2,"desde":"2026-10-11T10:00:00+00:00","hasta":"2026-10-11T18:00:00+00:00","severidad_cap":"Moderate"}],"k":"region"}},{"type":"Feature","geometry":{"type":"Polygon","coordinates":[[[9.617,41.084],[9.484,41.247],[9.354,41.338],[9.288,41.236],[9.224,41.272],[9.133,41.246],[9.159,41.169],[8.999,41.117],[8.786,40.923],[8.714,40.924],[8.568,40.838],[8.463,40.821],[8.267,40.885],[8.239,40.926],[8.359,41.099],[8.322,41.128],[8.264,41.105],[8.195,41.007],[8.17,40.937],[8.211,40.894],[8.127,40.724],[8.194,40.683],[8.129,40.624],[8.157,40.556],[8.292,40.589],[8.337,40.498],[8.369,40.491],[8.376,40.335],[8.469,40.285],[8.451,40.145],[8.479,40.091],[8.269,39.985],[8.43,39.854],[8.443,39.62],[8.378,39.468],[8.363,39.238],[8.197,39.153],[8.35,39.055],[8.408,38.951],[8.648,38.86],[8.863,38.877],[9.02,38.981],[9.051,39.058],[9.027,39.151],[9.097,39.207],[9.159,39.175],[9.192,39.22],[9.297,39.212],[9.437,39.12],[9.493,39.131],[9.53,39.077],[9.535,39.121],[9.608,39.131],[9.572,39.218],[9.606,39.289],[9.639,39.294],[9.606,39.322],[9.645,39.434],[9.694,39.892],[9.725,39.929],[9.695,39.955],[9.748,40.089],[9.669,40.14],[9.639,40.221],[9.684,40.324],[9.782,40.389],[9.842,40.531],[9.769,40.604],[9.7,40.781],[9.775,40.925],[9.617,41.046],[9.617,41.084]]]},"properties":{"id":"emma:IT019","codigo":"IT019","region":"Sardegna","pais_iso2":"IT","nivel":2,"en_curso":true,"tipos":["Tormentas","Viento"],"url":"https://meteoalarm.org?geocode=EMMA_ID:IT019","fecha_utc":"2026-10-10T09:00:00+00:00","leido_utc":"2026-10-11T00:30:03Z","avisos":[{"tipo":"Viento","nivel":2,"desde":"2026-10-10T09:00:00+00:00","hasta":"2026-10-11T23:59:00+00:00","severidad_cap":"Moderate"},{"tipo":"Viento","nivel":2,"desde":"2026-10-11T00:00:00+00:00","hasta":"2026-10-11T23:59:00+00:00","severidad_cap":"Moderate"},{"tipo":"Tormentas","nivel":2,"desde":"2026-10-12T00:00:00+00:00","hasta":"2026-10-12T17:59:00+00:00","severidad_cap":"Moderate"}],"k":"zona","opacidad":0.42}},{"type":"Feature","geometry":{"type":"Point","coordinates":[9.086,40.116]},"properties":{"id":"emma:IT019","codigo":"IT019","region":"Sardegna","pais_iso2":"IT","nivel":2,"en_curso":true,"tipos":["Tormentas","Viento"],"url":"https://meteoalarm.org?geocode=EMMA_ID:IT019","fecha_utc":"2026-10-10T09:00:00+00:00","leido_utc":"2026-10-11T00:30:03Z","avisos":[{"tipo":"Viento","nivel":2,"desde":"2026-10-10T09:00:00+00:00","hasta":"2026-10-11T23:59:00+00:00","severidad_cap":"Moderate"},{"tipo":"Viento","nivel":2,"desde":"2026-10-11T00:00:00+00:00","hasta":"2026-10-11T23:59:00+00:00","severidad_cap":"Moderate"},{"tipo":"Tormentas","nivel":2,"desde":"2026-10-12T00:00:00+00:00","hasta":"2026-10-12T17:59:00+00:00","severidad_cap":"Moderate"}],"k":"region"}},{"type":"Feature","geometry":{"type":"Polygon","coordinates":[[[15.66,38.274],[15.538,38.306],[15.28,38.211],[15.246,38.276],[15.221,38.273],[15.226,38.218],[15.179,38.161],[15.095,38.122],[14.916,38.198],[14.747,38.17],[14.641,38.081],[14.317,38.013],[14.02,38.045],[13.746,37.973],[13.569,38.04],[13.54,38.12],[13.44,38.096],[13.318,38.231],[13.087,38.193],[13.05,38.139],[13.074,38.089],[12.893,38.03],[12.766,38.189],[12.721,38.194],[12.705,38.111],[12.656,38.12],[12.656,38.092],[12.487,38.016],[12.471,37.934],[12.336,38.024],[12.021,37.996],[12.036,37.949],[12.423,37.892],[12.416,37.798],[12.465,37.708],[12.527,37.652],[12.565,37.659],[12.67,37.553],[12.81,37.579],[12.949,37.564],[13.016,37.49],[13.158,37.492],[13.434,37.296],[13.55,37.284],[13.66,37.192],[13.83,37.139],[13.871,37.099],[14.075,37.108],[14.247,37.061],[14.357,36.975],[14.493,36.784],[14.785,36.699],[15.001,36.702],[15.079,36.641],[15.16,36.679],[15.1,36.782],[15.162,36.91],[15.349,37.005],[15.293,37.112],[15.213,37.157],[15.216,37.21],[15.267,37.238],[15.201,37.298],[15.101,37.319],[15.092,37.479],[15.179,37.574],[15.221,37.752],[15.299,37.863],[15.486,38.059],[15.591,38.242],[15.66,38.274]]]},"properties":{"id":"emma:IT018","codigo":"IT018","region":"Sicilia","pais_iso2":"IT","nivel":2,"en_curso":true,"tipos":["Lluvia","Tormentas","Viento"],"url":"https://meteoalarm.org?geocode=EMMA_ID:IT018","fecha_utc":"2026-10-11T00:00:00+00:00","leido_utc":"2026-10-11T00:30:03Z","avisos":[{"tipo":"Viento","nivel":2,"desde":"2026-10-11T00:00:00+00:00","hasta":"2026-10-11T23:59:00+00:00","severidad_cap":"Moderate"},{"tipo":"Tormentas","nivel":2,"desde":"2026-10-11T00:00:00+00:00","hasta":"2026-10-11T11:59:00+00:00","severidad_cap":"Moderate"},{"tipo":"Lluvia","nivel":2,"desde":"2026-10-12T12:00:00+00:00","hasta":"2026-10-12T21:59:00+00:00","severidad_cap":"Moderate"},{"tipo":"Tormentas","nivel":2,"desde":"2026-10-12T12:00:00+00:00","hasta":"2026-10-12T21:59:00+00:00","severidad_cap":"Moderate"}],"k":"zona","opacidad":0.42}},{"type":"Feature","geometry":{"type":"Point","coordinates":[14.193,37.399]},"properties":{"id":"emma:IT018","codigo":"IT018","region":"Sicilia","pais_iso2":"IT","nivel":2,"en_curso":true,"tipos":["Lluvia","Tormentas","Viento"],"url":"https://meteoalarm.org?geocode=EMMA_ID:IT018","fecha_utc":"2026-10-11T00:00:00+00:00","leido_utc":"2026-10-11T00:30:03Z","avisos":[{"tipo":"Viento","nivel":2,"desde":"2026-10-11T00:00:00+00:00","hasta":"2026-10-11T23:59:00+00:00","severidad_cap":"Moderate"},{"tipo":"Tormentas","nivel":2,"desde":"2026-10-11T00:00:00+00:00","hasta":"2026-10-11T11:59:00+00:00","severidad_cap":"Moderate"},{"tipo":"Lluvia","nivel":2,"desde":"2026-10-12T12:00:00+00:00","hasta":"2026-10-12T21:59:00+00:00","severidad_cap":"Moderate"},{"tipo":"Tormentas","nivel":2,"desde":"2026-10-12T12:00:00+00:00","hasta":"2026-10-12T21:59:00+00:00","severidad_cap":"Moderate"}],"k":"region"}},{"type":"Feature","geometry":{"type":"Polygon","coordinates":[[[16.648,40.117],[16.421,40.143],[16.35,39.899],[16.31,39.935],[16.048,39.898],[16.016,39.941],[16.032,39.996],[15.849,40.007],[15.751,39.921],[15.805,39.678],[15.881,39.542],[15.992,39.443],[16.094,39.032],[16.213,38.923],[16.22,38.847],[16.182,38.748],[16.139,38.721],[15.984,38.723],[15.848,38.664],[15.821,38.621],[15.928,38.544],[15.909,38.475],[15.806,38.291],[15.629,38.23],[15.653,38.156],[15.634,38.02],[15.724,37.928],[15.992,37.913],[16.084,37.941],[16.164,38.119],[16.301,38.268],[16.498,38.356],[16.575,38.428],[16.536,38.711],[16.609,38.808],[16.81,38.906],[16.976,38.938],[17.094,38.892],[17.211,39.026],[17.155,39.044],[17.11,39.111],[17.151,39.206],[17.113,39.287],[17.159,39.403],[16.758,39.627],[16.619,39.622],[16.529,39.668],[16.532,39.722],[16.487,39.791],[16.634,39.961],[16.601,40.042],[16.648,40.117]]]},"properties":{"id":"emma:IT001","codigo":"IT001","region":"Calabria","pais_iso2":"IT","nivel":2,"en_curso":true,"tipos":["Lluvia","Tormentas"],"url":"https://meteoalarm.org?geocode=EMMA_ID:IT001","fecha_utc":"2026-10-11T00:00:00+00:00","leido_utc":"2026-10-11T00:30:03Z","avisos":[{"tipo":"Tormentas","nivel":2,"desde":"2026-10-11T00:00:00+00:00","hasta":"2026-10-11T17:59:00+00:00","severidad_cap":"Moderate"},{"tipo":"Lluvia","nivel":2,"desde":"2026-10-12T00:00:00+00:00","hasta":"2026-10-12T21:59:00+00:00","severidad_cap":"Moderate"},{"tipo":"Tormentas","nivel":2,"desde":"2026-10-12T00:00:00+00:00","hasta":"2026-10-12T21:59:00+00:00","severidad_cap":"Moderate"}],"k":"zona","opacidad":0.42}},{"type":"Feature","geometry":{"type":"Point","coordinates":[16.649,39.029]},"properties":{"id":"emma:IT001","codigo":"IT001","region":"Calabria","pais_iso2":"IT","nivel":2,"en_curso":true,"tipos":["Lluvia","Tormentas"],"url":"https://meteoalarm.org?geocode=EMMA_ID:IT001","fecha_utc":"2026-10-11T00:00:00+00:00","leido_utc":"2026-10-11T00:30:03Z","avisos":[{"tipo":"Tormentas","nivel":2,"desde":"2026-10-11T00:00:00+00:00","hasta":"2026-10-11T17:59:00+00:00","severidad_cap":"Moderate"},{"tipo":"Lluvia","nivel":2,"desde":"2026-10-12T00:00:00+00:00","hasta":"2026-10-12T21:59:00+00:00","severidad_cap":"Moderate"},{"tipo":"Tormentas","nivel":2,"desde":"2026-10-12T00:00:00+00:00","hasta":"2026-10-12T21:59:00+00:00","severidad_cap":"Moderate"}],"k":"region"}},{"type":"Feature","geometry":{"type":"Polygon","coordinates":[[[16.87,40.395],[16.999,40.494],[17.116,40.516],[17.144,40.507],[17.138,40.45],[17.201,40.408],[17.498,40.292],[17.869,40.267],[18.01,40.106],[17.94,40.046],[18.016,40.033],[17.992,39.998],[18.039,39.934],[18.348,39.787],[18.392,39.817],[18.412,39.976],[18.522,40.106],[18.43,40.29],[18.237,40.452],[18.079,40.541],[18.023,40.644],[17.484,40.835],[17.098,41.07],[15.968,41.455],[15.905,41.536],[15.909,41.617],[16.194,41.777],[16.188,41.889],[16.144,41.915],[16.012,41.951],[15.424,41.903],[15.139,41.928],[15.102,41.742],[15.155,41.707],[15.02,41.624],[14.953,41.646],[14.935,41.533],[15.099,41.421],[15.06,41.36],[15.147,41.284],[15.273,41.257],[15.214,41.162],[15.241,41.134],[15.32,41.091],[15.401,41.102],[15.542,41.055],[15.568,41.094],[15.763,41.089],[15.853,41.132],[15.948,41.106],[16.045,41.032],[15.97,40.963],[16.113,40.9],[16.163,40.932],[16.41,40.701],[16.566,40.764],[16.722,40.713],[16.73,40.474],[16.87,40.395]]]},"properties":{"id":"emma:IT015","codigo":"IT015","region":"Puglia","pais_iso2":"IT","nivel":2,"en_curso":true,"tipos":["Lluvia","Tormentas"],"url":"https://meteoalarm.org?geocode=EMMA_ID:IT015","fecha_utc":"2026-10-11T00:00:00+00:00","leido_utc":"2026-10-11T00:30:03Z","avisos":[{"tipo":"Lluvia","nivel":2,"desde":"2026-10-11T00:00:00+00:00","hasta":"2026-10-11T17:59:00+00:00","severidad_cap":"Moderate"},{"tipo":"Tormentas","nivel":2,"desde":"2026-10-11T00:00:00+00:00","hasta":"2026-10-11T17:59:00+00:00","severidad_cap":"Moderate"}],"k":"zona","opacidad":0.42}},{"type":"Feature","geometry":{"type":"Point","coordinates":[16.831,40.867]},"properties":{"id":"emma:IT015","codigo":"IT015","region":"Puglia","pais_iso2":"IT","nivel":2,"en_curso":true,"tipos":["Lluvia","Tormentas"],"url":"https://meteoalarm.org?geocode=EMMA_ID:IT015","fecha_utc":"2026-10-11T00:00:00+00:00","leido_utc":"2026-10-11T00:30:03Z","avisos":[{"tipo":"Lluvia","nivel":2,"desde":"2026-10-11T00:00:00+00:00","hasta":"2026-10-11T17:59:00+00:00","severidad_cap":"Moderate"},{"tipo":"Tormentas","nivel":2,"desde":"2026-10-11T00:00:00+00:00","hasta":"2026-10-11T17:59:00+00:00","severidad_cap":"Moderate"}],"k":"region"}},{"type":"Feature","geometry":{"type":"Polygon","coordinates":[[[15.139,41.928],[15.006,42.008],[14.783,42.072],[14.777,42.028],[14.479,41.755],[14.432,41.848],[14.282,41.911],[14.149,41.828],[14.198,41.758],[14.12,41.742],[14.115,41.707],[14.085,41.742],[14.018,41.684],[13.942,41.687],[13.997,41.641],[14.015,41.545],[13.98,41.465],[14.045,41.399],[14.118,41.388],[14.078,41.451],[14.123,41.507],[14.613,41.367],[14.786,41.451],[14.855,41.424],[15.009,41.485],[14.935,41.533],[14.953,41.646],[15.02,41.624],[15.155,41.707],[15.102,41.742],[15.139,41.928]]]},"properties":{"id":"emma:IT014","codigo":"IT014","region":"Molise","pais_iso2":"IT","nivel":2,"en_curso":true,"tipos":["Tormentas"],"url":"https://meteoalarm.org?geocode=EMMA_ID:IT014","fecha_utc":"2026-10-11T00:00:00+00:00","leido_utc":"2026-10-11T00:30:03Z","avisos":[{"tipo":"Tormentas","nivel":2,"desde":"2026-10-11T00:00:00+00:00","hasta":"2026-10-11T11:59:00+00:00","severidad_cap":"Moderate"}],"k":"zona","opacidad":0.42}},{"type":"Feature","geometry":{"type":"Point","coordinates":[14.623,41.725]},"properties":{"id":"emma:IT014","codigo":"IT014","region":"Molise","pais_iso2":"IT","nivel":2,"en_curso":true,"tipos":["Tormentas"],"url":"https://meteoalarm.org?geocode=EMMA_ID:IT014","fecha_utc":"2026-10-11T00:00:00+00:00","leido_utc":"2026-10-11T00:30:03Z","avisos":[{"tipo":"Tormentas","nivel":2,"desde":"2026-10-11T00:00:00+00:00","hasta":"2026-10-11T11:59:00+00:00","severidad_cap":"Moderate"}],"k":"region"}},{"type":"Feature","geometry":{"type":"Polygon","coordinates":[[[14.783,42.072],[14.728,42.108],[14.721,42.178],[14.511,42.257],[14.426,42.354],[14.192,42.494],[14.082,42.601],[13.919,42.899],[13.718,42.852],[13.644,42.799],[13.539,42.815],[13.493,42.74],[13.359,42.696],[13.351,42.667],[13.408,42.641],[13.39,42.589],[13.189,42.588],[13.127,42.421],[13.364,42.178],[13.268,42.127],[13.094,42.182],[13.011,42.073],[13.056,42.018],[13.379,41.915],[13.379,41.82],[13.573,41.753],[13.658,41.81],[13.942,41.687],[14.018,41.684],[14.085,41.742],[14.115,41.707],[14.12,41.742],[14.198,41.758],[14.149,41.828],[14.282,41.911],[14.432,41.848],[14.479,41.755],[14.777,42.028],[14.783,42.072]]]},"properties":{"id":"emma:IT013","codigo":"IT013","region":"Abruzzo","pais_iso2":"IT","nivel":2,"en_curso":true,"tipos":["Tormentas"],"url":"https://meteoalarm.org?geocode=EMMA_ID:IT013","fecha_utc":"2026-10-11T00:00:00+00:00","leido_utc":"2026-10-11T00:30:03Z","avisos":[{"tipo":"Tormentas","nivel":2,"desde":"2026-10-11T00:00:00+00:00","hasta":"2026-10-11T11:59:00+00:00","severidad_cap":"Moderate"}],"k":"zona","opacidad":0.42}},{"type":"Feature","geometry":{"type":"Point","coordinates":[13.854,42.306]},"properties":{"id":"emma:IT013","codigo":"IT013","region":"Abruzzo","pais_iso2":"IT","nivel":2,"en_curso":true,"tipos":["Tormentas"],"url":"https://meteoalarm.org?geocode=EMMA_ID:IT013","fecha_utc":"2026-10-11T00:00:00+00:00","leido_utc":"2026-10-11T00:30:03Z","avisos":[{"tipo":"Tormentas","nivel":2,"desde":"2026-10-11T00:00:00+00:00","hasta":"2026-10-11T11:59:00+00:00","severidad_cap":"Moderate"}],"k":"region"}},{"type":"Feature","geometry":{"type":"Polygon","coordinates":[[[13.919,42.899],[13.631,43.548],[13.509,43.637],[13.464,43.614],[13.261,43.698],[12.909,43.927],[12.755,43.97],[12.68,43.823],[12.621,43.82],[12.589,43.888],[12.545,43.862],[12.498,43.913],[12.409,43.902],[12.43,43.872],[12.392,43.895],[12.284,43.764],[12.373,43.71],[12.332,43.676],[12.31,43.73],[12.294,43.684],[12.189,43.638],[12.225,43.594],[12.361,43.617],[12.374,43.584],[12.305,43.551],[12.332,43.523],[12.452,43.538],[12.616,43.428],[12.703,43.425],[12.768,43.475],[12.762,43.381],[12.872,43.126],[12.889,43.012],[12.98,42.87],[13.051,42.923],[13.155,42.831],[13.237,42.86],[13.263,42.815],[13.191,42.733],[13.276,42.742],[13.359,42.696],[13.431,42.708],[13.493,42.74],[13.539,42.815],[13.644,42.799],[13.718,42.852],[13.919,42.899]]]},"properties":{"id":"emma:IT011","codigo":"IT011","region":"Marche","pais_iso2":"IT","nivel":2,"en_curso":true,"tipos":["Tormentas"],"url":"https://meteoalarm.org?geocode=EMMA_ID:IT011","fecha_utc":"2026-10-11T00:00:00+00:00","leido_utc":"2026-10-11T00:30:03Z","avisos":[{"tipo":"Tormentas","nivel":2,"desde":"2026-10-11T00:00:00+00:00","hasta":"2026-10-11T05:59:00+00:00","severidad_cap":"Moderate"}],"k":"zona","opacidad":0.42}},{"type":"Feature","geometry":{"type":"Point","coordinates":[13.289,43.253]},"properties":{"id":"emma:IT011","codigo":"IT011","region":"Marche","pais_iso2":"IT","nivel":2,"en_curso":true,"tipos":["Tormentas"],"url":"https://meteoalarm.org?geocode=EMMA_ID:IT011","fecha_utc":"2026-10-11T00:00:00+00:00","leido_utc":"2026-10-11T00:30:03Z","avisos":[{"tipo":"Tormentas","nivel":2,"desde":"2026-10-11T00:00:00+00:00","hasta":"2026-10-11T05:59:00+00:00","severidad_cap":"Moderate"}],"k":"region"}},{"type":"Feature","geometry":{"type":"MultiPolygon","coordinates":[[[[21.27,55.247],[21.011,55.304],[21.103,55.41],[21.143,55.637],[21.254,55.46],[21.293,55.316],[21.27,55.247]]],[[[20.96,55.291],[20.373,55.418],[20.406,55.64],[20.354,55.835],[20.359,56.033],[21.054,56.067],[21.098,55.548],[21.059,55.433],[20.96,55.291]]]]},"properties":{"id":"emma:LT801","codigo":"LT801","region":"Baltijos priekrante","pais_iso2":"LT","nivel":2,"en_curso":true,"tipos":["Viento"],"url":"https://meteoalarm.org?geocode=EMMA_ID:LT801","fecha_utc":"2026-10-10T10:46:38+00:00","leido_utc":"2026-10-11T00:30:03Z","avisos":[{"tipo":"Viento","nivel":2,"desde":"2026-10-10T10:46:38+00:00","hasta":"2026-10-11T04:59:59+00:00","severidad_cap":"Moderate"}],"k":"zona","opacidad":0.42}},{"type":"Feature","geometry":{"type":"Point","coordinates":[20.731,55.738]},"properties":{"id":"emma:LT801","codigo":"LT801","region":"Baltijos priekrante","pais_iso2":"LT","nivel":2,"en_curso":true,"tipos":["Viento"],"url":"https://meteoalarm.org?geocode=EMMA_ID:LT801","fecha_utc":"2026-10-10T10:46:38+00:00","leido_utc":"2026-10-11T00:30:03Z","avisos":[{"tipo":"Viento","nivel":2,"desde":"2026-10-10T10:46:38+00:00","hasta":"2026-10-11T04:59:59+00:00","severidad_cap":"Moderate"}],"k":"region"}},{"type":"Feature","geometry":{"type":"MultiPolygon","coordinates":[[[[-31.113,39.669],[-31.083,39.696],[-31.102,39.725],[-31.128,39.702],[-31.113,39.669]]],[[[-31.23,39.371],[-31.16,39.386],[-31.124,39.454],[-31.207,39.525],[-31.267,39.45],[-31.23,39.371]]]]},"properties":{"id":"emma:PT001","codigo":"PT001","region":"Portugal","pais_iso2":"PT","nivel":2,"en_curso":false,"tipos":["Lluvia"],"url":"https://meteoalarm.org?geocode=EMMA_ID:PT001","fecha_utc":"2026-10-11T15:00:00+00:00","leido_utc":"2026-10-11T00:30:03Z","avisos":[{"tipo":"Lluvia","nivel":2,"desde":"2026-10-11T15:00:00+00:00","hasta":"2026-10-11T20:00:00+00:00","severidad_cap":"Moderate"}],"k":"zona","opacidad":0.22}},{"type":"Feature","geometry":{"type":"Point","coordinates":[-31.197,39.418]},"properties":{"id":"emma:PT001","codigo":"PT001","region":"Portugal","pais_iso2":"PT","nivel":2,"en_curso":false,"tipos":["Lluvia"],"url":"https://meteoalarm.org?geocode=EMMA_ID:PT001","fecha_utc":"2026-10-11T15:00:00+00:00","leido_utc":"2026-10-11T00:30:03Z","avisos":[{"tipo":"Lluvia","nivel":2,"desde":"2026-10-11T15:00:00+00:00","hasta":"2026-10-11T20:00:00+00:00","severidad_cap":"Moderate"}],"k":"region"}},{"type":"Feature","geometry":{"type":"Polygon","coordinates":[[[22.684,44.209],[22.436,43.992],[22.375,43.826],[22.544,43.48],[22.68,43.405],[22.761,43.4],[22.999,43.201],[22.987,43.119],[22.72,42.887],[22.588,42.89],[22.55,42.951],[22.562,43.027],[22.425,43.103],[22.229,43.006],[22.035,43.15],[21.978,43.371],[21.869,43.387],[21.83,43.516],[21.739,43.576],[21.707,43.655],[21.542,43.675],[21.606,43.735],[21.488,44.095],[21.489,44.133],[21.601,44.194],[21.581,44.274],[21.513,44.305],[21.548,44.409],[21.568,44.433],[21.669,44.416],[21.778,44.479],[21.682,44.534],[21.661,44.703],[22.008,44.61],[22.071,44.504],[22.147,44.475],[22.311,44.663],[22.415,44.708],[22.465,44.715],[22.7,44.611],[22.749,44.571],[22.746,44.535],[22.633,44.536],[22.467,44.465],[22.523,44.354],[22.684,44.209]]]},"properties":{"id":"emma:RS004","codigo":"RS004","region":"Istocna Srbija","pais_iso2":"RS","nivel":2,"en_curso":true,"tipos":["Lluvia"],"url":"https://meteoalarm.org?geocode=EMMA_ID:RS004","fecha_utc":"2026-10-10T22:00:00+00:00","leido_utc":"2026-10-11T00:30:03Z","avisos":[{"tipo":"Lluvia","nivel":2,"desde":"2026-10-10T22:00:00+00:00","hasta":"2026-10-11T21:59:59+00:00","severidad_cap":"Moderate"}],"k":"zona","opacidad":0.42}},{"type":"Feature","geometry":{"type":"Point","coordinates":[21.994,43.78]},"properties":{"id":"emma:RS004","codigo":"RS004","region":"Istocna Srbija","pais_iso2":"RS","nivel":2,"en_curso":true,"tipos":["Lluvia"],"url":"https://meteoalarm.org?geocode=EMMA_ID:RS004","fecha_utc":"2026-10-10T22:00:00+00:00","leido_utc":"2026-10-11T00:30:03Z","avisos":[{"tipo":"Lluvia","nivel":2,"desde":"2026-10-10T22:00:00+00:00","hasta":"2026-10-11T21:59:59+00:00","severidad_cap":"Moderate"}],"k":"region"}},{"type":"Feature","geometry":{"type":"Polygon","coordinates":[[[21.564,42.284],[21.086,42.191],[20.958,42.14],[20.806,42.073],[20.615,41.894],[20.625,41.975],[20.519,42.225],[20.187,42.501],[20.045,42.574],[20.0,42.735],[20.211,42.757],[20.243,42.83],[20.469,42.85],[20.527,42.898],[20.515,42.957],[20.648,43.021],[20.673,43.073],[20.687,43.111],[20.627,43.194],[20.82,43.265],[20.875,43.216],[20.852,43.184],[20.875,43.168],[20.965,43.126],[21.146,43.104],[21.159,43.037],[21.256,42.926],[21.429,42.84],[21.403,42.762],[21.625,42.696],[21.772,42.687],[21.78,42.634],[21.657,42.419],[21.543,42.319],[21.564,42.284]]]},"properties":{"id":"emma:RS007","codigo":"RS007","region":"Kosovo","pais_iso2":"RS","nivel":2,"en_curso":true,"tipos":["Lluvia"],"url":"https://meteoalarm.org?geocode=EMMA_ID:RS007","fecha_utc":"2026-10-10T22:00:00+00:00","leido_utc":"2026-10-11T00:30:03Z","avisos":[{"tipo":"Lluvia","nivel":2,"desde":"2026-10-10T22:00:00+00:00","hasta":"2026-10-11T21:59:59+00:00","severidad_cap":"Moderate"}],"k":"zona","opacidad":0.42}},{"type":"Feature","geometry":{"type":"Point","coordinates":[20.9,42.604]},"properties":{"id":"emma:RS007","codigo":"RS007","region":"Kosovo","pais_iso2":"RS","nivel":2,"en_curso":true,"tipos":["Lluvia"],"url":"https://meteoalarm.org?geocode=EMMA_ID:RS007","fecha_utc":"2026-10-10T22:00:00+00:00","leido_utc":"2026-10-11T00:30:03Z","avisos":[{"tipo":"Lluvia","nivel":2,"desde":"2026-10-10T22:00:00+00:00","hasta":"2026-10-11T21:59:59+00:00","severidad_cap":"Moderate"}],"k":"region"}},{"type":"Feature","geometry":{"type":"Polygon","coordinates":[[[20.579,43.682],[20.804,43.642],[21.057,43.532],[21.075,43.513],[21.027,43.462],[21.132,43.364],[21.418,43.494],[21.428,43.676],[21.707,43.655],[21.739,43.576],[21.83,43.516],[21.869,43.387],[21.978,43.371],[22.035,43.15],[22.229,43.006],[22.425,43.103],[22.562,43.027],[22.55,42.951],[22.588,42.89],[22.453,42.815],[22.488,42.728],[22.467,42.564],[22.577,42.486],[22.559,42.451],[22.508,42.394],[22.33,42.304],[22.037,42.307],[21.917,42.345],[21.564,42.284],[21.543,42.319],[21.657,42.419],[21.789,42.663],[21.748,42.703],[21.656,42.69],[21.403,42.762],[21.429,42.84],[21.256,42.926],[21.159,43.037],[21.146,43.104],[20.965,43.126],[20.875,43.168],[20.852,43.184],[20.875,43.216],[20.82,43.265],[20.681,43.214],[20.601,43.304],[20.648,43.453],[20.546,43.638],[20.579,43.682]]]},"properties":{"id":"emma:RS005","codigo":"RS005","region":"Jugoistocna Srbija","pais_iso2":"RS","nivel":2,"en_curso":true,"tipos":["Lluvia"],"url":"https://meteoalarm.org?geocode=EMMA_ID:RS005","fecha_utc":"2026-10-10T22:00:00+00:00","leido_utc":"2026-10-11T00:30:03Z","avisos":[{"tipo":"Lluvia","nivel":2,"desde":"2026-10-10T22:00:00+00:00","hasta":"2026-10-11T21:59:59+00:00","severidad_cap":"Moderate"}],"k":"zona","opacidad":0.42}},{"type":"Feature","geometry":{"type":"Point","coordinates":[21.882,42.978]},"properties":{"id":"emma:RS005","codigo":"RS005","region":"Jugoistocna Srbija","pais_iso2":"RS","nivel":2,"en_curso":true,"tipos":["Lluvia"],"url":"https://meteoalarm.org?geocode=EMMA_ID:RS005","fecha_utc":"2026-10-10T22:00:00+00:00","leido_utc":"2026-10-11T00:30:03Z","avisos":[{"tipo":"Lluvia","nivel":2,"desde":"2026-10-10T22:00:00+00:00","hasta":"2026-10-11T21:59:59+00:00","severidad_cap":"Moderate"}],"k":"region"}},{"type":"Feature","geometry":{"type":"Polygon","coordinates":[[[20.394,43.893],[20.692,43.732],[20.546,43.638],[20.648,43.453],[20.601,43.304],[20.681,43.214],[20.627,43.194],[20.687,43.111],[20.648,43.021],[20.515,42.957],[20.527,42.898],[20.469,42.85],[20.243,42.83],[20.253,42.909],[19.291,43.362],[19.182,43.518],[19.521,43.608],[19.482,43.742],[19.352,43.808],[19.328,43.834],[19.36,43.85],[19.851,43.871],[20.002,43.833],[20.19,43.921],[20.394,43.893]]]},"properties":{"id":"emma:RS006","codigo":"RS006","region":"Jugozapadna Srbija","pais_iso2":"RS","nivel":2,"en_curso":true,"tipos":["Lluvia"],"url":"https://meteoalarm.org?geocode=EMMA_ID:RS006","fecha_utc":"2026-10-10T22:00:00+00:00","leido_utc":"2026-10-11T00:30:03Z","avisos":[{"tipo":"Lluvia","nivel":2,"desde":"2026-10-10T22:00:00+00:00","hasta":"2026-10-11T21:59:59+00:00","severidad_cap":"Moderate"}],"k":"zona","opacidad":0.42}},{"type":"Feature","geometry":{"type":"Point","coordinates":[19.946,43.407]},"properties":{"id":"emma:RS006","codigo":"RS006","region":"Jugozapadna Srbija","pais_iso2":"RS","nivel":2,"en_curso":true,"tipos":["Lluvia"],"url":"https://meteoalarm.org?geocode=EMMA_ID:RS006","fecha_utc":"2026-10-10T22:00:00+00:00","leido_utc":"2026-10-11T00:30:03Z","avisos":[{"tipo":"Lluvia","nivel":2,"desde":"2026-10-10T22:00:00+00:00","hasta":"2026-10-11T21:59:59+00:00","severidad_cap":"Moderate"}],"k":"region"}},{"type":"Feature","geometry":{"type":"Polygon","coordinates":[[[3.429,39.629],[3.381,39.667],[3.304,39.644],[3.209,39.696],[3.097,39.684],[2.949,39.77],[2.915,39.899],[3.05,39.928],[3.163,39.763],[3.223,39.741],[3.368,39.776],[3.446,39.726],[3.429,39.629]]]},"properties":{"id":"emma:ES115","codigo":"ES115","region":"Norte y nordeste de Mallorca","pais_iso2":"ES","nivel":2,"en_curso":false,"tipos":["Lluvia"],"url":"https://meteoalarm.org?geocode=EMMA_ID:ES115","fecha_utc":"2026-10-12T01:00:00+00:00","leido_utc":"2026-10-11T00:30:03Z","avisos":[{"tipo":"Lluvia","nivel":2,"desde":"2026-10-12T01:00:00+00:00","hasta":"2026-10-12T07:59:59+00:00","severidad_cap":"Moderate"}],"k":"zona","opacidad":0.22}},{"type":"Feature","geometry":{"type":"Point","coordinates":[3.021,39.837]},"properties":{"id":"emma:ES115","codigo":"ES115","region":"Norte y nordeste de Mallorca","pais_iso2":"ES","nivel":2,"en_curso":false,"tipos":["Lluvia"],"url":"https://meteoalarm.org?geocode=EMMA_ID:ES115","fecha_utc":"2026-10-12T01:00:00+00:00","leido_utc":"2026-10-11T00:30:03Z","avisos":[{"tipo":"Lluvia","nivel":2,"desde":"2026-10-12T01:00:00+00:00","hasta":"2026-10-12T07:59:59+00:00","severidad_cap":"Moderate"}],"k":"region"}},{"type":"Feature","geometry":{"type":"Polygon","coordinates":[[[4.306,39.881],[4.277,39.823],[4.241,39.817],[4.03,39.916],[3.834,39.93],[3.802,40.011],[3.871,40.053],[4.156,40.057],[4.251,39.998],[4.306,39.881]]]},"properties":{"id":"emma:ES119","codigo":"ES119","region":"Menorca","pais_iso2":"ES","nivel":2,"en_curso":false,"tipos":["Lluvia"],"url":"https://meteoalarm.org?geocode=EMMA_ID:ES119","fecha_utc":"2026-10-12T01:00:00+00:00","leido_utc":"2026-10-11T00:30:03Z","avisos":[{"tipo":"Lluvia","nivel":2,"desde":"2026-10-12T01:00:00+00:00","hasta":"2026-10-12T07:59:59+00:00","severidad_cap":"Moderate"}],"k":"zona","opacidad":0.22}},{"type":"Feature","geometry":{"type":"Point","coordinates":[4.044,39.964]},"properties":{"id":"emma:ES119","codigo":"ES119","region":"Menorca","pais_iso2":"ES","nivel":2,"en_curso":false,"tipos":["Lluvia"],"url":"https://meteoalarm.org?geocode=EMMA_ID:ES119","fecha_utc":"2026-10-12T01:00:00+00:00","leido_utc":"2026-10-11T00:30:03Z","avisos":[{"tipo":"Lluvia","nivel":2,"desde":"2026-10-12T01:00:00+00:00","hasta":"2026-10-12T07:59:59+00:00","severidad_cap":"Moderate"}],"k":"region"}},{"type":"Feature","geometry":{"type":"Polygon","coordinates":[[[13.925,44.767],[13.852,44.624],[13.775,44.554],[13.48,44.804],[13.353,44.964],[13.21,45.453],[13.312,45.546],[13.469,45.588],[13.583,45.486],[13.49,45.487],[13.555,45.358],[13.539,45.33],[13.617,45.313],[13.569,45.3],[13.605,45.278],[13.573,45.266],[13.6,45.243],[13.582,45.197],[13.605,45.18],[13.589,45.175],[13.61,45.159],[13.597,45.142],[13.612,45.131],[13.707,45.139],[13.728,45.135],[13.737,45.129],[13.624,45.13],[13.607,45.118],[13.641,45.098],[13.637,45.07],[13.627,45.069],[13.762,44.985],[13.812,44.913],[13.794,44.89],[13.845,44.882],[13.792,44.885],[13.797,44.863],[13.901,44.808],[13.925,44.767]],[[13.586,45.225],[13.584,45.223],[13.59,45.223],[13.586,45.225]],[[13.573,45.191],[13.576,45.192],[13.573,45.192],[13.573,45.191]],[[13.586,45.177],[13.586,45.179],[13.583,45.179],[13.586,45.177]],[[13.603,45.158],[13.603,45.161],[13.601,45.158],[13.603,45.158]],[[13.597,45.149],[13.591,45.15],[13.597,45.148],[13.597,45.149]],[[13.598,45.133],[13.599,45.136],[13.596,45.134],[13.598,45.133]],[[13.619,45.094],[13.622,45.095],[13.621,45.097],[13.619,45.094]],[[13.629,45.076],[13.633,45.079],[13.626,45.079],[13.629,45.076]],[[13.622,45.056],[13.63,45.06],[13.621,45.06],[13.622,45.056]],[[13.628,45.052],[13.626,45.053],[13.624,45.052],[13.628,45.052]],[[13.619,45.048],[13.627,45.046],[13.627,45.048],[13.619,45.048]],[[13.616,45.043],[13.613,45.044],[13.613,45.043],[13.616,45.043]],[[13.669,45.035],[13.669,45.037],[13.667,45.036],[13.669,45.035]],[[13.677,45.033],[13.673,45.035],[13.672,45.034],[13.677,45.033]],[[13.75,44.93],[13.733,44.94],[13.73,44.931],[13.75,44.93]],[[13.719,44.937],[13.718,44.941],[13.717,44.937],[13.719,44.937]],[[13.754,44.888],[13.78,44.914],[13.737,44.927],[13.755,44.918],[13.754,44.888]],[[13.801,44.903],[13.797,44.899],[13.801,44.902],[13.801,44.903]],[[13.784,44.897],[13.79,44.901],[13.784,44.899],[13.784,44.897]],[[13.738,44.9],[13.74,44.903],[13.737,44.902],[13.738,44.9]],[[13.733,44.91],[13.725,44.913],[13.732,44.906],[13.733,44.91]],[[13.842,44.826],[13.842,44.831],[13.839,44.826],[13.842,44.826]],[[13.85,44.817],[13.845,44.822],[13.843,44.821],[13.85,44.817]],[[13.901,44.767],[13.903,44.768],[13.9,44.768],[13.901,44.767]]]},"properties":{"id":"emma:HR801","codigo":"HR801","region":"West Istrian coast region","pais_iso2":"HR","nivel":2,"en_curso":true,"tipos":["Viento"],"url":"https://meteoalarm.org?geocode=EMMA_ID:HR801","fecha_utc":"2026-10-11T00:01:01+02:00","leido_utc":"2026-10-11T00:30:03Z","avisos":[{"tipo":"Viento","nivel":2,"desde":"2026-10-11T00:01:01+02:00","hasta":"2026-10-11T18:00:00+02:00","severidad_cap":"Moderate"},{"tipo":"Viento","nivel":2,"desde":"2026-10-12T00:01:01+02:00","hasta":"2026-10-12T23:59:59+02:00","severidad_cap":"Moderate"}],"k":"zona","opacidad":0.42}},{"type":"Feature","geometry":{"type":"Point","coordinates":[13.479,45.073]},"properties":{"id":"emma:HR801","codigo":"HR801","region":"West Istrian coast region","pais_iso2":"HR","nivel":2,"en_curso":true,"tipos":["Viento"],"url":"https://meteoalarm.org?geocode=EMMA_ID:HR801","fecha_utc":"2026-10-11T00:01:01+02:00","leido_utc":"2026-10-11T00:30:03Z","avisos":[{"tipo":"Viento","nivel":2,"desde":"2026-10-11T00:01:01+02:00","hasta":"2026-10-11T18:00:00+02:00","severidad_cap":"Moderate"},{"tipo":"Viento","nivel":2,"desde":"2026-10-12T00:01:01+02:00","hasta":"2026-10-12T23:59:59+02:00","severidad_cap":"Moderate"}],"k":"region"}},{"type":"Feature","geometry":{"type":"Polygon","coordinates":[[[15.191,44.281],[15.13,44.329],[15.223,44.303],[15.169,44.364],[15.254,44.321],[15.248,44.348],[14.917,44.537],[15.078,44.477],[14.909,44.612],[14.87,44.605],[14.843,44.691],[14.734,44.767],[14.87,44.703],[14.739,44.818],[14.754,44.85],[14.669,44.848],[14.725,44.863],[14.76,44.932],[14.82,44.977],[14.737,45.07],[14.672,45.078],[14.67,45.158],[14.598,45.153],[14.634,45.164],[14.596,45.215],[14.847,45.115],[14.925,44.952],[14.885,44.859],[14.889,44.716],[14.989,44.573],[15.282,44.36],[15.522,44.268],[15.53,44.226],[15.589,44.203],[15.63,44.139],[15.569,44.19],[15.526,44.176],[15.472,44.204],[15.537,44.219],[15.526,44.226],[15.522,44.245],[15.402,44.258],[15.276,44.333],[15.298,44.249],[15.191,44.281]],[[15.196,44.292],[15.201,44.296],[15.19,44.299],[15.196,44.292]],[[15.232,44.298],[15.237,44.297],[15.231,44.3],[15.232,44.298]],[[15.187,44.3],[15.188,44.303],[15.184,44.303],[15.187,44.3]],[[15.223,44.303],[15.23,44.302],[15.226,44.306],[15.223,44.303]],[[15.349,44.319],[15.352,44.315],[15.354,44.316],[15.349,44.319]],[[15.337,44.316],[15.332,44.318],[15.332,44.317],[15.337,44.316]],[[15.108,44.447],[15.106,44.449],[15.106,44.448],[15.108,44.447]],[[15.102,44.451],[15.099,44.451],[15.102,44.45],[15.102,44.451]],[[14.86,44.731],[14.857,44.732],[14.86,44.73],[14.86,44.731]],[[14.828,44.824],[14.826,44.824],[14.831,44.823],[14.828,44.824]],[[14.804,44.839],[14.841,44.845],[14.802,44.851],[14.804,44.839]],[[14.78,44.856],[14.751,44.884],[14.737,44.874],[14.747,44.859],[14.78,44.856]],[[14.835,44.884],[14.82,44.914],[14.769,44.933],[14.773,44.911],[14.835,44.884]],[[14.838,44.995],[14.833,44.997],[14.833,44.995],[14.838,44.995]]]},"properties":{"id":"emma:HR803","codigo":"HR803","region":"Velebit channel region","pais_iso2":"HR","nivel":2,"en_curso":true,"tipos":["Viento"],"url":"https://meteoalarm.org?geocode=EMMA_ID:HR803","fecha_utc":"2026-10-11T00:01:01+02:00","leido_utc":"2026-10-11T00:30:03Z","avisos":[{"tipo":"Viento","nivel":2,"desde":"2026-10-11T00:01:01+02:00","hasta":"2026-10-11T23:59:59+02:00","severidad_cap":"Moderate"},{"tipo":"Viento","nivel":2,"desde":"2026-10-12T00:01:01+02:00","hasta":"2026-10-12T23:59:59+02:00","severidad_cap":"Moderate"},{"tipo":"Viento","nivel":2,"desde":"2026-10-13T00:01:01+02:00","hasta":"2026-10-13T23:59:59+02:00","severidad_cap":"Moderate"}],"k":"zona","opacidad":0.42}},{"type":"Feature","geometry":{"type":"Point","coordinates":[14.895,44.651]},"properties":{"id":"emma:HR803","codigo":"HR803","region":"Velebit channel region","pais_iso2":"HR","nivel":2,"en_curso":true,"tipos":["Viento"],"url":"https://meteoalarm.org?geocode=EMMA_ID:HR803","fecha_utc":"2026-10-11T00:01:01+02:00","leido_utc":"2026-10-11T00:30:03Z","avisos":[{"tipo":"Viento","nivel":2,"desde":"2026-10-11T00:01:01+02:00","hasta":"2026-10-11T23:59:59+02:00","severidad_cap":"Moderate"},{"tipo":"Viento","nivel":2,"desde":"2026-10-12T00:01:01+02:00","hasta":"2026-10-12T23:59:59+02:00","severidad_cap":"Moderate"},{"tipo":"Viento","nivel":2,"desde":"2026-10-13T00:01:01+02:00","hasta":"2026-10-13T23:59:59+02:00","severidad_cap":"Moderate"}],"k":"region"}},{"type":"Feature","geometry":{"type":"Polygon","coordinates":[[[15.921,43.235],[15.813,43.33],[15.473,43.438],[15.082,43.649],[14.693,43.97],[14.746,44.101],[14.842,44.193],[14.995,44.242],[15.121,44.258],[15.167,44.228],[15.141,44.195],[15.204,44.129],[15.439,43.952],[15.454,43.924],[15.517,43.904],[15.56,43.86],[15.683,43.815],[15.616,43.823],[15.674,43.791],[15.695,43.766],[15.88,43.729],[15.857,43.715],[15.923,43.672],[15.958,43.685],[15.928,43.67],[15.95,43.64],[15.927,43.654],[15.902,43.647],[15.973,43.631],[15.915,43.632],[15.917,43.572],[15.946,43.558],[15.924,43.555],[15.961,43.521],[15.961,43.532],[15.978,43.54],[15.993,43.537],[15.981,43.513],[15.951,43.517],[15.97,43.493],[16.016,43.5],[16.053,43.477],[15.921,43.235]],[[14.922,44.213],[14.922,44.212],[14.923,44.212],[14.922,44.213]],[[14.944,44.203],[14.994,44.142],[15.032,44.127],[14.944,44.203]],[[14.987,44.188],[14.993,44.184],[14.988,44.189],[14.987,44.188]],[[14.999,44.177],[15.002,44.177],[14.997,44.179],[14.999,44.177]],[[15.024,44.171],[15.04,44.145],[15.057,44.141],[15.024,44.171]],[[15.053,44.163],[15.059,44.162],[15.057,44.166],[15.053,44.163]],[[15.06,44.152],[15.191,44.037],[15.229,44.038],[15.242,44.01],[15.363,43.91],[15.455,43.889],[15.394,43.934],[15.376,43.968],[15.356,43.966],[15.288,44.013],[15.251,44.016],[15.253,44.037],[15.202,44.067],[15.183,44.085],[15.186,44.093],[15.06,44.152]],[[15.186,44.087],[15.19,44.084],[15.191,44.086],[15.186,44.087]],[[15.207,44.075],[15.211,44.079],[15.205,44.078],[15.207,44.075]],[[15.263,44.026],[15.265,44.028],[15.263,44.028],[15.263,44.026]],[[15.387,43.98],[15.381,43.98],[15.379,43.979],[15.387,43.98]],[[15.388,43.978],[15.391,43.976],[15.39,43.978],[15.388,43.978]],[[15.363,43.971],[15.366,43.973],[15.362,43.972],[15.363,43.971]],[[15.392,43.967],[15.396,43.968],[15.391,43.968],[15.392,43.967]],[[15.401,43.961],[15.406,43.951],[15.412,43.954],[15.401,43.961]],[[15.393,43.952],[15.393,43.948],[15.397,43.948],[15.393,43.952]],[[15.398,43.944],[15.402,43.944],[15.397,43.946],[15.398,43.944]],[[15.401,43.943],[15.407,43.942],[15.401,43.943],[15.401,43.943]],[[15.428,43.934],[15.432,43.933],[15.431,43.936],[15.428,43.934]],[[15.503,43.904],[15.506,43.901],[15.506,43.904],[15.503,43.904]],[[15.433,43.882],[15.416,43.884],[15.425,43.876],[15.433,43.882]],[[15.438,43.877],[15.438,43.875],[15.439,43.876],[15.438,43.877]],[[15.322,43.868],[15.272,43.893],[15.261,43.884],[15.252,43.885],[15.372,43.82],[15.322,43.868]],[[15.33,43.872],[15.334,43.869],[15.336,43.874],[15.33,43.872]],[[15.439,43.869],[15.441,43.861],[15.447,43.86],[15.439,43.869]],[[15.45,43.866],[15.454,43.87],[15.448,43.87],[15.45,43.866]],[[15.455,43.869],[15.457,43.87],[15.455,43.87],[15.455,43.869]],[[15.483,43.869],[15.486,43.867],[15.488,43.869],[15.483,43.869]],[[15.551,43.86],[15.547,43.85],[15.553,43.852],[15.551,43.86]],[[15.565,43.856],[15.562,43.85],[15.567,43.852],[15.565,43.856]],[[15.5,43.846],[15.502,43.861],[15.484,43.861],[15.5,43.846]],[[15.57,43.849],[15.562,43.843],[15.575,43.843],[15.57,43.849]],[[15.58,43.843],[15.58,43.837],[15.584,43.84],[15.58,43.843]],[[15.509,43.837],[15.505,43.837],[15.508,43.836],[15.509,43.837]],[[15.59,43.837],[15.59,43.834],[15.593,43.836],[15.59,43.837]],[[15.61,43.809],[15.566,43.828],[15.669,43.765],[15.61,43.809]],[[15.658,43.791],[15.663,43.788],[15.663,43.789],[15.658,43.791]],[[15.665,43.784],[15.667,43.786],[15.665,43.787],[15.665,43.784]],[[15.676,43.78],[15.677,43.775],[15.678,43.781],[15.676,43.78]],[[15.68,43.768],[15.683,43.769],[15.68,43.769],[15.68,43.768]],[[15.46,43.735],[15.251,43.862],[15.263,43.87],[15.22,43.875],[15.303,43.801],[15.46,43.735]],[[15.624,43.761],[15.627,43.762],[15.625,43.763],[15.624,43.761]],[[15.676,43.762],[15.676,43.76],[15.677,43.762],[15.676,43.762]],[[15.632,43.759],[15.63,43.761],[15.63,43.759],[15.632,43.759]],[[15.677,43.758],[15.68,43.756],[15.681,43.758],[15.677,43.758]],[[15.723,43.751],[15.727,43.752],[15.723,43.753],[15.723,43.751]],[[15.744,43.749],[15.756,43.737],[15.76,43.737],[15.744,43.749]],[[15.788,43.742],[15.798,43.718],[15.808,43.722],[15.788,43.742]],[[15.811,43.721],[15.813,43.713],[15.817,43.714],[15.811,43.721]],[[15.776,43.705],[15.781,43.715],[15.752,43.729],[15.776,43.705]],[[15.862,43.691],[15.82,43.698],[15.872,43.661],[15.862,43.691]],[[15.912,43.677],[15.912,43.67],[15.92,43.671],[15.912,43.677]],[[15.879,43.66],[15.884,43.663],[15.88,43.67],[15.879,43.66]],[[15.906,43.659],[15.903,43.659],[15.904,43.656],[15.906,43.659]],[[15.911,43.66],[15.91,43.653],[15.914,43.655],[15.911,43.66]],[[15.901,43.652],[15.893,43.654],[15.894,43.65],[15.901,43.652]],[[15.843,43.648],[15.839,43.65],[15.841,43.647],[15.843,43.648]],[[15.607,43.665],[15.731,43.629],[15.603,43.679],[15.607,43.665]],[[15.82,43.646],[15.82,43.643],[15.822,43.643],[15.82,43.646]],[[15.741,43.645],[15.738,43.646],[15.738,43.645],[15.741,43.645]],[[15.898,43.632],[15.899,43.628],[15.909,43.629],[15.898,43.632]],[[15.739,43.626],[15.746,43.626],[15.737,43.628],[15.739,43.626]],[[15.682,43.626],[15.682,43.627],[15.679,43.626],[15.682,43.626]],[[15.574,43.625],[15.578,43.625],[15.579,43.625],[15.574,43.625]],[[15.606,43.634],[15.604,43.633],[15.606,43.633],[15.606,43.634]],[[15.56,43.657],[15.558,43.659],[15.558,43.658],[15.56,43.657]],[[15.645,43.7],[15.695,43.678],[15.639,43.71],[15.645,43.7]],[[15.485,43.684],[15.481,43.683],[15.486,43.682],[15.485,43.684]],[[15.483,43.696],[15.511,43.694],[15.466,43.711],[15.483,43.696]],[[15.465,43.696],[15.476,43.695],[15.466,43.7],[15.465,43.696]],[[15.439,43.696],[15.435,43.696],[15.439,43.695],[15.439,43.696]],[[15.463,43.704],[15.456,43.704],[15.461,43.702],[15.463,43.704]],[[15.462,43.707],[15.465,43.709],[15.461,43.709],[15.462,43.707]],[[15.453,43.708],[15.452,43.71],[15.45,43.709],[15.453,43.708]],[[15.683,43.709],[15.698,43.681],[15.723,43.669],[15.728,43.693],[15.683,43.709]],[[15.454,43.713],[15.448,43.715],[15.454,43.712],[15.454,43.713]],[[15.436,43.722],[15.44,43.716],[15.443,43.718],[15.436,43.722]],[[15.431,43.72],[15.429,43.719],[15.433,43.719],[15.431,43.72]],[[15.407,43.721],[15.411,43.724],[15.403,43.727],[15.407,43.721]],[[15.408,43.731],[15.423,43.725],[15.426,43.727],[15.408,43.731]],[[15.4,43.728],[15.395,43.729],[15.395,43.729],[15.4,43.728]],[[15.478,43.733],[15.472,43.72],[15.483,43.723],[15.478,43.733]],[[15.586,43.735],[15.581,43.734],[15.586,43.734],[15.586,43.735]],[[15.593,43.725],[15.6,43.721],[15.6,43.724],[15.593,43.725]],[[15.615,43.724],[15.622,43.723],[15.615,43.726],[15.615,43.724]],[[15.689,43.724],[15.692,43.721],[15.693,43.723],[15.689,43.724]],[[15.606,43.718],[15.603,43.717],[15.608,43.717],[15.606,43.718]],[[15.459,43.714],[15.454,43.725],[15.442,43.729],[15.459,43.714]],[[15.431,43.731],[15.436,43.725],[15.439,43.727],[15.431,43.731]],[[15.776,43.687],[15.747,43.707],[15.74,43.704],[15.745,43.69],[15.776,43.687]],[[15.783,43.68],[15.79,43.683],[15.785,43.686],[15.783,43.68]],[[15.762,43.665],[15.759,43.672],[15.755,43.671],[15.762,43.665]],[[15.815,43.665],[15.809,43.665],[15.813,43.663],[15.815,43.665]],[[15.748,43.67],[15.739,43.673],[15.733,43.671],[15.748,43.67]],[[15.73,43.704],[15.725,43.703],[15.731,43.701],[15.73,43.704]],[[15.704,43.672],[15.7,43.674],[15.701,43.67],[15.704,43.672]],[[15.696,43.673],[15.691,43.674],[15.69,43.671],[15.696,43.673]],[[15.673,43.697],[15.669,43.7],[15.668,43.698],[15.673,43.697]],[[15.662,43.699],[15.666,43.704],[15.661,43.703],[15.662,43.699]],[[15.534,43.707],[15.54,43.708],[15.54,43.709],[15.534,43.707]],[[15.529,43.7],[15.522,43.7],[15.527,43.698],[15.529,43.7]],[[15.557,43.688],[15.561,43.688],[15.557,43.689],[15.557,43.688]],[[15.736,43.659],[15.744,43.659],[15.746,43.66],[15.736,43.659]],[[15.885,43.659],[15.89,43.658],[15.887,43.661],[15.885,43.659]],[[15.883,43.654],[15.878,43.656],[15.883,43.652],[15.883,43.654]],[[15.401,43.736],[15.402,43.74],[15.398,43.736],[15.401,43.736]],[[15.386,43.738],[15.396,43.742],[15.389,43.746],[15.386,43.738]],[[15.384,43.738],[15.38,43.742],[15.381,43.737],[15.384,43.738]],[[15.358,43.751],[15.383,43.757],[15.363,43.76],[15.358,43.751]],[[15.354,43.755],[15.353,43.754],[15.356,43.754],[15.354,43.755]],[[15.342,43.757],[15.339,43.763],[15.337,43.763],[15.342,43.757]],[[15.312,43.775],[15.363,43.763],[15.321,43.778],[15.312,43.775]],[[15.308,43.777],[15.311,43.782],[15.295,43.78],[15.308,43.777]],[[15.335,43.782],[15.34,43.783],[15.332,43.784],[15.335,43.782]],[[15.351,43.779],[15.35,43.773],[15.353,43.775],[15.351,43.779]],[[15.379,43.747],[15.385,43.745],[15.386,43.751],[15.379,43.747]],[[15.288,43.787],[15.293,43.791],[15.287,43.792],[15.288,43.787]],[[15.262,43.8],[15.276,43.805],[15.26,43.803],[15.262,43.8]],[[15.254,43.805],[15.256,43.808],[15.252,43.807],[15.254,43.805]],[[15.269,43.807],[15.271,43.81],[15.269,43.811],[15.269,43.807]],[[15.253,43.809],[15.251,43.815],[15.246,43.813],[15.253,43.809]],[[15.278,43.812],[15.283,43.807],[15.285,43.807],[15.278,43.812]],[[15.293,43.799],[15.296,43.801],[15.293,43.801],[15.293,43.799]],[[15.242,43.819],[15.264,43.823],[15.23,43.833],[15.242,43.819]],[[15.231,43.824],[15.229,43.827],[15.226,43.827],[15.231,43.824]],[[15.226,43.833],[15.228,43.836],[15.223,43.835],[15.226,43.833]],[[15.25,43.828],[15.254,43.829],[15.249,43.831],[15.25,43.828]],[[15.279,43.818],[15.281,43.82],[15.278,43.82],[15.279,43.818]],[[15.239,43.838],[15.24,43.84],[15.238,43.838],[15.239,43.838]],[[15.224,43.853],[15.228,43.859],[15.221,43.858],[15.224,43.853]],[[15.215,43.851],[15.212,43.85],[15.215,43.85],[15.215,43.851]],[[15.206,43.851],[15.209,43.853],[15.203,43.853],[15.206,43.851]],[[15.213,43.858],[15.21,43.858],[15.21,43.856],[15.213,43.858]],[[15.24,43.85],[15.236,43.85],[15.238,43.848],[15.24,43.85]],[[15.213,43.862],[15.215,43.871],[15.207,43.871],[15.213,43.862]],[[15.201,43.868],[15.131,43.921],[15.139,43.928],[15.21,43.888],[15.224,43.905],[15.052,44.008],[15.01,44.082],[14.995,44.079],[14.948,44.102],[14.858,44.178],[14.882,44.139],[14.82,44.157],[14.993,44.057],[15.077,43.95],[15.201,43.868]],[[15.185,43.868],[15.18,43.869],[15.18,43.866],[15.185,43.868]],[[15.178,43.873],[15.177,43.875],[15.174,43.875],[15.178,43.873]],[[14.922,44.092],[14.916,44.093],[14.916,44.092],[14.922,44.092]],[[14.904,44.19],[14.941,44.17],[14.918,44.19],[14.904,44.19]],[[14.856,44.185],[14.853,44.181],[14.857,44.178],[14.856,44.185]],[[14.847,44.187],[14.844,44.189],[14.844,44.187],[14.847,44.187]],[[14.898,44.192],[14.902,44.194],[14.897,44.197],[14.898,44.192]],[[14.945,44.145],[14.923,44.165],[14.889,44.175],[14.901,44.162],[14.945,44.145]],[[14.942,44.144],[14.938,44.143],[14.943,44.143],[14.942,44.144]],[[14.954,44.136],[14.951,44.137],[14.954,44.136],[14.954,44.136]],[[14.931,44.128],[14.928,44.128],[14.931,44.127],[14.931,44.128]],[[15.041,44.126],[15.039,44.124],[15.041,44.124],[15.041,44.126]],[[14.953,44.119],[14.949,44.118],[14.954,44.117],[14.953,44.119]],[[14.956,44.106],[14.957,44.109],[14.956,44.108],[14.956,44.106]],[[14.992,44.088],[14.988,44.091],[14.987,44.089],[14.992,44.088]],[[15.152,44.017],[15.154,44.014],[15.155,44.015],[15.152,44.017]],[[15.148,44.017],[15.097,44.073],[15.07,44.083],[15.077,44.053],[15.168,43.997],[15.148,44.017]],[[15.157,44.011],[15.162,44.011],[15.157,44.012],[15.157,44.011]],[[15.173,44.012],[15.176,44.01],[15.176,44.012],[15.173,44.012]],[[15.095,43.993],[15.082,43.999],[15.095,43.991],[15.095,43.993]],[[15.083,44.013],[15.066,44.04],[15.051,44.043],[15.055,44.022],[15.083,44.013]],[[15.041,44.037],[15.039,44.041],[15.038,44.039],[15.041,44.037]],[[15.102,44.032],[15.105,44.03],[15.104,44.033],[15.102,44.032]],[[15.112,44.018],[15.115,44.015],[15.116,44.019],[15.112,44.018]],[[15.073,44.064],[15.068,44.064],[15.069,44.064],[15.073,44.064]],[[15.064,44.065],[15.067,44.069],[15.062,44.071],[15.064,44.065]],[[15.06,44.078],[15.051,44.079],[15.06,44.077],[15.06,44.078]],[[15.121,44.052],[15.123,44.054],[15.12,44.055],[15.121,44.052]],[[15.13,44.04],[15.136,44.042],[15.13,44.043],[15.13,44.04]],[[15.209,44.029],[15.216,44.029],[15.208,44.032],[15.209,44.029]],[[15.221,44.025],[15.217,44.023],[15.222,44.023],[15.221,44.025]],[[15.144,43.961],[15.14,43.969],[15.131,43.968],[15.144,43.961]],[[15.146,43.965],[15.148,43.963],[15.149,43.965],[15.146,43.965]],[[15.17,43.964],[15.172,43.961],[15.173,43.962],[15.17,43.964]],[[15.179,43.955],[15.176,43.953],[15.179,43.953],[15.179,43.955]],[[15.215,43.923],[15.207,43.942],[15.193,43.946],[15.215,43.923]],[[15.269,43.939],[15.28,43.938],[15.268,43.94],[15.269,43.939]],[[15.283,43.933],[15.318,43.917],[15.283,43.939],[15.283,43.933]],[[15.325,43.908],[15.33,43.911],[15.322,43.914],[15.325,43.908]],[[15.344,43.898],[15.348,43.9],[15.335,43.907],[15.344,43.898]],[[15.254,43.893],[15.255,43.901],[15.245,43.901],[15.254,43.893]],[[15.276,43.905],[15.273,43.907],[15.273,43.905],[15.276,43.905]],[[15.266,43.91],[15.264,43.909],[15.266,43.907],[15.266,43.91]],[[15.262,43.911],[15.261,43.917],[15.256,43.915],[15.262,43.911]],[[15.23,43.915],[15.23,43.919],[15.228,43.919],[15.23,43.915]],[[15.261,43.922],[15.26,43.928],[15.257,43.926],[15.261,43.922]],[[15.287,43.929],[15.285,43.926],[15.29,43.927],[15.287,43.929]],[[15.284,43.926],[15.278,43.922],[15.285,43.924],[15.284,43.926]],[[15.228,43.892],[15.234,43.888],[15.238,43.889],[15.228,43.892]],[[15.245,43.89],[15.25,43.889],[15.245,43.891],[15.245,43.89]],[[15.257,43.889],[15.261,43.887],[15.257,43.891],[15.257,43.889]],[[15.218,43.88],[15.217,43.889],[15.208,43.877],[15.218,43.88]],[[15.234,43.883],[15.238,43.881],[15.235,43.883],[15.234,43.883]],[[15.243,43.879],[15.241,43.877],[15.244,43.877],[15.243,43.879]],[[15.137,43.919],[15.134,43.922],[15.134,43.919],[15.137,43.919]],[[15.138,43.923],[15.142,43.922],[15.139,43.925],[15.138,43.923]],[[15.277,43.858],[15.271,43.865],[15.268,43.862],[15.277,43.858]],[[15.376,43.818],[15.374,43.817],[15.376,43.816],[15.376,43.818]],[[15.358,43.808],[15.363,43.812],[15.357,43.81],[15.358,43.808]],[[15.561,43.825],[15.562,43.827],[15.559,43.825],[15.561,43.825]],[[15.367,43.825],[15.367,43.831],[15.364,43.831],[15.367,43.825]],[[15.512,43.835],[15.511,43.832],[15.527,43.827],[15.512,43.835]],[[15.582,43.836],[15.583,43.832],[15.586,43.835],[15.582,43.836]],[[15.503,43.826],[15.505,43.829],[15.501,43.828],[15.503,43.826]],[[15.483,43.844],[15.484,43.849],[15.482,43.845],[15.483,43.844]],[[15.458,43.853],[15.455,43.851],[15.462,43.85],[15.458,43.853]],[[15.341,43.868],[15.337,43.868],[15.337,43.867],[15.341,43.868]],[[15.397,43.893],[15.403,43.882],[15.41,43.883],[15.397,43.893]],[[15.409,43.89],[15.413,43.889],[15.408,43.891],[15.409,43.89]],[[15.31,43.885],[15.307,43.887],[15.308,43.885],[15.31,43.885]],[[15.35,43.889],[15.353,43.89],[15.35,43.891],[15.35,43.889]],[[15.334,43.88],[15.336,43.878],[15.336,43.88],[15.334,43.88]],[[15.036,44.129],[15.04,44.131],[15.037,44.132],[15.036,44.129]],[[15.913,43.591],[15.913,43.594],[15.911,43.592],[15.913,43.591]],[[15.872,43.575],[15.873,43.577],[15.871,43.576],[15.872,43.575]],[[15.905,43.568],[15.896,43.573],[15.892,43.572],[15.905,43.568]],[[15.88,43.563],[15.879,43.566],[15.875,43.565],[15.88,43.563]],[[15.931,43.541],[15.936,43.54],[15.935,43.543],[15.931,43.541]],[[15.891,43.537],[15.888,43.54],[15.886,43.538],[15.891,43.537]],[[15.967,43.529],[15.977,43.524],[15.972,43.529],[15.967,43.529]],[[15.943,43.517],[15.944,43.519],[15.941,43.518],[15.943,43.517]],[[15.943,43.51],[15.94,43.515],[15.937,43.514],[15.943,43.51]],[[16.034,43.481],[16.032,43.48],[16.034,43.48],[16.034,43.481]],[[16.033,43.473],[16.02,43.476],[16.018,43.475],[16.033,43.473]],[[16.039,43.473],[16.041,43.474],[16.04,43.475],[16.039,43.473]],[[16.01,43.476],[16.008,43.475],[16.011,43.475],[16.01,43.476]]]},"properties":{"id":"emma:HR804","codigo":"HR804","region":"North Dalmatia region","pais_iso2":"HR","nivel":2,"en_curso":true,"tipos":["Viento"],"url":"https://meteoalarm.org?geocode=EMMA_ID:HR804","fecha_utc":"2026-10-11T00:01:01+02:00","leido_utc":"2026-10-11T00:30:03Z","avisos":[{"tipo":"Viento","nivel":2,"desde":"2026-10-11T00:01:01+02:00","hasta":"2026-10-11T21:00:00+02:00","severidad_cap":"Moderate"},{"tipo":"Viento","nivel":2,"desde":"2026-10-12T00:01:01+02:00","hasta":"2026-10-12T23:59:59+02:00","severidad_cap":"Moderate"},{"tipo":"Viento","nivel":2,"desde":"2026-10-13T00:01:01+02:00","hasta":"2026-10-13T23:59:59+02:00","severidad_cap":"Moderate"}],"k":"zona","opacidad":0.42}},{"type":"Feature","geometry":{"type":"Point","coordinates":[15.173,43.746]},"properties":{"id":"emma:HR804","codigo":"HR804","region":"North Dalmatia region","pais_iso2":"HR","nivel":2,"en_curso":true,"tipos":["Viento"],"url":"https://meteoalarm.org?geocode=EMMA_ID:HR804","fecha_utc":"2026-10-11T00:01:01+02:00","leido_utc":"2026-10-11T00:30:03Z","avisos":[{"tipo":"Viento","nivel":2,"desde":"2026-10-11T00:01:01+02:00","hasta":"2026-10-11T21:00:00+02:00","severidad_cap":"Moderate"},{"tipo":"Viento","nivel":2,"desde":"2026-10-12T00:01:01+02:00","hasta":"2026-10-12T23:59:59+02:00","severidad_cap":"Moderate"},{"tipo":"Viento","nivel":2,"desde":"2026-10-13T00:01:01+02:00","hasta":"2026-10-13T23:59:59+02:00","severidad_cap":"Moderate"}],"k":"region"}},{"type":"Feature","geometry":{"type":"Polygon","coordinates":[[[14.61,45.221],[14.539,45.237],[14.528,45.126],[14.474,45.129],[14.431,45.073],[14.527,45.015],[14.62,45.014],[14.624,45.038],[14.617,44.981],[14.732,44.934],[14.764,44.941],[14.75,44.967],[14.82,44.971],[14.725,44.863],[14.669,44.848],[14.726,44.798],[14.657,44.787],[14.845,44.688],[14.864,44.65],[14.885,44.573],[14.733,44.703],[14.915,44.514],[14.908,44.484],[14.992,44.448],[15.04,44.392],[15.11,44.384],[15.101,44.327],[15.213,44.257],[15.18,44.241],[15.13,44.279],[15.112,44.259],[14.952,44.231],[14.888,44.192],[14.825,44.184],[14.746,44.101],[14.693,43.97],[14.402,44.187],[13.775,44.554],[13.909,44.724],[13.924,44.803],[13.883,44.823],[14.003,44.806],[13.972,44.821],[14.004,44.885],[13.98,44.892],[13.982,44.903],[14.017,44.898],[14.032,44.954],[14.075,44.978],[14.037,45.001],[14.041,45.059],[14.055,45.002],[14.099,44.974],[14.065,44.945],[14.168,44.979],[14.142,45.055],[14.162,45.042],[14.15,45.079],[14.197,45.112],[14.169,45.135],[14.206,45.116],[14.226,45.141],[14.32,45.35],[14.558,45.28],[14.543,45.305],[14.61,45.221]],[[14.569,45.244],[14.564,45.257],[14.556,45.254],[14.569,45.244]],[[14.315,45.173],[14.276,45.106],[14.346,45.056],[14.35,45.003],[14.416,44.945],[14.385,44.946],[14.391,44.903],[14.317,44.95],[14.296,44.913],[14.396,44.744],[14.409,44.668],[14.519,44.608],[14.547,44.631],[14.504,44.638],[14.448,44.787],[14.469,44.798],[14.46,44.952],[14.485,44.955],[14.395,45.017],[14.363,45.161],[14.315,45.173]],[[14.534,44.981],[14.484,44.981],[14.556,44.957],[14.534,44.981]],[[14.546,44.976],[14.548,44.974],[14.55,44.975],[14.546,44.976]],[[14.569,44.949],[14.571,44.946],[14.572,44.947],[14.569,44.949]],[[14.577,44.946],[14.576,44.944],[14.579,44.943],[14.577,44.946]],[[14.672,44.941],[14.678,44.938],[14.679,44.941],[14.672,44.941]],[[14.692,44.812],[14.7,44.81],[14.701,44.814],[14.692,44.812]],[[14.707,44.81],[14.706,44.809],[14.708,44.809],[14.707,44.81]],[[14.661,44.718],[14.664,44.719],[14.66,44.72],[14.661,44.718]],[[14.684,44.692],[14.692,44.689],[14.685,44.694],[14.684,44.692]],[[14.574,44.671],[14.586,44.666],[14.574,44.672],[14.574,44.671]],[[14.397,44.62],[14.397,44.687],[14.34,44.712],[14.392,44.604],[14.367,44.562],[14.431,44.564],[14.467,44.536],[14.44,44.546],[14.448,44.523],[14.537,44.481],[14.397,44.62]],[[14.58,44.551],[14.588,44.546],[14.58,44.555],[14.58,44.551]],[[14.594,44.543],[14.598,44.54],[14.599,44.541],[14.594,44.543]],[[14.546,44.507],[14.554,44.495],[14.563,44.496],[14.564,44.501],[14.546,44.507]],[[14.567,44.496],[14.566,44.485],[14.571,44.486],[14.567,44.496]],[[14.86,44.485],[14.865,44.469],[14.873,44.468],[14.86,44.485]],[[14.565,44.46],[14.547,44.473],[14.542,44.47],[14.565,44.46]],[[14.569,44.456],[14.53,44.457],[14.58,44.443],[14.569,44.456]],[[14.969,44.404],[14.881,44.454],[14.932,44.414],[14.969,44.404]],[[14.995,44.436],[14.998,44.436],[14.995,44.438],[14.995,44.436]],[[14.81,44.402],[14.762,44.417],[14.778,44.381],[14.744,44.369],[14.818,44.342],[14.81,44.402]],[[14.995,44.4],[14.994,44.396],[14.999,44.397],[14.995,44.4]],[[14.895,44.397],[14.892,44.395],[14.895,44.395],[14.895,44.397]],[[14.846,44.39],[14.852,44.38],[14.869,44.372],[14.846,44.39]],[[14.874,44.363],[14.878,44.363],[14.873,44.365],[14.874,44.363]],[[14.641,44.329],[14.583,44.352],[14.67,44.303],[14.641,44.329]],[[14.694,44.332],[14.699,44.327],[14.7,44.328],[14.694,44.332]],[[15.029,44.328],[15.047,44.286],[15.134,44.289],[15.097,44.311],[15.029,44.328]],[[15.135,44.287],[15.139,44.285],[15.139,44.288],[15.135,44.287]],[[14.8,44.27],[14.755,44.295],[14.737,44.28],[14.77,44.256],[14.8,44.27]],[[14.911,44.212],[14.788,44.257],[14.829,44.202],[14.815,44.236],[14.892,44.198],[14.911,44.212]],[[14.883,44.239],[14.879,44.238],[14.884,44.237],[14.883,44.239]],[[14.836,44.224],[14.832,44.225],[14.835,44.222],[14.836,44.224]],[[14.772,44.221],[14.778,44.228],[14.767,44.226],[14.772,44.221]],[[14.793,44.22],[14.799,44.222],[14.793,44.222],[14.793,44.22]],[[14.786,44.232],[14.784,44.234],[14.783,44.233],[14.786,44.232]],[[14.757,44.247],[14.753,44.248],[14.755,44.246],[14.757,44.247]],[[14.737,44.264],[14.729,44.263],[14.738,44.263],[14.737,44.264]],[[14.704,44.275],[14.711,44.291],[14.686,44.289],[14.704,44.275]],[[14.716,44.318],[14.708,44.321],[14.717,44.316],[14.716,44.318]],[[14.706,44.324],[14.701,44.325],[14.706,44.323],[14.706,44.324]],[[14.597,44.333],[14.592,44.335],[14.598,44.332],[14.597,44.333]],[[14.589,44.338],[14.588,44.337],[14.591,44.337],[14.589,44.338]],[[14.582,44.355],[14.579,44.356],[14.582,44.354],[14.582,44.355]],[[14.661,44.396],[14.73,44.351],[14.667,44.411],[14.661,44.396]],[[14.577,44.364],[14.574,44.367],[14.571,44.365],[14.577,44.364]],[[14.569,44.41],[14.57,44.414],[14.568,44.414],[14.569,44.41]],[[14.754,44.419],[14.756,44.421],[14.753,44.42],[14.754,44.419]],[[14.738,44.433],[14.732,44.432],[14.738,44.43],[14.738,44.433]],[[14.546,44.478],[14.542,44.48],[14.545,44.476],[14.546,44.478]],[[14.541,44.496],[14.544,44.495],[14.543,44.497],[14.541,44.496]],[[14.289,44.507],[14.326,44.51],[14.287,44.521],[14.289,44.507]],[[14.426,44.544],[14.438,44.549],[14.428,44.556],[14.426,44.544]],[[14.423,44.548],[14.422,44.551],[14.421,44.548],[14.423,44.548]],[[14.324,44.565],[14.34,44.56],[14.325,44.568],[14.324,44.565]],[[14.317,44.578],[14.301,44.583],[14.324,44.57],[14.317,44.578]],[[14.28,44.603],[14.25,44.648],[14.279,44.689],[14.23,44.629],[14.28,44.603]],[[14.305,44.757],[14.32,44.784],[14.32,44.791],[14.305,44.757]],[[13.95,44.771],[13.945,44.774],[13.948,44.77],[13.95,44.771]],[[13.934,44.783],[13.936,44.788],[13.93,44.785],[13.934,44.783]],[[13.949,44.789],[13.948,44.794],[13.946,44.79],[13.949,44.789]],[[14.347,44.777],[14.348,44.775],[14.351,44.777],[14.347,44.777]],[[13.983,44.797],[13.984,44.8],[13.982,44.798],[13.983,44.797]],[[14.845,44.685],[14.846,44.684],[14.847,44.684],[14.845,44.685]]]},"properties":{"id":"emma:HR802","codigo":"HR802","region":"Kvarner and Kvarneric region","pais_iso2":"HR","nivel":2,"en_curso":true,"tipos":["Viento"],"url":"https://meteoalarm.org?geocode=EMMA_ID:HR802","fecha_utc":"2026-10-11T00:01:01+02:00","leido_utc":"2026-10-11T00:30:03Z","avisos":[{"tipo":"Viento","nivel":2,"desde":"2026-10-11T00:01:01+02:00","hasta":"2026-10-11T23:59:59+02:00","severidad_cap":"Moderate"},{"tipo":"Viento","nivel":2,"desde":"2026-10-12T00:01:01+02:00","hasta":"2026-10-12T23:59:59+02:00","severidad_cap":"Moderate"},{"tipo":"Viento","nivel":2,"desde":"2026-10-13T00:01:01+02:00","hasta":"2026-10-13T23:59:59+02:00","severidad_cap":"Moderate"}],"k":"zona","opacidad":0.42}},{"type":"Feature","geometry":{"type":"Point","coordinates":[14.056,44.658]},"properties":{"id":"emma:HR802","codigo":"HR802","region":"Kvarner and Kvarneric region","pais_iso2":"HR","nivel":2,"en_curso":true,"tipos":["Viento"],"url":"https://meteoalarm.org?geocode=EMMA_ID:HR802","fecha_utc":"2026-10-11T00:01:01+02:00","leido_utc":"2026-10-11T00:30:03Z","avisos":[{"tipo":"Viento","nivel":2,"desde":"2026-10-11T00:01:01+02:00","hasta":"2026-10-11T23:59:59+02:00","severidad_cap":"Moderate"},{"tipo":"Viento","nivel":2,"desde":"2026-10-12T00:01:01+02:00","hasta":"2026-10-12T23:59:59+02:00","severidad_cap":"Moderate"},{"tipo":"Viento","nivel":2,"desde":"2026-10-13T00:01:01+02:00","hasta":"2026-10-13T23:59:59+02:00","severidad_cap":"Moderate"}],"k":"region"}},{"type":"Feature","geometry":{"type":"Polygon","coordinates":[[[18.229,42.601],[18.208,42.581],[18.233,42.558],[18.54,42.392],[18.42,42.21],[18.087,42.388],[17.285,42.571],[16.917,42.523],[16.598,42.566],[16.474,42.551],[16.58,42.463],[16.603,42.35],[16.526,42.235],[16.385,42.179],[16.098,42.228],[16.025,42.287],[15.987,42.375],[16.011,42.474],[16.093,42.55],[16.218,42.588],[16.35,42.578],[16.255,42.652],[16.218,42.748],[16.232,42.814],[16.317,42.883],[16.362,43.002],[16.691,43.002],[16.86,42.968],[17.01,42.991],[16.99,43.015],[17.001,43.047],[17.034,43.025],[17.01,43.005],[17.216,42.981],[17.417,42.912],[17.447,42.868],[17.742,42.797],[17.761,42.761],[17.768,42.778],[17.697,42.835],[17.78,42.788],[17.888,42.787],[17.875,42.764],[17.967,42.712],[18.135,42.673],[18.06,42.649],[18.207,42.622],[18.224,42.611],[18.224,42.609],[18.229,42.604],[18.229,42.601]],[[18.228,42.602],[18.228,42.601],[18.229,42.603],[18.228,42.602]],[[18.125,42.628],[18.114,42.633],[18.127,42.622],[18.125,42.628]],[[17.953,42.644],[17.95,42.648],[17.949,42.647],[17.953,42.644]],[[18.052,42.652],[18.049,42.652],[18.052,42.651],[18.052,42.652]],[[18.018,42.661],[18.006,42.683],[17.986,42.675],[18.018,42.661]],[[17.938,42.675],[17.975,42.678],[17.923,42.689],[17.938,42.675]],[[17.353,42.781],[17.746,42.709],[17.668,42.736],[17.371,42.791],[17.394,42.802],[17.332,42.779],[17.327,42.792],[17.316,42.785],[17.328,42.775],[17.381,42.757],[17.353,42.781]],[[16.889,42.723],[16.943,42.766],[16.821,42.766],[16.825,42.732],[16.889,42.723]],[[16.795,42.747],[16.803,42.746],[16.803,42.747],[16.795,42.747]],[[16.726,42.759],[16.727,42.752],[16.734,42.752],[16.726,42.759]],[[16.508,42.774],[16.51,42.764],[16.536,42.766],[16.508,42.774]],[[16.793,42.778],[16.785,42.76],[16.796,42.76],[16.793,42.778]],[[16.97,42.773],[16.962,42.773],[16.966,42.769],[16.97,42.773]],[[16.984,42.78],[16.99,42.775],[16.997,42.778],[16.984,42.78]],[[16.831,42.778],[16.831,42.78],[16.828,42.779],[16.831,42.778]],[[17.332,42.773],[17.332,42.77],[17.334,42.771],[17.332,42.773]],[[16.985,42.765],[16.98,42.771],[16.969,42.769],[16.985,42.765]],[[17.145,42.766],[17.145,42.764],[17.146,42.764],[17.145,42.766]],[[17.118,42.762],[17.116,42.764],[17.115,42.762],[17.118,42.762]],[[17.113,42.762],[17.111,42.763],[17.11,42.762],[17.113,42.762]],[[17.107,42.762],[17.103,42.763],[17.102,42.762],[17.107,42.762]],[[17.097,42.76],[17.094,42.762],[17.093,42.761],[17.097,42.76]],[[16.973,42.757],[16.965,42.762],[16.963,42.758],[16.973,42.757]],[[17.073,42.758],[17.072,42.756],[17.076,42.757],[17.073,42.758]],[[16.954,42.755],[16.957,42.758],[16.952,42.755],[16.954,42.755]],[[16.991,42.764],[16.991,42.766],[16.989,42.764],[16.991,42.764]],[[16.996,42.766],[16.998,42.765],[16.998,42.765],[16.996,42.766]],[[16.801,42.765],[16.808,42.754],[16.816,42.754],[16.81,42.763],[16.832,42.77],[16.801,42.765]],[[16.819,42.759],[16.821,42.76],[16.819,42.76],[16.819,42.759]],[[16.802,42.753],[16.8,42.756],[16.797,42.756],[16.802,42.753]],[[16.748,42.755],[16.745,42.755],[16.745,42.754],[16.748,42.755]],[[16.682,42.759],[16.68,42.759],[16.679,42.759],[16.682,42.759]],[[16.515,42.758],[16.513,42.758],[16.513,42.757],[16.515,42.758]],[[16.512,42.758],[16.512,42.76],[16.51,42.759],[16.512,42.758]],[[16.725,42.762],[16.724,42.764],[16.723,42.762],[16.725,42.762]],[[17.397,42.752],[17.401,42.751],[17.402,42.752],[17.397,42.752]],[[17.398,42.762],[17.396,42.761],[17.398,42.76],[17.398,42.762]],[[16.986,42.781],[16.988,42.783],[16.988,42.784],[16.986,42.781]],[[16.989,42.784],[16.993,42.782],[16.994,42.782],[16.989,42.784]],[[17.012,42.783],[17.014,42.781],[17.015,42.782],[17.012,42.783]],[[17.34,42.795],[17.345,42.791],[17.347,42.796],[17.34,42.795]],[[17.404,42.797],[17.394,42.797],[17.405,42.794],[17.404,42.797]],[[17.399,42.793],[17.397,42.789],[17.401,42.792],[17.399,42.793]],[[17.402,42.792],[17.41,42.787],[17.431,42.788],[17.402,42.792]],[[17.768,42.766],[17.781,42.759],[17.78,42.768],[17.768,42.766]],[[17.797,42.759],[17.799,42.756],[17.802,42.757],[17.797,42.759]],[[17.833,42.755],[17.861,42.727],[17.843,42.732],[17.916,42.706],[17.833,42.755]],[[17.933,42.709],[17.926,42.705],[17.934,42.708],[17.933,42.709]],[[17.84,42.728],[17.841,42.737],[17.788,42.754],[17.84,42.728]],[[17.807,42.752],[17.812,42.752],[17.808,42.754],[17.807,42.752]],[[17.822,42.746],[17.824,42.746],[17.822,42.747],[17.822,42.746]],[[18.056,42.666],[18.059,42.668],[18.056,42.67],[18.056,42.666]],[[17.357,42.805],[17.361,42.807],[17.354,42.805],[17.357,42.805]],[[16.995,42.816],[16.993,42.816],[16.991,42.816],[16.995,42.816]],[[17.427,42.874],[17.425,42.875],[17.424,42.874],[17.427,42.874]],[[16.796,42.896],[16.797,42.894],[16.799,42.895],[16.796,42.896]],[[16.791,42.894],[16.786,42.894],[16.792,42.893],[16.791,42.894]],[[16.811,42.896],[16.816,42.894],[16.821,42.895],[16.811,42.896]],[[16.857,42.909],[16.976,42.928],[17.201,42.917],[17.044,42.981],[16.854,42.958],[16.694,42.994],[16.63,42.986],[16.716,42.963],[16.641,42.937],[16.662,42.916],[16.665,42.93],[16.857,42.909]],[[16.705,42.898],[16.702,42.899],[16.702,42.897],[16.705,42.898]],[[16.762,42.902],[16.767,42.9],[16.763,42.903],[16.762,42.902]],[[16.694,42.901],[16.698,42.908],[16.691,42.904],[16.694,42.901]],[[16.692,42.906],[16.688,42.909],[16.687,42.907],[16.692,42.906]],[[16.727,42.911],[16.742,42.905],[16.723,42.915],[16.727,42.911]],[[16.683,42.912],[16.674,42.918],[16.672,42.914],[16.683,42.912]],[[16.752,42.905],[16.75,42.903],[16.753,42.903],[16.752,42.905]],[[16.83,42.902],[16.834,42.902],[16.83,42.902],[16.83,42.902]],[[16.681,42.959],[16.686,42.962],[16.678,42.962],[16.681,42.959]],[[16.61,42.982],[16.625,42.985],[16.608,42.984],[16.61,42.982]],[[16.65,42.993],[16.652,42.995],[16.649,42.993],[16.65,42.993]],[[17.05,42.98],[17.055,42.98],[17.049,42.98],[17.05,42.98]],[[17.205,42.962],[17.208,42.962],[17.208,42.963],[17.205,42.962]],[[17.193,42.96],[17.189,42.957],[17.194,42.959],[17.193,42.96]],[[17.199,42.958],[17.201,42.956],[17.203,42.956],[17.199,42.958]],[[17.167,42.95],[17.153,42.959],[17.151,42.956],[17.167,42.95]],[[17.164,42.944],[17.168,42.948],[17.164,42.948],[17.164,42.944]],[[17.191,42.942],[17.192,42.939],[17.194,42.94],[17.191,42.942]],[[17.165,42.936],[17.169,42.938],[17.165,42.938],[17.165,42.936]],[[17.201,42.936],[17.205,42.937],[17.203,42.938],[17.201,42.936]],[[17.182,42.934],[17.182,42.932],[17.185,42.932],[17.182,42.934]],[[16.804,42.893],[16.81,42.895],[16.801,42.896],[16.804,42.893]],[[18.201,42.595],[18.204,42.594],[18.202,42.596],[18.201,42.595]],[[18.177,42.585],[18.178,42.587],[18.174,42.588],[18.177,42.585]],[[18.19,42.58],[18.195,42.572],[18.2,42.572],[18.193,42.579],[18.19,42.58]],[[16.263,42.394],[16.25,42.394],[16.267,42.391],[16.263,42.394]],[[16.276,42.39],[16.274,42.39],[16.276,42.389],[16.276,42.39]],[[16.273,42.389],[16.27,42.389],[16.273,42.387],[16.273,42.389]],[[16.338,42.378],[16.339,42.378],[16.339,42.378],[16.338,42.378]],[[18.433,42.443],[18.439,42.443],[18.434,42.445],[18.433,42.443]]]},"properties":{"id":"emma:HR806","codigo":"HR806","region":"South Dalmatia region","pais_iso2":"HR","nivel":2,"en_curso":false,"tipos":["Viento"],"url":"https://meteoalarm.org?geocode=EMMA_ID:HR806","fecha_utc":"2026-10-11T18:00:00+02:00","leido_utc":"2026-10-11T00:30:03Z","avisos":[{"tipo":"Viento","nivel":2,"desde":"2026-10-11T18:00:00+02:00","hasta":"2026-10-11T23:59:59+02:00","severidad_cap":"Moderate"},{"tipo":"Viento","nivel":2,"desde":"2026-10-12T00:01:01+02:00","hasta":"2026-10-12T23:59:59+02:00","severidad_cap":"Moderate"},{"tipo":"Viento","nivel":2,"desde":"2026-10-13T00:01:01+02:00","hasta":"2026-10-13T23:59:59+02:00","severidad_cap":"Moderate"}],"k":"zona","opacidad":0.22}},{"type":"Feature","geometry":{"type":"Point","coordinates":[17.258,42.616]},"properties":{"id":"emma:HR806","codigo":"HR806","region":"South Dalmatia region","pais_iso2":"HR","nivel":2,"en_curso":false,"tipos":["Viento"],"url":"https://meteoalarm.org?geocode=EMMA_ID:HR806","fecha_utc":"2026-10-11T18:00:00+02:00","leido_utc":"2026-10-11T00:30:03Z","avisos":[{"tipo":"Viento","nivel":2,"desde":"2026-10-11T18:00:00+02:00","hasta":"2026-10-11T23:59:59+02:00","severidad_cap":"Moderate"},{"tipo":"Viento","nivel":2,"desde":"2026-10-12T00:01:01+02:00","hasta":"2026-10-12T23:59:59+02:00","severidad_cap":"Moderate"},{"tipo":"Viento","nivel":2,"desde":"2026-10-13T00:01:01+02:00","hasta":"2026-10-13T23:59:59+02:00","severidad_cap":"Moderate"}],"k":"region"}},{"type":"Feature","geometry":{"type":"Polygon","coordinates":[[[15.921,43.235],[16.053,43.477],[16.177,43.495],[16.111,43.512],[16.349,43.549],[16.469,43.536],[16.388,43.508],[16.53,43.504],[16.726,43.413],[16.887,43.401],[17.11,43.209],[17.325,43.117],[17.407,43.04],[17.423,43.063],[17.423,43.03],[17.458,43.049],[17.471,43.049],[17.424,43.028],[17.46,43.036],[17.445,43.019],[17.493,42.969],[17.578,42.939],[17.55,42.923],[17.709,42.882],[17.696,42.86],[17.744,42.834],[17.705,42.846],[17.68,42.87],[17.527,42.924],[17.532,42.904],[17.47,42.916],[17.439,42.954],[17.27,43.011],[17.006,43.048],[17.01,42.991],[16.86,42.968],[16.691,43.002],[16.362,43.002],[16.317,42.883],[16.252,42.818],[15.963,42.756],[15.616,42.832],[15.502,42.894],[15.331,42.916],[15.239,42.975],[15.19,43.062],[15.231,43.202],[15.381,43.284],[15.528,43.286],[15.668,43.223],[15.921,43.235]],[[16.582,43.206],[16.52,43.225],[16.598,43.184],[16.474,43.211],[16.426,43.19],[16.366,43.196],[16.663,43.121],[17.197,43.125],[16.724,43.157],[16.667,43.213],[16.582,43.206]],[[16.699,43.19],[16.691,43.191],[16.691,43.19],[16.699,43.19]],[[16.381,43.145],[16.379,43.147],[16.378,43.146],[16.381,43.145]],[[16.36,43.15],[16.363,43.157],[16.355,43.155],[16.36,43.15]],[[16.363,43.164],[16.402,43.156],[16.401,43.168],[16.366,43.165],[16.35,43.178],[16.33,43.169],[16.363,43.164]],[[16.312,43.176],[16.318,43.173],[16.316,43.176],[16.312,43.176]],[[16.332,43.175],[16.332,43.173],[16.333,43.173],[16.332,43.175]],[[16.327,43.173],[16.327,43.175],[16.323,43.174],[16.327,43.173]],[[16.364,43.17],[16.364,43.169],[16.366,43.17],[16.364,43.17]],[[16.404,43.168],[16.405,43.167],[16.405,43.168],[16.404,43.168]],[[16.438,43.167],[16.436,43.166],[16.438,43.167],[16.438,43.167]],[[16.429,43.157],[16.411,43.156],[16.416,43.151],[16.429,43.157]],[[16.431,43.162],[16.433,43.157],[16.437,43.16],[16.431,43.162]],[[16.452,43.158],[16.451,43.156],[16.453,43.157],[16.452,43.158]],[[16.411,43.156],[16.411,43.158],[16.41,43.157],[16.411,43.156]],[[16.405,43.162],[16.409,43.161],[16.411,43.161],[16.405,43.162]],[[16.416,43.165],[16.414,43.16],[16.417,43.162],[16.416,43.165]],[[16.405,43.198],[16.405,43.196],[16.406,43.197],[16.405,43.198]],[[16.7,43.09],[16.66,43.088],[16.741,43.089],[16.7,43.09]],[[16.187,43.061],[16.122,43.08],[16.051,43.058],[16.09,43.039],[16.066,43.008],[16.214,43.017],[16.257,43.061],[16.187,43.061]],[[16.204,43.078],[16.2,43.076],[16.205,43.077],[16.204,43.078]],[[16.265,43.053],[16.265,43.049],[16.267,43.053],[16.265,43.053]],[[16.253,43.037],[16.255,43.035],[16.257,43.038],[16.253,43.037]],[[16.817,43.033],[16.819,43.029],[16.824,43.028],[16.817,43.033]],[[16.247,43.025],[16.238,43.029],[16.239,43.023],[16.247,43.025]],[[16.237,43.025],[16.236,43.026],[16.235,43.026],[16.237,43.025]],[[16.226,43.021],[16.228,43.015],[16.23,43.022],[16.226,43.021]],[[15.724,43.021],[15.761,43.02],[15.767,43.03],[15.724,43.021]],[[16.583,43.084],[16.581,43.082],[16.584,43.083],[16.583,43.084]],[[16.574,43.086],[16.576,43.088],[16.573,43.087],[16.574,43.086]],[[15.459,43.087],[15.455,43.088],[15.455,43.087],[15.459,43.087]],[[15.798,43.004],[15.801,43.005],[15.798,43.005],[15.798,43.004]],[[16.021,42.969],[15.998,42.991],[15.994,42.955],[16.021,42.969]],[[17.454,42.955],[17.458,42.953],[17.458,42.955],[17.454,42.955]],[[17.474,42.938],[17.475,42.935],[17.476,42.937],[17.474,42.938]],[[17.499,42.929],[17.497,42.928],[17.499,42.928],[17.499,42.929]],[[17.485,42.927],[17.483,42.927],[17.486,42.926],[17.485,42.927]],[[17.509,42.921],[17.502,42.921],[17.508,42.92],[17.509,42.921]],[[17.493,42.919],[17.489,42.92],[17.491,42.918],[17.493,42.919]],[[17.474,42.929],[17.476,42.926],[17.476,42.927],[17.474,42.929]],[[17.723,42.843],[17.724,42.841],[17.724,42.843],[17.723,42.843]],[[16.636,43.257],[16.854,43.271],[16.899,43.314],[16.8,43.355],[16.427,43.39],[16.463,43.355],[16.41,43.316],[16.636,43.257]],[[16.386,43.329],[16.329,43.396],[16.2,43.411],[16.208,43.384],[16.386,43.329]],[[16.193,43.391],[16.196,43.396],[16.192,43.395],[16.193,43.391]],[[16.183,43.393],[16.179,43.395],[16.182,43.392],[16.183,43.393]],[[16.184,43.397],[16.183,43.399],[16.183,43.398],[16.184,43.397]],[[16.17,43.409],[16.179,43.401],[16.181,43.403],[16.17,43.409]],[[16.193,43.404],[16.197,43.402],[16.197,43.403],[16.193,43.404]],[[16.135,43.414],[16.133,43.415],[16.134,43.414],[16.135,43.414]],[[16.12,43.419],[16.126,43.421],[16.118,43.422],[16.12,43.419]],[[16.409,43.339],[16.41,43.339],[16.409,43.34],[16.409,43.339]],[[16.107,43.431],[16.167,43.433],[16.173,43.449],[16.133,43.461],[16.107,43.431]],[[16.082,43.437],[16.086,43.457],[16.052,43.45],[16.082,43.437]],[[16.177,43.442],[16.179,43.442],[16.177,43.443],[16.177,43.442]],[[16.175,43.438],[16.179,43.437],[16.175,43.44],[16.175,43.438]],[[16.055,43.467],[16.056,43.468],[16.055,43.468],[16.055,43.467]],[[16.176,43.475],[16.174,43.475],[16.172,43.475],[16.176,43.475]],[[16.166,43.477],[16.167,43.48],[16.166,43.48],[16.166,43.477]],[[16.215,43.48],[16.22,43.479],[16.215,43.48],[16.215,43.48]],[[16.236,43.481],[16.225,43.478],[16.238,43.479],[16.236,43.481]],[[16.201,43.497],[16.271,43.494],[16.392,43.489],[16.265,43.517],[16.201,43.497]]]},"properties":{"id":"emma:HR805","codigo":"HR805","region":"Middle Dalmatia region","pais_iso2":"HR","nivel":2,"en_curso":true,"tipos":["Viento"],"url":"https://meteoalarm.org?geocode=EMMA_ID:HR805","fecha_utc":"2026-10-11T00:01:01+02:00","leido_utc":"2026-10-11T00:30:03Z","avisos":[{"tipo":"Viento","nivel":2,"desde":"2026-10-11T00:01:01+02:00","hasta":"2026-10-11T23:59:59+02:00","severidad_cap":"Moderate"},{"tipo":"Viento","nivel":2,"desde":"2026-10-12T00:01:01+02:00","hasta":"2026-10-12T23:59:59+02:00","severidad_cap":"Moderate"},{"tipo":"Viento","nivel":2,"desde":"2026-10-13T00:01:01+02:00","hasta":"2026-10-13T23:59:59+02:00","severidad_cap":"Moderate"}],"k":"zona","opacidad":0.42}},{"type":"Feature","geometry":{"type":"Point","coordinates":[15.787,43.153]},"properties":{"id":"emma:HR805","codigo":"HR805","region":"Middle Dalmatia region","pais_iso2":"HR","nivel":2,"en_curso":true,"tipos":["Viento"],"url":"https://meteoalarm.org?geocode=EMMA_ID:HR805","fecha_utc":"2026-10-11T00:01:01+02:00","leido_utc":"2026-10-11T00:30:03Z","avisos":[{"tipo":"Viento","nivel":2,"desde":"2026-10-11T00:01:01+02:00","hasta":"2026-10-11T23:59:59+02:00","severidad_cap":"Moderate"},{"tipo":"Viento","nivel":2,"desde":"2026-10-12T00:01:01+02:00","hasta":"2026-10-12T23:59:59+02:00","severidad_cap":"Moderate"},{"tipo":"Viento","nivel":2,"desde":"2026-10-13T00:01:01+02:00","hasta":"2026-10-13T23:59:59+02:00","severidad_cap":"Moderate"}],"k":"region"}},{"type":"Feature","geometry":{"type":"Point","coordinates":[16.43,45.16]},"properties":{"id":"emma:PAIS:HR","codigo":"","region":"Primorsko-goranska (ubicación aproximada: país)","pais_iso2":"HR","nivel":3,"en_curso":true,"tipos":["Tormentas"],"url":"https://meteoalarm.org?region=HR","fecha_utc":"2026-10-10T08:34:07+02:00","leido_utc":"2026-10-11T00:30:03Z","avisos":[{"tipo":"Tormentas","nivel":3,"desde":"2026-10-10T18:51:39+02:00","hasta":"2026-10-11T07:59:59+02:00","severidad_cap":"Severe"},{"tipo":"Lluvia","nivel":2,"desde":"2026-10-10T08:34:07+02:00","hasta":"2026-10-11T06:59:59+02:00","severidad_cap":"Moderate"},{"tipo":"Lluvia","nivel":2,"desde":"2026-10-10T08:34:07+02:00","hasta":"2026-10-11T08:59:59+02:00","severidad_cap":"Moderate"},{"tipo":"Lluvia","nivel":2,"desde":"2026-10-10T08:34:07+02:00","hasta":"2026-10-11T09:59:59+02:00","severidad_cap":"Moderate"},{"tipo":"Lluvia","nivel":2,"desde":"2026-10-10T08:34:07+02:00","hasta":"2026-10-11T09:59:59+02:00","severidad_cap":"Moderate"},{"tipo":"Lluvia","nivel":2,"desde":"2026-10-10T08:34:07+02:00","hasta":"2026-10-11T09:59:59+02:00","severidad_cap":"Moderate"},{"tipo":"Tormentas","nivel":2,"desde":"2026-10-10T18:51:39+02:00","hasta":"2026-10-11T07:59:59+02:00","severidad_cap":"Moderate"},{"tipo":"Tormentas","nivel":2,"desde":"2026-10-10T18:51:39+02:00","hasta":"2026-10-11T07:59:59+02:00","severidad_cap":"Moderate"}],"k":"region"}},{"type":"Feature","geometry":{"type":"Polygon","coordinates":[[[22.043,57.914],[22.059,57.768],[22.059,57.768],[21.916,57.749],[21.717,57.787],[21.613,57.895],[21.387,58.289],[21.432,58.567],[21.504,58.641],[21.607,58.688],[21.697,58.832],[21.652,58.918],[21.85,59.057],[22.308,59.245],[22.52,59.292],[22.733,59.292],[22.839,59.338],[22.85,58.998],[22.718,59.006],[22.696,59.073],[22.583,59.093],[22.571,59.031],[22.479,59.028],[22.494,58.999],[22.436,58.994],[22.471,58.962],[22.413,58.969],[22.396,58.937],[22.043,58.941],[22.049,58.921],[22.135,58.907],[22.174,58.882],[22.396,58.89],[22.455,58.841],[22.458,58.811],[22.434,58.807],[22.48,58.772],[22.462,58.751],[22.503,58.733],[22.466,58.716],[22.56,58.688],[22.56,58.639],[22.561,58.638],[22.536,58.64],[22.473,58.581],[22.287,58.57],[22.282,58.53],[22.302,58.54],[22.315,58.52],[22.285,58.486],[22.244,58.49],[22.239,58.536],[22.204,58.546],[22.201,58.514],[22.118,58.482],[22.106,58.417],[22.077,58.419],[22.009,58.506],[21.917,58.517],[21.923,58.489],[21.894,58.479],[21.838,58.502],[21.834,58.482],[21.903,58.469],[21.953,58.405],[22.023,58.366],[21.98,58.368],[21.984,58.336],[21.937,58.357],[21.945,58.308],[21.861,58.353],[21.909,58.307],[21.895,58.296],[21.834,58.31],[21.831,58.28],[21.997,58.224],[22.002,58.249],[22.064,58.177],[22.208,58.159],[22.224,58.14],[22.168,58.066],[22.104,58.088],[22.02,57.983],[21.979,57.977],[21.983,57.947],[22.043,57.914]]]},"properties":{"id":"emma:POL:estonia:northernbalticsea","codigo":"","region":"Northern Baltic Sea","pais_iso2":"EE","nivel":2,"en_curso":false,"tipos":["Viento"],"url":"https://meteoalarm.org?region=EE","fecha_utc":"2026-10-11T08:00:00+00:00","leido_utc":"2026-10-11T00:30:03Z","avisos":[{"tipo":"Viento","nivel":2,"desde":"2026-10-11T08:00:00+00:00","hasta":"2026-10-12T00:00:00+00:00","severidad_cap":"Moderate"},{"tipo":"Viento","nivel":2,"desde":"2026-10-12T00:00:00+00:00","hasta":"2026-10-12T18:00:00+00:00","severidad_cap":"Moderate"}],"k":"zona","opacidad":0.22}},{"type":"Feature","geometry":{"type":"Point","coordinates":[22.159,58.551]},"properties":{"id":"emma:POL:estonia:northernbalticsea","codigo":"","region":"Northern Baltic Sea","pais_iso2":"EE","nivel":2,"en_curso":false,"tipos":["Viento"],"url":"https://meteoalarm.org?region=EE","fecha_utc":"2026-10-11T08:00:00+00:00","leido_utc":"2026-10-11T00:30:03Z","avisos":[{"tipo":"Viento","nivel":2,"desde":"2026-10-11T08:00:00+00:00","hasta":"2026-10-12T00:00:00+00:00","severidad_cap":"Moderate"},{"tipo":"Viento","nivel":2,"desde":"2026-10-12T00:00:00+00:00","hasta":"2026-10-12T18:00:00+00:00","severidad_cap":"Moderate"}],"k":"region"}},{"type":"Feature","geometry":{"type":"Polygon","coordinates":[[[23.051,58.991],[22.886,58.986],[22.873,58.983],[22.85,58.998],[22.839,59.338],[23.192,59.483],[23.522,59.482],[24.482,59.703],[25.578,59.827],[26.006,59.816],[25.998,59.612],[25.963,59.636],[25.977,59.587],[25.931,59.578],[25.911,59.617],[25.867,59.625],[25.869,59.573],[25.786,59.569],[25.785,59.621],[25.695,59.671],[25.671,59.654],[25.708,59.58],[25.658,59.565],[25.569,59.614],[25.525,59.615],[25.497,59.648],[25.493,59.604],[25.553,59.547],[25.54,59.523],[25.464,59.519],[25.414,59.489],[25.319,59.498],[25.27,59.529],[25.212,59.502],[25.134,59.541],[25.177,59.503],[25.151,59.477],[25.086,59.506],[24.933,59.494],[24.887,59.549],[24.796,59.572],[24.794,59.529],[24.838,59.487],[24.787,59.444],[24.747,59.448],[24.701,59.455],[24.729,59.473],[24.708,59.486],[24.691,59.465],[24.646,59.469],[24.683,59.449],[24.664,59.429],[24.574,59.462],[24.542,59.438],[24.46,59.47],[24.36,59.473],[24.343,59.426],[24.233,59.394],[24.179,59.397],[24.232,59.377],[24.241,59.344],[24.037,59.389],[24.037,59.354],[24.117,59.309],[24.091,59.271],[24.033,59.291],[23.883,59.27],[23.823,59.289],[23.732,59.274],[23.745,59.252],[23.709,59.23],[23.66,59.248],[23.559,59.215],[23.508,59.229],[23.485,59.191],[23.542,59.09],[23.435,59.078],[23.45,59.029],[23.404,59.026],[23.427,59.002],[23.427,59.002],[23.427,59.002],[23.427,59.002],[23.376,59.001],[23.331,59.036],[23.268,59.019],[23.189,59.053],[23.117,59.028],[23.145,58.994],[23.051,58.991]]]},"properties":{"id":"emma:POL:estonia:westerngulfoffinland","codigo":"","region":"Western Gulf of Finland","pais_iso2":"EE","nivel":2,"en_curso":true,"tipos":["Viento"],"url":"https://meteoalarm.org?region=EE","fecha_utc":"2026-10-10T21:00:00+00:00","leido_utc":"2026-10-11T00:30:03Z","avisos":[{"tipo":"Viento","nivel":2,"desde":"2026-10-10T21:00:00+00:00","hasta":"2026-10-11T06:00:00+00:00","severidad_cap":"Moderate"},{"tipo":"Viento","nivel":2,"desde":"2026-10-11T16:00:00+00:00","hasta":"2026-10-12T18:00:00+00:00","severidad_cap":"Moderate"}],"k":"zona","opacidad":0.42}},{"type":"Feature","geometry":{"type":"Point","coordinates":[24.474,59.381]},"properties":{"id":"emma:POL:estonia:westerngulfoffinland","codigo":"","region":"Western Gulf of Finland","pais_iso2":"EE","nivel":2,"en_curso":true,"tipos":["Viento"],"url":"https://meteoalarm.org?region=EE","fecha_utc":"2026-10-10T21:00:00+00:00","leido_utc":"2026-10-11T00:30:03Z","avisos":[{"tipo":"Viento","nivel":2,"desde":"2026-10-10T21:00:00+00:00","hasta":"2026-10-11T06:00:00+00:00","severidad_cap":"Moderate"},{"tipo":"Viento","nivel":2,"desde":"2026-10-11T16:00:00+00:00","hasta":"2026-10-12T18:00:00+00:00","severidad_cap":"Moderate"}],"k":"region"}},{"type":"Feature","geometry":{"type":"Polygon","coordinates":[[[25.998,59.612],[26.006,59.816],[26.153,59.9],[26.435,59.938],[26.629,59.822],[26.817,59.662],[27.053,59.618],[27.385,59.652],[28.041,59.475],[27.934,59.407],[27.813,59.395],[27.739,59.418],[27.594,59.414],[27.378,59.446],[26.961,59.436],[26.625,59.546],[26.507,59.512],[26.273,59.582],[26.1,59.585],[26.052,59.618],[25.998,59.612]]]},"properties":{"id":"emma:POL:estonia:easterngulfoffinland","codigo":"","region":"Eastern Gulf of Finland","pais_iso2":"EE","nivel":2,"en_curso":true,"tipos":["Viento"],"url":"https://meteoalarm.org?region=EE","fecha_utc":"2026-10-10T21:00:00+00:00","leido_utc":"2026-10-11T00:30:03Z","avisos":[{"tipo":"Viento","nivel":2,"desde":"2026-10-10T21:00:00+00:00","hasta":"2026-10-11T06:00:00+00:00","severidad_cap":"Moderate"},{"tipo":"Viento","nivel":2,"desde":"2026-10-12T02:00:00+00:00","hasta":"2026-10-12T14:00:00+00:00","severidad_cap":"Moderate"}],"k":"zona","opacidad":0.42}},{"type":"Feature","geometry":{"type":"Point","coordinates":[26.833,59.594]},"properties":{"id":"emma:POL:estonia:easterngulfoffinland","codigo":"","region":"Eastern Gulf of Finland","pais_iso2":"EE","nivel":2,"en_curso":true,"tipos":["Viento"],"url":"https://meteoalarm.org?region=EE","fecha_utc":"2026-10-10T21:00:00+00:00","leido_utc":"2026-10-11T00:30:03Z","avisos":[{"tipo":"Viento","nivel":2,"desde":"2026-10-10T21:00:00+00:00","hasta":"2026-10-11T06:00:00+00:00","severidad_cap":"Moderate"},{"tipo":"Viento","nivel":2,"desde":"2026-10-12T02:00:00+00:00","hasta":"2026-10-12T14:00:00+00:00","severidad_cap":"Moderate"}],"k":"region"}},{"type":"Feature","geometry":{"type":"Polygon","coordinates":[[[27.628,57.958],[27.585,58.031],[27.608,58.078],[27.529,58.104],[27.477,58.233],[27.413,58.29],[27.432,58.306],[27.405,58.354],[27.438,58.365],[27.297,58.408],[27.296,58.391],[27.258,58.398],[27.243,58.513],[27.163,58.687],[27.096,58.742],[26.978,58.781],[26.946,58.826],[26.968,58.891],[27.027,58.931],[27.178,58.98],[27.373,59.004],[27.619,59.008],[27.737,58.982],[27.357,58.787],[27.553,58.366],[27.487,58.304],[27.491,58.224],[27.636,58.1],[27.607,58.054],[27.644,58.001],[27.628,57.958]]]},"properties":{"id":"emma:POL:estonia:lakepeipus","codigo":"","region":"Lake Peipus","pais_iso2":"EE","nivel":2,"en_curso":true,"tipos":["Viento"],"url":"https://meteoalarm.org?region=EE","fecha_utc":"2026-10-10T22:00:00+00:00","leido_utc":"2026-10-11T00:30:03Z","avisos":[{"tipo":"Viento","nivel":2,"desde":"2026-10-10T22:00:00+00:00","hasta":"2026-10-11T06:00:00+00:00","severidad_cap":"Moderate"}],"k":"zona","opacidad":0.42}},{"type":"Feature","geometry":{"type":"Point","coordinates":[27.39,58.453]},"properties":{"id":"emma:POL:estonia:lakepeipus","codigo":"","region":"Lake Peipus","pais_iso2":"EE","nivel":2,"en_curso":true,"tipos":["Viento"],"url":"https://meteoalarm.org?region=EE","fecha_utc":"2026-10-10T22:00:00+00:00","leido_utc":"2026-10-11T00:30:03Z","avisos":[{"tipo":"Viento","nivel":2,"desde":"2026-10-10T22:00:00+00:00","hasta":"2026-10-11T06:00:00+00:00","severidad_cap":"Moderate"}],"k":"region"}},{"type":"Feature","geometry":{"type":"Polygon","coordinates":[[[23.68,58.451],[23.683,58.433],[23.683,58.432],[23.751,58.338],[23.77,58.357],[23.827,58.339],[23.836,58.36],[23.903,58.314],[23.912,58.331],[23.95,58.328],[24.002,58.296],[24.011,58.32],[24.119,58.228],[24.172,58.27],[24.269,58.278],[24.311,58.381],[24.439,58.386],[24.57,58.343],[24.583,58.298],[24.469,58.246],[24.453,58.175],[24.483,58.132],[24.457,58.105],[24.482,58.076],[24.356,57.878],[24.261,57.917],[24.209,57.899],[23.601,57.899],[23.648,57.783],[23.582,57.669],[23.406,57.594],[23.181,57.586],[22.999,57.702],[22.707,57.941],[22.584,57.927],[22.143,57.779],[22.059,57.768],[22.059,57.768],[22.043,57.914],[22.201,57.982],[22.184,58.011],[22.249,58.09],[22.256,58.173],[22.301,58.204],[22.425,58.216],[22.475,58.248],[22.508,58.213],[22.543,58.253],[22.547,58.22],[22.587,58.237],[22.598,58.223],[22.621,58.255],[22.655,58.247],[22.645,58.217],[22.662,58.236],[22.696,58.216],[22.749,58.221],[22.704,58.275],[22.822,58.259],[22.844,58.297],[22.857,58.317],[22.891,58.297],[22.927,58.319],[22.971,58.35],[22.953,58.385],[23.007,58.359],[23.04,58.358],[23.046,58.392],[23.089,58.379],[23.064,58.421],[23.128,58.419],[23.158,58.477],[23.216,58.431],[23.258,58.435],[23.224,58.458],[23.297,58.454],[23.323,58.452],[23.68,58.451]]]},"properties":{"id":"emma:POL:estonia:northerngulfofriga","codigo":"","region":"Northern Gulf of Riga","pais_iso2":"EE","nivel":2,"en_curso":true,"tipos":["Viento"],"url":"https://meteoalarm.org?region=EE","fecha_utc":"2026-10-10T13:00:00+00:00","leido_utc":"2026-10-11T00:30:03Z","avisos":[{"tipo":"Viento","nivel":2,"desde":"2026-10-10T13:00:00+00:00","hasta":"2026-10-11T01:00:00+00:00","severidad_cap":"Moderate"}],"k":"zona","opacidad":0.42}},{"type":"Feature","geometry":{"type":"Point","coordinates":[23.27,58.201]},"properties":{"id":"emma:POL:estonia:northerngulfofriga","codigo":"","region":"Northern Gulf of Riga","pais_iso2":"EE","nivel":2,"en_curso":true,"tipos":["Viento"],"url":"https://meteoalarm.org?region=EE","fecha_utc":"2026-10-10T13:00:00+00:00","leido_utc":"2026-10-11T00:30:03Z","avisos":[{"tipo":"Viento","nivel":2,"desde":"2026-10-10T13:00:00+00:00","hasta":"2026-10-11T01:00:00+00:00","severidad_cap":"Moderate"}],"k":"region"}},{"type":"Feature","geometry":{"type":"Polygon","coordinates":[[[-19.045,63.565],[-19.036,63.417],[-19.154,63.4],[-20.004,63.537],[-21.373,63.864],[-22.596,63.822],[-21.915,63.983],[-20.669,64.414],[-20.352,64.408],[-19.992,64.46],[-19.787,64.387],[-19.437,64.187],[-19.413,64.161],[-19.433,64.079],[-19.562,63.959],[-19.549,63.932],[-19.392,63.686],[-19.045,63.565]]]},"properties":{"id":"emma:IS002","codigo":"IS002","region":"South Iceland","pais_iso2":"IS","nivel":2,"en_curso":false,"tipos":["Viento"],"url":"https://meteoalarm.org?geocode=EMMA_ID:IS002","fecha_utc":"2026-10-11T22:00:00-00:00","leido_utc":"2026-10-11T00:30:03Z","avisos":[{"tipo":"Viento","nivel":2,"desde":"2026-10-11T22:00:00-00:00","hasta":"2026-10-12T04:00:00-00:00","severidad_cap":"Moderate"}],"k":"zona","opacidad":0.22}},{"type":"Feature","geometry":{"type":"Point","coordinates":[-20.901,63.898]},"properties":{"id":"emma:IS002","codigo":"IS002","region":"South Iceland","pais_iso2":"IS","nivel":2,"en_curso":false,"tipos":["Viento"],"url":"https://meteoalarm.org?geocode=EMMA_ID:IS002","fecha_utc":"2026-10-11T22:00:00-00:00","leido_utc":"2026-10-11T00:30:03Z","avisos":[{"tipo":"Viento","nivel":2,"desde":"2026-10-11T22:00:00-00:00","hasta":"2026-10-12T04:00:00-00:00","severidad_cap":"Moderate"}],"k":"region"}},{"type":"Feature","geometry":{"type":"Polygon","coordinates":[[[35.427,31.045],[35.425,31.045],[35.365,31.066],[35.321,31.091],[35.295,31.105],[35.289,31.201],[35.284,31.287],[35.248,31.344],[35.232,31.371],[35.228,31.377],[35.237,31.38],[35.296,31.422],[35.356,31.452],[35.477,31.496],[35.475,31.425],[35.455,31.36],[35.414,31.296],[35.393,31.248],[35.399,31.236],[35.452,31.164],[35.459,31.12],[35.45,31.086],[35.427,31.045]]]},"properties":{"id":"emma:POL:israel:southjudeadesertdeadsea","codigo":"","region":"South Judea Desert  Dead Sea","pais_iso2":"IL","nivel":2,"en_curso":true,"tipos":["Calor","Inundación","Tormentas"],"url":"https://meteoalarm.org?region=IL","fecha_utc":"2026-10-11T02:00:00+03:00","leido_utc":"2026-10-11T00:30:03Z","avisos":[{"tipo":"Tormentas","nivel":2,"desde":"2026-10-11T02:00:00+03:00","hasta":"2026-10-11T06:00:00+03:00","severidad_cap":"Minor"},{"tipo":"Calor","nivel":2,"desde":"2026-10-11T11:00:00+03:00","hasta":"2026-10-11T23:00:00+03:00","severidad_cap":"Moderate"},{"tipo":"Inundación","nivel":2,"desde":"2026-10-11T12:00:00+03:00","hasta":"2026-10-11T20:00:00+03:00","severidad_cap":"Severe"},{"tipo":"Inundación","nivel":2,"desde":"2026-10-11T12:00:00+03:00","hasta":"2026-10-11T20:00:00+03:00","severidad_cap":"Severe"}],"k":"zona","opacidad":0.42}},{"type":"Feature","geometry":{"type":"Point","coordinates":[35.365,31.246]},"properties":{"id":"emma:POL:israel:southjudeadesertdeadsea","codigo":"","region":"South Judea Desert  Dead Sea","pais_iso2":"IL","nivel":2,"en_curso":true,"tipos":["Calor","Inundación","Tormentas"],"url":"https://meteoalarm.org?region=IL","fecha_utc":"2026-10-11T02:00:00+03:00","leido_utc":"2026-10-11T00:30:03Z","avisos":[{"tipo":"Tormentas","nivel":2,"desde":"2026-10-11T02:00:00+03:00","hasta":"2026-10-11T06:00:00+03:00","severidad_cap":"Minor"},{"tipo":"Calor","nivel":2,"desde":"2026-10-11T11:00:00+03:00","hasta":"2026-10-11T23:00:00+03:00","severidad_cap":"Moderate"},{"tipo":"Inundación","nivel":2,"desde":"2026-10-11T12:00:00+03:00","hasta":"2026-10-11T20:00:00+03:00","severidad_cap":"Severe"},{"tipo":"Inundación","nivel":2,"desde":"2026-10-11T12:00:00+03:00","hasta":"2026-10-11T20:00:00+03:00","severidad_cap":"Severe"}],"k":"region"}},{"type":"Feature","geometry":{"type":"Polygon","coordinates":[[[35.427,31.045],[35.415,31.024],[35.411,30.992],[35.416,30.95],[35.389,30.927],[35.359,30.914],[35.333,30.862],[35.334,30.813],[35.316,30.805],[35.296,30.776],[35.29,30.731],[35.273,30.687],[35.231,30.619],[35.209,30.591],[35.204,30.542],[35.186,30.522],[35.192,30.491],[35.173,30.456],[35.156,30.443],[35.156,30.421],[35.161,30.412],[35.12,30.37],[35.086,30.362],[35.091,30.395],[35.124,30.535],[35.142,30.738],[35.132,30.814],[35.112,30.83],[35.093,30.834],[35.081,30.831],[35.038,30.802],[35.019,30.789],[35.009,30.782],[35.01,30.797],[35.01,30.797],[35.016,30.825],[35.019,30.826],[35.077,30.871],[35.077,30.873],[35.121,30.903],[35.184,30.927],[35.2,30.937],[35.206,30.94],[35.206,30.94],[35.206,30.94],[35.204,30.941],[35.191,30.949],[35.189,30.958],[35.191,30.964],[35.192,30.965],[35.202,30.971],[35.216,30.971],[35.217,30.97],[35.218,30.969],[35.217,30.96],[35.217,30.956],[35.221,30.956],[35.227,30.96],[35.23,30.966],[35.23,30.969],[35.235,30.975],[35.307,31.053],[35.296,31.081],[35.295,31.105],[35.321,31.091],[35.365,31.066],[35.425,31.045],[35.427,31.045]]]},"properties":{"id":"emma:POL:israel:northernarava","codigo":"","region":"Northern Arava","pais_iso2":"IL","nivel":2,"en_curso":true,"tipos":["Calor","Inundación","Tormentas"],"url":"https://meteoalarm.org?region=IL","fecha_utc":"2026-10-11T02:00:00+03:00","leido_utc":"2026-10-11T00:30:03Z","avisos":[{"tipo":"Tormentas","nivel":2,"desde":"2026-10-11T02:00:00+03:00","hasta":"2026-10-11T06:00:00+03:00","severidad_cap":"Minor"},{"tipo":"Calor","nivel":2,"desde":"2026-10-11T11:00:00+03:00","hasta":"2026-10-11T23:00:00+03:00","severidad_cap":"Moderate"},{"tipo":"Inundación","nivel":2,"desde":"2026-10-11T12:00:00+03:00","hasta":"2026-10-11T20:00:00+03:00","severidad_cap":"Severe"}],"k":"zona","opacidad":0.42}},{"type":"Feature","geometry":{"type":"Point","coordinates":[35.208,30.832]},"properties":{"id":"emma:POL:israel:northernarava","codigo":"","region":"Northern Arava","pais_iso2":"IL","nivel":2,"en_curso":true,"tipos":["Calor","Inundación","Tormentas"],"url":"https://meteoalarm.org?region=IL","fecha_utc":"2026-10-11T02:00:00+03:00","leido_utc":"2026-10-11T00:30:03Z","avisos":[{"tipo":"Tormentas","nivel":2,"desde":"2026-10-11T02:00:00+03:00","hasta":"2026-10-11T06:00:00+03:00","severidad_cap":"Minor"},{"tipo":"Calor","nivel":2,"desde":"2026-10-11T11:00:00+03:00","hasta":"2026-10-11T23:00:00+03:00","severidad_cap":"Moderate"},{"tipo":"Inundación","nivel":2,"desde":"2026-10-11T12:00:00+03:00","hasta":"2026-10-11T20:00:00+03:00","severidad_cap":"Severe"}],"k":"region"}},{"type":"Feature","geometry":{"type":"Polygon","coordinates":[[[35.498,32.547],[35.486,32.558],[35.465,32.559],[35.449,32.567],[35.45,32.569],[35.448,32.571],[35.387,32.607],[35.371,32.598],[35.319,32.623],[35.328,32.628],[35.355,32.634],[35.356,32.667],[35.326,32.687],[35.325,32.687],[35.34,32.706],[35.369,32.73],[35.37,32.732],[35.374,32.739],[35.385,32.755],[35.403,32.76],[35.414,32.759],[35.435,32.778],[35.441,32.789],[35.422,32.808],[35.406,32.807],[35.407,32.823],[35.392,32.838],[35.373,32.859],[35.371,32.875],[35.354,32.882],[35.337,32.89],[35.332,32.91],[35.352,32.912],[35.372,32.932],[35.373,32.932],[35.387,32.929],[35.423,32.921],[35.426,32.921],[35.465,32.919],[35.489,32.919],[35.495,32.919],[35.512,32.918],[35.513,32.919],[35.519,32.923],[35.528,32.928],[35.528,32.928],[35.53,32.929],[35.543,32.957],[35.543,32.958],[35.543,32.959],[35.543,32.959],[35.55,32.961],[35.56,32.962],[35.602,32.968],[35.604,32.968],[35.607,32.969],[35.612,32.969],[35.607,32.969],[35.607,32.969],[35.607,32.969],[35.604,32.968],[35.604,32.968],[35.604,32.963],[35.604,32.96],[35.604,32.959],[35.582,32.924],[35.574,32.911],[35.572,32.904],[35.571,32.901],[35.568,32.9],[35.532,32.884],[35.517,32.877],[35.514,32.874],[35.491,32.853],[35.49,32.852],[35.494,32.842],[35.495,32.837],[35.502,32.822],[35.502,32.821],[35.54,32.771],[35.553,32.754],[35.554,32.752],[35.554,32.752],[35.554,32.741],[35.555,32.724],[35.552,32.723],[35.552,32.722],[35.543,32.718],[35.541,32.72],[35.525,32.738],[35.513,32.746],[35.498,32.752],[35.493,32.751],[35.489,32.75],[35.487,32.742],[35.485,32.734],[35.487,32.724],[35.487,32.724],[35.487,32.724],[35.492,32.711],[35.534,32.66],[35.542,32.652],[35.541,32.615],[35.54,32.609],[35.54,32.609],[35.54,32.609],[35.538,32.594],[35.538,32.594],[35.539,32.572],[35.534,32.571],[35.526,32.559],[35.498,32.547]]]},"properties":{"id":"emma:POL:israel:easternlowergalilee","codigo":"","region":"Eastern Lower Galilee","pais_iso2":"IL","nivel":2,"en_curso":false,"tipos":["Calor"],"url":"https://meteoalarm.org?region=IL","fecha_utc":"2026-10-11T11:00:00+03:00","leido_utc":"2026-10-11T00:30:03Z","avisos":[{"tipo":"Calor","nivel":2,"desde":"2026-10-11T11:00:00+03:00","hasta":"2026-10-11T19:00:00+03:00","severidad_cap":"Moderate"}],"k":"zona","opacidad":0.22}},{"type":"Feature","geometry":{"type":"Point","coordinates":[35.488,32.795]},"properties":{"id":"emma:POL:israel:easternlowergalilee","codigo":"","region":"Eastern Lower Galilee","pais_iso2":"IL","nivel":2,"en_curso":false,"tipos":["Calor"],"url":"https://meteoalarm.org?region=IL","fecha_utc":"2026-10-11T11:00:00+03:00","leido_utc":"2026-10-11T00:30:03Z","avisos":[{"tipo":"Calor","nivel":2,"desde":"2026-10-11T11:00:00+03:00","hasta":"2026-10-11T19:00:00+03:00","severidad_cap":"Moderate"}],"k":"region"}},{"type":"Feature","geometry":{"type":"Polygon","coordinates":[[[35.444,32.411],[35.441,32.41],[35.426,32.435],[35.432,32.454],[35.398,32.506],[35.364,32.519],[35.348,32.517],[35.349,32.518],[35.347,32.524],[35.336,32.536],[35.363,32.545],[35.42,32.518],[35.433,32.473],[35.435,32.47],[35.441,32.455],[35.44,32.434],[35.439,32.418],[35.439,32.416],[35.444,32.411]]]},"properties":{"id":"emma:POL:israel:northeasternsamaria","codigo":"","region":"North Eastern Samaria","pais_iso2":"IL","nivel":2,"en_curso":false,"tipos":["Calor"],"url":"https://meteoalarm.org?region=IL","fecha_utc":"2026-10-11T11:00:00+03:00","leido_utc":"2026-10-11T00:30:03Z","avisos":[{"tipo":"Calor","nivel":2,"desde":"2026-10-11T11:00:00+03:00","hasta":"2026-10-11T19:00:00+03:00","severidad_cap":"Moderate"}],"k":"zona","opacidad":0.22}},{"type":"Feature","geometry":{"type":"Point","coordinates":[35.407,32.472]},"properties":{"id":"emma:POL:israel:northeasternsamaria","codigo":"","region":"North Eastern Samaria","pais_iso2":"IL","nivel":2,"en_curso":false,"tipos":["Calor"],"url":"https://meteoalarm.org?region=IL","fecha_utc":"2026-10-11T11:00:00+03:00","leido_utc":"2026-10-11T00:30:03Z","avisos":[{"tipo":"Calor","nivel":2,"desde":"2026-10-11T11:00:00+03:00","hasta":"2026-10-11T19:00:00+03:00","severidad_cap":"Moderate"}],"k":"region"}},{"type":"Feature","geometry":{"type":"Polygon","coordinates":[[[35.498,32.547],[35.5,32.546],[35.56,32.537],[35.563,32.537],[35.559,32.503],[35.568,32.458],[35.556,32.429],[35.554,32.392],[35.556,32.388],[35.537,32.391],[35.503,32.396],[35.479,32.413],[35.444,32.411],[35.439,32.416],[35.439,32.418],[35.44,32.434],[35.441,32.455],[35.435,32.47],[35.433,32.473],[35.42,32.518],[35.363,32.545],[35.336,32.536],[35.292,32.585],[35.298,32.614],[35.319,32.623],[35.371,32.598],[35.387,32.607],[35.448,32.571],[35.45,32.569],[35.449,32.567],[35.465,32.559],[35.486,32.558],[35.498,32.547]]]},"properties":{"id":"emma:POL:israel:betsheanvalley","codigo":"","region":"Bet Shean Valley","pais_iso2":"IL","nivel":2,"en_curso":false,"tipos":["Calor"],"url":"https://meteoalarm.org?region=IL","fecha_utc":"2026-10-11T11:00:00+03:00","leido_utc":"2026-10-11T00:30:03Z","avisos":[{"tipo":"Calor","nivel":2,"desde":"2026-10-11T11:00:00+03:00","hasta":"2026-10-11T19:00:00+03:00","severidad_cap":"Moderate"}],"k":"zona","opacidad":0.22}},{"type":"Feature","geometry":{"type":"Point","coordinates":[35.457,32.503]},"properties":{"id":"emma:POL:israel:betsheanvalley","codigo":"","region":"Bet Shean Valley","pais_iso2":"IL","nivel":2,"en_curso":false,"tipos":["Calor"],"url":"https://meteoalarm.org?region=IL","fecha_utc":"2026-10-11T11:00:00+03:00","leido_utc":"2026-10-11T00:30:03Z","avisos":[{"tipo":"Calor","nivel":2,"desde":"2026-10-11T11:00:00+03:00","hasta":"2026-10-11T19:00:00+03:00","severidad_cap":"Moderate"}],"k":"region"}},{"type":"Feature","geometry":{"type":"Polygon","coordinates":[[[35.656,33.275],[35.65,33.277],[35.65,33.277],[35.645,33.279],[35.643,33.28],[35.64,33.279],[35.638,33.278],[35.638,33.278],[35.623,33.273],[35.622,33.273],[35.622,33.272],[35.622,33.272],[35.621,33.271],[35.621,33.271],[35.621,33.271],[35.62,33.271],[35.62,33.27],[35.621,33.269],[35.621,33.268],[35.622,33.267],[35.622,33.267],[35.621,33.266],[35.62,33.266],[35.62,33.265],[35.62,33.265],[35.62,33.264],[35.62,33.263],[35.62,33.259],[35.62,33.256],[35.62,33.254],[35.62,33.252],[35.62,33.249],[35.62,33.248],[35.62,33.248],[35.62,33.248],[35.62,33.247],[35.621,33.246],[35.622,33.245],[35.623,33.244],[35.624,33.243],[35.624,33.243],[35.624,33.242],[35.624,33.242],[35.623,33.242],[35.623,33.243],[35.623,33.243],[35.623,33.243],[35.621,33.244],[35.62,33.244],[35.62,33.244],[35.619,33.244],[35.619,33.244],[35.619,33.245],[35.618,33.245],[35.618,33.245],[35.617,33.245],[35.616,33.246],[35.612,33.249],[35.611,33.249],[35.61,33.25],[35.609,33.25],[35.608,33.25],[35.607,33.25],[35.607,33.251],[35.606,33.251],[35.605,33.251],[35.604,33.252],[35.602,33.252],[35.601,33.253],[35.6,33.253],[35.599,33.254],[35.598,33.254],[35.597,33.255],[35.597,33.256],[35.597,33.257],[35.597,33.257],[35.596,33.258],[35.595,33.259],[35.595,33.26],[35.594,33.261],[35.593,33.261],[35.592,33.262],[35.591,33.262],[35.579,33.245],[35.57,33.229],[35.563,33.205],[35.562,33.185],[35.563,33.146],[35.564,33.117],[35.564,33.111],[35.564,33.108],[35.564,33.103],[35.566,33.092],[35.558,33.081],[35.547,33.061],[35.543,33.04],[35.543,33.04],[35.542,33.039],[35.542,33.032],[35.543,33.025],[35.543,32.989],[35.543,32.98],[35.543,32.972],[35.543,32.96],[35.543,32.96],[35.543,32.959],[35.55,32.961],[35.56,32.962],[35.602,32.968],[35.604,32.968],[35.607,32.969],[35.612,32.969],[35.623,32.97],[35.631,32.971],[35.634,32.971],[35.634,32.974],[35.634,32.974],[35.635,32.98],[35.641,33.02],[35.644,33.033],[35.644,33.033],[35.644,33.036],[35.668,33.11],[35.67,33.117],[35.674,33.125],[35.674,33.125],[35.68,33.14],[35.691,33.161],[35.69,33.25],[35.681,33.258],[35.665,33.28],[35.662,33.278],[35.661,33.276],[35.661,33.276],[35.661,33.276],[35.659,33.274],[35.656,33.275]]]},"properties":{"id":"emma:POL:israel:hulavalley","codigo":"","region":"Hula Valley","pais_iso2":"IL","nivel":2,"en_curso":false,"tipos":["Calor"],"url":"https://meteoalarm.org?region=IL","fecha_utc":"2026-10-11T11:00:00+03:00","leido_utc":"2026-10-11T00:30:03Z","avisos":[{"tipo":"Calor","nivel":2,"desde":"2026-10-11T11:00:00+03:00","hasta":"2026-10-11T19:00:00+03:00","severidad_cap":"Moderate"}],"k":"zona","opacidad":0.22}},{"type":"Feature","geometry":{"type":"Point","coordinates":[35.612,33.19]},"properties":{"id":"emma:POL:israel:hulavalley","codigo":"","region":"Hula Valley","pais_iso2":"IL","nivel":2,"en_curso":false,"tipos":["Calor"],"url":"https://meteoalarm.org?region=IL","fecha_utc":"2026-10-11T11:00:00+03:00","leido_utc":"2026-10-11T00:30:03Z","avisos":[{"tipo":"Calor","nivel":2,"desde":"2026-10-11T11:00:00+03:00","hasta":"2026-10-11T19:00:00+03:00","severidad_cap":"Moderate"}],"k":"region"}},{"type":"Feature","geometry":{"type":"Polygon","coordinates":[[[35.325,32.687],[35.326,32.687],[35.356,32.667],[35.355,32.634],[35.328,32.628],[35.319,32.623],[35.298,32.614],[35.292,32.585],[35.336,32.536],[35.347,32.524],[35.349,32.518],[35.348,32.517],[35.295,32.51],[35.253,32.523],[35.225,32.551],[35.215,32.544],[35.215,32.543],[35.215,32.545],[35.2,32.563],[35.2,32.566],[35.192,32.578],[35.181,32.598],[35.158,32.6],[35.114,32.648],[35.11,32.656],[35.111,32.657],[35.1,32.692],[35.1,32.695],[35.116,32.698],[35.128,32.7],[35.128,32.7],[35.128,32.698],[35.161,32.722],[35.164,32.725],[35.17,32.731],[35.171,32.732],[35.172,32.732],[35.179,32.732],[35.198,32.739],[35.213,32.729],[35.214,32.728],[35.215,32.716],[35.214,32.708],[35.213,32.701],[35.22,32.697],[35.226,32.695],[35.228,32.688],[35.227,32.687],[35.226,32.684],[35.226,32.684],[35.226,32.684],[35.234,32.671],[35.234,32.671],[35.234,32.671],[35.234,32.671],[35.238,32.67],[35.263,32.664],[35.263,32.664],[35.263,32.664],[35.307,32.68],[35.313,32.682],[35.318,32.684],[35.318,32.685],[35.321,32.686],[35.325,32.687]]]},"properties":{"id":"emma:POL:israel:izraelvalley","codigo":"","region":"Izrael Valley","pais_iso2":"IL","nivel":2,"en_curso":false,"tipos":["Calor"],"url":"https://meteoalarm.org?region=IL","fecha_utc":"2026-10-11T11:00:00+03:00","leido_utc":"2026-10-11T00:30:03Z","avisos":[{"tipo":"Calor","nivel":2,"desde":"2026-10-11T11:00:00+03:00","hasta":"2026-10-11T19:00:00+03:00","severidad_cap":"Moderate"}],"k":"zona","opacidad":0.22}},{"type":"Feature","geometry":{"type":"Point","coordinates":[35.232,32.653]},"properties":{"id":"emma:POL:israel:izraelvalley","codigo":"","region":"Izrael Valley","pais_iso2":"IL","nivel":2,"en_curso":false,"tipos":["Calor"],"url":"https://meteoalarm.org?region=IL","fecha_utc":"2026-10-11T11:00:00+03:00","leido_utc":"2026-10-11T00:30:03Z","avisos":[{"tipo":"Calor","nivel":2,"desde":"2026-10-11T11:00:00+03:00","hasta":"2026-10-11T19:00:00+03:00","severidad_cap":"Moderate"}],"k":"region"}},{"type":"Feature","geometry":{"type":"Polygon","coordinates":[[[35.563,32.537],[35.56,32.537],[35.5,32.546],[35.498,32.547],[35.526,32.559],[35.534,32.571],[35.539,32.572],[35.538,32.594],[35.538,32.594],[35.54,32.609],[35.54,32.609],[35.54,32.609],[35.541,32.615],[35.542,32.652],[35.534,32.66],[35.492,32.711],[35.487,32.724],[35.487,32.724],[35.487,32.724],[35.485,32.734],[35.487,32.742],[35.489,32.75],[35.493,32.751],[35.498,32.752],[35.513,32.746],[35.525,32.738],[35.541,32.72],[35.543,32.718],[35.552,32.722],[35.552,32.723],[35.555,32.724],[35.554,32.741],[35.554,32.752],[35.554,32.752],[35.553,32.754],[35.54,32.771],[35.502,32.821],[35.502,32.822],[35.495,32.837],[35.494,32.842],[35.49,32.852],[35.491,32.853],[35.514,32.874],[35.517,32.877],[35.532,32.884],[35.568,32.9],[35.571,32.901],[35.572,32.904],[35.574,32.911],[35.582,32.924],[35.604,32.959],[35.604,32.96],[35.604,32.963],[35.604,32.968],[35.604,32.968],[35.607,32.969],[35.607,32.969],[35.607,32.969],[35.612,32.969],[35.623,32.97],[35.626,32.97],[35.626,32.969],[35.625,32.924],[35.611,32.893],[35.644,32.865],[35.651,32.845],[35.638,32.786],[35.641,32.772],[35.63,32.737],[35.595,32.705],[35.627,32.679],[35.599,32.665],[35.606,32.653],[35.563,32.637],[35.578,32.596],[35.575,32.551],[35.563,32.54],[35.563,32.537]]]},"properties":{"id":"emma:POL:israel:kinarotvalley","codigo":"","region":"Kinarot Valley","pais_iso2":"IL","nivel":2,"en_curso":false,"tipos":["Calor"],"url":"https://meteoalarm.org?region=IL","fecha_utc":"2026-10-11T11:00:00+03:00","leido_utc":"2026-10-11T00:30:03Z","avisos":[{"tipo":"Calor","nivel":2,"desde":"2026-10-11T11:00:00+03:00","hasta":"2026-10-11T19:00:00+03:00","severidad_cap":"Moderate"}],"k":"zona","opacidad":0.22}},{"type":"Feature","geometry":{"type":"Point","coordinates":[35.557,32.762]},"properties":{"id":"emma:POL:israel:kinarotvalley","codigo":"","region":"Kinarot Valley","pais_iso2":"IL","nivel":2,"en_curso":false,"tipos":["Calor"],"url":"https://meteoalarm.org?region=IL","fecha_utc":"2026-10-11T11:00:00+03:00","leido_utc":"2026-10-11T00:30:03Z","avisos":[{"tipo":"Calor","nivel":2,"desde":"2026-10-11T11:00:00+03:00","hasta":"2026-10-11T19:00:00+03:00","severidad_cap":"Moderate"}],"k":"region"}},{"type":"Feature","geometry":{"type":"Polygon","coordinates":[[[35.086,30.362],[35.086,30.361],[34.956,30.379],[34.883,30.407],[34.8,30.461],[34.743,30.51],[34.745,30.512],[34.774,30.529],[34.777,30.547],[34.773,30.547],[34.776,30.593],[34.776,30.593],[34.794,30.6],[34.806,30.606],[34.816,30.626],[34.827,30.633],[34.832,30.636],[34.891,30.673],[34.886,30.725],[34.896,30.728],[34.939,30.742],[34.96,30.749],[34.976,30.76],[35.009,30.782],[35.019,30.789],[35.038,30.802],[35.081,30.831],[35.093,30.834],[35.112,30.83],[35.132,30.814],[35.142,30.738],[35.124,30.535],[35.091,30.395],[35.086,30.362]]]},"properties":{"id":"emma:POL:israel:easternnegev","codigo":"","region":"Eastern Negev","pais_iso2":"IL","nivel":2,"en_curso":true,"tipos":["Tormentas"],"url":"https://meteoalarm.org?region=IL","fecha_utc":"2026-10-11T02:00:00+03:00","leido_utc":"2026-10-11T00:30:03Z","avisos":[{"tipo":"Tormentas","nivel":2,"desde":"2026-10-11T02:00:00+03:00","hasta":"2026-10-11T06:00:00+03:00","severidad_cap":"Minor"}],"k":"zona","opacidad":0.42}},{"type":"Feature","geometry":{"type":"Point","coordinates":[34.933,30.617]},"properties":{"id":"emma:POL:israel:easternnegev","codigo":"","region":"Eastern Negev","pais_iso2":"IL","nivel":2,"en_curso":true,"tipos":["Tormentas"],"url":"https://meteoalarm.org?region=IL","fecha_utc":"2026-10-11T02:00:00+03:00","leido_utc":"2026-10-11T00:30:03Z","avisos":[{"tipo":"Tormentas","nivel":2,"desde":"2026-10-11T02:00:00+03:00","hasta":"2026-10-11T06:00:00+03:00","severidad_cap":"Minor"}],"k":"region"}},{"type":"Feature","geometry":{"type":"Polygon","coordinates":[[[35.086,30.361],[35.072,30.266],[35.071,30.249],[35.069,30.046],[35.027,29.958],[35.023,29.949],[35.02,29.929],[35.02,29.928],[35.006,29.882],[34.983,29.887],[34.955,29.875],[34.879,29.813],[34.831,29.801],[34.793,29.902],[34.711,30.109],[34.702,30.133],[34.638,30.293],[34.622,30.338],[34.623,30.338],[34.662,30.333],[34.671,30.348],[34.667,30.357],[34.666,30.361],[34.664,30.362],[34.64,30.397],[34.728,30.491],[34.737,30.506],[34.74,30.508],[34.743,30.51],[34.8,30.461],[34.883,30.407],[34.956,30.379],[35.086,30.361]]]},"properties":{"id":"emma:POL:israel:southernnegev","codigo":"","region":"Southern Negev","pais_iso2":"IL","nivel":2,"en_curso":true,"tipos":["Tormentas"],"url":"https://meteoalarm.org?region=IL","fecha_utc":"2026-10-11T02:00:00+03:00","leido_utc":"2026-10-11T00:30:03Z","avisos":[{"tipo":"Tormentas","nivel":2,"desde":"2026-10-11T02:00:00+03:00","hasta":"2026-10-11T06:00:00+03:00","severidad_cap":"Minor"}],"k":"zona","opacidad":0.42}},{"type":"Feature","geometry":{"type":"Point","coordinates":[34.842,30.207]},"properties":{"id":"emma:POL:israel:southernnegev","codigo":"","region":"Southern Negev","pais_iso2":"IL","nivel":2,"en_curso":true,"tipos":["Tormentas"],"url":"https://meteoalarm.org?region=IL","fecha_utc":"2026-10-11T02:00:00+03:00","leido_utc":"2026-10-11T00:30:03Z","avisos":[{"tipo":"Tormentas","nivel":2,"desde":"2026-10-11T02:00:00+03:00","hasta":"2026-10-11T06:00:00+03:00","severidad_cap":"Minor"}],"k":"region"}},{"type":"Feature","geometry":{"type":"Polygon","coordinates":[[[35.006,29.882],[34.996,29.853],[34.959,29.812],[34.952,29.802],[34.949,29.799],[34.936,29.788],[34.935,29.77],[34.943,29.748],[34.951,29.735],[34.953,29.697],[34.948,29.663],[34.924,29.613],[34.919,29.576],[34.901,29.539],[34.887,29.526],[34.883,29.534],[34.87,29.596],[34.879,29.61],[34.881,29.642],[34.855,29.688],[34.845,29.761],[34.831,29.801],[34.879,29.813],[34.955,29.875],[34.983,29.887],[35.006,29.882]]]},"properties":{"id":"emma:POL:israel:eilatmountains","codigo":"","region":"Eilat Mountains","pais_iso2":"IL","nivel":2,"en_curso":true,"tipos":["Tormentas"],"url":"https://meteoalarm.org?region=IL","fecha_utc":"2026-10-11T02:00:00+03:00","leido_utc":"2026-10-11T00:30:03Z","avisos":[{"tipo":"Tormentas","nivel":2,"desde":"2026-10-11T02:00:00+03:00","hasta":"2026-10-11T06:00:00+03:00","severidad_cap":"Minor"}],"k":"zona","opacidad":0.42}},{"type":"Feature","geometry":{"type":"Point","coordinates":[34.924,29.727]},"properties":{"id":"emma:POL:israel:eilatmountains","codigo":"","region":"Eilat Mountains","pais_iso2":"IL","nivel":2,"en_curso":true,"tipos":["Tormentas"],"url":"https://meteoalarm.org?region=IL","fecha_utc":"2026-10-11T02:00:00+03:00","leido_utc":"2026-10-11T00:30:03Z","avisos":[{"tipo":"Tormentas","nivel":2,"desde":"2026-10-11T02:00:00+03:00","hasta":"2026-10-11T06:00:00+03:00","severidad_cap":"Minor"}],"k":"region"}},{"type":"Feature","geometry":{"type":"Polygon","coordinates":[[[34.887,29.526],[34.901,29.539],[34.919,29.576],[34.924,29.613],[34.948,29.663],[34.953,29.697],[34.951,29.735],[34.943,29.748],[34.935,29.77],[34.936,29.788],[34.949,29.799],[34.952,29.802],[34.959,29.812],[34.996,29.853],[35.006,29.882],[35.02,29.928],[35.02,29.929],[35.023,29.949],[35.027,29.958],[35.069,30.046],[35.071,30.249],[35.072,30.266],[35.086,30.361],[35.086,30.362],[35.12,30.37],[35.161,30.412],[35.173,30.39],[35.186,30.343],[35.16,30.31],[35.165,30.295],[35.141,30.234],[35.151,30.204],[35.152,30.202],[35.154,30.196],[35.161,30.177],[35.172,30.131],[35.148,30.088],[35.121,30.061],[35.095,30.019],[35.088,29.973],[35.089,29.973],[35.092,29.97],[35.079,29.953],[35.075,29.856],[35.036,29.77],[35.021,29.722],[35.024,29.651],[34.981,29.577],[34.978,29.542],[34.956,29.549],[34.906,29.493],[34.887,29.526]]]},"properties":{"id":"emma:POL:israel:eilatgulfsouthernarava","codigo":"","region":"Eilat Gulf  Southern Arava","pais_iso2":"IL","nivel":2,"en_curso":true,"tipos":["Tormentas"],"url":"https://meteoalarm.org?region=IL","fecha_utc":"2026-10-11T02:00:00+03:00","leido_utc":"2026-10-11T00:30:03Z","avisos":[{"tipo":"Tormentas","nivel":2,"desde":"2026-10-11T02:00:00+03:00","hasta":"2026-10-11T06:00:00+03:00","severidad_cap":"Minor"}],"k":"zona","opacidad":0.42}},{"type":"Feature","geometry":{"type":"Point","coordinates":[35.04,29.939]},"properties":{"id":"emma:POL:israel:eilatgulfsouthernarava","codigo":"","region":"Eilat Gulf  Southern Arava","pais_iso2":"IL","nivel":2,"en_curso":true,"tipos":["Tormentas"],"url":"https://meteoalarm.org?region=IL","fecha_utc":"2026-10-11T02:00:00+03:00","leido_utc":"2026-10-11T00:30:03Z","avisos":[{"tipo":"Tormentas","nivel":2,"desde":"2026-10-11T02:00:00+03:00","hasta":"2026-10-11T06:00:00+03:00","severidad_cap":"Minor"}],"k":"region"}},{"type":"Feature","geometry":{"type":"Polygon","coordinates":[[[6.486,53.204],[6.635,53.106],[6.743,53.117],[7.045,52.916],[7.015,52.873],[7.093,52.838],[7.056,52.644],[6.79,52.653],[6.701,52.628],[6.708,52.649],[6.614,52.674],[6.514,52.646],[6.519,52.614],[6.384,52.612],[6.327,52.669],[6.163,52.68],[6.122,52.754],[6.202,52.794],[6.12,52.854],[6.257,52.928],[6.333,52.906],[6.393,52.933],[6.428,52.972],[6.362,53.034],[6.368,53.067],[6.305,53.081],[6.344,53.087],[6.408,53.178],[6.486,53.204]]]},"properties":{"id":"emma:NL018","codigo":"NL018","region":"Drenthe","pais_iso2":"NL","nivel":2,"en_curso":true,"tipos":["Tormentas"],"url":"https://meteoalarm.org?geocode=EMMA_ID:NL018","fecha_utc":"2026-10-10T22:00:00+02:00","leido_utc":"2026-10-11T00:30:03Z","avisos":[{"tipo":"Tormentas","nivel":2,"desde":"2026-10-10T22:00:00+02:00","hasta":"2026-10-11T10:00:00+02:00","severidad_cap":"Moderate"}],"k":"zona","opacidad":0.42}},{"type":"Feature","geometry":{"type":"Point","coordinates":[6.693,52.911]},"properties":{"id":"emma:NL018","codigo":"NL018","region":"Drenthe","pais_iso2":"NL","nivel":2,"en_curso":true,"tipos":["Tormentas"],"url":"https://meteoalarm.org?geocode=EMMA_ID:NL018","fecha_utc":"2026-10-10T22:00:00+02:00","leido_utc":"2026-10-11T00:30:03Z","avisos":[{"tipo":"Tormentas","nivel":2,"desde":"2026-10-10T22:00:00+02:00","hasta":"2026-10-11T10:00:00+02:00","severidad_cap":"Moderate"}],"k":"region"}},{"type":"Feature","geometry":{"type":"Polygon","coordinates":[[[5.749,52.84],[5.922,52.751],[5.965,52.698],[5.933,52.671],[5.984,52.656],[5.832,52.612],[5.64,52.608],[5.858,52.546],[5.797,52.439],[5.613,52.361],[5.564,52.368],[5.529,52.275],[5.433,52.256],[5.263,52.324],[5.139,52.326],[5.124,52.38],[5.435,52.511],[5.441,52.518],[5.425,52.521],[5.427,52.538],[5.439,52.555],[5.444,52.559],[5.452,52.563],[5.464,52.566],[5.467,52.569],[5.399,52.649],[5.287,52.691],[5.361,52.674],[5.399,52.649],[5.413,52.636],[5.416,52.637],[5.456,52.594],[5.469,52.57],[5.435,52.528],[5.649,52.615],[5.591,52.661],[5.597,52.766],[5.663,52.83],[5.749,52.84]]]},"properties":{"id":"emma:NL008","codigo":"NL008","region":"Flevoland","pais_iso2":"NL","nivel":2,"en_curso":true,"tipos":["Tormentas"],"url":"https://meteoalarm.org?geocode=EMMA_ID:NL008","fecha_utc":"2026-10-10T22:00:00+02:00","leido_utc":"2026-10-11T00:30:03Z","avisos":[{"tipo":"Tormentas","nivel":2,"desde":"2026-10-10T22:00:00+02:00","hasta":"2026-10-11T10:00:00+02:00","severidad_cap":"Moderate"}],"k":"zona","opacidad":0.42}},{"type":"Feature","geometry":{"type":"Point","coordinates":[5.666,52.55]},"properties":{"id":"emma:NL008","codigo":"NL008","region":"Flevoland","pais_iso2":"NL","nivel":2,"en_curso":true,"tipos":["Tormentas"],"url":"https://meteoalarm.org?geocode=EMMA_ID:NL008","fecha_utc":"2026-10-10T22:00:00+02:00","leido_utc":"2026-10-11T00:30:03Z","avisos":[{"tipo":"Tormentas","nivel":2,"desde":"2026-10-10T22:00:00+02:00","hasta":"2026-10-11T10:00:00+02:00","severidad_cap":"Moderate"}],"k":"region"}},{"type":"Feature","geometry":{"type":"Polygon","coordinates":[[[6.191,53.411],[6.159,53.408],[6.159,53.317],[6.201,53.334],[6.181,53.357],[6.293,53.335],[6.294,53.308],[6.218,53.242],[6.23,53.218],[6.176,53.135],[6.368,53.067],[6.362,53.034],[6.428,52.972],[6.333,52.906],[6.257,52.928],[6.031,52.815],[5.97,52.842],[5.88,52.801],[5.793,52.805],[5.645,52.86],[5.545,52.833],[5.365,52.873],[5.432,52.971],[5.399,52.99],[5.405,53.047],[5.374,53.044],[5.404,53.052],[5.379,53.092],[5.34,53.063],[5.166,53.0],[5.378,53.095],[5.449,53.22],[5.587,53.3],[5.878,53.396],[6.191,53.411]]]},"properties":{"id":"emma:NL017","codigo":"NL017","region":"Friesland","pais_iso2":"NL","nivel":2,"en_curso":true,"tipos":["Tormentas"],"url":"https://meteoalarm.org?geocode=EMMA_ID:NL017","fecha_utc":"2026-10-10T22:00:00+02:00","leido_utc":"2026-10-11T00:30:03Z","avisos":[{"tipo":"Tormentas","nivel":2,"desde":"2026-10-10T22:00:00+02:00","hasta":"2026-10-11T10:00:00+02:00","severidad_cap":"Moderate"}],"k":"zona","opacidad":0.42}},{"type":"Feature","geometry":{"type":"Point","coordinates":[5.811,53.115]},"properties":{"id":"emma:NL017","codigo":"NL017","region":"Friesland","pais_iso2":"NL","nivel":2,"en_curso":true,"tipos":["Tormentas"],"url":"https://meteoalarm.org?geocode=EMMA_ID:NL017","fecha_utc":"2026-10-10T22:00:00+02:00","leido_utc":"2026-10-11T00:30:03Z","avisos":[{"tipo":"Tormentas","nivel":2,"desde":"2026-10-10T22:00:00+02:00","hasta":"2026-10-11T10:00:00+02:00","severidad_cap":"Moderate"}],"k":"region"}},{"type":"Feature","geometry":{"type":"Polygon","coordinates":[[[6.793,53.456],[6.883,53.441],[6.874,53.408],[6.928,53.328],[7.098,53.309],[7.085,53.262],[7.21,53.239],[7.228,53.18],[7.179,53.139],[7.217,53.007],[7.093,52.838],[7.015,52.873],[7.045,52.916],[6.743,53.117],[6.635,53.106],[6.53,53.196],[6.408,53.178],[6.344,53.087],[6.176,53.135],[6.299,53.34],[6.233,53.344],[6.257,53.359],[6.184,53.379],[6.185,53.403],[6.236,53.392],[6.191,53.411],[6.306,53.393],[6.793,53.456]]]},"properties":{"id":"emma:NL007","codigo":"NL007","region":"Groningen","pais_iso2":"NL","nivel":2,"en_curso":true,"tipos":["Tormentas"],"url":"https://meteoalarm.org?geocode=EMMA_ID:NL007","fecha_utc":"2026-10-10T22:00:00+02:00","leido_utc":"2026-10-11T00:30:03Z","avisos":[{"tipo":"Tormentas","nivel":2,"desde":"2026-10-10T22:00:00+02:00","hasta":"2026-10-11T10:00:00+02:00","severidad_cap":"Moderate"}],"k":"zona","opacidad":0.42}},{"type":"Feature","geometry":{"type":"Point","coordinates":[6.888,53.158]},"properties":{"id":"emma:NL007","codigo":"NL007","region":"Groningen","pais_iso2":"NL","nivel":2,"en_curso":true,"tipos":["Tormentas"],"url":"https://meteoalarm.org?geocode=EMMA_ID:NL007","fecha_utc":"2026-10-10T22:00:00+02:00","leido_utc":"2026-10-11T00:30:03Z","avisos":[{"tipo":"Tormentas","nivel":2,"desde":"2026-10-10T22:00:00+02:00","hasta":"2026-10-11T10:00:00+02:00","severidad_cap":"Moderate"}],"k":"region"}},{"type":"Feature","geometry":{"type":"MultiPolygon","coordinates":[[[[5.353,52.677],[5.455,52.594],[5.467,52.569],[5.464,52.566],[5.452,52.563],[5.444,52.559],[5.439,52.555],[5.427,52.538],[5.425,52.521],[5.441,52.518],[5.435,52.511],[5.124,52.38],[5.139,52.326],[4.973,52.368],[5.139,52.46],[5.049,52.439],[5.034,52.467],[5.086,52.504],[5.019,52.63],[5.159,52.623],[5.247,52.685],[5.353,52.677]]],[[[5.287,52.691],[5.308,52.708],[5.258,52.754],[5.124,52.756],[5.111,52.854],[5.038,52.922],[5.297,53.067],[5.379,53.092],[5.404,53.052],[5.374,53.044],[5.405,53.047],[5.399,52.99],[5.432,52.971],[5.365,52.873],[5.545,52.833],[5.645,52.86],[5.717,52.843],[5.595,52.763],[5.591,52.661],[5.649,52.615],[5.435,52.528],[5.469,52.57],[5.456,52.594],[5.361,52.674],[5.354,52.678],[5.302,52.692],[5.287,52.691]]],[[[5.04,52.934],[5.042,52.935],[5.041,52.934],[5.04,52.934]]],[[[5.043,52.936],[5.049,52.939],[5.048,52.938],[5.043,52.936]]]]},"properties":{"id":"emma:NL807","codigo":"NL807","region":"IJsselmeer","pais_iso2":"NL","nivel":2,"en_curso":true,"tipos":["Tormentas","Viento"],"url":"https://meteoalarm.org?geocode=EMMA_ID:NL807","fecha_utc":"2026-10-09T20:15:54+00:00","leido_utc":"2026-10-11T00:30:03Z","avisos":[{"tipo":"Viento","nivel":2,"desde":"2026-10-09T20:15:54+00:00","hasta":"2026-10-11T23:49:24+00:00","severidad_cap":"Moderate"},{"tipo":"Tormentas","nivel":2,"desde":"2026-10-10T22:00:00+02:00","hasta":"2026-10-11T10:00:00+02:00","severidad_cap":"Moderate"}],"k":"zona","opacidad":0.42}},{"type":"Feature","geometry":{"type":"Point","coordinates":[5.383,52.798]},"properties":{"id":"emma:NL807","codigo":"NL807","region":"IJsselmeer","pais_iso2":"NL","nivel":2,"en_curso":true,"tipos":["Tormentas","Viento"],"url":"https://meteoalarm.org?geocode=EMMA_ID:NL807","fecha_utc":"2026-10-09T20:15:54+00:00","leido_utc":"2026-10-11T00:30:03Z","avisos":[{"tipo":"Viento","nivel":2,"desde":"2026-10-09T20:15:54+00:00","hasta":"2026-10-11T23:49:24+00:00","severidad_cap":"Moderate"},{"tipo":"Tormentas","nivel":2,"desde":"2026-10-10T22:00:00+02:00","hasta":"2026-10-11T10:00:00+02:00","severidad_cap":"Moderate"}],"k":"region"}},{"type":"Feature","geometry":{"type":"Polygon","coordinates":[[[5.167,52.999],[5.039,52.931],[5.111,52.854],[5.104,52.775],[5.154,52.739],[5.258,52.754],[5.308,52.708],[5.159,52.623],[5.019,52.63],[5.086,52.504],[5.034,52.467],[5.049,52.439],[5.139,52.46],[4.973,52.368],[5.149,52.308],[5.309,52.305],[5.306,52.278],[5.266,52.282],[5.193,52.178],[5.046,52.166],[5.021,52.202],[5.037,52.202],[5.037,52.225],[5.058,52.235],[5.023,52.273],[5.066,52.285],[5.021,52.303],[4.734,52.207],[4.724,52.232],[4.557,52.219],[4.612,52.314],[4.494,52.328],[4.56,52.438],[4.532,52.464],[4.597,52.468],[4.542,52.467],[4.593,52.514],[4.719,52.951],[4.801,52.965],[4.807,52.913],[4.883,52.889],[5.167,52.999]],[[5.042,52.224],[5.042,52.224],[5.039,52.224],[5.042,52.224]],[[5.042,52.224],[5.043,52.224],[5.042,52.224],[5.042,52.224]]]},"properties":{"id":"emma:NL011","codigo":"NL011","region":"Noord-Holland","pais_iso2":"NL","nivel":2,"en_curso":true,"tipos":["Tormentas"],"url":"https://meteoalarm.org?geocode=EMMA_ID:NL011","fecha_utc":"2026-10-10T22:00:00+02:00","leido_utc":"2026-10-11T00:30:03Z","avisos":[{"tipo":"Tormentas","nivel":2,"desde":"2026-10-10T22:00:00+02:00","hasta":"2026-10-11T10:00:00+02:00","severidad_cap":"Moderate"}],"k":"zona","opacidad":0.42}},{"type":"Feature","geometry":{"type":"Point","coordinates":[4.83,52.568]},"properties":{"id":"emma:NL011","codigo":"NL011","region":"Noord-Holland","pais_iso2":"NL","nivel":2,"en_curso":true,"tipos":["Tormentas"],"url":"https://meteoalarm.org?geocode=EMMA_ID:NL011","fecha_utc":"2026-10-10T22:00:00+02:00","leido_utc":"2026-10-11T00:30:03Z","avisos":[{"tipo":"Tormentas","nivel":2,"desde":"2026-10-10T22:00:00+02:00","hasta":"2026-10-11T10:00:00+02:00","severidad_cap":"Moderate"}],"k":"region"}},{"type":"Feature","geometry":{"type":"Polygon","coordinates":[[[6.12,52.854],[6.202,52.794],[6.122,52.754],[6.163,52.68],[6.327,52.669],[6.384,52.612],[6.519,52.614],[6.514,52.646],[6.614,52.674],[6.708,52.649],[6.719,52.589],[6.767,52.563],[6.681,52.553],[6.698,52.486],[6.942,52.435],[6.988,52.47],[7.072,52.373],[7.026,52.287],[7.066,52.241],[6.985,52.225],[6.823,52.118],[6.663,52.13],[6.671,52.166],[6.645,52.174],[6.492,52.177],[6.416,52.242],[6.164,52.217],[6.066,52.318],[6.078,52.369],[6.131,52.4],[6.099,52.47],[6.028,52.51],[5.926,52.474],[5.814,52.582],[5.841,52.61],[6.022,52.639],[5.933,52.671],[5.965,52.698],[5.922,52.751],[5.793,52.805],[5.88,52.801],[5.97,52.842],[6.031,52.815],[6.12,52.854]]]},"properties":{"id":"emma:NL016","codigo":"NL016","region":"Overijssel","pais_iso2":"NL","nivel":2,"en_curso":true,"tipos":["Tormentas"],"url":"https://meteoalarm.org?geocode=EMMA_ID:NL016","fecha_utc":"2026-10-10T22:00:00+02:00","leido_utc":"2026-10-11T00:30:03Z","avisos":[{"tipo":"Tormentas","nivel":2,"desde":"2026-10-10T22:00:00+02:00","hasta":"2026-10-11T10:00:00+02:00","severidad_cap":"Moderate"}],"k":"zona","opacidad":0.42}},{"type":"Feature","geometry":{"type":"Point","coordinates":[6.372,52.498]},"properties":{"id":"emma:NL016","codigo":"NL016","region":"Overijssel","pais_iso2":"NL","nivel":2,"en_curso":true,"tipos":["Tormentas"],"url":"https://meteoalarm.org?geocode=EMMA_ID:NL016","fecha_utc":"2026-10-10T22:00:00+02:00","leido_utc":"2026-10-11T00:30:03Z","avisos":[{"tipo":"Tormentas","nivel":2,"desde":"2026-10-10T22:00:00+02:00","hasta":"2026-10-11T10:00:00+02:00","severidad_cap":"Moderate"}],"k":"region"}},{"type":"Feature","geometry":{"type":"MultiPolygon","coordinates":[[[[4.811,53.16],[4.846,53.215],[4.853,53.223],[5.194,53.393],[5.152,53.35],[5.655,53.472],[6.151,53.498],[6.119,53.483],[6.142,53.458],[6.393,53.515],[6.151,53.497],[6.468,53.547],[6.481,53.514],[6.473,53.536],[6.51,53.534],[6.487,53.551],[6.506,53.538],[6.532,53.533],[6.487,53.554],[6.509,53.561],[6.794,53.541],[6.959,53.475],[7.005,53.334],[7.22,53.314],[7.208,53.232],[7.085,53.261],[7.098,53.309],[6.902,53.347],[6.883,53.441],[6.813,53.451],[6.835,53.462],[6.306,53.393],[6.249,53.416],[5.878,53.396],[5.579,53.296],[5.449,53.22],[5.378,53.095],[4.883,52.889],[4.807,52.913],[4.801,52.965],[4.731,52.963],[4.713,52.989],[4.706,53.02],[4.723,53.072],[4.811,53.16]],[[4.908,53.133],[4.831,53.172],[4.758,53.106],[4.723,53.068],[4.731,52.984],[4.9,53.083],[4.908,53.133]],[[4.854,53.222],[4.919,53.216],[4.972,53.265],[5.101,53.303],[5.036,53.302],[4.854,53.222]],[[5.616,53.453],[5.68,53.425],[5.96,53.463],[5.66,53.471],[5.616,53.453]]],[[[6.236,53.392],[6.179,53.395],[6.257,53.359],[6.233,53.344],[6.25,53.349],[6.259,53.349],[6.299,53.34],[6.198,53.34],[6.181,53.357],[6.201,53.334],[6.181,53.339],[6.181,53.321],[6.159,53.317],[6.159,53.408],[6.236,53.392]]],[[[5.47,53.441],[5.376,53.423],[5.229,53.4],[5.251,53.404],[5.47,53.441]]]]},"properties":{"id":"emma:NL806","codigo":"NL806","region":"Waddenzee","pais_iso2":"NL","nivel":2,"en_curso":true,"tipos":["Tormentas"],"url":"https://meteoalarm.org?geocode=EMMA_ID:NL806","fecha_utc":"2026-10-10T22:00:00+02:00","leido_utc":"2026-10-11T00:30:03Z","avisos":[{"tipo":"Tormentas","nivel":2,"desde":"2026-10-10T22:00:00+02:00","hasta":"2026-10-11T10:00:00+02:00","severidad_cap":"Moderate"}],"k":"zona","opacidad":0.42}},{"type":"Feature","geometry":{"type":"Point","coordinates":[5.196,53.227]},"properties":{"id":"emma:NL806","codigo":"NL806","region":"Waddenzee","pais_iso2":"NL","nivel":2,"en_curso":true,"tipos":["Tormentas"],"url":"https://meteoalarm.org?geocode=EMMA_ID:NL806","fecha_utc":"2026-10-10T22:00:00+02:00","leido_utc":"2026-10-11T00:30:03Z","avisos":[{"tipo":"Tormentas","nivel":2,"desde":"2026-10-10T22:00:00+02:00","hasta":"2026-10-11T10:00:00+02:00","severidad_cap":"Moderate"}],"k":"region"}},{"type":"Feature","geometry":{"type":"MultiPolygon","coordinates":[[[[4.675,52.96],[4.685,52.988],[4.711,52.975],[4.675,52.96]]],[[[4.906,53.131],[4.847,53.034],[4.713,52.997],[4.723,53.068],[4.841,53.183],[4.906,53.131]]],[[[5.101,53.303],[4.972,53.265],[4.919,53.216],[4.845,53.208],[5.001,53.289],[5.101,53.303]]],[[[5.549,53.436],[5.47,53.407],[5.152,53.35],[5.201,53.395],[5.549,53.436]]],[[[5.66,53.471],[5.96,53.463],[5.68,53.425],[5.614,53.446],[5.66,53.471]]],[[[6.393,53.515],[6.252,53.478],[6.115,53.463],[6.15,53.497],[6.393,53.515]]],[[[6.532,53.534],[6.506,53.538],[6.487,53.551],[6.51,53.534],[6.473,53.536],[6.479,53.514],[6.461,53.541],[6.481,53.552],[6.5,53.554],[6.532,53.534]]]]},"properties":{"id":"emma:NL019","codigo":"NL019","region":"Waddeneilanden","pais_iso2":"NL","nivel":2,"en_curso":true,"tipos":["Tormentas"],"url":"https://meteoalarm.org?geocode=EMMA_ID:NL019","fecha_utc":"2026-10-10T22:00:00+02:00","leido_utc":"2026-10-11T00:30:03Z","avisos":[{"tipo":"Tormentas","nivel":2,"desde":"2026-10-10T22:00:00+02:00","hasta":"2026-10-11T10:00:00+02:00","severidad_cap":"Moderate"}],"k":"zona","opacidad":0.42}},{"type":"Feature","geometry":{"type":"Point","coordinates":[5.764,53.455]},"properties":{"id":"emma:NL019","codigo":"NL019","region":"Waddeneilanden","pais_iso2":"NL","nivel":2,"en_curso":true,"tipos":["Tormentas"],"url":"https://meteoalarm.org?geocode=EMMA_ID:NL019","fecha_utc":"2026-10-10T22:00:00+02:00","leido_utc":"2026-10-11T00:30:03Z","avisos":[{"tipo":"Tormentas","nivel":2,"desde":"2026-10-10T22:00:00+02:00","hasta":"2026-10-11T10:00:00+02:00","severidad_cap":"Moderate"}],"k":"region"}},{"type":"Feature","geometry":{"type":"Polygon","coordinates":[[[3.841,51.781],[3.441,51.526],[3.595,51.435],[3.808,51.387],[4.248,51.376],[4.22,51.347],[3.358,51.363],[3.335,51.451],[2.924,51.651],[3.388,51.997],[3.841,51.781]]]},"properties":{"id":"emma:NL801","codigo":"NL801","region":"Vlissingen","pais_iso2":"NL","nivel":2,"en_curso":true,"tipos":["Viento"],"url":"https://meteoalarm.org?geocode=EMMA_ID:NL801","fecha_utc":"2026-10-07T09:59:50+00:00","leido_utc":"2026-10-11T00:30:03Z","avisos":[{"tipo":"Viento","nivel":2,"desde":"2026-10-07T09:59:50+00:00","hasta":"2026-10-11T23:49:24+00:00","severidad_cap":"Moderate"}],"k":"zona","opacidad":0.42}},{"type":"Feature","geometry":{"type":"Point","coordinates":[3.375,51.716]},"properties":{"id":"emma:NL801","codigo":"NL801","region":"Vlissingen","pais_iso2":"NL","nivel":2,"en_curso":true,"tipos":["Viento"],"url":"https://meteoalarm.org?geocode=EMMA_ID:NL801","fecha_utc":"2026-10-07T09:59:50+00:00","leido_utc":"2026-10-11T00:30:03Z","avisos":[{"tipo":"Viento","nivel":2,"desde":"2026-10-07T09:59:50+00:00","hasta":"2026-10-11T23:49:24+00:00","severidad_cap":"Moderate"}],"k":"region"}},{"type":"Feature","geometry":{"type":"Polygon","coordinates":[[[4.478,52.328],[4.358,52.172],[3.875,51.776],[3.388,51.997],[3.964,52.457],[4.478,52.328]]]},"properties":{"id":"emma:NL802","codigo":"NL802","region":"Hoek van Holland","pais_iso2":"NL","nivel":2,"en_curso":true,"tipos":["Viento"],"url":"https://meteoalarm.org?geocode=EMMA_ID:NL802","fecha_utc":"2026-10-07T09:59:50+00:00","leido_utc":"2026-10-11T00:30:03Z","avisos":[{"tipo":"Viento","nivel":2,"desde":"2026-10-07T09:59:50+00:00","hasta":"2026-10-11T23:49:24+00:00","severidad_cap":"Moderate"}],"k":"zona","opacidad":0.42}},{"type":"Feature","geometry":{"type":"Point","coordinates":[3.874,52.084]},"properties":{"id":"emma:NL802","codigo":"NL802","region":"Hoek van Holland","pais_iso2":"NL","nivel":2,"en_curso":true,"tipos":["Viento"],"url":"https://meteoalarm.org?geocode=EMMA_ID:NL802","fecha_utc":"2026-10-07T09:59:50+00:00","leido_utc":"2026-10-11T00:30:03Z","avisos":[{"tipo":"Viento","nivel":2,"desde":"2026-10-07T09:59:50+00:00","hasta":"2026-10-11T23:49:24+00:00","severidad_cap":"Moderate"}],"k":"region"}},{"type":"Feature","geometry":{"type":"Polygon","coordinates":[[[4.656,52.766],[4.609,52.578],[4.478,52.328],[3.964,52.457],[4.106,52.818],[4.656,52.766]]]},"properties":{"id":"emma:NL803","codigo":"NL803","region":"IJmuiden","pais_iso2":"NL","nivel":2,"en_curso":true,"tipos":["Viento"],"url":"https://meteoalarm.org?geocode=EMMA_ID:NL803","fecha_utc":"2026-10-07T12:53:45+00:00","leido_utc":"2026-10-11T00:30:03Z","avisos":[{"tipo":"Viento","nivel":2,"desde":"2026-10-07T12:53:45+00:00","hasta":"2026-10-11T23:49:24+00:00","severidad_cap":"Moderate"}],"k":"zona","opacidad":0.42}},{"type":"Feature","geometry":{"type":"Point","coordinates":[4.283,52.518]},"properties":{"id":"emma:NL803","codigo":"NL803","region":"IJmuiden","pais_iso2":"NL","nivel":2,"en_curso":true,"tipos":["Viento"],"url":"https://meteoalarm.org?geocode=EMMA_ID:NL803","fecha_utc":"2026-10-07T12:53:45+00:00","leido_utc":"2026-10-11T00:30:03Z","avisos":[{"tipo":"Viento","nivel":2,"desde":"2026-10-07T12:53:45+00:00","hasta":"2026-10-11T23:49:24+00:00","severidad_cap":"Moderate"}],"k":"region"}},{"type":"Feature","geometry":{"type":"Polygon","coordinates":[[[6.82,53.6],[6.93,53.5],[6.95,53.39],[6.99,53.34],[7.01,53.32],[6.93,53.34],[6.9,53.36],[6.88,53.44],[6.82,53.47],[6.79,53.46],[6.72,53.47],[6.63,53.45],[6.53,53.43],[6.43,53.43],[6.31,53.4],[6.24,53.42],[6.15,53.41],[5.99,53.4],[5.93,53.39],[5.88,53.39],[5.68,53.33],[5.58,53.31],[5.55,53.28],[5.38,53.41],[5.46,53.41],[5.48,53.42],[5.57,53.44],[5.61,53.45],[5.63,53.43],[5.68,53.42],[5.73,53.44],[5.8,53.44],[5.9,53.46],[5.96,53.46],[6.04,53.44],[6.11,53.47],[6.13,53.45],[6.16,53.47],[6.25,53.48],[6.33,53.5],[6.4,53.52],[6.5,53.54],[6.59,53.54],[6.69,53.57],[6.75,53.56],[6.76,53.57],[6.72,53.59],[6.82,53.6]]]},"properties":{"id":"emma:POL:netherlands:delfzijl","codigo":"","region":"Delfzijl","pais_iso2":"NL","nivel":2,"en_curso":true,"tipos":["Viento"],"url":"https://meteoalarm.org?region=NL","fecha_utc":"2026-10-07T16:24:27+00:00","leido_utc":"2026-10-11T00:30:03Z","avisos":[{"tipo":"Viento","nivel":2,"desde":"2026-10-07T16:24:27+00:00","hasta":"2026-10-11T23:49:24+00:00","severidad_cap":"Moderate"}],"k":"zona","opacidad":0.42}},{"type":"Feature","geometry":{"type":"Point","coordinates":[6.273,53.446]},"properties":{"id":"emma:POL:netherlands:delfzijl","codigo":"","region":"Delfzijl","pais_iso2":"NL","nivel":2,"en_curso":true,"tipos":["Viento"],"url":"https://meteoalarm.org?region=NL","fecha_utc":"2026-10-07T16:24:27+00:00","leido_utc":"2026-10-11T00:30:03Z","avisos":[{"tipo":"Viento","nivel":2,"desde":"2026-10-07T16:24:27+00:00","hasta":"2026-10-11T23:49:24+00:00","severidad_cap":"Moderate"}],"k":"region"}},{"type":"Feature","geometry":{"type":"Polygon","coordinates":[[[6.391,53.879],[6.539,53.544],[5.981,53.463],[5.576,53.444],[5.419,53.754],[6.391,53.879]]]},"properties":{"id":"emma:NL805","codigo":"NL805","region":"Rottum","pais_iso2":"NL","nivel":2,"en_curso":true,"tipos":["Viento"],"url":"https://meteoalarm.org?geocode=EMMA_ID:NL805","fecha_utc":"2026-10-07T16:24:27+00:00","leido_utc":"2026-10-11T00:30:03Z","avisos":[{"tipo":"Viento","nivel":2,"desde":"2026-10-07T16:24:27+00:00","hasta":"2026-10-11T23:49:24+00:00","severidad_cap":"Moderate"}],"k":"zona","opacidad":0.42}},{"type":"Feature","geometry":{"type":"Point","coordinates":[5.982,53.649]},"properties":{"id":"emma:NL805","codigo":"NL805","region":"Rottum","pais_iso2":"NL","nivel":2,"en_curso":true,"tipos":["Viento"],"url":"https://meteoalarm.org?geocode=EMMA_ID:NL805","fecha_utc":"2026-10-07T16:24:27+00:00","leido_utc":"2026-10-11T00:30:03Z","avisos":[{"tipo":"Viento","nivel":2,"desde":"2026-10-07T16:24:27+00:00","hasta":"2026-10-11T23:49:24+00:00","severidad_cap":"Moderate"}],"k":"region"}},{"type":"Feature","geometry":{"type":"Polygon","coordinates":[[[5.55,53.28],[5.51,53.25],[5.46,53.23],[5.41,53.17],[5.41,53.16],[5.4,53.12],[5.38,53.1],[5.34,53.08],[5.29,53.08],[5.04,52.94],[5.03,52.94],[4.96,52.93],[4.95,52.91],[4.91,52.9],[4.87,52.89],[4.81,52.91],[4.79,52.94],[4.8,52.97],[4.76,52.97],[4.76,53.0],[4.79,53.0],[4.82,53.03],[4.85,53.03],[4.89,53.08],[4.9,53.14],[4.88,53.16],[4.85,53.19],[4.89,53.22],[4.92,53.22],[4.94,53.24],[4.98,53.25],[4.97,53.27],[5.04,53.28],[5.07,53.3],[5.1,53.3],[5.1,53.31],[5.16,53.35],[5.18,53.34],[5.23,53.37],[5.26,53.37],[5.29,53.37],[5.34,53.39],[5.38,53.41],[5.55,53.28]]]},"properties":{"id":"emma:POL:netherlands:harlingen","codigo":"","region":"Harlingen","pais_iso2":"NL","nivel":2,"en_curso":true,"tipos":["Viento"],"url":"https://meteoalarm.org?region=NL","fecha_utc":"2026-10-08T20:34:35+00:00","leido_utc":"2026-10-11T00:30:03Z","avisos":[{"tipo":"Viento","nivel":2,"desde":"2026-10-08T20:34:35+00:00","hasta":"2026-10-11T23:49:24+00:00","severidad_cap":"Moderate"}],"k":"zona","opacidad":0.42}},{"type":"Feature","geometry":{"type":"Point","coordinates":[5.087,53.152]},"properties":{"id":"emma:POL:netherlands:harlingen","codigo":"","region":"Harlingen","pais_iso2":"NL","nivel":2,"en_curso":true,"tipos":["Viento"],"url":"https://meteoalarm.org?region=NL","fecha_utc":"2026-10-08T20:34:35+00:00","leido_utc":"2026-10-11T00:30:03Z","avisos":[{"tipo":"Viento","nivel":2,"desde":"2026-10-08T20:34:35+00:00","hasta":"2026-10-11T23:49:24+00:00","severidad_cap":"Moderate"}],"k":"region"}},{"type":"Feature","geometry":{"type":"Polygon","coordinates":[[[5.419,53.754],[5.576,53.444],[5.212,53.397],[5.09,53.3],[4.864,53.214],[4.716,53.046],[4.769,52.937],[4.713,52.903],[4.656,52.766],[4.106,52.818],[4.167,53.092],[4.35,53.343],[4.582,53.514],[5.019,53.699],[5.419,53.754]]]},"properties":{"id":"emma:NL804","codigo":"NL804","region":"Texel","pais_iso2":"NL","nivel":2,"en_curso":true,"tipos":["Viento"],"url":"https://meteoalarm.org?geocode=EMMA_ID:NL804","fecha_utc":"2026-10-08T20:34:35+00:00","leido_utc":"2026-10-11T00:30:03Z","avisos":[{"tipo":"Viento","nivel":2,"desde":"2026-10-08T20:34:35+00:00","hasta":"2026-10-11T23:49:24+00:00","severidad_cap":"Moderate"}],"k":"zona","opacidad":0.42}},{"type":"Feature","geometry":{"type":"Point","coordinates":[4.632,53.257]},"properties":{"id":"emma:NL804","codigo":"NL804","region":"Texel","pais_iso2":"NL","nivel":2,"en_curso":true,"tipos":["Viento"],"url":"https://meteoalarm.org?geocode=EMMA_ID:NL804","fecha_utc":"2026-10-08T20:34:35+00:00","leido_utc":"2026-10-11T00:30:03Z","avisos":[{"tipo":"Viento","nivel":2,"desde":"2026-10-08T20:34:35+00:00","hasta":"2026-10-11T23:49:24+00:00","severidad_cap":"Moderate"}],"k":"region"}},{"type":"Feature","geometry":{"type":"Polygon","coordinates":[[[5.43,52.52],[5.39,52.49],[5.38,52.49],[5.12,52.38],[5.13,52.34],[5.14,52.33],[5.13,52.33],[5.1,52.34],[5.03,52.34],[5.03,52.35],[5.03,52.35],[5.03,52.35],[4.96,52.37],[4.99,52.38],[5.01,52.37],[5.03,52.4],[5.05,52.42],[5.07,52.42],[5.09,52.44],[5.05,52.44],[5.07,52.47],[5.06,52.49],[5.08,52.51],[5.02,52.62],[5.02,52.63],[5.05,52.64],[5.06,52.63],[5.08,52.64],[5.1,52.64],[5.11,52.64],[5.12,52.62],[5.16,52.62],[5.17,52.63],[5.2,52.64],[5.23,52.66],[5.25,52.69],[5.27,52.69],[5.28,52.7],[5.29,52.69],[5.29,52.69],[5.36,52.68],[5.45,52.59],[5.47,52.57],[5.44,52.56],[5.43,52.54],[5.43,52.53],[5.44,52.52],[5.43,52.52]]]},"properties":{"id":"emma:POL:netherlands:marken","codigo":"","region":"Marken","pais_iso2":"NL","nivel":2,"en_curso":true,"tipos":["Viento"],"url":"https://meteoalarm.org?region=NL","fecha_utc":"2026-10-09T20:15:54+00:00","leido_utc":"2026-10-11T00:30:03Z","avisos":[{"tipo":"Viento","nivel":2,"desde":"2026-10-09T20:15:54+00:00","hasta":"2026-10-11T23:49:24+00:00","severidad_cap":"Moderate"}],"k":"zona","opacidad":0.42}},{"type":"Feature","geometry":{"type":"Point","coordinates":[5.178,52.519]},"properties":{"id":"emma:POL:netherlands:marken","codigo":"","region":"Marken","pais_iso2":"NL","nivel":2,"en_curso":true,"tipos":["Viento"],"url":"https://meteoalarm.org?region=NL","fecha_utc":"2026-10-09T20:15:54+00:00","leido_utc":"2026-10-11T00:30:03Z","avisos":[{"tipo":"Viento","nivel":2,"desde":"2026-10-09T20:15:54+00:00","hasta":"2026-10-11T23:49:24+00:00","severidad_cap":"Moderate"}],"k":"region"}},{"type":"Feature","geometry":{"type":"Polygon","coordinates":[[[4.06,51.85],[4.13,51.82],[4.16,51.82],[4.18,51.81],[4.21,51.8],[4.24,51.77],[4.35,51.75],[4.4,51.72],[4.39,51.7],[4.41,51.69],[4.39,51.68],[4.36,51.65],[4.26,51.63],[4.16,51.64],[4.12,51.66],[4.09,51.64],[4.12,51.62],[4.16,51.62],[4.18,51.62],[4.18,51.61],[4.16,51.61],[4.15,51.6],[4.12,51.6],[4.1,51.61],[4.07,51.62],[4.01,51.6],[3.99,51.6],[3.98,51.58],[4.03,51.56],[4.03,51.56],[4.05,51.55],[4.07,51.53],[4.16,51.52],[4.21,51.51],[4.22,51.51],[4.28,51.48],[4.26,51.48],[4.28,51.47],[4.29,51.46],[4.22,51.36],[4.16,51.33],[4.11,51.36],[4.08,51.37],[4.05,51.37],[4.02,51.4],[3.97,51.41],[3.96,51.4],[3.96,51.37],[3.9,51.36],[3.85,51.34],[3.77,51.35],[3.73,51.35],[3.68,51.38],[3.61,51.38],[3.56,51.4],[3.5,51.41],[3.43,51.53],[3.58,51.6],[3.63,51.59],[3.68,51.6],[3.69,51.63],[3.72,51.65],[3.72,51.66],[3.7,51.67],[3.68,51.69],[3.68,51.72],[3.7,51.73],[3.78,51.75],[3.82,51.74],[3.83,51.76],[3.85,51.76],[3.86,51.79],[3.85,51.81],[3.87,51.82],[3.98,51.85],[4.01,51.84],[4.04,51.83],[4.06,51.85]]]},"properties":{"id":"emma:POL:netherlands:zierikzee","codigo":"","region":"Zierikzee","pais_iso2":"NL","nivel":2,"en_curso":true,"tipos":["Viento"],"url":"https://meteoalarm.org?region=NL","fecha_utc":"2026-10-08T20:34:35+00:00","leido_utc":"2026-10-11T00:30:03Z","avisos":[{"tipo":"Viento","nivel":2,"desde":"2026-10-08T20:34:35+00:00","hasta":"2026-10-11T23:49:24+00:00","severidad_cap":"Moderate"}],"k":"zona","opacidad":0.42}},{"type":"Feature","geometry":{"type":"Point","coordinates":[4.004,51.599]},"properties":{"id":"emma:POL:netherlands:zierikzee","codigo":"","region":"Zierikzee","pais_iso2":"NL","nivel":2,"en_curso":true,"tipos":["Viento"],"url":"https://meteoalarm.org?region=NL","fecha_utc":"2026-10-08T20:34:35+00:00","leido_utc":"2026-10-11T00:30:03Z","avisos":[{"tipo":"Viento","nivel":2,"desde":"2026-10-08T20:34:35+00:00","hasta":"2026-10-11T23:49:24+00:00","severidad_cap":"Moderate"}],"k":"region"}},{"type":"Feature","geometry":{"type":"MultiPolygon","coordinates":[[[[8.197,63.788],[8.563,63.592],[9.065,63.68],[9.588,63.773],[9.877,63.879],[10.03,63.994],[9.446,64.183],[9.236,64.227],[9.059,64.162],[8.747,64.045],[8.423,63.921],[8.197,63.788],[8.197,63.788]]],[[[9.446,64.183],[10.03,63.994],[10.226,64.147],[10.382,64.274],[10.594,64.407],[10.938,64.608],[11.239,64.758],[10.567,65.0],[10.484,64.919],[10.418,64.834],[10.403,64.788],[10.346,64.762],[10.065,64.629],[9.786,64.496],[9.51,64.362],[9.241,64.227],[9.446,64.183],[9.446,64.183]]]]},"properties":{"id":"emma:POL:norway:froeyaroervik","codigo":"","region":"Froeya - Roervik","pais_iso2":"NO","nivel":2,"en_curso":true,"tipos":["Viento"],"url":"https://meteoalarm.org?region=NO","fecha_utc":"2026-10-09T20:00:00+00:00","leido_utc":"2026-10-11T00:30:03Z","avisos":[{"tipo":"Viento","nivel":2,"desde":"2026-10-09T20:00:00+00:00","hasta":"2026-10-11T12:00:00+00:00","severidad_cap":"Moderate"}],"k":"zona","opacidad":0.42}},{"type":"Feature","geometry":{"type":"Point","coordinates":[8.971,63.909]},"properties":{"id":"emma:POL:norway:froeyaroervik","codigo":"","region":"Froeya - Roervik","pais_iso2":"NO","nivel":2,"en_curso":true,"tipos":["Viento"],"url":"https://meteoalarm.org?region=NO","fecha_utc":"2026-10-09T20:00:00+00:00","leido_utc":"2026-10-11T00:30:03Z","avisos":[{"tipo":"Viento","nivel":2,"desde":"2026-10-09T20:00:00+00:00","hasta":"2026-10-11T12:00:00+00:00","severidad_cap":"Moderate"}],"k":"region"}},{"type":"Feature","geometry":{"type":"MultiPolygon","coordinates":[[[[30.986,46.249],[30.827,46.316],[30.753,46.375],[30.773,46.437],[30.76,46.491],[30.731,46.504],[30.751,46.544],[30.82,46.549],[30.912,46.573],[31.047,46.377],[31.03,46.315],[31.019,46.291],[31.004,46.269],[30.986,46.249]]],[[[31.604,46.507],[31.362,46.416],[31.236,46.401],[31.236,46.401],[31.237,46.403],[31.22,46.403],[31.2,46.404],[31.18,46.406],[31.161,46.409],[31.159,46.41],[31.149,46.405],[31.132,46.398],[31.114,46.392],[31.095,46.386],[31.077,46.382],[31.058,46.378],[31.047,46.377],[30.912,46.573],[31.173,46.628],[31.241,46.61],[31.285,46.612],[31.352,46.601],[31.407,46.618],[31.429,46.654],[31.486,46.691],[31.48,46.73],[31.517,46.734],[31.534,46.705],[31.5,46.691],[31.503,46.663],[31.467,46.627],[31.512,46.578],[31.544,46.543],[31.604,46.507]]],[[[30.753,46.375],[30.827,46.316],[30.986,46.249],[30.976,46.239],[30.968,46.233],[30.966,46.215],[30.959,46.188],[30.943,46.154],[30.919,46.126],[30.9,46.109],[30.88,46.094],[30.865,46.084],[30.85,46.076],[30.834,46.068],[30.828,46.066],[30.819,46.052],[30.804,46.036],[30.78,46.014],[30.751,45.995],[30.574,46.182],[30.622,46.236],[30.68,46.324],[30.714,46.357],[30.753,46.375]]]]},"properties":{"id":"emma:POL:ukraine:portofchornomorskportofodessaportofpivde","codigo":"","region":"Port of Chornomorsk, Port of Odessa, Port of Pivdenny","pais_iso2":"UA","nivel":2,"en_curso":false,"tipos":["Viento"],"url":"https://meteoalarm.org?region=UA","fecha_utc":"2026-10-11T09:00:00+03:00","leido_utc":"2026-10-11T00:30:03Z","avisos":[{"tipo":"Viento","nivel":2,"desde":"2026-10-11T09:00:00+03:00","hasta":"2026-10-11T21:00:00+03:00","severidad_cap":"Moderate"}],"k":"zona","opacidad":0.22}},{"type":"Feature","geometry":{"type":"Point","coordinates":[30.886,46.396]},"properties":{"id":"emma:POL:ukraine:portofchornomorskportofodessaportofpivde","codigo":"","region":"Port of Chornomorsk, Port of Odessa, Port of Pivdenny","pais_iso2":"UA","nivel":2,"en_curso":false,"tipos":["Viento"],"url":"https://meteoalarm.org?region=UA","fecha_utc":"2026-10-11T09:00:00+03:00","leido_utc":"2026-10-11T00:30:03Z","avisos":[{"tipo":"Viento","nivel":2,"desde":"2026-10-11T09:00:00+03:00","hasta":"2026-10-11T21:00:00+03:00","severidad_cap":"Moderate"}],"k":"region"}},{"type":"Feature","geometry":{"type":"MultiPolygon","coordinates":[[[[30.433,45.134],[30.406,45.113],[30.369,45.09],[30.336,45.074],[30.288,45.063],[30.266,45.058],[30.241,45.055],[30.212,45.053],[30.166,45.055],[30.129,45.06],[30.093,45.069],[30.045,45.087],[30.002,45.108],[29.982,45.129],[29.965,45.149],[29.952,45.17],[30.073,45.435],[30.093,45.442],[30.129,45.45],[30.166,45.456],[30.203,45.457],[30.241,45.456],[30.278,45.45],[30.313,45.442],[30.347,45.43],[30.378,45.416],[30.406,45.398],[30.431,45.378],[30.452,45.356],[30.468,45.333],[30.48,45.308],[30.488,45.282],[30.49,45.26],[30.49,45.256],[30.488,45.229],[30.48,45.203],[30.468,45.178],[30.452,45.154],[30.433,45.134]]],[[[33.546,44.733],[33.183,44.731],[33.194,44.738],[33.209,44.747],[33.225,44.755],[33.243,44.762],[33.246,44.763],[33.246,44.765],[33.243,44.779],[33.242,44.793],[33.242,44.807],[33.244,44.821],[33.247,44.835],[33.251,44.849],[33.257,44.863],[33.259,44.867],[33.261,44.874],[33.265,44.888],[33.27,44.901],[33.277,44.915],[33.285,44.928],[33.295,44.94],[33.295,44.941],[33.291,44.94],[33.291,44.94],[33.271,44.941],[33.251,44.942],[33.231,44.944],[33.212,44.947],[33.193,44.951],[33.174,44.956],[33.156,44.961],[33.142,44.966],[33.134,44.969],[33.117,44.976],[33.1,44.983],[33.088,44.989],[33.082,44.99],[33.064,44.995],[33.046,45.001],[33.028,45.007],[33.011,45.015],[32.995,45.023],[32.98,45.032],[32.965,45.042],[32.952,45.052],[32.945,45.058],[32.936,45.062],[32.92,45.07],[32.905,45.079],[32.89,45.089],[32.877,45.099],[32.864,45.11],[32.853,45.122],[32.843,45.134],[32.834,45.147],[32.831,45.151],[32.816,45.145],[32.798,45.14],[32.78,45.136],[32.767,45.131],[32.749,45.125],[32.73,45.121],[32.71,45.117],[32.691,45.114],[32.687,45.114],[32.386,45.359],[32.515,45.374],[32.495,45.346],[32.653,45.315],[32.756,45.365],[32.86,45.368],[32.989,45.352],[33.028,45.341],[33.022,45.308],[33.139,45.219],[33.151,45.202],[33.234,45.172],[33.276,45.147],[33.305,45.174],[33.352,45.175],[33.382,45.196],[33.414,45.193],[33.5,45.144],[33.562,45.085],[33.601,45.008],[33.598,44.974],[33.613,44.905],[33.597,44.848],[33.55,44.834],[33.533,44.791],[33.546,44.733]]],[[[33.97,44.391],[33.962,44.185],[33.951,44.185],[33.932,44.185],[33.912,44.186],[33.892,44.188],[33.873,44.191],[33.857,44.194],[33.854,44.194],[33.835,44.19],[33.815,44.187],[33.795,44.185],[33.778,44.185],[33.773,44.185],[33.756,44.185],[33.753,44.185],[33.736,44.186],[33.716,44.188],[33.697,44.191],[33.677,44.195],[33.659,44.2],[33.657,44.201],[33.656,44.201],[33.637,44.205],[33.618,44.21],[33.6,44.216],[33.582,44.222],[33.565,44.23],[33.565,44.23],[33.549,44.233],[33.531,44.238],[33.512,44.244],[33.495,44.251],[33.478,44.258],[33.462,44.267],[33.446,44.276],[33.432,44.285],[33.42,44.295],[33.402,44.298],[33.383,44.302],[33.364,44.306],[33.346,44.312],[33.328,44.319],[33.312,44.326],[33.295,44.335],[33.28,44.344],[33.266,44.354],[33.252,44.364],[33.24,44.375],[33.229,44.387],[33.218,44.399],[33.209,44.412],[33.209,44.413],[33.204,44.416],[33.189,44.425],[33.174,44.435],[33.161,44.445],[33.148,44.456],[33.137,44.468],[33.135,44.47],[33.104,44.519],[33.091,44.575],[33.096,44.618],[33.113,44.658],[33.143,44.698],[33.152,44.707],[33.165,44.718],[33.179,44.728],[33.183,44.731],[33.546,44.733],[33.543,44.658],[33.523,44.629],[33.484,44.608],[33.434,44.603],[33.402,44.559],[33.482,44.508],[33.556,44.487],[33.596,44.493],[33.636,44.472],[33.65,44.426],[33.704,44.421],[33.727,44.392],[33.778,44.386],[33.861,44.407],[33.97,44.391]]],[[[32.386,45.359],[32.687,45.114],[32.671,45.113],[32.651,45.112],[32.631,45.112],[32.612,45.113],[32.592,45.115],[32.572,45.118],[32.553,45.122],[32.535,45.127],[32.516,45.133],[32.499,45.139],[32.488,45.144],[32.475,45.145],[32.455,45.147],[32.436,45.15],[32.417,45.154],[32.398,45.159],[32.38,45.165],[32.362,45.171],[32.346,45.179],[32.329,45.187],[32.314,45.196],[32.3,45.205],[32.286,45.216],[32.274,45.227],[32.263,45.238],[32.252,45.25],[32.243,45.263],[32.236,45.276],[32.229,45.289],[32.224,45.303],[32.22,45.316],[32.218,45.33],[32.217,45.336],[32.216,45.339],[32.386,45.359]]],[[[32.486,45.405],[32.515,45.374],[32.386,45.359],[32.216,45.339],[32.214,45.342],[32.209,45.355],[32.205,45.369],[32.203,45.383],[32.202,45.397],[32.202,45.411],[32.203,45.425],[32.206,45.439],[32.211,45.452],[32.216,45.466],[32.223,45.479],[32.231,45.492],[32.241,45.504],[32.251,45.516],[32.263,45.527],[32.264,45.528],[32.269,45.538],[32.278,45.551],[32.287,45.563],[32.297,45.575],[32.309,45.586],[32.322,45.597],[32.336,45.607],[32.35,45.616],[32.366,45.625],[32.382,45.633],[32.399,45.64],[32.404,45.642],[32.486,45.405]]],[[[30.246,45.603],[30.244,45.602],[30.244,45.602],[30.246,45.603]]],[[[31.604,46.507],[31.694,46.445],[31.707,46.476],[31.767,46.487],[31.887,46.462],[31.954,46.439],[32.002,46.454],[32.027,46.443],[32.058,46.399],[32.007,46.359],[31.898,46.333],[31.808,46.329],[31.762,46.308],[31.784,46.275],[31.873,46.264],[31.9,46.298],[31.939,46.295],[31.971,46.257],[32.046,46.257],[32.085,46.243],[32.116,46.208],[32.166,46.2],[32.231,46.168],[32.236,46.13],[32.316,45.898],[32.312,45.899],[32.293,45.904],[32.275,45.91],[32.257,45.916],[32.248,45.92],[32.242,45.921],[32.222,45.923],[32.203,45.926],[32.184,45.93],[32.165,45.934],[32.147,45.94],[32.143,45.941],[32.139,45.941],[32.119,45.943],[32.099,45.945],[32.08,45.948],[32.061,45.951],[32.042,45.956],[32.024,45.962],[32.006,45.968],[31.999,45.972],[31.986,45.973],[31.967,45.976],[31.948,45.98],[31.929,45.985],[31.911,45.99],[31.893,45.997],[31.892,45.997],[31.885,45.998],[31.865,46.0],[31.845,46.003],[31.826,46.006],[31.808,46.011],[31.804,46.012],[31.784,46.013],[31.764,46.014],[31.745,46.016],[31.725,46.019],[31.706,46.023],[31.688,46.027],[31.68,46.03],[31.675,46.03],[31.655,46.031],[31.636,46.033],[31.616,46.036],[31.597,46.04],[31.578,46.044],[31.56,46.05],[31.543,46.056],[31.537,46.059],[31.535,46.059],[31.515,46.062],[31.496,46.066],[31.478,46.071],[31.459,46.076],[31.442,46.083],[31.425,46.09],[31.409,46.098],[31.393,46.107],[31.379,46.117],[31.366,46.127],[31.353,46.138],[31.344,46.147],[31.336,46.152],[31.322,46.161],[31.308,46.171],[31.296,46.182],[31.285,46.193],[31.274,46.205],[31.265,46.218],[31.258,46.23],[31.251,46.243],[31.246,46.257],[31.242,46.27],[31.24,46.284],[31.239,46.298],[31.239,46.311],[31.24,46.318],[31.239,46.319],[31.235,46.332],[31.233,46.346],[31.232,46.36],[31.232,46.373],[31.234,46.387],[31.236,46.401],[31.362,46.416],[31.604,46.507]]]]},"properties":{"id":"emma:POL:ukraine:openseaofcrimeanareaofblackseaopenseaofn","codigo":"","region":"Open sea of Crimean area of Black sea, Open sea of Northwestern area of Black sea, Southern Crimean area, Western Crimean area, Zmiinyi Island","pais_iso2":"UA","nivel":2,"en_curso":false,"tipos":["Fenómenos costeros"],"url":"https://meteoalarm.org?region=UA","fecha_utc":"2026-10-11T09:00:00+03:00","leido_utc":"2026-10-11T00:30:03Z","avisos":[{"tipo":"Fenómenos costeros","nivel":2,"desde":"2026-10-11T09:00:00+03:00","hasta":"2026-10-11T21:00:00+03:00","severidad_cap":"Moderate"}],"k":"zona","opacidad":0.22}},{"type":"Feature","geometry":{"type":"Point","coordinates":[30.285,45.24]},"properties":{"id":"emma:POL:ukraine:openseaofcrimeanareaofblackseaopenseaofn","codigo":"","region":"Open sea of Crimean area of Black sea, Open sea of Northwestern area of Black sea, Southern Crimean area, Western Crimean area, Zmiinyi Island","pais_iso2":"UA","nivel":2,"en_curso":false,"tipos":["Fenómenos costeros"],"url":"https://meteoalarm.org?region=UA","fecha_utc":"2026-10-11T09:00:00+03:00","leido_utc":"2026-10-11T00:30:03Z","avisos":[{"tipo":"Fenómenos costeros","nivel":2,"desde":"2026-10-11T09:00:00+03:00","hasta":"2026-10-11T21:00:00+03:00","severidad_cap":"Moderate"}],"k":"region"}}]}