{"type":"FeatureCollection","generado_utc":"2026-10-11T00:30:03Z","fuente":"GDELT GKG 2.1 (noticias de todo el mundo; señales por verificar)","errores":["20261011003000.gkg.csv.zip: HTTP Error 404: Not Found","20261011001500.translation.gkg.csv.zip: HTTP Error 404: Not Found","20261011000000.translation.gkg.csv.zip: HTTP Error 404: Not Found"],"relleno_12h":true,"features":[{"type":"Feature","geometry":{"type":"Point","coordinates":[-81.633,32.751]},"properties":{"title":"Tornado spotted in Screven County, Georgia: video","url":"https://www.wjcl.com/article/screven-county-tornado-newington-highway-21/74099731","source":"wjcl.com","date":"2026-10-11T00:00:00Z","kind":"TORNADO","severe":false,"state":"Screven County, Georgia, United States","precision":"ciudad","pais_iso3":"","via":"GDELT GKG (nota en inglés); lugar mencionado en el texto","notas":2,"desde":"2026-10-10T12:30:00Z","enlaces":[{"title":"Tornado spotted in Screven County, Georgia: video","url":"https://www.wjcl.com/article/screven-county-tornado-newington-highway-21/74099731","source":"wjcl.com","date":"2026-10-11T00:00:00Z"},{"title":"Georgia power outage: Georgia power outage: Nearly 100,000 customers lose power as Hurricane Isaias sweeps across the state, bringing damaging winds and tornado threats","url":"https://economictimes.indiatimes.com/news/international/world-news/georgia-power-outage-nearly-100000-customers-lose-power-as-hurricane-isaias-sweeps-across-the-state-bringing-damaging-winds-and-tornado-threats/articleshow/134853813.cms","source":"indiatimes.com","date":"2026-10-10T12:30:00Z"}]}},{"type":"Feature","geometry":{"type":"Point","coordinates":[12.439,37.805]},"properties":{"title":"Tornado and hail hits northern Italian city, injuring dozens of people - WSVN 7News | Miami News, Weather, Sports","url":"https://wsvn.com/news/us-world/tornado-and-hail-hits-northern-italian-city-injuring-dozens-of-people/","source":"wsvn.com","date":"2026-10-10T23:30:00Z","kind":"TORNADO","severe":true,"state":"Marsala","precision":"país","pais_iso3":"ITA","via":"GDELT GKG (nota en inglés); lugar mencionado en el texto","notas":200,"desde":"2026-10-09T09:00:00Z","enlaces":[{"title":"Tornado and hail hits northern Italian city, injuring dozens of people - WSVN 7News | Miami News, Weather, Sports","url":"https://wsvn.com/news/us-world/tornado-and-hail-hits-northern-italian-city-injuring-dozens-of-people/","source":"wsvn.com","date":"2026-10-10T23:30:00Z"},{"title":"Un doble tornado sacude Sicilia y deja al menos 12 heridos","url":"https://www.laverdad.es/internacional/europa/doble-tornado-sacude-sicilia-deja-heridos-20261010180714-ntrc.html","source":"laverdad.es","date":"2026-10-10T19:45:00Z"},{"title":"Danni del tornado a Marsala, come segnalarli al Comune","url":"https://www.marsalanews.it/danni-del-tornado-a-marsala-come-segnalarli-al-comune/","source":"marsalanews.it","date":"2026-10-10T19:45:00Z"},{"title":"Tromba d'aria a Marsala | la devastazione e il grande coraggio delle scuole","url":"https://www.zazoom.it/2026-10-10/tromba-daria-a-marsala-la-devastazione-e-il-grande-coraggio-delle-scuole/19784004/","source":"zazoom.it","date":"2026-10-10T19:45:00Z"},{"title":"Azotan 2 tornados en Sicilia y dejan 6 niños heridos - Quadratín","url":"https://www.quadratin.com.mx/internacionales/azotan-2-tornados-en-sicilia-y-dejan-6-ninos-heridos/","source":"quadratin.com.mx","date":"2026-10-10T19:15:00Z"},{"title":"Flere såret og bygninger smadret: Tornadoer hærger Sicilien","url":"https://www.bt.dk/udland/flere-saaret-og-bygninger-smadret-tornadoer-haerger-sicilien","source":"bt.dk","date":"2026-10-10T18:45:00Z"},{"title":"Tromba d'aria a Marsala, Schifani visita la scuola colpita e promette fondi. L'elogio alla docente che ha salvato gli studenti: \"Un'eroina\"","url":"https://www.tecnicadellascuola.it/tromba-daria-a-marsala-schifani-visita-la-scuola-colpita-e-promette-fondi-lelogio-alla-docente-che-ha-salvato-gli-studenti-uneroina","source":"tecnicadellascuola.it","date":"2026-10-10T18:30:00Z"},{"title":"Schifani a Marsala e Petrosino dopo il tornado: \"Fondi per ricostruire e un piano per imprevisti\"","url":"https://qds.it/schifani-marsala-petrosino-tornado-danni/","source":"qds.it","date":"2026-10-10T17:45:00Z"}]}},{"type":"Feature","geometry":{"type":"Point","coordinates":[-81.623,28.157]},"properties":{"title":"Isaias brings flood, tornado threats across US Southeast after Florida landfall","url":"https://en.apa.az/america/isaias-brings-flood-tornado-threats-across-us-southeast-after-florida-landfall-529311","source":"en.apa.az","date":"2026-10-10T16:00:00Z","kind":"TORNADO","severe":false,"state":"Florida","precision":"estado","pais_iso3":"","via":"GDELT GKG (nota en inglés); lugar mencionado en el texto","notas":2,"desde":"2026-10-10T12:30:00Z","enlaces":[{"title":"Isaias brings flood, tornado threats across US Southeast after Florida landfall","url":"https://en.apa.az/america/isaias-brings-flood-tornado-threats-across-us-southeast-after-florida-landfall-529311","source":"en.apa.az","date":"2026-10-10T16:00:00Z"},{"title":"El huracán Isaías golpea Florida y Alabama: Trump declaró la emergencia federal - Tras impactar en tierra firme y bajar a categoría 1, el fenómeno meteorológico dejó a más de 745.000 hogares a oscuras entre ambos estados","url":"https://www.elliberal.com.ar/nota/94379/2026/10/el-huracan-isaias-golpea-florida-y-alabama--trump-declaro-la-emergencia-federal","source":"elliberal.com.ar","date":"2026-10-10T12:30:00Z"}]}},{"type":"Feature","geometry":{"type":"Point","coordinates":[14.857,47.39]},"properties":{"title":"Tornadă în Sicilia: O școală distrusă, case avariate și oameni răniți – Știri de ultimă oră din Moldova – Ultimele știri Timpul.md","url":"https://timpul.md/articol/tornada-in-sicilia-o-scoala-distrusa-case-avariate-si-oameni-raniti.html","source":"timpul.md","date":"2026-10-10T11:00:00Z","kind":"TORNADO","severe":false,"state":"Steiermark","precision":"estado","pais_iso3":"AUT","via":"GDELT GKG (nota traducida al inglés por GDELT); lugar mencionado en el texto","notas":1,"desde":"2026-10-10T11:00:00Z","enlaces":[{"title":"Tornadă în Sicilia: O școală distrusă, case avariate și oameni răniți – Știri de ultimă oră din Moldova – Ultimele știri Timpul.md","url":"https://timpul.md/articol/tornada-in-sicilia-o-scoala-distrusa-case-avariate-si-oameni-raniti.html","source":"timpul.md","date":"2026-10-10T11:00:00Z"}]}},{"type":"Feature","geometry":{"type":"Point","coordinates":[31.735,1.665]},"properties":{"title":"Scene de coșmar în Sicilia, după ce două tornade au măturat zona. Mașini răsturnate, clădiri avariate și copii răniți. „E ca în vreme de război\"","url":"https://stirileprotv.ro/stiri/international/scene-de-cosmar-in-sicilia-dupa-ce-doua-tornade-au-maturat-zona-masini-rasturnate-cladiri-avariate-si-copii-raniti.html","source":"stirileprotv.ro","date":"2026-10-10T05:45:00Z","kind":"TORNADO","severe":false,"state":"Masindi","precision":"estado","pais_iso3":"UGA","via":"GDELT GKG (nota traducida al inglés por GDELT); lugar mencionado en el texto","notas":1,"desde":"2026-10-10T05:45:00Z","enlaces":[{"title":"Scene de coșmar în Sicilia, după ce două tornade au măturat zona. Mașini răsturnate, clădiri avariate și copii răniți. „E ca în vreme de război\"","url":"https://stirileprotv.ro/stiri/international/scene-de-cosmar-in-sicilia-dupa-ce-doua-tornade-au-maturat-zona-masini-rasturnate-cladiri-avariate-si-copii-raniti.html","source":"stirileprotv.ro","date":"2026-10-10T05:45:00Z"}]}},{"type":"Feature","geometry":{"type":"Point","coordinates":[7.613,46.202]},"properties":{"title":"Rally for the Valley donations helping Fox Cities tornado victims","url":"https://www.fox969.com/2026/10/09/rally-for-the-valley-donations-helping-fox-cities-tornado-victims/","source":"fox969.com","date":"2026-10-10T04:30:00Z","kind":"TORNADO","severe":false,"state":"Valais","precision":"estado","pais_iso3":"CHE","via":"GDELT GKG (nota en inglés); lugar mencionado en el texto","notas":1,"desde":"2026-10-10T04:30:00Z","enlaces":[{"title":"Rally for the Valley donations helping Fox Cities tornado victims","url":"https://www.fox969.com/2026/10/09/rally-for-the-valley-donations-helping-fox-cities-tornado-victims/","source":"fox969.com","date":"2026-10-10T04:30:00Z"}]}},{"type":"Feature","geometry":{"type":"Point","coordinates":[39.582,-2.515]},"properties":{"title":"TEMPORAL DEVASTADOR: UN VIOLENTO TORNADO CAUSÓ DESTROZOS Y HERIDOS EN LA COSTA DE ITALIA","url":"https://www.minutouno.com/mundo/temporal-devastador-un-violento-tornado-causo-destrozos-y-heridos-la-costa-italia-n6332255","source":"minutouno.com","date":"2026-10-10T01:30:00Z","kind":"TORNADO","severe":true,"state":"Coast","precision":"estado","pais_iso3":"KEN","via":"GDELT GKG (nota traducida al inglés por GDELT); lugar mencionado en el texto","notas":1,"desde":"2026-10-10T01:30:00Z","enlaces":[{"title":"TEMPORAL DEVASTADOR: UN VIOLENTO TORNADO CAUSÓ DESTROZOS Y HERIDOS EN LA COSTA DE ITALIA","url":"https://www.minutouno.com/mundo/temporal-devastador-un-violento-tornado-causo-destrozos-y-heridos-la-costa-italia-n6332255","source":"minutouno.com","date":"2026-10-10T01:30:00Z"}]}},{"type":"Feature","geometry":{"type":"Point","coordinates":[-86.719,12.417]},"properties":{"title":"Leon County on standby as Isaias nears with flooding, tornado risks","url":"https://www.wtxl.com/northeast-tallahassee/leon-county-emergency-management-on-standby-as-isaias-approaches-big-bend-with-flooding-tornado-risk","source":"wtxl.com","date":"2026-10-09T22:30:00Z","kind":"TORNADO","severe":false,"state":"León","precision":"estado","pais_iso3":"NIC","via":"GDELT GKG (nota en inglés); lugar mencionado en el texto","notas":1,"desde":"2026-10-09T22:30:00Z","enlaces":[{"title":"Leon County on standby as Isaias nears with flooding, tornado risks","url":"https://www.wtxl.com/northeast-tallahassee/leon-county-emergency-management-on-standby-as-isaias-approaches-big-bend-with-flooding-tornado-risk","source":"wtxl.com","date":"2026-10-09T22:30:00Z"}]}},{"type":"Feature","geometry":{"type":"Point","coordinates":[134.35,-25.57]},"properties":{"title":"Rare tornado whips through small Australian town","url":"https://www.sott.net/article/508809-Rare-tornado-whips-through-small-Australian-town","source":"sott.net","date":"2026-10-09T21:45:00Z","kind":"TORNADO","severe":false,"state":"Australia","precision":"país","pais_iso3":"AUS","via":"GDELT GKG (nota en inglés); lugar mencionado en el texto","notas":1,"desde":"2026-10-09T21:45:00Z","enlaces":[{"title":"Rare tornado whips through small Australian town","url":"https://www.sott.net/article/508809-Rare-tornado-whips-through-small-Australian-town","source":"sott.net","date":"2026-10-09T21:45:00Z"}]}},{"type":"Feature","geometry":{"type":"Point","coordinates":[13.217,6.805]},"properties":{"title":"Tromba d'aria a Marsala, figli a scuola e auto del maggiore ribaltata: il racconto di Marta Adamo che ha ascoltato la paura dei bambini","url":"https://www.corriereadriatico.it:443/attualita/tromba_aria_marsala_scuola_racconto_marta_adamo-9814948.html","source":"corriereadriatico.it","date":"2026-10-09T21:15:00Z","kind":"TORNADO","severe":false,"state":"Adamaoua","precision":"estado","pais_iso3":"CMR","via":"GDELT GKG (nota traducida al inglés por GDELT); lugar mencionado en el texto","notas":1,"desde":"2026-10-09T21:15:00Z","enlaces":[{"title":"Tromba d'aria a Marsala, figli a scuola e auto del maggiore ribaltata: il racconto di Marta Adamo che ha ascoltato la paura dei bambini","url":"https://www.corriereadriatico.it:443/attualita/tromba_aria_marsala_scuola_racconto_marta_adamo-9814948.html","source":"corriereadriatico.it","date":"2026-10-09T21:15:00Z"}]}},{"type":"Feature","geometry":{"type":"Point","coordinates":[-74.938,42.15]},"properties":{"title":"Another Tornado Confirmed in New York's Adirondacks","url":"https://hudsonvalleycountry.com/ixp/39/p/tornado-25-adirondacks-ny/","source":"hudsonvalleycountry.com","date":"2026-10-09T20:45:00Z","kind":"TORNADO","severe":false,"state":"New York, United States","precision":"estado","pais_iso3":"","via":"GDELT GKG (nota en inglés); lugar mencionado en el texto","notas":1,"desde":"2026-10-09T20:45:00Z","enlaces":[{"title":"Another Tornado Confirmed in New York's Adirondacks","url":"https://hudsonvalleycountry.com/ixp/39/p/tornado-25-adirondacks-ny/","source":"hudsonvalleycountry.com","date":"2026-10-09T20:45:00Z"}]}}],"notas":[{"type":"Feature","geometry":{"type":"Point","coordinates":[-81.633,32.751]},"properties":{"title":"Tornado spotted in Screven County, Georgia: video","url":"https://www.wjcl.com/article/screven-county-tornado-newington-highway-21/74099731","source":"wjcl.com","date":"2026-10-11T00:00:00Z","kind":"TORNADO","severe":false,"state":"Screven County, Georgia, United States","precision":"ciudad","pais_iso3":"","via":"GDELT GKG (nota en inglés); lugar mencionado en el texto"}},{"type":"Feature","geometry":{"type":"Point","coordinates":[12.17,43.53]},"properties":{"title":"Tornado and hail hits northern Italian city, injuring dozens of people - WSVN 7News | Miami News, Weather, Sports","url":"https://wsvn.com/news/us-world/tornado-and-hail-hits-northern-italian-city-injuring-dozens-of-people/","source":"wsvn.com","date":"2026-10-10T23:30:00Z","kind":"TORNADO","severe":true,"state":"Italia","precision":"país","pais_iso3":"ITA","via":"GDELT GKG (nota en inglés); lugar mencionado en el texto"}},{"type":"Feature","geometry":{"type":"Point","coordinates":[14.217,37.523]},"properties":{"title":"Un doble tornado sacude Sicilia y deja al menos 12 heridos","url":"https://www.laverdad.es/internacional/europa/doble-tornado-sacude-sicilia-deja-heridos-20261010180714-ntrc.html","source":"laverdad.es","date":"2026-10-10T19:45:00Z","kind":"TORNADO","severe":true,"state":"Sicily","precision":"estado","pais_iso3":"ITA","via":"GDELT GKG (nota traducida al inglés por GDELT); lugar mencionado en el texto"}},{"type":"Feature","geometry":{"type":"Point","coordinates":[12.439,37.805]},"properties":{"title":"Danni del tornado a Marsala, come segnalarli al Comune","url":"https://www.marsalanews.it/danni-del-tornado-a-marsala-come-segnalarli-al-comune/","source":"marsalanews.it","date":"2026-10-10T19:45:00Z","kind":"TORNADO","severe":true,"state":"Marsala","precision":"ciudad","pais_iso3":"ITA","via":"GDELT GKG (nota traducida al inglés por GDELT); lugar mencionado en el texto"}},{"type":"Feature","geometry":{"type":"Point","coordinates":[12.439,37.805]},"properties":{"title":"Tromba d'aria a Marsala | la devastazione e il grande coraggio delle scuole","url":"https://www.zazoom.it/2026-10-10/tromba-daria-a-marsala-la-devastazione-e-il-grande-coraggio-delle-scuole/19784004/","source":"zazoom.it","date":"2026-10-10T19:45:00Z","kind":"TORNADO","severe":true,"state":"Marsala","precision":"ciudad","pais_iso3":"ITA","via":"GDELT GKG (nota traducida al inglés por GDELT); lugar mencionado en el texto"}},{"type":"Feature","geometry":{"type":"Point","coordinates":[14.25,37.75]},"properties":{"title":"Azotan 2 tornados en Sicilia y dejan 6 niños heridos - Quadratín","url":"https://www.quadratin.com.mx/internacionales/azotan-2-tornados-en-sicilia-y-dejan-6-ninos-heridos/","source":"quadratin.com.mx","date":"2026-10-10T19:15:00Z","kind":"TORNADO","severe":true,"state":"Sicily, Sicilia, Italy","precision":"estado","pais_iso3":"","via":"GDELT GKG (nota traducida al inglés por GDELT); lugar mencionado en el texto"}},{"type":"Feature","geometry":{"type":"Point","coordinates":[14.217,37.523]},"properties":{"title":"Flere såret og bygninger smadret: Tornadoer hærger Sicilien","url":"https://www.bt.dk/udland/flere-saaret-og-bygninger-smadret-tornadoer-haerger-sicilien","source":"bt.dk","date":"2026-10-10T18:45:00Z","kind":"TORNADO","severe":false,"state":"Sicily","precision":"estado","pais_iso3":"ITA","via":"GDELT GKG (nota traducida al inglés por GDELT); lugar mencionado en el texto"}},{"type":"Feature","geometry":{"type":"Point","coordinates":[12.439,37.805]},"properties":{"title":"Tromba d'aria a Marsala, Schifani visita la scuola colpita e promette fondi. L'elogio alla docente che ha salvato gli studenti: \"Un'eroina\"","url":"https://www.tecnicadellascuola.it/tromba-daria-a-marsala-schifani-visita-la-scuola-colpita-e-promette-fondi-lelogio-alla-docente-che-ha-salvato-gli-studenti-uneroina","source":"tecnicadellascuola.it","date":"2026-10-10T18:30:00Z","kind":"TORNADO","severe":false,"state":"Marsala","precision":"ciudad","pais_iso3":"ITA","via":"GDELT GKG (nota traducida al inglés por GDELT); lugar mencionado en el texto"}},{"type":"Feature","geometry":{"type":"Point","coordinates":[12.439,37.805]},"properties":{"title":"Schifani a Marsala e Petrosino dopo il tornado: \"Fondi per ricostruire e un piano per imprevisti\"","url":"https://qds.it/schifani-marsala-petrosino-tornado-danni/","source":"qds.it","date":"2026-10-10T17:45:00Z","kind":"TORNADO","severe":false,"state":"Marsala","precision":"ciudad","pais_iso3":"ITA","via":"GDELT GKG (nota traducida al inglés por GDELT); lugar mencionado en el texto"}},{"type":"Feature","geometry":{"type":"Point","coordinates":[14.217,37.523]},"properties":{"title":"Un doble tornado sacude Sicilia y deja al menos 12 heridos | El Comercio: Diario de Asturias","url":"https://www.elcomercio.es/internacional/europa/doble-tornado-sacude-sicilia-deja-heridos-20261010180714-ntrc.html","source":"elcomercio.es","date":"2026-10-10T17:00:00Z","kind":"TORNADO","severe":true,"state":"Sicily","precision":"estado","pais_iso3":"ITA","via":"GDELT GKG (nota traducida al inglés por GDELT); lugar mencionado en el texto"}},{"type":"Feature","geometry":{"type":"Point","coordinates":[-81.717,27.833]},"properties":{"title":"Isaias brings flood, tornado threats across US Southeast after Florida landfall","url":"https://en.apa.az/america/isaias-brings-flood-tornado-threats-across-us-southeast-after-florida-landfall-529311","source":"en.apa.az","date":"2026-10-10T16:00:00Z","kind":"TORNADO","severe":false,"state":"Florida, United States","precision":"estado","pais_iso3":"","via":"GDELT GKG (nota en inglés); lugar mencionado en el texto"}},{"type":"Feature","geometry":{"type":"Point","coordinates":[14.25,37.75]},"properties":{"title":"Tornado pogodio Siciliju - pogledajte fotografije razaranja","url":"http://net.hr/danas/svijet/tornado-pogodio-siciliju-pogledajte-fotografije-razaranja-3e098f83-c4ac-11f1-936f-9600040c8f8e","source":"net.hr","date":"2026-10-10T15:45:00Z","kind":"TORNADO","severe":false,"state":"Sicily, Sicilia, Italy","precision":"estado","pais_iso3":"","via":"GDELT GKG (nota traducida al inglés por GDELT); lugar mencionado en el texto"}},{"type":"Feature","geometry":{"type":"Point","coordinates":[12.704,37.852]},"properties":{"title":"Tromba d'aria nel Trapanese, Schifani: \"Faremo la nostra parte\"","url":"https://www.dialessandria.it/attualita/tromba-daria-nel-trapanese-schifani-faremo-la-nostra-parte/304905.html","source":"dialessandria.it","date":"2026-10-10T15:45:00Z","kind":"TORNADO","severe":false,"state":"Trapani","precision":"estado","pais_iso3":"ITA","via":"GDELT GKG (nota traducida al inglés por GDELT); lugar mencionado en el texto"}},{"type":"Feature","geometry":{"type":"Point","coordinates":[12.439,37.805]},"properties":{"title":"Tromba d'aria a Marsala | riconoscimento ufficiale della Regione alla maestra che ha protetto la classe","url":"https://www.zazoom.it/2026-10-10/tromba-daria-a-marsala-riconoscimento-ufficiale-della-regione-alla-maestra-che-ha-protetto-la-classe/19783311/","source":"zazoom.it","date":"2026-10-10T15:45:00Z","kind":"TORNADO","severe":false,"state":"Marsala","precision":"ciudad","pais_iso3":"ITA","via":"GDELT GKG (nota traducida al inglés por GDELT); lugar mencionado en el texto"}},{"type":"Feature","geometry":{"type":"Point","coordinates":[12.439,37.805]},"properties":{"title":"Tromba d'aria a Marsala, al via gli accertamenti tecnici per la conta dei danni","url":"https://www.dialessandria.it/attualita/tromba-daria-a-marsala-al-via-gli-accertamenti-tecnici-per-la-conta-dei-danni/304903.html","source":"dialessandria.it","date":"2026-10-10T15:45:00Z","kind":"TORNADO","severe":true,"state":"Marsala","precision":"ciudad","pais_iso3":"ITA","via":"GDELT GKG (nota traducida al inglés por GDELT); lugar mencionado en el texto"}},{"type":"Feature","geometry":{"type":"Point","coordinates":[14.217,37.523]},"properties":{"title":"Apokalypsa na Sicílii: Tornádo prevracalo autá, ničilo domy a školu - Spravodajstvo - Video","url":"https://www.pravda.sk/tv/spravodajstvo/epizoda/2056625-apokalypsa-na-sicilii-tornado-prevracalo-auta-nicilo-domy-a-skolu-takuto-silu-sme-este-nezazili","source":"pravda.sk","date":"2026-10-10T15:30:00Z","kind":"TORNADO","severe":false,"state":"Sicily","precision":"estado","pais_iso3":"ITA","via":"GDELT GKG (nota traducida al inglés por GDELT); lugar mencionado en el texto"}},{"type":"Feature","geometry":{"type":"Point","coordinates":[12.439,37.805]},"properties":{"title":"Trombe d'aria a Marsala e Petrosino Schifani rassicura i cittadini | Le risorse per la ricostruzione ci saranno","url":"https://www.zazoom.it/2026-10-10/trombe-daria-a-marsala-e-petrosino-schifani-rassicura-i-cittadini-le-risorse-per-la-ricostruzione-ci-saranno/19783236/","source":"zazoom.it","date":"2026-10-10T15:30:00Z","kind":"TORNADO","severe":false,"state":"Marsala","precision":"ciudad","pais_iso3":"ITA","via":"GDELT GKG (nota traducida al inglés por GDELT); lugar mencionado en el texto"}},{"type":"Feature","geometry":{"type":"Point","coordinates":[14.25,37.75]},"properties":{"title":"Două tornade extrem de violente au lovit Sicilia. Mașini răsturnate, clădiri avariate și 273 de elevi evacuați","url":"https://adevarul.ro/stiri-interne/evenimente/doua-tornade-extrem-de-violente-au-lovit-sicilia-2563123.html","source":"adevarul.ro","date":"2026-10-10T15:15:00Z","kind":"TORNADO","severe":true,"state":"Sicily, Sicilia, Italy","precision":"estado","pais_iso3":"","via":"GDELT GKG (nota traducida al inglés por GDELT); lugar mencionado en el texto"}},{"type":"Feature","geometry":{"type":"Point","coordinates":[12.439,37.805]},"properties":{"title":"Tornado a Marsala, come segnalare i danni per ottenere i ristori","url":"https://www.tp24.it/notizie-inchieste-eventi-a-trapani/tornado-a-marsala-come-segnalare-i-danni-per-ottenere-i-ristori/240561","source":"tp24.it","date":"2026-10-10T15:00:00Z","kind":"TORNADO","severe":true,"state":"Marsala","precision":"ciudad","pais_iso3":"ITA","via":"GDELT GKG (nota traducida al inglés por GDELT); lugar mencionado en el texto"}},{"type":"Feature","geometry":{"type":"Point","coordinates":[12.439,37.805]},"properties":{"title":"Non è vero che c'è stata un'altra tromba d'aria a Marsala","url":"https://www.tp24.it/2026/10/10/cronaca/non-e-vero-che-c-e-stata-un-altra-tromba-d-aria-a-marsala/240560","source":"tp24.it","date":"2026-10-10T15:00:00Z","kind":"TORNADO","severe":false,"state":"Marsala","precision":"ciudad","pais_iso3":"ITA","via":"GDELT GKG (nota traducida al inglés por GDELT); lugar mencionado en el texto"}},{"type":"Feature","geometry":{"type":"Point","coordinates":[12.17,43.53]},"properties":{"title":"VIDEO Tornado pogodio Italiju, nosio sve pred sobom: \"Nešto ovako razorno nije viđeno\"","url":"https://dnevnik.hr/vijesti/svijet/dva-tornada-pogodila-siciliju-ozlijedjeno-vise-desetaka-ljudi---1006872.html","source":"dnevnik.hr","date":"2026-10-10T14:45:00Z","kind":"TORNADO","severe":false,"state":"Italia","precision":"país","pais_iso3":"ITA","via":"GDELT GKG (nota traducida al inglés por GDELT); lugar mencionado en el texto"}},{"type":"Feature","geometry":{"type":"Point","coordinates":[12.17,43.53]},"properties":{"title":"Italien: Tornados verwüsten Urlaubsorte – Wetter-Warnungen halten an","url":"https://www.t-online.de/nachrichten/panorama/naturgewalten/id_101475258/italien-tornados-verwuesten-urlaubsorte-wetter-warnungen-halten-an.html","source":"t-online.de","date":"2026-10-10T14:30:00Z","kind":"TORNADO","severe":false,"state":"Italia","precision":"país","pais_iso3":"ITA","via":"GDELT GKG (nota traducida al inglés por GDELT); lugar mencionado en el texto"}},{"type":"Feature","geometry":{"type":"Point","coordinates":[15.183,40.25]},"properties":{"title":"Tornado a Marsala e nel Salento, non chiamateli Medicane","url":"https://www.meteogiornale.it/2026/10/wiki-meteo/tornado-a-marsala-e-nel-salento-non-chiamateli-medicane/","source":"meteogiornale.it","date":"2026-10-10T14:15:00Z","kind":"TORNADO","severe":false,"state":"Salento, Campania, Italy","precision":"ciudad","pais_iso3":"","via":"GDELT GKG (nota traducida al inglés por GDELT); lugar mencionado en el texto"}},{"type":"Feature","geometry":{"type":"Point","coordinates":[14.25,37.75]},"properties":{"title":"Două tornade au lovit Sicilia: mașini răsturnate și zeci de răniți. Peste 270 de elevi au fost evacuați dintr-o școală","url":"https://www.digi24.ro/stiri/externe/ue/doua-tornade-au-lovit-sicilia-masini-rasturnate-si-zeci-de-raniti-peste-270-de-elevi-au-fost-evacuati-dintr-o-scoala-3986537","source":"digi24.ro","date":"2026-10-10T13:45:00Z","kind":"TORNADO","severe":true,"state":"Sicily, Sicilia, Italy","precision":"estado","pais_iso3":"","via":"GDELT GKG (nota traducida al inglés por GDELT); lugar mencionado en el texto"}},{"type":"Feature","geometry":{"type":"Point","coordinates":[12.17,43.53]},"properties":{"title":"Schwere Unwetter in Italien: Tornado verwüstet Ort - Erdrutsche blockieren Straßen","url":"https://www.tips.at/nachrichten/oesterreich/oesterreich-welt/738020-schwere-unwetter-in-italien-tornado-verwuestet-ort-erdrutsche-blockieren-strassen","source":"tips.at","date":"2026-10-10T13:15:00Z","kind":"TORNADO","severe":false,"state":"Italia","precision":"país","pais_iso3":"ITA","via":"GDELT GKG (nota traducida al inglés por GDELT); lugar mencionado en el texto"}},{"type":"Feature","geometry":{"type":"Point","coordinates":[-81.623,28.157]},"properties":{"title":"El huracán Isaías golpea Florida y Alabama: Trump declaró la emergencia federal - Tras impactar en tierra firme y bajar a categoría 1, el fenómeno meteorológico dejó a más de 745.000 hogares a oscuras entre ambos estados","url":"https://www.elliberal.com.ar/nota/94379/2026/10/el-huracan-isaias-golpea-florida-y-alabama--trump-declaro-la-emergencia-federal","source":"elliberal.com.ar","date":"2026-10-10T12:30:00Z","kind":"TORNADO","severe":false,"state":"Florida","precision":"estado","pais_iso3":"USA","via":"GDELT GKG (nota traducida al inglés por GDELT); lugar mencionado en el texto"}},{"type":"Feature","geometry":{"type":"Point","coordinates":[-83.649,32.987]},"properties":{"title":"Georgia power outage: Georgia power outage: Nearly 100,000 customers lose power as Hurricane Isaias sweeps across the state, bringing damaging winds and tornado threats","url":"https://economictimes.indiatimes.com/news/international/world-news/georgia-power-outage-nearly-100000-customers-lose-power-as-hurricane-isaias-sweeps-across-the-state-bringing-damaging-winds-and-tornado-threats/articleshow/134853813.cms","source":"indiatimes.com","date":"2026-10-10T12:30:00Z","kind":"TORNADO","severe":false,"state":"Georgia, United States","precision":"estado","pais_iso3":"","via":"GDELT GKG (nota en inglés); lugar mencionado en el texto"}},{"type":"Feature","geometry":{"type":"Point","coordinates":[14.217,37.523]},"properties":{"title":"Un potente tornado arrasa Sicilia: cómo se formó y por qué es tan difícil predecirlo","url":"https://www.lavozdegalicia.es/noticia/sociedad/2026/10/10/tornado-sicilia-gran-misterio-desafia-meteorologos/00031791626797097452836.htm","source":"lavozdegalicia.es","date":"2026-10-10T12:15:00Z","kind":"TORNADO","severe":false,"state":"Sicily","precision":"estado","pais_iso3":"ITA","via":"GDELT GKG (nota traducida al inglés por GDELT); lugar mencionado en el texto"}},{"type":"Feature","geometry":{"type":"Point","coordinates":[12.439,37.805]},"properties":{"title":"Trombe d'aria a Marsala e Petrosino Schifani | Le somme per il ripristino non mancheranno","url":"https://www.zazoom.it/2026-10-10/trombe-daria-a-marsala-e-petrosino-schifani-le-somme-per-il-ripristino-non-mancheranno/19782587/","source":"zazoom.it","date":"2026-10-10T12:15:00Z","kind":"TORNADO","severe":false,"state":"Marsala","precision":"ciudad","pais_iso3":"ITA","via":"GDELT GKG (nota traducida al inglés por GDELT); lugar mencionado en el texto"}},{"type":"Feature","geometry":{"type":"Point","coordinates":[14.217,37.523]},"properties":{"title":"Dozens injured and buildings damaged as tornadoes hit Sicily","url":"https://www.theguardian.com/world/2026/oct/10/tornado-hit-marsala-sicily-injuries-damage","source":"theguardian.com","date":"2026-10-10T11:15:00Z","kind":"TORNADO","severe":true,"state":"Sicily","precision":"estado","pais_iso3":"ITA","via":"GDELT GKG (nota en inglés); lugar mencionado en el texto"}},{"type":"Feature","geometry":{"type":"Point","coordinates":[14.857,47.39]},"properties":{"title":"Tornadă în Sicilia: O școală distrusă, case avariate și oameni răniți – Știri de ultimă oră din Moldova – Ultimele știri Timpul.md","url":"https://timpul.md/articol/tornada-in-sicilia-o-scoala-distrusa-case-avariate-si-oameni-raniti.html","source":"timpul.md","date":"2026-10-10T11:00:00Z","kind":"TORNADO","severe":false,"state":"Steiermark","precision":"estado","pais_iso3":"AUT","via":"GDELT GKG (nota traducida al inglés por GDELT); lugar mencionado en el texto"}},{"type":"Feature","geometry":{"type":"Point","coordinates":[12.704,37.852]},"properties":{"title":"Trapani: violenta tromba d'aria con ingenti danni alle auto e alle abitazioni","url":"https://www.dialessandria.it/attualita/violenta-tromba-daria-nel-trapanese-ingenti-danni-alle-auto-e-alle-abitazioni/304842.html","source":"dialessandria.it","date":"2026-10-10T10:45:00Z","kind":"TORNADO","severe":true,"state":"Trapani","precision":"estado","pais_iso3":"ITA","via":"GDELT GKG (nota traducida al inglés por GDELT); lugar mencionado en el texto"}},{"type":"Feature","geometry":{"type":"Point","coordinates":[11.95,36.833]},"properties":{"title":"L'altra tromba d'aria. Quando a Pantelleria ci furono due morti","url":"https://www.tp24.it/2026/10/10/cronaca/l-altra-tromba-d-aria-quando-a-pantelleria-ci-furono-due-morti/240528","source":"tp24.it","date":"2026-10-10T10:30:00Z","kind":"TORNADO","severe":true,"state":"Pantelleria, Italy (General), Italy","precision":"ciudad","pais_iso3":"","via":"GDELT GKG (nota traducida al inglés por GDELT); lugar mencionado en el texto"}},{"type":"Feature","geometry":{"type":"Point","coordinates":[12.439,37.805]},"properties":{"title":"Tromba d'aria a Marsala, la sindaca chiederà lo stato di emergenza","url":"https://livesicilia.it/tromba-daria-a-marsala-la-sindaca-chiede-lo-stato-di-emergenza/","source":"livesicilia.it","date":"2026-10-10T10:15:00Z","kind":"TORNADO","severe":false,"state":"Marsala","precision":"ciudad","pais_iso3":"ITA","via":"GDELT GKG (nota traducida al inglés por GDELT); lugar mencionado en el texto"}},{"type":"Feature","geometry":{"type":"Point","coordinates":[12.439,37.805]},"properties":{"title":"Cosa resta di Marsala dopo il tornado Undici famiglie sfollate Il comune | Mai attivata una raccolta fondi occhio alle truffe","url":"https://www.zazoom.it/2026-10-10/cosa-resta-di-marsala-dopo-il-tornado-undici-famiglie-sfollate-il-comune-mai-attivata-una-raccolta-fondi-occhio-alle-truffe/19781965/","source":"zazoom.it","date":"2026-10-10T09:30:00Z","kind":"TORNADO","severe":false,"state":"Marsala","precision":"ciudad","pais_iso3":"ITA","via":"GDELT GKG (nota traducida al inglés por GDELT); lugar mencionado en el texto"}},{"type":"Feature","geometry":{"type":"Point","coordinates":[12.439,37.805]},"properties":{"title":"Tromba d'aria a Marsala, Valditara telefona alla sindaca: \"Soluzioni per le scuole danneggiate\". Oggi il sopralluogo di Schifani","url":"https://www.tecnicadellascuola.it/tromba-daria-a-marsala-valditara-telefona-alla-sindaca-soluzioni-per-le-scuole-danneggiate-oggi-il-sopralluogo-di-schifani","source":"tecnicadellascuola.it","date":"2026-10-10T08:45:00Z","kind":"TORNADO","severe":false,"state":"Marsala","precision":"ciudad","pais_iso3":"ITA","via":"GDELT GKG (nota traducida al inglés por GDELT); lugar mencionado en el texto"}},{"type":"Feature","geometry":{"type":"Point","coordinates":[12.439,37.805]},"properties":{"title":"Tromba d'aria a Marsala la vicinanza di Valditara alla sindaca","url":"https://www.zazoom.it/2026-10-10/tromba-daria-a-marsala-la-vicinanza-di-valditara-alla-sindaca-potete-contare-su-di-me/19781736/","source":"zazoom.it","date":"2026-10-10T08:30:00Z","kind":"TORNADO","severe":false,"state":"Marsala","precision":"ciudad","pais_iso3":"ITA","via":"GDELT GKG (nota traducida al inglés por GDELT); lugar mencionado en el texto"}},{"type":"Feature","geometry":{"type":"Point","coordinates":[14.423,40.877]},"properties":{"title":"Unwetter in Italien: Tornados auf Sizilien, Erdrutsche in Kampanien","url":"http://www.kreisbote.de/welt/tornado-in-marsala-schwere-schaeden-amp-verletzte-auf-sizilien-zr-94534343.html","source":"kreisbote.de","date":"2026-10-10T07:30:00Z","kind":"TORNADO","severe":false,"state":"Napoli","precision":"estado","pais_iso3":"ITA","via":"GDELT GKG (nota traducida al inglés por GDELT); lugar mencionado en el texto"}},{"type":"Feature","geometry":{"type":"Point","coordinates":[12.439,37.805]},"properties":{"title":"Tromba d'aria a Marsala e Petrosino, la politica chiede emergenza, fondi e un piano per il clima","url":"https://www.tp24.it/2026/10/10/cronaca/tromba-d-aria-a-marsala-e-petrosino-la-politica-chiede-emergenza-fondi-e-un-piano-per-il-clima/240529","source":"tp24.it","date":"2026-10-10T06:15:00Z","kind":"TORNADO","severe":false,"state":"Marsala","precision":"ciudad","pais_iso3":"ITA","via":"GDELT GKG (nota traducida al inglés por GDELT); lugar mencionado en el texto"}},{"type":"Feature","geometry":{"type":"Point","coordinates":[31.735,1.665]},"properties":{"title":"Scene de coșmar în Sicilia, după ce două tornade au măturat zona. Mașini răsturnate, clădiri avariate și copii răniți. „E ca în vreme de război\"","url":"https://stirileprotv.ro/stiri/international/scene-de-cosmar-in-sicilia-dupa-ce-doua-tornade-au-maturat-zona-masini-rasturnate-cladiri-avariate-si-copii-raniti.html","source":"stirileprotv.ro","date":"2026-10-10T05:45:00Z","kind":"TORNADO","severe":false,"state":"Masindi","precision":"estado","pais_iso3":"UGA","via":"GDELT GKG (nota traducida al inglés por GDELT); lugar mencionado en el texto"}},{"type":"Feature","geometry":{"type":"Point","coordinates":[12.439,37.805]},"properties":{"title":"Marsala la scuola travolta dal tornado e la domanda che l'Italia non può più rinviare | siamo davvero pronti a proteggere i nostri alunni?","url":"https://www.zazoom.it/2026-10-10/marsala-la-scuola-travolta-dal-tornado-e-la-domanda-che-litalia-non-puo-piu-rinviare-siamo-davvero-pronti-a-proteggere-i-nostri-alunni/19780914/","source":"zazoom.it","date":"2026-10-10T05:00:00Z","kind":"TORNADO","severe":false,"state":"Marsala","precision":"ciudad","pais_iso3":"ITA","via":"GDELT GKG (nota traducida al inglés por GDELT); lugar mencionado en el texto"}},{"type":"Feature","geometry":{"type":"Point","coordinates":[12.439,37.805]},"properties":{"title":"Doppia tromba d'aria. Distrutta scuola a Marsala. La sindaca: scene di guerra","url":"https://www.quotidiano.net/cronaca/doppia-tromba-daria-distrutta-scuola-709dfb43","source":"quotidiano.net","date":"2026-10-10T04:45:00Z","kind":"TORNADO","severe":false,"state":"Marsala","precision":"ciudad","pais_iso3":"ITA","via":"GDELT GKG (nota traducida al inglés por GDELT); lugar mencionado en el texto"}},{"type":"Feature","geometry":{"type":"Point","coordinates":[12.439,37.805]},"properties":{"title":"Marsala di notte dopo la furia del tornado | Quello che ho visto non si può descrivere","url":"https://www.zazoom.it/2026-10-10/marsala-di-notte-dopo-la-furia-del-tornado-quello-che-ho-visto-non-si-puo-descrivere/19780841/","source":"zazoom.it","date":"2026-10-10T04:45:00Z","kind":"TORNADO","severe":false,"state":"Marsala","precision":"ciudad","pais_iso3":"ITA","via":"GDELT GKG (nota traducida al inglés por GDELT); lugar mencionado en el texto"}},{"type":"Feature","geometry":{"type":"Point","coordinates":[7.613,46.202]},"properties":{"title":"Rally for the Valley donations helping Fox Cities tornado victims","url":"https://www.fox969.com/2026/10/09/rally-for-the-valley-donations-helping-fox-cities-tornado-victims/","source":"fox969.com","date":"2026-10-10T04:30:00Z","kind":"TORNADO","severe":false,"state":"Valais","precision":"estado","pais_iso3":"CHE","via":"GDELT GKG (nota en inglés); lugar mencionado en el texto"}},{"type":"Feature","geometry":{"type":"Point","coordinates":[12.439,37.805]},"properties":{"title":"Doppia tromba d'aria Distrutta scuola a Marsala La sindaca","url":"https://www.zazoom.it/2026-10-10/doppia-tromba-daria-distrutta-scuola-a-marsala-la-sindaca-scene-di-guerra/19780704/","source":"zazoom.it","date":"2026-10-10T04:15:00Z","kind":"TORNADO","severe":false,"state":"Marsala","precision":"ciudad","pais_iso3":"ITA","via":"GDELT GKG (nota traducida al inglés por GDELT); lugar mencionado en el texto"}},{"type":"Feature","geometry":{"type":"Point","coordinates":[12.17,43.53]},"properties":{"title":"World News: Tornado hits Italian cities","url":"https://www.gdnonline.com:443/Details/1409204","source":"gdnonline.com","date":"2026-10-10T03:00:00Z","kind":"TORNADO","severe":false,"state":"Italia","precision":"país","pais_iso3":"ITA","via":"GDELT GKG (nota en inglés); lugar mencionado en el texto"}},{"type":"Feature","geometry":{"type":"Point","coordinates":[12.17,43.53]},"properties":{"title":"Dos tornados golpean Italia: dejan heridos y arrastran vehículos en medio de la devastación","url":"https://juarezhoy.com.mx/dos-tornados-golpean-italia-dejan-heridos-y-arrastran-vehiculos-en-medio-de-la-devastacion/","source":"juarezhoy.com.mx","date":"2026-10-10T02:45:00Z","kind":"TORNADO","severe":true,"state":"Italia","precision":"país","pais_iso3":"ITA","via":"GDELT GKG (nota traducida al inglés por GDELT); lugar mencionado en el texto"}},{"type":"Feature","geometry":{"type":"Point","coordinates":[39.582,-2.515]},"properties":{"title":"TEMPORAL DEVASTADOR: UN VIOLENTO TORNADO CAUSÓ DESTROZOS Y HERIDOS EN LA COSTA DE ITALIA","url":"https://www.minutouno.com/mundo/temporal-devastador-un-violento-tornado-causo-destrozos-y-heridos-la-costa-italia-n6332255","source":"minutouno.com","date":"2026-10-10T01:30:00Z","kind":"TORNADO","severe":true,"state":"Coast","precision":"estado","pais_iso3":"KEN","via":"GDELT GKG (nota traducida al inglés por GDELT); lugar mencionado en el texto"}},{"type":"Feature","geometry":{"type":"Point","coordinates":[12.704,37.852]},"properties":{"title":"Violenta tromba d'aria nel Trapanese, danni e feriti","url":"https://bsnews.it/2026/10/09/violenta-tromba-daria-nel-trapanese-danni-e-feriti/","source":"bsnews.it","date":"2026-10-10T01:00:00Z","kind":"TORNADO","severe":true,"state":"Trapani","precision":"estado","pais_iso3":"ITA","via":"GDELT GKG (nota traducida al inglés por GDELT); lugar mencionado en el texto"}},{"type":"Feature","geometry":{"type":"Point","coordinates":[14.25,37.75]},"properties":{"title":"Rare and destructive tornado strikes Italian towns in Sicily","url":"https://www.theweathernetwork.com/en/news/weather/severe/rare-and-destructive-tornado-strikes-italian-towns-in-sicily","source":"theweathernetwork.com","date":"2026-10-10T00:15:00Z","kind":"TORNADO","severe":false,"state":"Sicily, Sicilia, Italy","precision":"estado","pais_iso3":"","via":"GDELT GKG (nota en inglés); lugar mencionado en el texto"}},{"type":"Feature","geometry":{"type":"Point","coordinates":[14.217,37.523]},"properties":{"title":"Nezapamćen tornado na Siciliji","url":"https://vijesti.hrt.hr/eu/nezapamcen-tornado-na-siciliji-12949128","source":"vijesti.hrt.hr","date":"2026-10-09T23:45:00Z","kind":"TORNADO","severe":false,"state":"Sicily","precision":"estado","pais_iso3":"ITA","via":"GDELT GKG (nota en inglés); lugar mencionado en el texto"}},{"type":"Feature","geometry":{"type":"Point","coordinates":[12.439,37.805]},"properties":{"title":"Marsala colpita da una doppia tromba marina: danneggiata una scuola","url":"https://www.interris.it/meteo-e-viaggi/marsala-colpita-da-una-doppia-tromba-marina-danneggiata-una-scuola/","source":"interris.it","date":"2026-10-09T22:45:00Z","kind":"TROMBA MARINA","severe":false,"state":"Marsala","precision":"ciudad","pais_iso3":"ITA","via":"GDELT GKG (nota traducida al inglés por GDELT); lugar mencionado en el texto"}},{"type":"Feature","geometry":{"type":"Point","coordinates":[12.704,37.852]},"properties":{"title":"Violenta tromba d'aria nel Trapanese, ingenti danni alle auto e alle abitazioni","url":"https://www.tempostretto.it/le_news_di_italpress/violenta-tromba-daria-nel-trapanese-ingenti-danni-alle-auto-e-alle-abitazioni","source":"tempostretto.it","date":"2026-10-09T22:45:00Z","kind":"TORNADO","severe":true,"state":"Trapani","precision":"estado","pais_iso3":"ITA","via":"GDELT GKG (nota traducida al inglés por GDELT); lugar mencionado en el texto"}},{"type":"Feature","geometry":{"type":"Point","coordinates":[-86.719,12.417]},"properties":{"title":"Leon County on standby as Isaias nears with flooding, tornado risks","url":"https://www.wtxl.com/northeast-tallahassee/leon-county-emergency-management-on-standby-as-isaias-approaches-big-bend-with-flooding-tornado-risk","source":"wtxl.com","date":"2026-10-09T22:30:00Z","kind":"TORNADO","severe":false,"state":"León","precision":"estado","pais_iso3":"NIC","via":"GDELT GKG (nota en inglés); lugar mencionado en el texto"}},{"type":"Feature","geometry":{"type":"Point","coordinates":[14.25,37.75]},"properties":{"title":"Sicily tornado overturns vehicles and seriously damages school in Marsala","url":"https://www.foxnews.com/travel/cars-flipped-school-devastated-violent-twister-rips-through-popular-city","source":"foxnews.com","date":"2026-10-09T22:30:00Z","kind":"TORNADO","severe":true,"state":"Sicily, Sicilia, Italy","precision":"estado","pais_iso3":"","via":"GDELT GKG (nota en inglés); lugar mencionado en el texto"}},{"type":"Feature","geometry":{"type":"Point","coordinates":[12.439,37.805]},"properties":{"title":"La tromba d'aria a Marsala, l'Asp: \"Due bimbi ancora in osservazione\"","url":"https://qds.it/tromba-aria-marsala-asp-due-bimbi-osservazione/","source":"qds.it","date":"2026-10-09T22:15:00Z","kind":"TORNADO","severe":false,"state":"Marsala","precision":"ciudad","pais_iso3":"ITA","via":"GDELT GKG (nota traducida al inglés por GDELT); lugar mencionado en el texto"}},{"type":"Feature","geometry":{"type":"Point","coordinates":[14.25,37.75]},"properties":{"title":"Tornado azotó Sicilia","url":"https://www.aimdigital.com.ar/internacionales/tornado-azot-sicilia.htm","source":"aimdigital.com.ar","date":"2026-10-09T22:00:00Z","kind":"TORNADO","severe":false,"state":"Sicily, Sicilia, Italy","precision":"estado","pais_iso3":"","via":"GDELT GKG (nota traducida al inglés por GDELT); lugar mencionado en el texto"}},{"type":"Feature","geometry":{"type":"Point","coordinates":[134.35,-25.57]},"properties":{"title":"Rare tornado whips through small Australian town","url":"https://www.sott.net/article/508809-Rare-tornado-whips-through-small-Australian-town","source":"sott.net","date":"2026-10-09T21:45:00Z","kind":"TORNADO","severe":false,"state":"Australia","precision":"país","pais_iso3":"AUS","via":"GDELT GKG (nota en inglés); lugar mencionado en el texto"}},{"type":"Feature","geometry":{"type":"Point","coordinates":[13.217,6.805]},"properties":{"title":"Tromba d'aria a Marsala, figli a scuola e auto del maggiore ribaltata: il racconto di Marta Adamo che ha ascoltato la paura dei bambini","url":"https://www.corriereadriatico.it:443/attualita/tromba_aria_marsala_scuola_racconto_marta_adamo-9814948.html","source":"corriereadriatico.it","date":"2026-10-09T21:15:00Z","kind":"TORNADO","severe":false,"state":"Adamaoua","precision":"estado","pais_iso3":"CMR","via":"GDELT GKG (nota traducida al inglés por GDELT); lugar mencionado en el texto"}},{"type":"Feature","geometry":{"type":"Point","coordinates":[14.217,37.523]},"properties":{"title":"Cez Sicíliu sa prehnalo tornádo. Zranilo dvoch ľudí","url":"https://www.aktuality.sk/clanok/rKRfLY8/cez-siciliu-sa-prehnalo-tornado-zranilo-dvoch-ludi/","source":"aktuality.sk","date":"2026-10-09T21:00:00Z","kind":"TORNADO","severe":false,"state":"Sicily","precision":"estado","pais_iso3":"ITA","via":"GDELT GKG (nota traducida al inglés por GDELT); lugar mencionado en el texto"}},{"type":"Feature","geometry":{"type":"Point","coordinates":[-74.938,42.15]},"properties":{"title":"Another Tornado Confirmed in New York's Adirondacks","url":"https://hudsonvalleycountry.com/ixp/39/p/tornado-25-adirondacks-ny/","source":"hudsonvalleycountry.com","date":"2026-10-09T20:45:00Z","kind":"TORNADO","severe":false,"state":"New York, United States","precision":"estado","pais_iso3":"","via":"GDELT GKG (nota en inglés); lugar mencionado en el texto"}},{"type":"Feature","geometry":{"type":"Point","coordinates":[12.439,37.805]},"properties":{"title":"Tromba d'aria. Domani Schifani a Marsala","url":"https://www.tp24.it/2026/10/09/cronaca/tromba-d-aria-domani-schifani-a-marsala/240524","source":"tp24.it","date":"2026-10-09T20:30:00Z","kind":"TORNADO","severe":false,"state":"Marsala","precision":"ciudad","pais_iso3":"ITA","via":"GDELT GKG (nota traducida al inglés por GDELT); lugar mencionado en el texto"}},{"type":"Feature","geometry":{"type":"Point","coordinates":[12.439,37.805]},"properties":{"title":"Tromba d'aria a Marsala, anche i volontari AVO al pronto soccorso: «Ci siamo stati da subito»","url":"https://www.tp24.it/2026/10/09/cittadinanza/tromba-d-aria-a-marsala-anche-i-volontari-avo-al-pronto-soccorso-ci-siamo-stati-da-subito/240527","source":"tp24.it","date":"2026-10-09T20:30:00Z","kind":"TORNADO","severe":false,"state":"Marsala","precision":"ciudad","pais_iso3":"ITA","via":"GDELT GKG (nota traducida al inglés por GDELT); lugar mencionado en el texto"}},{"type":"Feature","geometry":{"type":"Point","coordinates":[12.439,37.805]},"properties":{"title":"Tromba d'aria a Marsala, due bimbi ancora ricoverati, otto dimessi","url":"https://www.tp24.it/2026/10/09/cronaca/tromba-d-aria-a-marsala-due-bimbi-ancora-ricoverati-otto-dimessi/240521","source":"tp24.it","date":"2026-10-09T20:30:00Z","kind":"TORNADO","severe":false,"state":"Marsala","precision":"ciudad","pais_iso3":"ITA","via":"GDELT GKG (nota traducida al inglés por GDELT); lugar mencionado en el texto"}},{"type":"Feature","geometry":{"type":"Point","coordinates":[14.217,37.523]},"properties":{"title":"Tornade dévastatrice en Sicile","url":"https://www.franceinfo.fr/environnement/evenements-meteorologiques-extremes/tornades/tornade-devastatrice-en-sicile_8230714.html","source":"franceinfo.fr","date":"2026-10-09T20:30:00Z","kind":"TORNADO","severe":false,"state":"Sicily","precision":"estado","pais_iso3":"ITA","via":"GDELT GKG (nota traducida al inglés por GDELT); lugar mencionado en el texto"}},{"type":"Feature","geometry":{"type":"Point","coordinates":[14.217,37.523]},"properties":{"title":"Tornadă masivă în Sicilia. „Nu s-a mai văzut ceva atât de violent în istoria recentă\"","url":"https://hotnews.ro/tornada-in-sicilia-nu-s-a-mai-vazut-ceva-atat-de-violent-in-istoria-recenta-2372005","source":"hotnews.ro","date":"2026-10-09T20:00:00Z","kind":"TORNADO","severe":false,"state":"Sicily","precision":"estado","pais_iso3":"ITA","via":"GDELT GKG (nota traducida al inglés por GDELT); lugar mencionado en el texto"}},{"type":"Feature","geometry":{"type":"Point","coordinates":[14.217,37.523]},"properties":{"title":"Tornado rips through Sicilian town and city","url":"https://www.bbc.co.uk/news/videos/cm4g1wwl0lxko","source":"bbc.co.uk","date":"2026-10-09T20:00:00Z","kind":"TORNADO","severe":false,"state":"Sicily","precision":"estado","pais_iso3":"ITA","via":"GDELT GKG (nota en inglés); lugar mencionado en el texto"}},{"type":"Feature","geometry":{"type":"Point","coordinates":[14.217,37.523]},"properties":{"title":"\"C'est un désastre qui est arrivé\" : une tornade fait de lourds dégâts en Sicile","url":"https://www.franceinfo.fr/replay-jt/france-2/20-heures/c-est-un-desastre-qui-est-arrive-une-tornade-fait-de-lourds-degats-en-sicile_8230678.html","source":"franceinfo.fr","date":"2026-10-09T19:45:00Z","kind":"TORNADO","severe":false,"state":"Sicily","precision":"estado","pais_iso3":"ITA","via":"GDELT GKG (nota traducida al inglés por GDELT); lugar mencionado en el texto"}},{"type":"Feature","geometry":{"type":"Point","coordinates":[12.704,37.852]},"properties":{"title":"Tornado nel Trapanese, l'esperto: «Probabilmente di livello F2. Il maltempo continuerà, questo è stato l'antipasto»","url":"https://www.lasicilia.it/news/cronaca/3080213/tornado-nel-trapanese-l-esperto-probabilmente-di-livello-f2-il-maltempo-continuera-questo-e-stato-l-antipasto.html","source":"lasicilia.it","date":"2026-10-09T19:30:00Z","kind":"TORNADO","severe":true,"state":"Trapani","precision":"estado","pais_iso3":"ITA","via":"GDELT GKG (nota traducida al inglés por GDELT); lugar mencionado en el texto"}},{"type":"Feature","geometry":{"type":"Point","coordinates":[14.217,37.523]},"properties":{"title":"Západem Sicílie se prohnalo masivní tornádo. Ničilo domy, převracelo auta","url":"https://www.denik.cz/evropa/zapad-sicilie-zasahlo-masivni-tornado-nicilo-domy-prevracelo-auta/","source":"denik.cz","date":"2026-10-09T19:30:00Z","kind":"TORNADO","severe":false,"state":"Sicily","precision":"estado","pais_iso3":"ITA","via":"GDELT GKG (nota traducida al inglés por GDELT); lugar mencionado en el texto"}},{"type":"Feature","geometry":{"type":"Point","coordinates":[12.439,37.805]},"properties":{"title":"Tromba d'aria su Marsala: feriti e danni - Casteddu On line","url":"https://www.castedduonline.it/tromba-daria-su-marsala-feriti-e-danni/","source":"castedduonline.it","date":"2026-10-09T19:15:00Z","kind":"TORNADO","severe":true,"state":"Marsala","precision":"ciudad","pais_iso3":"ITA","via":"GDELT GKG (nota traducida al inglés por GDELT); lugar mencionado en el texto"}},{"type":"Feature","geometry":{"type":"Point","coordinates":[12.439,37.805]},"properties":{"title":"La doppia tromba d'aria su Marsala, il sindaco Andreana Patti: «Scenario di guerra»","url":"https://trapani.gds.it/articoli/cronaca/2026/10/09/la-doppia-tromba-daria-su-marsala-il-sindaco-andreana-patti-scenario-di-guerra-072fb6c0-54d3-4b6d-b125-dfdfcb4ec009/","source":"trapani.gds.it","date":"2026-10-09T19:15:00Z","kind":"TORNADO","severe":false,"state":"Marsala","precision":"ciudad","pais_iso3":"ITA","via":"GDELT GKG (nota traducida al inglés por GDELT); lugar mencionado en el texto"}},{"type":"Feature","geometry":{"type":"Point","coordinates":[12.439,37.805]},"properties":{"title":"MARSALA E PETROSINO: VIOLENTA TROMBA D'ARIA SI ABBATTE NELLA MATTINATA SUL TERRITORIO","url":"https://ilgiornaledellazio.it/marsala-e-petrosino-violenta-tromba-daria-si-abbatte-nella-mattinata-sul-territorio/","source":"ilgiornaledellazio.it","date":"2026-10-09T19:15:00Z","kind":"TORNADO","severe":false,"state":"Marsala","precision":"ciudad","pais_iso3":"ITA","via":"GDELT GKG (nota traducida al inglés por GDELT); lugar mencionado en el texto"}},{"type":"Feature","geometry":{"type":"Point","coordinates":[12.704,37.852]},"properties":{"title":"Violenta tromba d'aria nel Trapanese, danni e feriti Qui News toscanamedia","url":"https://www.toscanamedianews.it/italpress/violenta-tromba-daria-nel-trapanese-danni-e-feriti","source":"toscanamedianews.it","date":"2026-10-09T19:15:00Z","kind":"TORNADO","severe":true,"state":"Trapani","precision":"estado","pais_iso3":"ITA","via":"GDELT GKG (nota traducida al inglés por GDELT); lugar mencionado en el texto"}},{"type":"Feature","geometry":{"type":"Point","coordinates":[14.25,37.75]},"properties":{"title":"Sicilia, lovită de două trombe marine: Mai multe persoane au fost rănite, iar pagubele sunt semnificative","url":"https://www.stiripesurse.ro/sicilia-lovita-de-doua-trombe-marine-mai-multe-persoane-au-fost-ranite-iar-pagubele-sunt-semnificative_3927204","source":"stiripesurse.ro","date":"2026-10-09T19:15:00Z","kind":"TROMBA MARINA","severe":false,"state":"Sicily, Sicilia, Italy","precision":"estado","pais_iso3":"","via":"GDELT GKG (nota traducida al inglés por GDELT); lugar mencionado en el texto"}},{"type":"Feature","geometry":{"type":"Point","coordinates":[12.439,37.805]},"properties":{"title":"Doppia tromba marina nel Trapanese | distrutta una scuola a Marsala | Undici feriti tra cui sei bambini","url":"https://www.zazoom.it/2026-10-09/doppia-tromba-marina-nel-trapanese-distrutta-una-scuola-a-marsala-undici-feriti-tra-cui-sei-bambini-gravi-i-passeggeri-di-unauto/19779995/","source":"zazoom.it","date":"2026-10-09T19:00:00Z","kind":"TROMBA MARINA","severe":true,"state":"Marsala","precision":"ciudad","pais_iso3":"ITA","via":"GDELT GKG (nota traducida al inglés por GDELT); lugar mencionado en el texto"}},{"type":"Feature","geometry":{"type":"Point","coordinates":[14.25,37.75]},"properties":{"title":"Tornado su Marsala in Sicilia Devastata una scuola Ferite 11 persone","url":"https://www.zazoom.it/2026-10-09/tornado-su-marsala-in-sicilia-devastata-una-scuola-ferite-11-persone/19779974/","source":"zazoom.it","date":"2026-10-09T19:00:00Z","kind":"TORNADO","severe":true,"state":"Sicily, Sicilia, Italy","precision":"estado","pais_iso3":"","via":"GDELT GKG (nota traducida al inglés por GDELT); lugar mencionado en el texto"}},{"type":"Feature","geometry":{"type":"Point","coordinates":[12.704,37.852]},"properties":{"title":"Maltempo, domani sopralluogo di Schifani e Turano nei luoghi del Trapanese colpiti dal tornado","url":"https://trapanioggi.it/maltempo-domani-sopralluogo-di-schifani-e-turano-nei-luoghi-del-trapanese-colpiti-dal-tornado/","source":"trapanioggi.it","date":"2026-10-09T18:45:00Z","kind":"TORNADO","severe":false,"state":"Trapani","precision":"estado","pais_iso3":"ITA","via":"GDELT GKG (nota traducida al inglés por GDELT); lugar mencionado en el texto"}},{"type":"Feature","geometry":{"type":"Point","coordinates":[14.217,37.523]},"properties":{"title":"Prevrátené autá aj zničené domy. Cez Sicíliu sa prehnalo tornádo, úrady hlásia dvoch vážne zranených","url":"https://hnonline.sk/svet/96307078-prevratene-auta-aj-znicene-domy-cez-siciliu-sa-prehnalo-tornado-urady-hlasia-dvoch-vazne-zranenych","source":"hnonline.sk","date":"2026-10-09T18:45:00Z","kind":"TORNADO","severe":false,"state":"Sicily","precision":"estado","pais_iso3":"ITA","via":"GDELT GKG (nota traducida al inglés por GDELT); lugar mencionado en el texto"}},{"type":"Feature","geometry":{"type":"Point","coordinates":[14.25,37.75]},"properties":{"title":"Tornado azota Sicilia, Italia: deja heridos, vehículos volcados y graves daños","url":"https://www.eluniversal.com.co/mundo/2026/10/09/tornado-azota-sicilia-italia-deja-heridos-vehiculos-volcados-y-graves-danos/","source":"eluniversal.com.co","date":"2026-10-09T18:30:00Z","kind":"TORNADO","severe":true,"state":"Sicily, Sicilia, Italy","precision":"estado","pais_iso3":"","via":"GDELT GKG (nota traducida al inglés por GDELT); lugar mencionado en el texto"}},{"type":"Feature","geometry":{"type":"Point","coordinates":[14.217,37.523]},"properties":{"title":"Un tornado devastó dos ciudades de Sicilia y causó heridas a al menos ocho personas","url":"http://www.continental.com.ar/2026-10-09/un-tornado-devasto-dos-ciudades-de-sicilia-y-causo-heridas-a-al-menos-ocho-personas-152487/","source":"continental.com.ar","date":"2026-10-09T18:30:00Z","kind":"TORNADO","severe":true,"state":"Sicily","precision":"estado","pais_iso3":"ITA","via":"GDELT GKG (nota traducida al inglés por GDELT); lugar mencionado en el texto"}},{"type":"Feature","geometry":{"type":"Point","coordinates":[14.25,37.75]},"properties":{"title":"Pobřežím Sicílie se přehnalo ničivé tornádo","url":"https://www.lidovky.cz/svet/tornado-marsala-sicilie-vir-prirodni-katastrofa-jev-agentura.A261009_193402_ln_zahranici_lsva","source":"lidovky.cz","date":"2026-10-09T18:30:00Z","kind":"TORNADO","severe":false,"state":"Sicily, Sicilia, Italy","precision":"estado","pais_iso3":"","via":"GDELT GKG (nota traducida al inglés por GDELT); lugar mencionado en el texto"}},{"type":"Feature","geometry":{"type":"Point","coordinates":[12.704,37.852]},"properties":{"title":"Violenta tromba d'aria nel Trapanese, ingenti danni alle auto e alle abitazioni Agenzia di stampa Italpress","url":"https://www.italpress.com/violenta-tromba-daria-nel-trapanese-ingenti-danni-alle-auto-e-alle-abitazioni/","source":"italpress.com","date":"2026-10-09T18:15:00Z","kind":"TORNADO","severe":true,"state":"Trapani","precision":"estado","pais_iso3":"ITA","via":"GDELT GKG (nota traducida al inglés por GDELT); lugar mencionado en el texto"}},{"type":"Feature","geometry":{"type":"Point","coordinates":[12.439,37.805]},"properties":{"title":"Tromba d'aria nel Trapanese, le immagini della scuola danneggiata a Marsala","url":"https://www.tempostretto.it/le_news_di_italpress/tromba-daria-nel-trapanese-le-immagini-della-scuola-danneggiata-a-marsala","source":"tempostretto.it","date":"2026-10-09T18:15:00Z","kind":"TORNADO","severe":false,"state":"Marsala","precision":"ciudad","pais_iso3":"ITA","via":"GDELT GKG (nota traducida al inglés por GDELT); lugar mencionado en el texto"}},{"type":"Feature","geometry":{"type":"Point","coordinates":[12.439,37.805]},"properties":{"title":"La supercella tornadica a Marsala, ecco cosa è successo","url":"https://www.tempostretto.it/news/la-supercella-tornadica-a-marsala-ecco-cosa-e-successo.html","source":"tempostretto.it","date":"2026-10-09T18:15:00Z","kind":"TORNADO","severe":false,"state":"Marsala","precision":"ciudad","pais_iso3":"ITA","via":"GDELT GKG (nota traducida al inglés por GDELT); lugar mencionado en el texto"}},{"type":"Feature","geometry":{"type":"Point","coordinates":[14.25,37.75]},"properties":{"title":"Doble tornado azota Sicilia: heridos y daños en Marsala","url":"https://netnoticias.mx/viral/doble-tornado-azota-sicilia-e-imagenes-se-viralizan-hay-heridos-y-danos","source":"netnoticias.mx","date":"2026-10-09T18:15:00Z","kind":"TORNADO","severe":true,"state":"Sicily, Sicilia, Italy","precision":"estado","pais_iso3":"","via":"GDELT GKG (nota traducida al inglés por GDELT); lugar mencionado en el texto"}},{"type":"Feature","geometry":{"type":"Point","coordinates":[12.439,37.805]},"properties":{"title":"Tornado-Chaos in Marsala: Rettungskräfte im Großeinsatz","url":"https://www.merkur.de/welt/tornado-chaos-in-marsala-rettungskraefte-im-grosseinsatz-zr-94534001.html","source":"merkur.de","date":"2026-10-09T18:00:00Z","kind":"TORNADO","severe":false,"state":"Marsala","precision":"ciudad","pais_iso3":"ITA","via":"GDELT GKG (nota traducida al inglés por GDELT); lugar mencionado en el texto"}},{"type":"Feature","geometry":{"type":"Point","coordinates":[14.25,37.75]},"properties":{"title":"Dos violentos tornados arrasan una ciudad de Sicilia y abren un nuevo frente contra Meloni","url":"https://www.lanacion.com.ar/el-mundo/dos-violentos-tornados-arrasan-una-ciudad-de-sicilia-y-abren-un-nuevo-frente-contra-meloni-nid09102026/","source":"lanacion.com.ar","date":"2026-10-09T18:00:00Z","kind":"TORNADO","severe":false,"state":"Sicily, Sicilia, Italy","precision":"estado","pais_iso3":"","via":"GDELT GKG (nota traducida al inglés por GDELT); lugar mencionado en el texto"}},{"type":"Feature","geometry":{"type":"Point","coordinates":[12.439,37.805]},"properties":{"title":"Tromba d'aria a Marsala, feriti 4 bambini e cane salvato dalle macerie: \"Scenario di guerra\"","url":"https://www.lagazzettadelmezzogiorno.it/news/ultima-ora/2163564/tromba-d-aria-a-marsala-feriti-4-bambini-e-cane-salvato-dalle-macerie-scenario-di-guerra.html","source":"lagazzettadelmezzogiorno.it","date":"2026-10-09T18:00:00Z","kind":"TORNADO","severe":true,"state":"Marsala","precision":"ciudad","pais_iso3":"ITA","via":"GDELT GKG (nota traducida al inglés por GDELT); lugar mencionado en el texto"}},{"type":"Feature","geometry":{"type":"Point","coordinates":[14.217,37.523]},"properties":{"title":"Tornádo udrelo na Sicíliu silou, akú tam takmer nepoznajú. Prevracalo autá, ničilo budovy, sú aj zranení","url":"https://www.ta3.com/clanok/1076159/tornado-udrelo-na-siciliu-silou-aku-tam-takmer-nepoznaju-prevracalo-auta-nicilo-budovy-su-zraneni","source":"ta3.com","date":"2026-10-09T17:45:00Z","kind":"TORNADO","severe":false,"state":"Sicily","precision":"estado","pais_iso3":"ITA","via":"GDELT GKG (nota traducida al inglés por GDELT); lugar mencionado en el texto"}},{"type":"Feature","geometry":{"type":"Point","coordinates":[14.25,37.75]},"properties":{"title":"Toitures arrachées, voitures soulevées... Les images spectaculaires de la tornade qui a fait plusieurs blessés en Sicile","url":"https://www.tf1info.fr/meteo/sicile-toitures-arrachees-voitures-soulevees-les-images-spectaculaires-de-la-tornade-qui-a-fait-plusieurs-blesses-2469076.html","source":"tf1info.fr","date":"2026-10-09T17:30:00Z","kind":"TORNADO","severe":false,"state":"Sicily, Sicilia, Italy","precision":"estado","pais_iso3":"","via":"GDELT GKG (nota traducida al inglés por GDELT); lugar mencionado en el texto"}},{"type":"Feature","geometry":{"type":"Point","coordinates":[12.439,37.805]},"properties":{"title":"TORNÁDO ako v Amerike: Marsala po ničivom víchre čelí klimatickej kríze","url":"https://www.topky.sk/cl/11/9514763/TORNADO-ako-v-Amerike--Marsala-po-nicivom-vichre-celi-klimatickej-krize","source":"topky.sk","date":"2026-10-09T17:30:00Z","kind":"TORNADO","severe":false,"state":"Marsala","precision":"ciudad","pais_iso3":"ITA","via":"GDELT GKG (nota traducida al inglés por GDELT); lugar mencionado en el texto"}},{"type":"Feature","geometry":{"type":"Point","coordinates":[14.217,37.523]},"properties":{"title":"Video. Tornadoes sweep across Sicily, leaving flipped cars and damaged buildings","url":"https://www.euronews.com/video/2026/10/09/tornadoes-sweep-across-sicily-leaving-flipped-cars-and-damaged-buildings","source":"euronews.com","date":"2026-10-09T17:15:00Z","kind":"TORNADO","severe":true,"state":"Sicily","precision":"estado","pais_iso3":"ITA","via":"GDELT GKG (nota en inglés); lugar mencionado en el texto"}},{"type":"Feature","geometry":{"type":"Point","coordinates":[12.704,37.852]},"properties":{"title":"Tromba d'aria a Trapani, mosse della Regione e aggiornamenti","url":"https://qds.it/tromba-aria-trapani-maltempo-bilancio-regione-interventi-sopralluoghi/","source":"qds.it","date":"2026-10-09T17:15:00Z","kind":"TORNADO","severe":false,"state":"Trapani","precision":"estado","pais_iso3":"ITA","via":"GDELT GKG (nota traducida al inglés por GDELT); lugar mencionado en el texto"}},{"type":"Feature","geometry":{"type":"Point","coordinates":[12.439,37.805]},"properties":{"title":"Il sopralluogo di Aricò dopo la tromba d'aria di Marsala","url":"https://qds.it/sopralluogo-arico-marsala-tromba-d-aria-maltempo-danni/","source":"qds.it","date":"2026-10-09T17:15:00Z","kind":"TORNADO","severe":false,"state":"Marsala","precision":"ciudad","pais_iso3":"ITA","via":"GDELT GKG (nota traducida al inglés por GDELT); lugar mencionado en el texto"}},{"type":"Feature","geometry":{"type":"Point","coordinates":[14.25,37.75]},"properties":{"title":"TORNÁDO na Sicílii: Zranilo dvoch ľudí","url":"https://www.teraz.sk/zahranicie/tornado-na-sicilii-zranilo-dvoch-lud/998610-clanok.html","source":"teraz.sk","date":"2026-10-09T17:15:00Z","kind":"TORNADO","severe":false,"state":"Sicily, Sicilia, Italy","precision":"estado","pais_iso3":"","via":"GDELT GKG (nota traducida al inglés por GDELT); lugar mencionado en el texto"}},{"type":"Feature","geometry":{"type":"Point","coordinates":[12.17,43.53]},"properties":{"title":"Heftige Unwetter in Italien: „Doppel-Tornado\" und massive Schäden","url":"http://www.kreisbote.de/welt/heftige-unwetter-in-italien-doppel-tornado-und-massive-schaeden-zr-94533965.html","source":"kreisbote.de","date":"2026-10-09T17:15:00Z","kind":"TORNADO","severe":false,"state":"Italia","precision":"país","pais_iso3":"ITA","via":"GDELT GKG (nota traducida al inglés por GDELT); lugar mencionado en el texto"}},{"type":"Feature","geometry":{"type":"Point","coordinates":[12.704,37.852]},"properties":{"title":"Violenta tromba d'aria nel Trapanese, danni e feriti Qui News pisa","url":"https://www.quinewspisa.it/italpress/violenta-tromba-daria-nel-trapanese-danni-e-feriti","source":"quinewspisa.it","date":"2026-10-09T17:00:00Z","kind":"TORNADO","severe":true,"state":"Trapani","precision":"estado","pais_iso3":"ITA","via":"GDELT GKG (nota traducida al inglés por GDELT); lugar mencionado en el texto"}},{"type":"Feature","geometry":{"type":"Point","coordinates":[12.439,37.805]},"properties":{"title":"Il doppio (forse triplo) tornado nato dalle acque calde del Mediterraneo: ecco cosa è successo a Marsala","url":"https://www.ilmessaggero.it:443/italia/tornado_marsala_cosa_e_successo_spiegazione_caldo_meiterraneo-9814660.html","source":"ilmessaggero.it","date":"2026-10-09T17:00:00Z","kind":"TORNADO","severe":false,"state":"Marsala","precision":"ciudad","pais_iso3":"ITA","via":"GDELT GKG (nota traducida al inglés por GDELT); lugar mencionado en el texto"}},{"type":"Feature","geometry":{"type":"Point","coordinates":[12.439,37.805]},"properties":{"title":"Tromba marina Marsala: danni e feriti, auto in un burrone","url":"https://www.quotidianodiragusa.it/2026/10/09/sicilia/tromba-marina-marsala-feriti-petrosino/","source":"quotidianodiragusa.it","date":"2026-10-09T17:00:00Z","kind":"TROMBA MARINA","severe":true,"state":"Marsala","precision":"ciudad","pais_iso3":"ITA","via":"GDELT GKG (nota traducida al inglés por GDELT); lugar mencionado en el texto"}},{"type":"Feature","geometry":{"type":"Point","coordinates":[14.217,37.523]},"properties":{"title":"Une violente tornade ravage la Sicile","url":"https://www.franceinfo.fr/environnement/evenements-meteorologiques-extremes/tornades/une-violente-tornade-ravage-la-sicile_8230255.html","source":"franceinfo.fr","date":"2026-10-09T17:00:00Z","kind":"TORNADO","severe":false,"state":"Sicily","precision":"estado","pais_iso3":"ITA","via":"GDELT GKG (nota traducida al inglés por GDELT); lugar mencionado en el texto"}},{"type":"Feature","geometry":{"type":"Point","coordinates":[14.217,37.523]},"properties":{"title":"Vídeo. Varios tornados arrasan Sicilia","url":"https://es.euronews.com/video/2026/10/09/varios-tornados-arrasan-sicilia-y-dejan-coches-volcados-y-edificios-danados","source":"euronews.com","date":"2026-10-09T17:00:00Z","kind":"TORNADO","severe":false,"state":"Sicily","precision":"estado","pais_iso3":"ITA","via":"GDELT GKG (nota traducida al inglés por GDELT); lugar mencionado en el texto"}},{"type":"Feature","geometry":{"type":"Point","coordinates":[14.217,37.523]},"properties":{"title":"Sizilien: „Der Tornado hat alles zerstört\" – zwei Wasserhosen verwüsten Insel","url":"https://www.morgenpost.de/panorama/article413377950/der-tornado-hat-alles-zerstoert-zwei-wasserhosen-verwuesten-sizilien.html","source":"morgenpost.de","date":"2026-10-09T16:45:00Z","kind":"TROMBA MARINA","severe":false,"state":"Sicily","precision":"estado","pais_iso3":"ITA","via":"GDELT GKG (nota traducida al inglés por GDELT); lugar mencionado en el texto"}},{"type":"Feature","geometry":{"type":"Point","coordinates":[12.439,37.805]},"properties":{"title":"Paura nel Trapanese: una violenta tromba d'aria devasta Marsala e Petrosino","url":"https://www.positanonews.it/2026/10/paura-nel-trapanese-una-violenta-tromba-daria-devasta-marsala-e-petrosino/3860200","source":"positanonews.it","date":"2026-10-09T16:45:00Z","kind":"TORNADO","severe":true,"state":"Marsala","precision":"ciudad","pais_iso3":"ITA","via":"GDELT GKG (nota traducida al inglés por GDELT); lugar mencionado en el texto"}},{"type":"Feature","geometry":{"type":"Point","coordinates":[12.704,37.852]},"properties":{"title":"Tromba d'aria nel Trapanese, alle 16 sopralluogo dell'assessore Aricò nelle località colpite","url":"http://ennapress.it/tromba-daria-nel-trapanese-alle-16-sopralluogo-dellassessore-arico-nelle-localita-colpite/","source":"ennapress.it","date":"2026-10-09T16:45:00Z","kind":"TORNADO","severe":false,"state":"Trapani","precision":"estado","pais_iso3":"ITA","via":"GDELT GKG (nota traducida al inglés por GDELT); lugar mencionado en el texto"}},{"type":"Feature","geometry":{"type":"Point","coordinates":[12.439,37.805]},"properties":{"title":"Tromba d'aria a Marsala, il racconto di una mamma: \"Sembrava una bomba, i miei 3 figli hanno rischiato la vita\" • Vivere San Benedetto notizie per la città e il territorio","url":"https://www.viveresanbenedetto.it/altrigiornali/14/181266-2026","source":"viveresanbenedetto.it","date":"2026-10-09T16:45:00Z","kind":"TORNADO","severe":false,"state":"Marsala","precision":"ciudad","pais_iso3":"ITA","via":"GDELT GKG (nota traducida al inglés por GDELT); lugar mencionado en el texto"}},{"type":"Feature","geometry":{"type":"Point","coordinates":[14.25,37.75]},"properties":{"title":"Tornados en Sicilia: una escuela con 273 chicos quedó en medio del temporal","url":"https://urgente24.com/termoscopio/tornados-sicilia-una-escuela-273-chicos-quedo-medio-del-temporal-n634434","source":"urgente24.com","date":"2026-10-09T16:30:00Z","kind":"TORNADO","severe":false,"state":"Sicily, Sicilia, Italy","precision":"estado","pais_iso3":"","via":"GDELT GKG (nota traducida al inglés por GDELT); lugar mencionado en el texto"}},{"type":"Feature","geometry":{"type":"Point","coordinates":[12.439,37.805]},"properties":{"title":"Tromba marina a Marsala un residente | La casa è distrutta non sappiamo dove dormire","url":"https://www.zazoom.it/2026-10-09/tromba-marina-a-marsala-un-residente-la-casa-e-distrutta-non-sappiamo-dove-dormire/19779467/","source":"zazoom.it","date":"2026-10-09T16:30:00Z","kind":"TROMBA MARINA","severe":false,"state":"Marsala","precision":"ciudad","pais_iso3":"ITA","via":"GDELT GKG (nota traducida al inglés por GDELT); lugar mencionado en el texto"}},{"type":"Feature","geometry":{"type":"Point","coordinates":[12.439,37.805]},"properties":{"title":"Marsala doppia tromba marina a Mazara del Vallo | la devastazione a Terrenove","url":"https://www.zazoom.it/2026-10-09/marsala-doppia-tromba-marina-a-mazara-del-vallo-la-devastazione-a-terrenove/19779466/","source":"zazoom.it","date":"2026-10-09T16:30:00Z","kind":"TROMBA MARINA","severe":true,"state":"Marsala","precision":"ciudad","pais_iso3":"ITA","via":"GDELT GKG (nota traducida al inglés por GDELT); lugar mencionado en el texto"}},{"type":"Feature","geometry":{"type":"Point","coordinates":[14.25,37.75]},"properties":{"title":"Tornado hits Sicilian towns following summer heat-wave","url":"https://www.aol.com/articles/tornado-hits-sicilian-towns-following-154657000.html","source":"aol.com","date":"2026-10-09T16:15:00Z","kind":"TORNADO","severe":false,"state":"Sicily, Sicilia, Italy","precision":"estado","pais_iso3":"","via":"GDELT GKG (nota en inglés); lugar mencionado en el texto"}},{"type":"Feature","geometry":{"type":"Point","coordinates":[12.704,37.852]},"properties":{"title":"Maltempo sull'Italia doppia tromba marina nel Trapanese | allagamenti da Brindisi a Cremona","url":"https://www.zazoom.it/2026-10-09/maltempo-sullitalia-doppia-tromba-marina-nel-trapanese-allagamenti-da-brindisi-a-cremona/19779378/","source":"zazoom.it","date":"2026-10-09T16:15:00Z","kind":"TROMBA MARINA","severe":false,"state":"Trapani","precision":"estado","pais_iso3":"ITA","via":"GDELT GKG (nota traducida al inglés por GDELT); lugar mencionado en el texto"}},{"type":"Feature","geometry":{"type":"Point","coordinates":[12.439,37.805]},"properties":{"title":"Tromba d'aria a Marsala, il racconto di una mamma: \"Sembrava una bomba, i miei 3 figli hanno rischiato la vita\" – Padovanews","url":"https://www.padovanews.it/2026/10/09/tromba-daria-a-marsala-il-racconto-di-una-mamma-sembrava-una-bomba-i-miei-3-figli-hanno-rischiato-la-vita/","source":"padovanews.it","date":"2026-10-09T16:15:00Z","kind":"TORNADO","severe":false,"state":"Marsala","precision":"ciudad","pais_iso3":"ITA","via":"GDELT GKG (nota traducida al inglés por GDELT); lugar mencionado en el texto"}},{"type":"Feature","geometry":{"type":"Point","coordinates":[12.439,37.805]},"properties":{"title":"Tromba d'aria a Marsala, il racconto di una mamma: \"Sembrava una bomba, i miei 3 figli hanno rischiato la vita\"","url":"https://www.sassarinotizie.com/2026/10/09/tromba-daria-a-marsala-il-racconto-di-una-mamma-sembrava-una-bomba-i-miei-3-figli-hanno-rischiato-la-vita/","source":"sassarinotizie.com","date":"2026-10-09T16:15:00Z","kind":"TORNADO","severe":false,"state":"Marsala","precision":"ciudad","pais_iso3":"ITA","via":"GDELT GKG (nota traducida al inglés por GDELT); lugar mencionado en el texto"}},{"type":"Feature","geometry":{"type":"Point","coordinates":[12.439,37.805]},"properties":{"title":"Trombe marine a Marsala, interviene Sammartino","url":"https://livesicilia.it/trambe-marine-marsala-sammartino-aiuti-agricoltori/","source":"livesicilia.it","date":"2026-10-09T16:00:00Z","kind":"TROMBA MARINA","severe":false,"state":"Marsala","precision":"ciudad","pais_iso3":"ITA","via":"GDELT GKG (nota traducida al inglés por GDELT); lugar mencionado en el texto"}},{"type":"Feature","geometry":{"type":"Point","coordinates":[12.439,37.805]},"properties":{"title":"Tromba d'aria a Marsala: il ministro Valditara: \"Pronti a fare la nostra parte\"","url":"https://www.tp24.it/2026/10/09/cronaca/tromba-d-aria-a-marsala-il-ministro-valditara-pronti-a-fare-la-nostra-parte/240520","source":"tp24.it","date":"2026-10-09T16:00:00Z","kind":"TORNADO","severe":false,"state":"Marsala","precision":"ciudad","pais_iso3":"ITA","via":"GDELT GKG (nota traducida al inglés por GDELT); lugar mencionado en el texto"}},{"type":"Feature","geometry":{"type":"Point","coordinates":[12.704,37.852]},"properties":{"title":"Violenta tromba d'aria nel Trapanese, danni e feriti - il Fatto Nisseno - Caltanissetta notizie, cronaca, attualità","url":"https://www.ilfattonisseno.it/2026/10/violenta-tromba-daria-nel-trapanese-danni-e-feriti/","source":"ilfattonisseno.it","date":"2026-10-09T16:00:00Z","kind":"TORNADO","severe":true,"state":"Trapani","precision":"estado","pais_iso3":"ITA","via":"GDELT GKG (nota traducida al inglés por GDELT); lugar mencionado en el texto"}},{"type":"Feature","geometry":{"type":"Point","coordinates":[12.439,37.805]},"properties":{"title":"Tromba d'aria a Marsala, il racconto di una mamma: \"Sembrava una bomba, i miei 3 figli hanno rischiato la vita\" - il Fatto Nisseno","url":"https://www.ilfattonisseno.it/2026/10/tromba-daria-a-marsala-il-racconto-di-una-mamma-sembrava-una-bomba-i-miei-3-figli-hanno-rischiato-la-vita/","source":"ilfattonisseno.it","date":"2026-10-09T16:00:00Z","kind":"TORNADO","severe":false,"state":"Marsala","precision":"ciudad","pais_iso3":"ITA","via":"GDELT GKG (nota traducida al inglés por GDELT); lugar mencionado en el texto"}},{"type":"Feature","geometry":{"type":"Point","coordinates":[12.439,37.805]},"properties":{"title":"Due trombe marine a Marsala, ci sono danni a edifici e feriti","url":"https://livesicilia.it/doppia-tromba-marina-a-marsala-danni-a-edifici-e-feriti-diretta/","source":"livesicilia.it","date":"2026-10-09T16:00:00Z","kind":"TROMBA MARINA","severe":true,"state":"Marsala","precision":"ciudad","pais_iso3":"ITA","via":"GDELT GKG (nota traducida al inglés por GDELT); lugar mencionado en el texto"}},{"type":"Feature","geometry":{"type":"Point","coordinates":[14.217,37.523]},"properties":{"title":"Vidéo. Des tornades balayent la Sicile, voitures retournées et bâtiments endommagés","url":"https://fr.euronews.com/video/2026/10/09/des-tornades-balayent-la-sicile-voitures-retournees-et-batiments-endommages","source":"euronews.com","date":"2026-10-09T15:45:00Z","kind":"TORNADO","severe":false,"state":"Sicily","precision":"estado","pais_iso3":"ITA","via":"GDELT GKG (nota traducida al inglés por GDELT); lugar mencionado en el texto"}},{"type":"Feature","geometry":{"type":"Point","coordinates":[14.217,37.523]},"properties":{"title":"Video. Tornado in Sicilia: auto ribaltate e edifici danneggiati","url":"https://it.euronews.com/video/2026/10/09/tornado-in-sicilia-auto-ribaltate-e-edifici-danneggiati","source":"euronews.com","date":"2026-10-09T15:45:00Z","kind":"TORNADO","severe":false,"state":"Sicily","precision":"estado","pais_iso3":"ITA","via":"GDELT GKG (nota traducida al inglés por GDELT); lugar mencionado en el texto"}},{"type":"Feature","geometry":{"type":"Point","coordinates":[12.704,37.852]},"properties":{"title":"Violenta tromba d'aria nel Trapanese, danni e feriti - Targatocn.it","url":"https://www.targatocn.it/2026/10/09/leggi-notizia/argomenti/top-news-1/articolo/violenta-tromba-daria-nel-trapanese-danni-e-feriti.html","source":"targatocn.it","date":"2026-10-09T15:45:00Z","kind":"TORNADO","severe":true,"state":"Trapani","precision":"estado","pais_iso3":"ITA","via":"GDELT GKG (nota traducida al inglés por GDELT); lugar mencionado en el texto"}},{"type":"Feature","geometry":{"type":"Point","coordinates":[12.439,37.805]},"properties":{"title":"Tornado tra Marsala e Petrosino case distrutte e 11 feriti","url":"https://www.zazoom.it/2026-10-09/tornado-tra-marsala-e-petrosino-case-distrutte-e-11-feriti-grave-un-settantenne/19779196/","source":"zazoom.it","date":"2026-10-09T15:30:00Z","kind":"TORNADO","severe":true,"state":"Marsala","precision":"ciudad","pais_iso3":"ITA","via":"GDELT GKG (nota traducida al inglés por GDELT); lugar mencionado en el texto"}},{"type":"Feature","geometry":{"type":"Point","coordinates":[14.25,37.75]},"properties":{"title":"Impresionantes imágenes del tornado que azotó Sicilia, Italia: autos volcados, heridos y una escuela dañada","url":"https://www.canal26.com/internacionales/2026/10/09/impresionantes-imagenes-del-tornado-que-azoto-sicilia-italia-autos-volcados-heridos-y-una-escuela-danada/","source":"canal26.com","date":"2026-10-09T15:30:00Z","kind":"TORNADO","severe":true,"state":"Sicily, Sicilia, Italy","precision":"estado","pais_iso3":"","via":"GDELT GKG (nota traducida al inglés por GDELT); lugar mencionado en el texto"}},{"type":"Feature","geometry":{"type":"Point","coordinates":[14.217,37.523]},"properties":{"title":"Tornados wüten auf Sizilien: \"Bild wie nach einem Krieg\"","url":"https://at.wetter.com/news/tornados-wueten-auf-sizilien-bild-wie-nach-einem-krieg_aid_6ac8f2972ce9757f09065f87.html","source":"wetter.com","date":"2026-10-09T15:15:00Z","kind":"TORNADO","severe":false,"state":"Sicily","precision":"estado","pais_iso3":"ITA","via":"GDELT GKG (nota traducida al inglés por GDELT); lugar mencionado en el texto"}},{"type":"Feature","geometry":{"type":"Point","coordinates":[14.217,37.523]},"properties":{"title":"Video. Tornados verwüsten Sizilien: Autos kippen, Gebäude beschädigt","url":"https://de.euronews.com/video/2026/10/09/tornados-verwusten-sizilien-autos-kippen-gebaude-beschadigt","source":"euronews.com","date":"2026-10-09T15:15:00Z","kind":"TORNADO","severe":false,"state":"Sicily","precision":"estado","pais_iso3":"ITA","via":"GDELT GKG (nota traducida al inglés por GDELT); lugar mencionado en el texto"}},{"type":"Feature","geometry":{"type":"Point","coordinates":[14.217,37.523]},"properties":{"title":"Los tornados sacuden Sicilia: ¿qué está pasando en el Mediterráneo?","url":"https://www.libertaddigital.com/servicios/eltiempo/2026-10-09/los-tornados-sacuden-sicilia-que-esta-pasando-en-el-mediterraneo-7473400/","source":"libertaddigital.com","date":"2026-10-09T15:15:00Z","kind":"TORNADO","severe":false,"state":"Sicily","precision":"estado","pais_iso3":"ITA","via":"GDELT GKG (nota traducida al inglés por GDELT); lugar mencionado en el texto"}},{"type":"Feature","geometry":{"type":"Point","coordinates":[12.17,43.53]},"properties":{"title":"Intempéries en Italie: 14 régions touchées par des trombes marines et tornades","url":"https://www.lessentiel.lu/fr/story/intemperies-en-italie-c-est-l-enfer-les-regions-touristiques-violemment-touchees-103646960","source":"lessentiel.lu","date":"2026-10-09T15:00:00Z","kind":"TORNADO","severe":false,"state":"Italia","precision":"país","pais_iso3":"ITA","via":"GDELT GKG (nota traducida al inglés por GDELT); lugar mencionado en el texto"}},{"type":"Feature","geometry":{"type":"Point","coordinates":[14.217,37.523]},"properties":{"title":"Dva tornada razdejala dele Sicilije: po zraku leteli avtomobili, uničena šola","url":"https://www.24ur.com/novice/tujina/dva-tornada-razdejala-dele-sicilije-po-zraku-leteli-avtomobili-unicena-sola.html","source":"24ur.com","date":"2026-10-09T15:00:00Z","kind":"TORNADO","severe":false,"state":"Sicily","precision":"estado","pais_iso3":"ITA","via":"GDELT GKG (nota traducida al inglés por GDELT); lugar mencionado en el texto"}},{"type":"Feature","geometry":{"type":"Point","coordinates":[12.439,37.805]},"properties":{"title":"\"Sembrava una bomba, i miei 3 figli hanno rischiato la vita\": tromba d'aria a Marsala, il racconto di una mamma","url":"https://www.adnkronos.com/cronaca/tromba-aria-marsala-scuola-bambini-testimonianza-cosa-e-successo_3gwkxnpeSScGzDGMaqYYUn","source":"adnkronos.com","date":"2026-10-09T15:00:00Z","kind":"TORNADO","severe":false,"state":"Marsala","precision":"ciudad","pais_iso3":"ITA","via":"GDELT GKG (nota traducida al inglés por GDELT); lugar mencionado en el texto"}},{"type":"Feature","geometry":{"type":"Point","coordinates":[13.367,38.117]},"properties":{"title":"Tromba d'aria, il 70enne ferito sarà trasferito a Palermo. A Trapani allerta per piogge intense","url":"https://www.tp24.it/2026/10/09/cronaca/tromba-d-aria-il-70enne-ferito-sara-trasferito-a-palermo-a-trapani-allerta-per-piogge-intense/240517","source":"tp24.it","date":"2026-10-09T15:00:00Z","kind":"TORNADO","severe":false,"state":"Palermo, Sicilia, Italy","precision":"ciudad","pais_iso3":"","via":"GDELT GKG (nota traducida al inglés por GDELT); lugar mencionado en el texto"}},{"type":"Feature","geometry":{"type":"Point","coordinates":[12.704,37.852]},"properties":{"title":"Violenta tromba d'aria nel Trapanese, danni e feriti - Newsbiella.it","url":"https://www.newsbiella.it/2026/10/09/leggi-notizia/argomenti/top-news-1/articolo/violenta-tromba-daria-nel-trapanese-danni-e-feriti.html","source":"newsbiella.it","date":"2026-10-09T15:00:00Z","kind":"TORNADO","severe":true,"state":"Trapani","precision":"estado","pais_iso3":"ITA","via":"GDELT GKG (nota traducida al inglés por GDELT); lugar mencionado en el texto"}},{"type":"Feature","geometry":{"type":"Point","coordinates":[14.217,37.523]},"properties":{"title":"Tornadoes sweep across Sicily, leaving flipped cars and damaged buildings","url":"https://www.aol.co.uk/articles/tornadoes-sweep-across-sicily-leaving-140255000.html","source":"aol.co.uk","date":"2026-10-09T14:45:00Z","kind":"TORNADO","severe":true,"state":"Sicily","precision":"estado","pais_iso3":"ITA","via":"GDELT GKG (nota en inglés); lugar mencionado en el texto"}},{"type":"Feature","geometry":{"type":"Point","coordinates":[12.439,37.805]},"properties":{"title":"Tromba d'aria devasta Marsala, auto ribaltate e danni agli edifici: ci sono feriti","url":"https://www.laprimapagina.it/2026/10/09/tromba-daria-devasta-marsala-auto-ribaltate-e-danni-agli-edifici-ci-sono-feriti/","source":"laprimapagina.it","date":"2026-10-09T14:45:00Z","kind":"TORNADO","severe":true,"state":"Marsala","precision":"ciudad","pais_iso3":"ITA","via":"GDELT GKG (nota traducida al inglés por GDELT); lugar mencionado en el texto"}},{"type":"Feature","geometry":{"type":"Point","coordinates":[12.704,37.852]},"properties":{"title":"Violenta tromba d'aria nel Trapanese, danni e feriti Agenzia di stampa Italpress","url":"https://www.italpress.com/violenta-tromba-daria-nel-trapanese-danni-e-feriti/","source":"italpress.com","date":"2026-10-09T14:45:00Z","kind":"TORNADO","severe":true,"state":"Trapani","precision":"estado","pais_iso3":"ITA","via":"GDELT GKG (nota traducida al inglés por GDELT); lugar mencionado en el texto"}},{"type":"Feature","geometry":{"type":"Point","coordinates":[12.439,37.805]},"properties":{"title":"Tromba d'aria a Marsala, feriti 6 bambini e cane salvato dalle macerie: \"Scenario di guerra\"","url":"https://www.ragusanews.com/tromba-daria-a-marsala-feriti-4-bambini-e-cane-salvato-dalle-macerie-scenario-di-guerra/","source":"ragusanews.com","date":"2026-10-09T14:45:00Z","kind":"TORNADO","severe":true,"state":"Marsala","precision":"ciudad","pais_iso3":"ITA","via":"GDELT GKG (nota traducida al inglés por GDELT); lugar mencionado en el texto"}},{"type":"Feature","geometry":{"type":"Point","coordinates":[12.439,37.805]},"properties":{"title":"Doppia tromba d'aria a Marsala: auto capovolte e feriti. VIDEO","url":"https://www.ragusanews.com/doppia-tromba-daria-a-marsala-auto-capovolte-e-feriti/","source":"ragusanews.com","date":"2026-10-09T14:45:00Z","kind":"TORNADO","severe":true,"state":"Marsala","precision":"ciudad","pais_iso3":"ITA","via":"GDELT GKG (nota traducida al inglés por GDELT); lugar mencionado en el texto"}},{"type":"Feature","geometry":{"type":"Point","coordinates":[12.439,37.805]},"properties":{"title":"Tromba d'aria a Marsala: le reazioni","url":"https://trapanioggi.it/tromba-daria-a-marsala-le-reazioni/","source":"trapanioggi.it","date":"2026-10-09T14:30:00Z","kind":"TORNADO","severe":false,"state":"Marsala","precision":"ciudad","pais_iso3":"ITA","via":"GDELT GKG (nota traducida al inglés por GDELT); lugar mencionado en el texto"}},{"type":"Feature","geometry":{"type":"Point","coordinates":[12.439,37.805]},"properties":{"title":"Tornado a Marsala. Il Comune chiede lo stato di emergenza","url":"https://trapanioggi.it/tornado-a-marsala-il-comune-chiede-lo-stato-di-emergenza/","source":"trapanioggi.it","date":"2026-10-09T14:30:00Z","kind":"TORNADO","severe":false,"state":"Marsala","precision":"ciudad","pais_iso3":"ITA","via":"GDELT GKG (nota traducida al inglés por GDELT); lugar mencionado en el texto"}},{"type":"Feature","geometry":{"type":"Point","coordinates":[12.439,37.805]},"properties":{"title":"Tromba marina a Marsala, 6 bambini feriti in una scuola devastata. La sindaca: \"Come un terremoto\"","url":"https://www.lapresse.it/cronaca/2026/10/09/tromba-marina-a-marsala-sei-bambini-feriti-in-una-scuola-devastata-la-sindaca-come-un-terremoto/","source":"lapresse.it","date":"2026-10-09T14:30:00Z","kind":"TROMBA MARINA","severe":true,"state":"Marsala","precision":"ciudad","pais_iso3":"ITA","via":"GDELT GKG (nota traducida al inglés por GDELT); lugar mencionado en el texto"}},{"type":"Feature","geometry":{"type":"Point","coordinates":[12.439,37.805]},"properties":{"title":"Tromba d'aria a Marsala: la situazione sanitaria","url":"https://trapanioggi.it/tromba-daria-a-marsala-la-situazione-sanitaria/","source":"trapanioggi.it","date":"2026-10-09T14:30:00Z","kind":"TORNADO","severe":false,"state":"Marsala","precision":"ciudad","pais_iso3":"ITA","via":"GDELT GKG (nota traducida al inglés por GDELT); lugar mencionado en el texto"}},{"type":"Feature","geometry":{"type":"Point","coordinates":[12.439,37.805]},"properties":{"title":"Maltempo, doppia tromba d'aria a Marsala: distrutta una scuola, in ospedale 4 alunni. Temporali e strade sott'acqua da Napoli a Cremona","url":"https://www.ilmessaggero.it/salute/schede/maltempo_tromba_aria_marsala_nubifragi_temporali_dove_napoli_cremona-9814122.html","source":"ilmessaggero.it","date":"2026-10-09T14:30:00Z","kind":"TORNADO","severe":false,"state":"Marsala","precision":"ciudad","pais_iso3":"ITA","via":"GDELT GKG (nota traducida al inglés por GDELT); lugar mencionado en el texto"}},{"type":"Feature","geometry":{"type":"Point","coordinates":[12.439,37.805]},"properties":{"title":"Tromba d'aria a Marsala: auto ribaltate","url":"https://urbanpost.it/doppia-tromba-daria-in-italia-auto-ribaltate-case-danneggiate-e-feriti/","source":"urbanpost.it","date":"2026-10-09T14:15:00Z","kind":"TORNADO","severe":false,"state":"Marsala","precision":"ciudad","pais_iso3":"ITA","via":"GDELT GKG (nota traducida al inglés por GDELT); lugar mencionado en el texto"}},{"type":"Feature","geometry":{"type":"Point","coordinates":[12.704,37.852]},"properties":{"title":"Doppia tromba marina nel Trapanese | distrutta una scuola a Marsala un' auto finisce in un burrone","url":"https://www.zazoom.it/2026-10-09/doppia-tromba-marina-nel-trapanese-distrutta-una-scuola-a-marsala-unauto-finisce-in-un-burrone-undici-feriti-tra-cui-sei-bambini/19778797/","source":"zazoom.it","date":"2026-10-09T14:15:00Z","kind":"TROMBA MARINA","severe":false,"state":"Trapani","precision":"estado","pais_iso3":"ITA","via":"GDELT GKG (nota traducida al inglés por GDELT); lugar mencionado en el texto"}},{"type":"Feature","geometry":{"type":"Point","coordinates":[12.439,37.805]},"properties":{"title":"Tromba d'aria a Marsala, scuola danneggiata e nove persone in ospedale: salvato un cucciolo","url":"https://www.zazoom.it/news-notizia/post/985123/2026-10-09-tromba-aria-marsala-scuola-danneggiata-nove-persone-ospedale-salvato-cucciolo-15-40/","source":"zazoom.it","date":"2026-10-09T14:15:00Z","kind":"TORNADO","severe":false,"state":"Marsala","precision":"ciudad","pais_iso3":"ITA","via":"GDELT GKG (nota traducida al inglés por GDELT); lugar mencionado en el texto"}},{"type":"Feature","geometry":{"type":"Point","coordinates":[12.439,37.805]},"properties":{"title":"Violenta tromba d'aria nel Trapanese, danneggiate abitazioni e una scuola a Marsala: due feriti a Petrosino","url":"https://www.nuovosud.it/articoli/326967-cronaca-trapani/violenta-tromba-d%E2%80%99aria-nel-trapanese-danneggiate-abitazioni-e-una","source":"nuovosud.it","date":"2026-10-09T14:00:00Z","kind":"TORNADO","severe":true,"state":"Marsala","precision":"ciudad","pais_iso3":"ITA","via":"GDELT GKG (nota traducida al inglés por GDELT); lugar mencionado en el texto"}},{"type":"Feature","geometry":{"type":"Point","coordinates":[12.439,37.805]},"properties":{"title":"Tromba marina a Marsala 6 bambini feriti in una scuola devastata La sindaca","url":"https://www.zazoom.it/2026-10-09/tromba-marina-a-marsala-6-bambini-feriti-in-una-scuola-devastata-la-sindaca-come-un-terremoto/19778771/","source":"zazoom.it","date":"2026-10-09T14:00:00Z","kind":"TROMBA MARINA","severe":true,"state":"Marsala","precision":"ciudad","pais_iso3":"ITA","via":"GDELT GKG (nota traducida al inglés por GDELT); lugar mencionado en el texto"}},{"type":"Feature","geometry":{"type":"Point","coordinates":[12.439,37.805]},"properties":{"title":"Tornado a Marsala, Edoardo Ferrara (3bmeteo): «Sicuramente l'evento più violento degli ultimi decenni in Sicilia»","url":"https://www.ilmattino.it/primopiano/cronaca/tornado_marsala_edoardo_ferrara_3bmeteo_sicilia-9814428.html","source":"ilmattino.it","date":"2026-10-09T14:00:00Z","kind":"TORNADO","severe":false,"state":"Marsala","precision":"ciudad","pais_iso3":"ITA","via":"GDELT GKG (nota traducida al inglés por GDELT); lugar mencionado en el texto"}},{"type":"Feature","geometry":{"type":"Point","coordinates":[12.439,37.805]},"properties":{"title":"Tromba d'aria a Marsala: almeno sei bambini tra i feriti","url":"https://meridionews.it/tromba-daria-marsala-feriti-danni/","source":"meridionews.it","date":"2026-10-09T13:45:00Z","kind":"TORNADO","severe":true,"state":"Marsala","precision":"ciudad","pais_iso3":"ITA","via":"GDELT GKG (nota traducida al inglés por GDELT); lugar mencionado en el texto"}},{"type":"Feature","geometry":{"type":"Point","coordinates":[12.439,37.805]},"properties":{"title":"Tromba marina a Marsala cane estratto da sotto macerie","url":"https://www.zazoom.it/2026-10-09/tromba-marina-a-marsala-cane-estratto-da-sotto-macerie/19778611/","source":"zazoom.it","date":"2026-10-09T13:30:00Z","kind":"TROMBA MARINA","severe":false,"state":"Marsala","precision":"ciudad","pais_iso3":"ITA","via":"GDELT GKG (nota traducida al inglés por GDELT); lugar mencionado en el texto"}},{"type":"Feature","geometry":{"type":"Point","coordinates":[12.439,37.805]},"properties":{"title":"Marsala tromba d'aria a causa del maltempo","url":"https://www.zazoom.it/2026-10-09/marsala-tromba-daria-a-causa-del-maltempo-9-feriti/19778623/","source":"zazoom.it","date":"2026-10-09T13:30:00Z","kind":"TORNADO","severe":false,"state":"Marsala","precision":"ciudad","pais_iso3":"ITA","via":"GDELT GKG (nota traducida al inglés por GDELT); lugar mencionado en el texto"}},{"type":"Feature","geometry":{"type":"Point","coordinates":[12.439,37.805]},"properties":{"title":"Tromba d'aria a Marsala, danni e feriti: le immagini","url":"https://www.today.it/cronaca/tromba-aria-marsala-danni-feriti.html","source":"today.it","date":"2026-10-09T13:30:00Z","kind":"TORNADO","severe":true,"state":"Marsala","precision":"ciudad","pais_iso3":"ITA","via":"GDELT GKG (nota traducida al inglés por GDELT); lugar mencionado en el texto"}},{"type":"Feature","geometry":{"type":"Point","coordinates":[12.704,37.852]},"properties":{"title":"Doppia tromba d'aria nel Trapanese: auto capovolte, due in codice rosso","url":"https://www.siracusanews.it/doppia-tromba-daria-nel-trapanese-auto-capovolte-due-in-codice-rosso/","source":"siracusanews.it","date":"2026-10-09T13:30:00Z","kind":"TORNADO","severe":false,"state":"Trapani","precision":"estado","pais_iso3":"ITA","via":"GDELT GKG (nota traducida al inglés por GDELT); lugar mencionado en el texto"}},{"type":"Feature","geometry":{"type":"Point","coordinates":[12.439,37.805]},"properties":{"title":"Tromba marina a Marsala sei bambini feriti in una scuola devastata La sindaca","url":"https://www.zazoom.it/2026-10-09/tromba-marina-a-marsala-sei-bambini-feriti-in-una-scuola-devastata-la-sindaca-come-un-terremoto/19778694/","source":"zazoom.it","date":"2026-10-09T13:30:00Z","kind":"TROMBA MARINA","severe":true,"state":"Marsala","precision":"ciudad","pais_iso3":"ITA","via":"GDELT GKG (nota traducida al inglés por GDELT); lugar mencionado en el texto"}},{"type":"Feature","geometry":{"type":"Point","coordinates":[12.439,37.805]},"properties":{"title":"Tromba d'aria a Marsala: devastate aule e corridoi di una scuola, auto capovolte. Ci sono feriti","url":"https://www.tecnicadellascuola.it/tromba-daria-a-marsala","source":"tecnicadellascuola.it","date":"2026-10-09T13:30:00Z","kind":"TORNADO","severe":true,"state":"Marsala","precision":"ciudad","pais_iso3":"ITA","via":"GDELT GKG (nota traducida al inglés por GDELT); lugar mencionado en el texto"}},{"type":"Feature","geometry":{"type":"Point","coordinates":[14.25,37.75]},"properties":{"title":"Tornade frappe la Sicile: 9 blessés et dégâts importants à Trapani","url":"https://www.lematin.ch/story/le-seigneur-nous-a-aides-une-effrayante-tornade-frappe-la-sicile-103646927","source":"lematin.ch","date":"2026-10-09T13:15:00Z","kind":"TORNADO","severe":false,"state":"Sicily, Sicilia, Italy","precision":"estado","pais_iso3":"","via":"GDELT GKG (nota traducida al inglés por GDELT); lugar mencionado en el texto"}},{"type":"Feature","geometry":{"type":"Point","coordinates":[12.439,37.805]},"properties":{"title":"Tornado a Marsala e Petrosino. Schifani: \"Protezione civile in campo\"","url":"https://www.tp24.it/2026/10/09/dalla-regione/tornado-a-marsala-e-petrosino-schifani-protezione-civile-in-campo/240512","source":"tp24.it","date":"2026-10-09T13:15:00Z","kind":"TORNADO","severe":false,"state":"Marsala","precision":"ciudad","pais_iso3":"ITA","via":"GDELT GKG (nota traducida al inglés por GDELT); lugar mencionado en el texto"}},{"type":"Feature","geometry":{"type":"Point","coordinates":[12.439,37.805]},"properties":{"title":"Tromba d'aria nel Trapanese, 4 bambini feriti, distrutta un'abitazione a Marsala/ Foto","url":"https://www.tempostretto.it/le_news_di_italpress/violenta-tromba-daria-nel-trapanese-danni-e-feriti-distrutta-unabitazione-a-marsala-anche-4-bambini-al-pronto-soccorso-foto","source":"tempostretto.it","date":"2026-10-09T13:15:00Z","kind":"TORNADO","severe":true,"state":"Marsala","precision":"ciudad","pais_iso3":"ITA","via":"GDELT GKG (nota traducida al inglés por GDELT); lugar mencionado en el texto"}},{"type":"Feature","geometry":{"type":"Point","coordinates":[12.439,37.805]},"properties":{"title":"Doppia tromba marina a Marsala: danni e feriti","url":"https://www.corriere.it/cronache/26_ottobre_09/doppia-tromba-marina-marsala-3f77236d-67f7-4975-86b9-9b8e8ec10xlk.shtml","source":"corriere.it","date":"2026-10-09T13:15:00Z","kind":"TROMBA MARINA","severe":true,"state":"Marsala","precision":"ciudad","pais_iso3":"ITA","via":"GDELT GKG (nota traducida al inglés por GDELT); lugar mencionado en el texto"}},{"type":"Feature","geometry":{"type":"Point","coordinates":[12.439,37.805]},"properties":{"title":"Tromba d'aria a Marsala feriti 4 bambini e cane salvato dalle macerie","url":"https://www.zazoom.it/2026-10-09/tromba-daria-a-marsala-feriti-4-bambini-e-cane-salvato-dalle-macerie-scenario-di-guerra/19778568/","source":"zazoom.it","date":"2026-10-09T13:15:00Z","kind":"TORNADO","severe":true,"state":"Marsala","precision":"ciudad","pais_iso3":"ITA","via":"GDELT GKG (nota traducida al inglés por GDELT); lugar mencionado en el texto"}},{"type":"Feature","geometry":{"type":"Point","coordinates":[12.439,37.805]},"properties":{"title":"Tromba d'aria a Marsala, feriti 4 bambini e cane salvato dalle macerie: \"Scenario di guerra\" | OlbiaNotizie 24 ore","url":"https://www.olbianotizie.it/24ore/articolo/794495-tromba_d_aria_a_marsala_feriti_4_bambini_e_cane_salvato_dalle_macerie__scenario_di_guerra_","source":"olbianotizie.it","date":"2026-10-09T13:15:00Z","kind":"TORNADO","severe":true,"state":"Marsala","precision":"ciudad","pais_iso3":"ITA","via":"GDELT GKG (nota traducida al inglés por GDELT); lugar mencionado en el texto"}},{"type":"Feature","geometry":{"type":"Point","coordinates":[14.217,37.523]},"properties":{"title":"Gewaltiger Tornado wütet auf Sizilien - chaotische Szenen","url":"https://www.ksta.de:443/panorama/gewaltiger-tornado-wuetet-auf-sizilien-chaotische-szenen-1-1392392","source":"ksta.de","date":"2026-10-09T13:00:00Z","kind":"TORNADO","severe":false,"state":"Sicily","precision":"estado","pais_iso3":"ITA","via":"GDELT GKG (nota traducida al inglés por GDELT); lugar mencionado en el texto"}},{"type":"Feature","geometry":{"type":"Point","coordinates":[14.217,37.523]},"properties":{"title":"Moment tornado rips through Sicilian tourist hotspot flipping cars","url":"https://www.dailymail.com/news/article-16195675/Moment-tornado-Sicilian-tourist-hotspot-flipping-cars.html","source":"dailymail.com","date":"2026-10-09T12:45:00Z","kind":"TORNADO","severe":false,"state":"Sicily","precision":"estado","pais_iso3":"ITA","via":"GDELT GKG (nota en inglés); lugar mencionado en el texto"}},{"type":"Feature","geometry":{"type":"Point","coordinates":[12.439,37.805]},"properties":{"title":"Tromba d'aria a Marsala, feriti 4 bambini e cane salvato dalle macerie: \"Scenario di guerra\" - il Fatto Nisseno","url":"https://www.ilfattonisseno.it/2026/10/tromba-daria-a-marsala-feriti-4-bambini-e-cane-salvato-dalle-macerie-scenario-di-guerra/","source":"ilfattonisseno.it","date":"2026-10-09T12:45:00Z","kind":"TORNADO","severe":true,"state":"Marsala","precision":"ciudad","pais_iso3":"ITA","via":"GDELT GKG (nota traducida al inglés por GDELT); lugar mencionado en el texto"}},{"type":"Feature","geometry":{"type":"Point","coordinates":[12.439,37.805]},"properties":{"title":"Maltempo, doppia tromba d'aria a Marsala: distrutta una scuola, in ospedale 4 alunni","url":"https://www.ilmattino.it/schede/maltempo_tromba_aria_marsala_nubifragi_temporali_dove_napoli_cremona-9814379.html","source":"ilmattino.it","date":"2026-10-09T12:45:00Z","kind":"TORNADO","severe":false,"state":"Marsala","precision":"ciudad","pais_iso3":"ITA","via":"GDELT GKG (nota traducida al inglés por GDELT); lugar mencionado en el texto"}},{"type":"Feature","geometry":{"type":"Point","coordinates":[12.439,37.805]},"properties":{"title":"Violenta tromba d'aria nel Trapanese, danni e feriti. Distrutta un'abitazione a Marsala, anche 4 bambini al Pronto Soccorso / Foto - il Fatto Nisseno","url":"https://www.ilfattonisseno.it/2026/10/violenta-tromba-daria-nel-trapanese-danni-e-feriti-distrutta-unabitazione-a-marsala-anche-4-bambini-al-pronto-soccorso-foto/","source":"ilfattonisseno.it","date":"2026-10-09T12:45:00Z","kind":"TORNADO","severe":true,"state":"Marsala","precision":"ciudad","pais_iso3":"ITA","via":"GDELT GKG (nota traducida al inglés por GDELT); lugar mencionado en el texto"}},{"type":"Feature","geometry":{"type":"Point","coordinates":[12.439,37.805]},"properties":{"title":"Tromba d'aria a Marsala e Petrosino, ci sono feriti e un cane estratto vivo dalle macerie: \"Scenario di guerra\"","url":"https://www.adnkronos.com/cronaca/tromba-daria-marsala-petrosino-feriti-effetti_4BKWt3DpfyBaCltIG1z8WQ","source":"adnkronos.com","date":"2026-10-09T12:45:00Z","kind":"TORNADO","severe":true,"state":"Marsala","precision":"ciudad","pais_iso3":"ITA","via":"GDELT GKG (nota traducida al inglés por GDELT); lugar mencionado en el texto"}},{"type":"Feature","geometry":{"type":"Point","coordinates":[12.439,37.805]},"properties":{"title":"Tromba d'aria a Marsala, danni e feriti. Schifani: \"Subito attivi per gli interventi necessari\"","url":"https://qds.it/trapani-marsala-schifani-tromba-daria/","source":"qds.it","date":"2026-10-09T12:30:00Z","kind":"TORNADO","severe":true,"state":"Marsala","precision":"ciudad","pais_iso3":"ITA","via":"GDELT GKG (nota traducida al inglés por GDELT); lugar mencionado en el texto"}},{"type":"Feature","geometry":{"type":"Point","coordinates":[12.439,37.805]},"properties":{"title":"Tromba d'aria a Marsala, danni a scuola: la situazione","url":"https://qds.it/tromba-d-aria-maltempo-marsala-scuola-situazione-danni/","source":"qds.it","date":"2026-10-09T12:30:00Z","kind":"TORNADO","severe":true,"state":"Marsala","precision":"ciudad","pais_iso3":"ITA","via":"GDELT GKG (nota traducida al inglés por GDELT); lugar mencionado en el texto"}},{"type":"Feature","geometry":{"type":"Point","coordinates":[12.439,37.805]},"properties":{"title":"Marsala, danni e feriti dopo la tromba d'aria: quattro bambini al pronto soccorso, i vigili del fuoco in azione","url":"https://qds.it/marsala-danni-feriti-cronaca-trapani/","source":"qds.it","date":"2026-10-09T12:30:00Z","kind":"TORNADO","severe":true,"state":"Marsala","precision":"ciudad","pais_iso3":"ITA","via":"GDELT GKG (nota traducida al inglés por GDELT); lugar mencionado en el texto"}},{"type":"Feature","geometry":{"type":"Point","coordinates":[14.25,37.75]},"properties":{"title":"La Sicilia travolta dal maltempo: trombe d'aria a Marsala","url":"https://qds.it/marsala-maltempo-danni-cronaca-trapani/","source":"qds.it","date":"2026-10-09T12:30:00Z","kind":"TORNADO","severe":false,"state":"Sicily, Sicilia, Italy","precision":"estado","pais_iso3":"","via":"GDELT GKG (nota traducida al inglés por GDELT); lugar mencionado en el texto"}},{"type":"Feature","geometry":{"type":"Point","coordinates":[12.704,37.852]},"properties":{"title":"Maltempo, tromba d'aria nel Trapanese: tetti scoperchiati e auto ribaltate. Danni anche in una scuola, bambini feriti","url":"https://qds.it/maltempo-marsala-tromba-d-aria-cronaca-feriti/","source":"qds.it","date":"2026-10-09T12:30:00Z","kind":"TORNADO","severe":true,"state":"Trapani","precision":"estado","pais_iso3":"ITA","via":"GDELT GKG (nota traducida al inglés por GDELT); lugar mencionado en el texto"}},{"type":"Feature","geometry":{"type":"Point","coordinates":[12.704,37.852]},"properties":{"title":"Doppia tromba d'aria nel Trapanese. Paura e danni, mobilitata la Protezione civile","url":"https://www.siracusaoggi.it/doppia-tromba-daria-nel-trapanese-paura-e-danni-mobilitata-la-protezione-civile/","source":"siracusaoggi.it","date":"2026-10-09T12:15:00Z","kind":"TORNADO","severe":true,"state":"Trapani","precision":"estado","pais_iso3":"ITA","via":"GDELT GKG (nota traducida al inglés por GDELT); lugar mencionado en el texto"}},{"type":"Feature","geometry":{"type":"Point","coordinates":[12.704,37.852]},"properties":{"title":"Tromba d'aria nel Trapanese, danneggiate abitazioni e una scuola","url":"https://www.radiolombardia.it/2026/10/09/tromba-daria-nel-trapanese-danneggiate-abitazioni-e-una-scuola/","source":"radiolombardia.it","date":"2026-10-09T12:15:00Z","kind":"TORNADO","severe":false,"state":"Trapani","precision":"estado","pais_iso3":"ITA","via":"GDELT GKG (nota traducida al inglés por GDELT); lugar mencionado en el texto"}},{"type":"Feature","geometry":{"type":"Point","coordinates":[12.704,37.852]},"properties":{"title":"Tromba marina nel Trapanese, 4 bambini e 5 adulti al pronto soccorso - il Fatto Nisseno - Caltanissetta notizie, cronaca, attualità","url":"https://www.ilfattonisseno.it/2026/10/tromba-marina-nel-trapanese-4-bambini-e-5-adulti-al-pronto-soccorso/","source":"ilfattonisseno.it","date":"2026-10-09T12:15:00Z","kind":"TROMBA MARINA","severe":false,"state":"Trapani","precision":"estado","pais_iso3":"ITA","via":"GDELT GKG (nota traducida al inglés por GDELT); lugar mencionado en el texto"}},{"type":"Feature","geometry":{"type":"Point","coordinates":[12.704,37.852]},"properties":{"title":"Tromba d'aria nel Trapanese, danneggiate abitazioni e una scuola Agenzia di stampa Italpress","url":"https://www.italpress.com/tromba-daria-nel-trapanese-danneggiate-abitazioni-e-una-scuola/","source":"italpress.com","date":"2026-10-09T12:15:00Z","kind":"TORNADO","severe":false,"state":"Trapani","precision":"estado","pais_iso3":"ITA","via":"GDELT GKG (nota traducida al inglés por GDELT); lugar mencionado en el texto"}},{"type":"Feature","geometry":{"type":"Point","coordinates":[12.439,37.805]},"properties":{"title":"Marsala doppia tromba marina rovescia le automobili | le immagini sui social","url":"https://www.zazoom.it/2026-10-09/marsala-doppia-tromba-marina-rovescia-le-automobili-le-immagini-sui-social/19778315/","source":"zazoom.it","date":"2026-10-09T12:15:00Z","kind":"TROMBA MARINA","severe":false,"state":"Marsala","precision":"ciudad","pais_iso3":"ITA","via":"GDELT GKG (nota traducida al inglés por GDELT); lugar mencionado en el texto"}},{"type":"Feature","geometry":{"type":"Point","coordinates":[12.439,37.805]},"properties":{"title":"Violenta tromba d'aria nel Trapanese, danneggiate abitazioni e una scuola a Marsala","url":"https://www.italpress.com/violenta-tromba-daria-nel-trapanese-danneggiate-abitazioni-e-una-scuola-a-marsala/","source":"italpress.com","date":"2026-10-09T12:15:00Z","kind":"TORNADO","severe":false,"state":"Marsala","precision":"ciudad","pais_iso3":"ITA","via":"GDELT GKG (nota traducida al inglés por GDELT); lugar mencionado en el texto"}},{"type":"Feature","geometry":{"type":"Point","coordinates":[12.439,37.805]},"properties":{"title":"Devastazione a Marsala colpita violentemente da un tornado","url":"https://www.zazoom.it/2026-10-09/devastazione-a-marsala-colpita-violentemente-da-un-tornado-capovolte-auto/19778208/","source":"zazoom.it","date":"2026-10-09T12:00:00Z","kind":"TORNADO","severe":true,"state":"Marsala","precision":"ciudad","pais_iso3":"ITA","via":"GDELT GKG (nota traducida al inglés por GDELT); lugar mencionado en el texto"}},{"type":"Feature","geometry":{"type":"Point","coordinates":[12.439,37.805]},"properties":{"title":"Tromba marina Marsala: feriti e auto in un burrone","url":"https://www.quotidianodiragusa.it/2026/10/09/sicilia/tromba-marina-marsala-petrosino-feriti/","source":"quotidianodiragusa.it","date":"2026-10-09T12:00:00Z","kind":"TROMBA MARINA","severe":true,"state":"Marsala","precision":"ciudad","pais_iso3":"ITA","via":"GDELT GKG (nota traducida al inglés por GDELT); lugar mencionado en el texto"}},{"type":"Feature","geometry":{"type":"Point","coordinates":[14.25,37.75]},"properties":{"title":"Silné tornádo udeřilo na Sicílii. Převracelo auta a ničilo domy","url":"https://www.novinky.cz/clanek/pocasi-silne-tornado-uderilo-na-sicilii-prevracelo-auta-a-nicilo-domy-40601724","source":"novinky.cz","date":"2026-10-09T12:00:00Z","kind":"TORNADO","severe":false,"state":"Sicily, Sicilia, Italy","precision":"estado","pais_iso3":"","via":"GDELT GKG (nota traducida al inglés por GDELT); lugar mencionado en el texto"}},{"type":"Feature","geometry":{"type":"Point","coordinates":[12.439,37.805]},"properties":{"title":"Sicily tornado live: Marsala hit by terrifying winds as holiday hotspot left in 'absolute chaos'","url":"https://www.mirror.co.uk/news/world-news/marsala-tornado-sicily-tromba-daria-37752977","source":"mirror.co.uk","date":"2026-10-09T11:45:00Z","kind":"TORNADO","severe":false,"state":"Marsala","precision":"ciudad","pais_iso3":"ITA","via":"GDELT GKG (nota en inglés); lugar mencionado en el texto"}},{"type":"Feature","geometry":{"type":"Point","coordinates":[14.25,37.75]},"properties":{"title":"Due trombe d'aria hanno fatto danni nella zona di Marsala in Sicilia | ci sono alcune persone ferite","url":"https://www.zazoom.it/2026-10-09/due-trombe-daria-hanno-fatto-danni-nella-zona-di-marsala-in-sicilia-ci-sono-alcune-persone-ferite/19778112/","source":"zazoom.it","date":"2026-10-09T11:45:00Z","kind":"TORNADO","severe":true,"state":"Sicily, Sicilia, Italy","precision":"estado","pais_iso3":"","via":"GDELT GKG (nota traducida al inglés por GDELT); lugar mencionado en el texto"}},{"type":"Feature","geometry":{"type":"Point","coordinates":[12.439,37.805]},"properties":{"title":"Tromba d'aria a Marsala, gravi danni anche a Petrosino","url":"https://www.tp24.it/2026/10/09/cronaca/tromba-d-aria-a-marsala-gravi-danni-anche-a-petrosino/240511","source":"tp24.it","date":"2026-10-09T11:45:00Z","kind":"TORNADO","severe":true,"state":"Marsala","precision":"ciudad","pais_iso3":"ITA","via":"GDELT GKG (nota traducida al inglés por GDELT); lugar mencionado en el texto"}},{"type":"Feature","geometry":{"type":"Point","coordinates":[12.439,37.805]},"properties":{"title":"Il disastro della tromba d'aria tra Marsala e Petrosino. Feriti, danni, gli ultimi aggiornamenti","url":"https://www.tp24.it/2026/10/09/cronaca/il-disastro-della-tromba-d-aria-tra-marsala-e-petrosino-feriti-danni-gli-ultimi-aggiornamenti/240501","source":"tp24.it","date":"2026-10-09T11:45:00Z","kind":"TORNADO","severe":true,"state":"Marsala","precision":"ciudad","pais_iso3":"ITA","via":"GDELT GKG (nota traducida al inglés por GDELT); lugar mencionado en el texto"}},{"type":"Feature","geometry":{"type":"Point","coordinates":[12.439,37.805]},"properties":{"title":"Tromba d'aria a Marsala, case distrutte e danni nelle scuole, feriti. Aggiornamenti in tempo reale","url":"https://www.tp24.it/2026/10/09/cronaca/tromba-d-aria-a-marsala-case-distrutte-e-danni-alla-scuola-de-gasperi-di-strasatti/240496","source":"tp24.it","date":"2026-10-09T11:45:00Z","kind":"TORNADO","severe":true,"state":"Marsala","precision":"ciudad","pais_iso3":"ITA","via":"GDELT GKG (nota traducida al inglés por GDELT); lugar mencionado en el texto"}},{"type":"Feature","geometry":{"type":"Point","coordinates":[12.439,37.805]},"properties":{"title":"Tromba d'aria a Marsala, feriti anche a Mazara","url":"https://www.tp24.it/2026/10/09/cronaca/tromba-d-aria-a-marsala-feriti-anche-a-mazara/240504","source":"tp24.it","date":"2026-10-09T11:45:00Z","kind":"TORNADO","severe":true,"state":"Marsala","precision":"ciudad","pais_iso3":"ITA","via":"GDELT GKG (nota traducida al inglés por GDELT); lugar mencionado en el texto"}},{"type":"Feature","geometry":{"type":"Point","coordinates":[12.439,37.805]},"properties":{"title":"Tromba d'aria a Marsala, nessun morto e nessuno ferito grave. Nove persone al pronto soccorso","url":"https://www.tp24.it/2026/10/09/cronaca/tromba-d-aria-a-marsala-nessun-morto-e-nessuno-ferito-grave-nove-persone-al-pronto-soccorso/240503","source":"tp24.it","date":"2026-10-09T11:45:00Z","kind":"TORNADO","severe":false,"state":"Marsala","precision":"ciudad","pais_iso3":"ITA","via":"GDELT GKG (nota traducida al inglés por GDELT); lugar mencionado en el texto"}},{"type":"Feature","geometry":{"type":"Point","coordinates":[12.439,37.805]},"properties":{"title":"Tornado a Marsala, nessuna vittima. Il Comune chiede lo stato di emergenza. Come stanno i bambini della scuola","url":"https://www.tp24.it/2026/10/09/cronaca/tornado-a-marsala-nessuna-vittima-il-comune-chiede-lo-stato-di-emergenza-come-stanno-i-bambini-della-scuola/240506","source":"tp24.it","date":"2026-10-09T11:45:00Z","kind":"TORNADO","severe":true,"state":"Marsala","precision":"ciudad","pais_iso3":"ITA","via":"GDELT GKG (nota traducida al inglés por GDELT); lugar mencionado en el texto"}},{"type":"Feature","geometry":{"type":"Point","coordinates":[12.439,37.805]},"properties":{"title":"Tromba d'aria tra Marsala e Petrosino: cinque adulti in codice rosso, quattro bambini feriti","url":"https://www.tp24.it/2026/10/09/cronaca/tromba-d-aria-tra-marsala-e-petrosino-cinque-adulti-in-codice-rosso-quattro-bambini-feriti/240499","source":"tp24.it","date":"2026-10-09T11:45:00Z","kind":"TORNADO","severe":true,"state":"Marsala","precision":"ciudad","pais_iso3":"ITA","via":"GDELT GKG (nota traducida al inglés por GDELT); lugar mencionado en el texto"}},{"type":"Feature","geometry":{"type":"Point","coordinates":[12.704,37.852]},"properties":{"title":"Trapani: una tromba d'aria ha danneggiato abitazioni e una scuola","url":"https://www.dialessandria.it/attualita/tromba-daria-nel-trapanese-danneggiate-abitazioni-e-una-scuola/304685.html","source":"dialessandria.it","date":"2026-10-09T11:30:00Z","kind":"TORNADO","severe":false,"state":"Trapani","precision":"estado","pais_iso3":"ITA","via":"GDELT GKG (nota traducida al inglés por GDELT); lugar mencionado en el texto"}},{"type":"Feature","geometry":{"type":"Point","coordinates":[12.704,37.852]},"properties":{"title":"Doppia tromba marina nel Trapanese | colpita una scuola a Marsala sbalzata un' auto a Petrosino","url":"https://www.zazoom.it/2026-10-09/doppia-tromba-marina-nel-trapanese-colpita-una-scuola-a-marsala-sbalzata-unauto-a-petrosino-diversi-feriti-tra-cui-bambini/19778004/","source":"zazoom.it","date":"2026-10-09T11:30:00Z","kind":"TROMBA MARINA","severe":false,"state":"Trapani","precision":"estado","pais_iso3":"ITA","via":"GDELT GKG (nota traducida al inglés por GDELT); lugar mencionado en el texto"}},{"type":"Feature","geometry":{"type":"Point","coordinates":[12.439,37.805]},"properties":{"title":"Paura a Marsala, tromba d'aria e doppio vortice sul mare: scuole danneggiate, auto ribaltate e feriti","url":"https://www.lasicilia.it/news/cronaca/3080143/paura-a-marsala-tromba-d-aria-e-doppio-vortice-sul-mare-scuole-danneggiate-auto-ribaltate-e-feriti.html","source":"lasicilia.it","date":"2026-10-09T11:30:00Z","kind":"TORNADO","severe":true,"state":"Marsala","precision":"ciudad","pais_iso3":"ITA","via":"GDELT GKG (nota traducida al inglés por GDELT); lugar mencionado en el texto"}},{"type":"Feature","geometry":{"type":"Point","coordinates":[12.439,37.805]},"properties":{"title":"Trombe marine a Marsala, sei bambini feriti a scuola e un'auto nel burrone a Petrosino","url":"https://www.zazoom.it/news-notizia/post/985084/2026-10-09-trombe-marine-marsala-sei-bambini-feriti-scuola-auto-burrone-petrosino-13-05/","source":"zazoom.it","date":"2026-10-09T11:30:00Z","kind":"TROMBA MARINA","severe":true,"state":"Marsala","precision":"ciudad","pais_iso3":"ITA","via":"GDELT GKG (nota traducida al inglés por GDELT); lugar mencionado en el texto"}},{"type":"Feature","geometry":{"type":"Point","coordinates":[14.217,37.523]},"properties":{"title":"Devastating waterspout tears through Sicily overturning cars and damaging school","url":"https://metro.co.uk/2026/10/09/devastating-waterspout-tears-sicily-overturning-cars-damaging-school-29694838/","source":"metro.co.uk","date":"2026-10-09T11:15:00Z","kind":"TROMBA MARINA","severe":true,"state":"Sicily","precision":"estado","pais_iso3":"ITA","via":"GDELT GKG (nota en inglés); lugar mencionado en el texto"}},{"type":"Feature","geometry":{"type":"Point","coordinates":[12.704,37.852]},"properties":{"title":"Tromba d'aria nel Trapanese: 9 persone al pronto soccorso, 4 sono bambini – il Giornale","url":"https://www.ilgiornale.it/news/meteo-e-clima/tromba-daria-nel-trapanese-9-persone-al-pronto-soccorso-4-sono-bambini/","source":"ilgiornale.it","date":"2026-10-09T11:15:00Z","kind":"TORNADO","severe":false,"state":"Trapani","precision":"estado","pais_iso3":"ITA","via":"GDELT GKG (nota traducida al inglés por GDELT); lugar mencionado en el texto"}},{"type":"Feature","geometry":{"type":"Point","coordinates":[12.439,37.805]},"properties":{"title":"Doppia tromba d'aria a Marsala. Danni e feriti sul suo tragitto. Colpita anche una scuola","url":"https://www.quotidiano.net/cronaca/doppia-tromba-daria-marsala-danni-e-feriti-dxvyogft","source":"quotidiano.net","date":"2026-10-09T11:15:00Z","kind":"TORNADO","severe":true,"state":"Marsala","precision":"ciudad","pais_iso3":"ITA","via":"GDELT GKG (nota traducida al inglés por GDELT); lugar mencionado en el texto"}},{"type":"Feature","geometry":{"type":"Point","coordinates":[12.439,37.805]},"properties":{"title":"Maltempo, doppia tromba d'aria a Marsala: danni e feriti, in ospedale anche 4 bambini. Temporali e strade sott'acqua da Napoli a Cremona","url":"https://www.ilgazzettino.it/italia/primopiano/maltempo_tromba_aria_marsala_nubifragi_temporali_dove_napoli_cremona-9814222.html","source":"ilgazzettino.it","date":"2026-10-09T11:15:00Z","kind":"TORNADO","severe":true,"state":"Marsala","precision":"ciudad","pais_iso3":"ITA","via":"GDELT GKG (nota traducida al inglés por GDELT); lugar mencionado en el texto"}},{"type":"Feature","geometry":{"type":"Point","coordinates":[12.439,37.805]},"properties":{"title":"Doppia tromba d'aria a Marsala, danni e feriti. Il maltempo continua a imperversare sull'Italia","url":"https://www.ilsole24ore.com/art/doppia-tromba-d-aria-marsala-danni-e-feriti-maltempo-continua-imperversare-sull-italia-AJQp1VeB","source":"ilsole24ore.com","date":"2026-10-09T11:15:00Z","kind":"TORNADO","severe":true,"state":"Marsala","precision":"ciudad","pais_iso3":"ITA","via":"GDELT GKG (nota traducida al inglés por GDELT); lugar mencionado en el texto"}},{"type":"Feature","geometry":{"type":"Point","coordinates":[12.704,37.852]},"properties":{"title":"Tromba d'aria nel Trapanese | devastata una scuola a Marsala la situazione dei feriti è sotto controllo","url":"https://www.zazoom.it/2026-10-09/tromba-daria-nel-trapanese-devastata-una-scuola-a-marsala-la-situazione-dei-feriti-e-sotto-controllo/19777955/","source":"zazoom.it","date":"2026-10-09T11:15:00Z","kind":"TORNADO","severe":true,"state":"Trapani","precision":"estado","pais_iso3":"ITA","via":"GDELT GKG (nota traducida al inglés por GDELT); lugar mencionado en el texto"}},{"type":"Feature","geometry":{"type":"Point","coordinates":[12.704,37.852]},"properties":{"title":"Maltempo: doppia tromba marina nel Trapanese, danni e nove feriti - Notizie","url":"https://www.ansa.it/sito/notizie/cronaca/2026/10/09/maltempo-doppia-tromba-marina-nel-trapanese-danni-e-nove-feriti_8a1fb1c3-e77d-44de-ad4a-f0d636c72330.html","source":"ansa.it","date":"2026-10-09T11:15:00Z","kind":"TROMBA MARINA","severe":true,"state":"Trapani","precision":"estado","pais_iso3":"ITA","via":"GDELT GKG (nota traducida al inglés por GDELT); lugar mencionado en el texto"}},{"type":"Feature","geometry":{"type":"Point","coordinates":[12.439,37.805]},"properties":{"title":"Sicily tornado LIVE: Huge weather event rocks Marsala | World | News","url":"https://www.express.co.uk/news/world/2255777/sicily-tornado-live-marsala-injuries-damage","source":"express.co.uk","date":"2026-10-09T10:45:00Z","kind":"TORNADO","severe":false,"state":"Marsala","precision":"ciudad","pais_iso3":"ITA","via":"GDELT GKG (nota en inglés); lugar mencionado en el texto"}},{"type":"Feature","geometry":{"type":"Point","coordinates":[12.704,37.852]},"properties":{"title":"Tromba d'aria nel Trapanese | devastata una scuola a Marsala ci sono feriti","url":"https://www.zazoom.it/2026-10-09/tromba-daria-nel-trapanese-devastata-una-scuola-a-marsala-ci-sono-feriti/19777677/","source":"zazoom.it","date":"2026-10-09T10:30:00Z","kind":"TORNADO","severe":true,"state":"Trapani","precision":"estado","pais_iso3":"ITA","via":"GDELT GKG (nota traducida al inglés por GDELT); lugar mencionado en el texto"}},{"type":"Feature","geometry":{"type":"Point","coordinates":[12.704,37.852]},"properties":{"title":"Tromba d'aria nel Trapanese | devastata una scuola a Marsala ci sono feriti e un disperso","url":"https://www.zazoom.it/2026-10-09/tromba-daria-nel-trapanese-devastata-una-scuola-a-marsala-ci-sono-feriti-e-un-disperso/19777632/","source":"zazoom.it","date":"2026-10-09T10:15:00Z","kind":"TORNADO","severe":true,"state":"Trapani","precision":"estado","pais_iso3":"ITA","via":"GDELT GKG (nota traducida al inglés por GDELT); lugar mencionado en el texto"}},{"type":"Feature","geometry":{"type":"Point","coordinates":[12.439,37.805]},"properties":{"title":"Tromba d'aria devasta Marsala auto ribaltate e danni agli edifici","url":"https://www.zazoom.it/2026-10-09/tromba-daria-devasta-marsala-auto-ribaltate-e-danni-agli-edifici-ci-sono-feriti/19777612/","source":"zazoom.it","date":"2026-10-09T10:15:00Z","kind":"TORNADO","severe":true,"state":"Marsala","precision":"ciudad","pais_iso3":"ITA","via":"GDELT GKG (nota traducida al inglés por GDELT); lugar mencionado en el texto"}},{"type":"Feature","geometry":{"type":"Point","coordinates":[12.439,37.805]},"properties":{"title":"Maltempo, doppia tromba d'aria a Marsala: danni e feriti. Temporali e strade sott'acqua da Napoli a Cremona","url":"https://www.ilgazzettino.it:443/italia/primopiano/maltempo_tromba_aria_marsala_nubifragi_temporali_dove_napoli_cremona-9814222.html","source":"ilgazzettino.it","date":"2026-10-09T10:15:00Z","kind":"TORNADO","severe":true,"state":"Marsala","precision":"ciudad","pais_iso3":"ITA","via":"GDELT GKG (nota traducida al inglés por GDELT); lugar mencionado en el texto"}},{"type":"Feature","geometry":{"type":"Point","coordinates":[12.439,37.805]},"properties":{"title":"Sicily tornado live: Marsala hit by freak weather as residents describe moment of 'hell'","url":"https://www.mirror.co.uk/news/world-news/sicily-tornado-marsala-weather-live-37752977","source":"mirror.co.uk","date":"2026-10-09T10:00:00Z","kind":"TORNADO","severe":false,"state":"Marsala","precision":"ciudad","pais_iso3":"ITA","via":"GDELT GKG (nota en inglés); lugar mencionado en el texto"}},{"type":"Feature","geometry":{"type":"Point","coordinates":[12.439,37.805]},"properties":{"title":"Maltempo: doppio tornado in Sicilia, gravi danni e feriti. Le immagini impressionanti da Marsala.","url":"https://www.inmeteo.net/2026/10/09/maltempo-doppio-tornado-in-sicilia-gravi-danni-e-feriti-le-immagini-impressionanti-da-marsala/","source":"inmeteo.net","date":"2026-10-09T10:00:00Z","kind":"TORNADO","severe":true,"state":"Marsala","precision":"ciudad","pais_iso3":"ITA","via":"GDELT GKG (nota traducida al inglés por GDELT); lugar mencionado en el texto"}},{"type":"Feature","geometry":{"type":"Point","coordinates":[12.439,37.805]},"properties":{"title":"Doppia tromba d'aria a Marsala | auto ribaltate case danneggiate e feriti colpita anche una scuola","url":"https://www.zazoom.it/2026-10-09/doppia-tromba-daria-a-marsala-auto-ribaltate-case-danneggiate-e-feriti-colpita-anche-una-scuola/19777528/","source":"zazoom.it","date":"2026-10-09T10:00:00Z","kind":"TORNADO","severe":true,"state":"Marsala","precision":"ciudad","pais_iso3":"ITA","via":"GDELT GKG (nota traducida al inglés por GDELT); lugar mencionado en el texto"}},{"type":"Feature","geometry":{"type":"Point","coordinates":[12.704,37.852]},"properties":{"title":"Tromba d'aria nel Trapanese, devastazione a Petrosino","url":"https://trapani.gds.it/articoli/cronaca/2026/10/09/tromba-daria-nel-trapanese-devastazione-a-petrosino-3d1f80e2-911e-4380-b0dc-f745e04be1da/","source":"trapani.gds.it","date":"2026-10-09T10:00:00Z","kind":"TORNADO","severe":true,"state":"Trapani","precision":"estado","pais_iso3":"ITA","via":"GDELT GKG (nota traducida al inglés por GDELT); lugar mencionado en el texto"}},{"type":"Feature","geometry":{"type":"Point","coordinates":[12.439,37.805]},"properties":{"title":"Tromba d'aria devasta Marsala, ci sono dei feriti [VIDEO]","url":"https://trapanioggi.it/tromba-daria-devasta-marsala-ci-sono-dei-feriti/","source":"trapanioggi.it","date":"2026-10-09T09:45:00Z","kind":"TORNADO","severe":true,"state":"Marsala","precision":"ciudad","pais_iso3":"ITA","via":"GDELT GKG (nota traducida al inglés por GDELT); lugar mencionado en el texto"}},{"type":"Feature","geometry":{"type":"Point","coordinates":[12.439,37.805]},"properties":{"title":"Doppia tromba marina nel Trapanese | colpita una scuola a Marsala diversi feriti | Sbalzata un' auto a Petrosino","url":"https://www.zazoom.it/2026-10-09/doppia-tromba-marina-nel-trapanese-colpita-una-scuola-a-marsala-diversi-feriti-sbalzata-unauto-a-petrosino-occupanti-in-ospedale/19777479/","source":"zazoom.it","date":"2026-10-09T09:45:00Z","kind":"TROMBA MARINA","severe":true,"state":"Marsala","precision":"ciudad","pais_iso3":"ITA","via":"GDELT GKG (nota traducida al inglés por GDELT); lugar mencionado en el texto"}},{"type":"Feature","geometry":{"type":"Point","coordinates":[12.704,37.852]},"properties":{"title":"Doppia tromba marina nel Trapanese | danni e feriti","url":"https://www.zazoom.it/2026-10-09/doppia-tromba-marina-nel-trapanese-danni-e-feriti/19777299/","source":"zazoom.it","date":"2026-10-09T09:00:00Z","kind":"TROMBA MARINA","severe":true,"state":"Trapani","precision":"estado","pais_iso3":"ITA","via":"GDELT GKG (nota traducida al inglés por GDELT); lugar mencionado en el texto"}}]}