{"type":"FeatureCollection","features":[{"type":"Feature","geometry":{"type":"Polygon","coordinates":[[[97.0,19.0],[98.0,19.0],[98.0,20.0],[97.0,20.0],[97.0,19.0]]]},"properties":{"id":"ucdp:97_19","n":"Disputa: KNPP, SCEF","st":"conflicto_disputa","p":"Myanmar (Burma)","x":"25 eventos · 53 muertes estimadas","color":"#4D4D4D","actores":"[[\"KNPP\", 55], [\"SCEF\", 22], [\"NUG\", 13], [\"PSLF\", 10]]","eventos":25,"muertes":53,"ultima":"2026-08-11","z":1}},{"type":"Feature","geometry":{"type":"Polygon","coordinates":[[[13.0,11.0],[14.0,11.0],[14.0,12.0],[13.0,12.0],[13.0,11.0]]]},"properties":{"id":"ucdp:13_11","n":"Disputa: IS, JAS","st":"conflicto_disputa","p":"Nigeria","x":"280 eventos · 1426 muertes estimadas","color":"#4D4D4D","actores":"[[\"IS\", 49], [\"JAS\", 36], [\"XXX475\", 15], [\"Comités locaux de vigilance\", 0]]","eventos":280,"muertes":1426,"ultima":"2026-08-28","z":1}},{"type":"Feature","geometry":{"type":"Polygon","coordinates":[[[92.0,20.0],[93.0,20.0],[93.0,21.0],[92.0,21.0],[92.0,20.0]]]},"properties":{"id":"ucdp:92_20","n":"ULA","st":"conflicto_dominio","p":"Myanmar (Burma)","x":"31 eventos · 112 muertes estimadas","color":"#7f8c8d","actores":"[[\"ULA\", 99], [\"XXX771\", 1]]","eventos":31,"muertes":112,"ultima":"2026-07-02","z":1}},{"type":"Feature","geometry":{"type":"Polygon","coordinates":[[[29.0,-2.0],[30.0,-2.0],[30.0,-1.0],[29.0,-1.0],[29.0,-2.0]]]},"properties":{"id":"ucdp:29_-2","n":"AFC","st":"conflicto_dominio","p":"DR Congo (Zaire)","x":"285 eventos · 4510 muertes estimadas","color":"#B7950B","actores":"[[\"AFC\", 93], [\"VDP\", 5], [\"FDLR-FOCA\", 2], [\"FDLR-FOCA, VDP\", 0]]","eventos":285,"muertes":4510,"ultima":"2026-08-27","z":1}},{"type":"Feature","geometry":{"type":"Polygon","coordinates":[[[65.0,34.0],[66.0,34.0],[66.0,35.0],[65.0,35.0],[65.0,34.0]]]},"properties":{"id":"ucdp:65_34","n":"IS","st":"conflicto_dominio","p":"Afghanistan","x":"4 eventos · 8 muertes estimadas","color":"#2471A3","actores":"[[\"IS\", 92], [\"AUF\", 8]]","eventos":4,"muertes":8,"ultima":"2026-08-31","z":1}},{"type":"Feature","geometry":{"type":"Polygon","coordinates":[[[95.0,23.0],[96.0,23.0],[96.0,24.0],[95.0,24.0],[95.0,23.0]]]},"properties":{"id":"ucdp:95_23","n":"Disputa: NUG, KIO","st":"conflicto_disputa","p":"Myanmar (Burma)","x":"32 eventos · 103 muertes estimadas","color":"#4D4D4D","actores":"[[\"NUG\", 56], [\"KIO\", 30], [\"SCEF\", 15]]","eventos":32,"muertes":103,"ultima":"2026-08-20","z":1}},{"type":"Feature","geometry":{"type":"Polygon","coordinates":[[[95.0,22.0],[96.0,22.0],[96.0,23.0],[95.0,23.0],[95.0,22.0]]]},"properties":{"id":"ucdp:95_22","n":"NUG","st":"conflicto_dominio","p":"Myanmar (Burma)","x":"100 eventos · 380 muertes estimadas","color":"#784212","actores":"[[\"NUG\", 86], [\"SCEF\", 14]]","eventos":100,"muertes":380,"ultima":"2026-08-22","z":1}},{"type":"Feature","geometry":{"type":"Polygon","coordinates":[[[96.0,22.0],[97.0,22.0],[97.0,23.0],[96.0,23.0],[96.0,22.0]]]},"properties":{"id":"ucdp:96_22","n":"Disputa: PSLF, NUG","st":"conflicto_disputa","p":"Myanmar (Burma)","x":"100 eventos · 408 muertes estimadas","color":"#4D4D4D","actores":"[[\"PSLF\", 51], [\"NUG\", 48], [\"SCEF\", 1]]","eventos":100,"muertes":408,"ultima":"2026-08-16","z":1}},{"type":"Feature","geometry":{"type":"Polygon","coordinates":[[[9.0,5.0],[10.0,5.0],[10.0,6.0],[9.0,6.0],[9.0,5.0]]]},"properties":{"id":"ucdp:9_5","n":"Ambazonia insurgents","st":"conflicto_dominio","p":"Cameroon","x":"6 eventos · 10 muertes estimadas","color":"#7f8c8d","actores":"[[\"Ambazonia insurgents\", 100]]","eventos":6,"muertes":10,"ultima":"2026-08-02","z":1}},{"type":"Feature","geometry":{"type":"Polygon","coordinates":[[[10.0,6.0],[11.0,6.0],[11.0,7.0],[10.0,7.0],[10.0,6.0]]]},"properties":{"id":"ucdp:10_6","n":"Ambazonia insurgents","st":"conflicto_dominio","p":"Cameroon","x":"66 eventos · 180 muertes estimadas","color":"#7f8c8d","actores":"[[\"Ambazonia insurgents\", 100]]","eventos":66,"muertes":180,"ultima":"2026-08-28","z":1}},{"type":"Feature","geometry":{"type":"Polygon","coordinates":[[[-73.0,18.0],[-72.0,18.0],[-72.0,19.0],[-73.0,19.0],[-73.0,18.0]]]},"properties":{"id":"ucdp:-73_18","n":"Viv Ansanm","st":"conflicto_dominio","p":"Haiti","x":"243 eventos · 2961 muertes estimadas","color":"#21618C","actores":"[[\"Viv Ansanm\", 89], [\"Forces of Micanor Altes\", 7], [\"XXX41\", 4], [\"Nan Belekou gang\", 0]]","eventos":243,"muertes":2961,"ultima":"2026-08-23","z":1}},{"type":"Feature","geometry":{"type":"Polygon","coordinates":[[[1.0,18.0],[2.0,18.0],[2.0,19.0],[1.0,19.0],[1.0,18.0]]]},"properties":{"id":"ucdp:1_18","n":"FLA","st":"conflicto_dominio","p":"Mali","x":"39 eventos · 55 muertes estimadas","color":"#7f8c8d","actores":"[[\"FLA\", 70], [\"JNIM\", 29], [\"IS\", 1]]","eventos":39,"muertes":55,"ultima":"2026-08-09","z":1}},{"type":"Feature","geometry":{"type":"Polygon","coordinates":[[[-5.0,13.0],[-4.0,13.0],[-4.0,14.0],[-5.0,14.0],[-5.0,13.0]]]},"properties":{"id":"ucdp:-5_13","n":"JNIM","st":"conflicto_dominio","p":"Mali","x":"60 eventos · 295 muertes estimadas","color":"#D35400","actores":"[[\"JNIM\", 88], [\"Dan na Ambassagou\", 7], [\"Dozos (Mali)\", 5]]","eventos":60,"muertes":295,"ultima":"2026-08-09","z":1}},{"type":"Feature","geometry":{"type":"Polygon","coordinates":[[[-1.0,12.0],[0.0,12.0],[0.0,13.0],[-1.0,13.0],[-1.0,12.0]]]},"properties":{"id":"ucdp:-1_12","n":"JNIM","st":"conflicto_dominio","p":"Burkina Faso","x":"79 eventos · 401 muertes estimadas","color":"#D35400","actores":"[[\"JNIM\", 100]]","eventos":79,"muertes":401,"ultima":"2026-08-26","z":1}},{"type":"Feature","geometry":{"type":"Polygon","coordinates":[[[-4.0,11.0],[-3.0,11.0],[-3.0,12.0],[-4.0,12.0],[-4.0,11.0]]]},"properties":{"id":"ucdp:-4_11","n":"JNIM","st":"conflicto_dominio","p":"Burkina Faso","x":"3 eventos · 7 muertes estimadas","color":"#D35400","actores":"[[\"JNIM\", 100]]","eventos":3,"muertes":7,"ultima":"2025-03-30","z":1}},{"type":"Feature","geometry":{"type":"Polygon","coordinates":[[[-6.0,15.0],[-5.0,15.0],[-5.0,16.0],[-6.0,16.0],[-6.0,15.0]]]},"properties":{"id":"ucdp:-6_15","n":"JNIM","st":"conflicto_dominio","p":"Mali","x":"22 eventos · 206 muertes estimadas","color":"#D35400","actores":"[[\"JNIM\", 100]]","eventos":22,"muertes":206,"ultima":"2026-08-14","z":1}},{"type":"Feature","geometry":{"type":"Polygon","coordinates":[[[2.0,16.0],[3.0,16.0],[3.0,17.0],[2.0,17.0],[2.0,16.0]]]},"properties":{"id":"ucdp:2_16","n":"IS","st":"conflicto_dominio","p":"Mali","x":"14 eventos · 58 muertes estimadas","color":"#2471A3","actores":"[[\"IS\", 79], [\"JNIM\", 19], [\"MSA\", 1]]","eventos":14,"muertes":58,"ultima":"2026-06-26","z":1}},{"type":"Feature","geometry":{"type":"Polygon","coordinates":[[[97.0,18.0],[98.0,18.0],[98.0,19.0],[97.0,19.0],[97.0,18.0]]]},"properties":{"id":"ucdp:97_18","n":"KNPP","st":"conflicto_dominio","p":"Myanmar (Burma)","x":"21 eventos · 77 muertes estimadas","color":"#7f8c8d","actores":"[[\"KNPP\", 72], [\"KNU\", 23], [\"SCEF\", 4]]","eventos":21,"muertes":77,"ultima":"2026-08-06","z":1}},{"type":"Feature","geometry":{"type":"Polygon","coordinates":[[[97.0,17.0],[98.0,17.0],[98.0,18.0],[97.0,18.0],[97.0,17.0]]]},"properties":{"id":"ucdp:97_17","n":"KNU","st":"conflicto_dominio","p":"Myanmar (Burma)","x":"26 eventos · 37 muertes estimadas","color":"#7f8c8d","actores":"[[\"KNU\", 86], [\"SCEF\", 14]]","eventos":26,"muertes":37,"ultima":"2026-08-05","z":1}},{"type":"Feature","geometry":{"type":"Polygon","coordinates":[[[25.0,13.0],[26.0,13.0],[26.0,14.0],[25.0,14.0],[25.0,13.0]]]},"properties":{"id":"ucdp:25_13","n":"SFA","st":"conflicto_dominio","p":"Sudan","x":"333 eventos · 66866 muertes estimadas","color":"#C0392B","actores":"[[\"SFA\", 98], [\"RSF\", 2], [\"Arab\", 0], [\"Zaghawa\", 0]]","eventos":333,"muertes":66866,"ultima":"2026-08-03","z":1}},{"type":"Feature","geometry":{"type":"Polygon","coordinates":[[[37.0,11.0],[38.0,11.0],[38.0,12.0],[37.0,12.0],[37.0,11.0]]]},"properties":{"id":"ucdp:37_11","n":"Fano","st":"conflicto_dominio","p":"Ethiopia","x":"109 eventos · 1604 muertes estimadas","color":"#6C3483","actores":"[[\"Fano\", 100]]","eventos":109,"muertes":1604,"ultima":"2026-08-27","z":1}},{"type":"Feature","geometry":{"type":"Polygon","coordinates":[[[-74.0,0.0],[-73.0,0.0],[-73.0,1.0],[-74.0,1.0],[-74.0,0.0]]]},"properties":{"id":"ucdp:-74_0","n":"Disputa: FARC-EMC, ELN","st":"conflicto_disputa","p":"Colombia","x":"3 eventos · 26 muertes estimadas","color":"#4D4D4D","actores":"[[\"FARC-EMC\", 69], [\"ELN\", 31]]","eventos":3,"muertes":26,"ultima":"2025-12-22","z":1}},{"type":"Feature","geometry":{"type":"Polygon","coordinates":[[[97.0,22.0],[98.0,22.0],[98.0,23.0],[97.0,23.0],[97.0,22.0]]]},"properties":{"id":"ucdp:97_22","n":"PSLF","st":"conflicto_dominio","p":"Myanmar (Burma)","x":"16 eventos · 56 muertes estimadas","color":"#7f8c8d","actores":"[[\"PSLF\", 94], [\"MNDAA\", 6]]","eventos":16,"muertes":56,"ultima":"2025-10-18","z":1}},{"type":"Feature","geometry":{"type":"Polygon","coordinates":[[[31.0,12.0],[32.0,12.0],[32.0,13.0],[31.0,13.0],[31.0,12.0]]]},"properties":{"id":"ucdp:31_12","n":"SFA","st":"conflicto_dominio","p":"Sudan","x":"12 eventos · 51 muertes estimadas","color":"#C0392B","actores":"[[\"SFA\", 75], [\"RSF\", 25]]","eventos":12,"muertes":51,"ultima":"2026-08-28","z":1}},{"type":"Feature","geometry":{"type":"Polygon","coordinates":[[[22.0,14.0],[23.0,14.0],[23.0,15.0],[22.0,15.0],[22.0,14.0]]]},"properties":{"id":"ucdp:22_14","n":"RSF","st":"conflicto_dominio","p":"Sudan","x":"6 eventos · 65 muertes estimadas","color":"#196F3D","actores":"[[\"RSF\", 89], [\"SFA\", 6], [\"Tama\", 3], [\"Zaghawa\", 3]]","eventos":6,"muertes":65,"ultima":"2026-06-27","z":1}},{"type":"Feature","geometry":{"type":"Polygon","coordinates":[[[29.0,12.0],[30.0,12.0],[30.0,13.0],[29.0,13.0],[29.0,12.0]]]},"properties":{"id":"ucdp:29_12","n":"SFA","st":"conflicto_dominio","p":"Sudan","x":"93 eventos · 739 muertes estimadas","color":"#C0392B","actores":"[[\"SFA\", 98], [\"RSF\", 2]]","eventos":93,"muertes":739,"ultima":"2026-08-28","z":1}},{"type":"Feature","geometry":{"type":"Polygon","coordinates":[[[-101.0,20.0],[-100.0,20.0],[-100.0,21.0],[-101.0,21.0],[-101.0,20.0]]]},"properties":{"id":"ucdp:-101_20","n":"Disputa: Jalisco Cartel New Generation, Santa Rosa de Lima Cartel","st":"conflicto_disputa","p":"Mexico","x":"604 eventos · 550 muertes estimadas","color":"#4D4D4D","actores":"[[\"Jalisco Cartel New Generation\", 49], [\"Santa Rosa de Lima Cartel\", 49], [\"XXX70\", 2], [\"Juarez Cartel\", 0]]","eventos":604,"muertes":550,"ultima":"2026-08-31","z":1}},{"type":"Feature","geometry":{"type":"Polygon","coordinates":[[[-102.0,20.0],[-101.0,20.0],[-101.0,21.0],[-102.0,21.0],[-102.0,20.0]]]},"properties":{"id":"ucdp:-102_20","n":"Disputa: Jalisco Cartel New Generation, Santa Rosa de Lima Cartel","st":"conflicto_disputa","p":"Mexico","x":"399 eventos · 446 muertes estimadas","color":"#4D4D4D","actores":"[[\"Jalisco Cartel New Generation\", 49], [\"Santa Rosa de Lima Cartel\", 49], [\"XXX70\", 2], [\"Sinaloa Cartel\", 0]]","eventos":399,"muertes":446,"ultima":"2026-08-31","z":1}},{"type":"Feature","geometry":{"type":"Polygon","coordinates":[[[32.0,15.0],[33.0,15.0],[33.0,16.0],[32.0,16.0],[32.0,15.0]]]},"properties":{"id":"ucdp:32_15","n":"Disputa: RSF, SFA","st":"conflicto_disputa","p":"Sudan","x":"69 eventos · 1030 muertes estimadas","color":"#4D4D4D","actores":"[[\"RSF\", 55], [\"SFA\", 45]]","eventos":69,"muertes":1030,"ultima":"2026-07-08","z":1}},{"type":"Feature","geometry":{"type":"Polygon","coordinates":[[[-36.0,-10.0],[-35.0,-10.0],[-35.0,-9.0],[-36.0,-9.0],[-36.0,-10.0]]]},"properties":{"id":"ucdp:-36_-10","n":"Disputa: Comando Vermelho, PCC","st":"conflicto_disputa","p":"Brazil","x":"17 eventos · 22 muertes estimadas","color":"#4D4D4D","actores":"[[\"Comando Vermelho\", 50], [\"PCC\", 50]]","eventos":17,"muertes":22,"ultima":"2024-12-24","z":1}},{"type":"Feature","geometry":{"type":"Polygon","coordinates":[[[-37.0,-10.0],[-36.0,-10.0],[-36.0,-9.0],[-37.0,-9.0],[-37.0,-10.0]]]},"properties":{"id":"ucdp:-37_-10","n":"Disputa: Comando Vermelho, PCC","st":"conflicto_disputa","p":"Brazil","x":"9 eventos · 9 muertes estimadas","color":"#4D4D4D","actores":"[[\"Comando Vermelho\", 50], [\"PCC\", 50]]","eventos":9,"muertes":9,"ultima":"2024-12-15","z":1}},{"type":"Feature","geometry":{"type":"Polygon","coordinates":[[[64.0,35.0],[65.0,35.0],[65.0,36.0],[64.0,36.0],[64.0,35.0]]]},"properties":{"id":"ucdp:64_35","n":"Disputa: IS, AFF","st":"conflicto_disputa","p":"Afghanistan","x":"5 eventos · 4 muertes estimadas","color":"#4D4D4D","actores":"[[\"IS\", 56], [\"AFF\", 33], [\"NRF\", 11]]","eventos":5,"muertes":4,"ultima":"2026-01-01","z":1}},{"type":"Feature","geometry":{"type":"Polygon","coordinates":[[[69.0,35.0],[70.0,35.0],[70.0,36.0],[69.0,36.0],[69.0,35.0]]]},"properties":{"id":"ucdp:69_35","n":"NRF","st":"conflicto_dominio","p":"Afghanistan","x":"19 eventos · 31 muertes estimadas","color":"#7f8c8d","actores":"[[\"NRF\", 70], [\"IS\", 26], [\"AFF\", 2], [\"AUF\", 2]]","eventos":19,"muertes":31,"ultima":"2026-08-27","z":1}},{"type":"Feature","geometry":{"type":"Polygon","coordinates":[[[69.0,34.0],[70.0,34.0],[70.0,35.0],[69.0,35.0],[69.0,34.0]]]},"properties":{"id":"ucdp:69_34","n":"Disputa: IS, AFF","st":"conflicto_disputa","p":"Afghanistan","x":"39 eventos · 38 muertes estimadas","color":"#4D4D4D","actores":"[[\"IS\", 36], [\"AFF\", 25], [\"NRF\", 21], [\"TTP\", 17]]","eventos":39,"muertes":38,"ultima":"2026-08-10","z":1}},{"type":"Feature","geometry":{"type":"Polygon","coordinates":[[[70.0,34.0],[71.0,34.0],[71.0,35.0],[70.0,35.0],[70.0,34.0]]]},"properties":{"id":"ucdp:70_34","n":"Disputa: IS, TTP","st":"conflicto_disputa","p":"Afghanistan","x":"15 eventos · 67 muertes estimadas","color":"#4D4D4D","actores":"[[\"IS\", 70], [\"TTP\", 26], [\"NRF\", 5]]","eventos":15,"muertes":67,"ultima":"2026-08-28","z":1}},{"type":"Feature","geometry":{"type":"Polygon","coordinates":[[[95.0,21.0],[96.0,21.0],[96.0,22.0],[95.0,22.0],[95.0,21.0]]]},"properties":{"id":"ucdp:95_21","n":"NUG","st":"conflicto_dominio","p":"Myanmar (Burma)","x":"130 eventos · 447 muertes estimadas","color":"#784212","actores":"[[\"NUG\", 81], [\"SCEF\", 18], [\"ULA\", 1]]","eventos":130,"muertes":447,"ultima":"2026-08-21","z":1}},{"type":"Feature","geometry":{"type":"Polygon","coordinates":[[[-118.0,32.0],[-117.0,32.0],[-117.0,33.0],[-118.0,33.0],[-118.0,32.0]]]},"properties":{"id":"ucdp:-118_32","n":"Disputa: Sinaloa Cartel, Jalisco Cartel New Generation","st":"conflicto_disputa","p":"Mexico","x":"501 eventos · 368 muertes estimadas","color":"#4D4D4D","actores":"[[\"Sinaloa Cartel\", 32], [\"Jalisco Cartel New Generation\", 32], [\"Sinaloa Cartel - Los Mayos\", 17], [\"Jalisco Cartel New Generation, Sinaloa Cartel - Los Chapitos\", 17]]","eventos":501,"muertes":368,"ultima":"2026-08-16","z":1}},{"type":"Feature","geometry":{"type":"Polygon","coordinates":[[[34.0,13.0],[35.0,13.0],[35.0,14.0],[34.0,14.0],[34.0,13.0]]]},"properties":{"id":"ucdp:34_13","n":"RSF","st":"conflicto_dominio","p":"Sudan","x":"3 eventos · 136 muertes estimadas","color":"#196F3D","actores":"[[\"RSF\", 100]]","eventos":3,"muertes":136,"ultima":"2024-10-21","z":1}},{"type":"Feature","geometry":{"type":"Polygon","coordinates":[[[27.0,13.0],[28.0,13.0],[28.0,14.0],[27.0,14.0],[27.0,13.0]]]},"properties":{"id":"ucdp:27_13","n":"SFA","st":"conflicto_dominio","p":"Sudan","x":"8 eventos · 38 muertes estimadas","color":"#C0392B","actores":"[[\"SFA\", 83], [\"RSF\", 17]]","eventos":8,"muertes":38,"ultima":"2026-06-08","z":1}},{"type":"Feature","geometry":{"type":"Polygon","coordinates":[[[27.0,11.0],[28.0,11.0],[28.0,12.0],[27.0,12.0],[27.0,11.0]]]},"properties":{"id":"ucdp:27_11","n":"SFA","st":"conflicto_dominio","p":"Sudan","x":"41 eventos · 598 muertes estimadas","color":"#C0392B","actores":"[[\"SFA\", 98], [\"XXX625\", 1], [\"RSF\", 0]]","eventos":41,"muertes":598,"ultima":"2026-06-04","z":1}},{"type":"Feature","geometry":{"type":"Polygon","coordinates":[[[25.0,14.0],[26.0,14.0],[26.0,15.0],[25.0,15.0],[25.0,14.0]]]},"properties":{"id":"ucdp:25_14","n":"Disputa: RSF, SFA","st":"conflicto_disputa","p":"Sudan","x":"22 eventos · 151 muertes estimadas","color":"#4D4D4D","actores":"[[\"RSF\", 51], [\"SFA\", 49]]","eventos":22,"muertes":151,"ultima":"2026-08-15","z":1}},{"type":"Feature","geometry":{"type":"Polygon","coordinates":[[[33.0,14.0],[34.0,14.0],[34.0,15.0],[33.0,15.0],[33.0,14.0]]]},"properties":{"id":"ucdp:33_14","n":"Disputa: RSF, SFA","st":"conflicto_disputa","p":"Sudan","x":"40 eventos · 727 muertes estimadas","color":"#4D4D4D","actores":"[[\"RSF\", 69], [\"SFA\", 31]]","eventos":40,"muertes":727,"ultima":"2026-05-02","z":1}},{"type":"Feature","geometry":{"type":"Polygon","coordinates":[[[31.0,13.0],[32.0,13.0],[32.0,14.0],[31.0,14.0],[31.0,13.0]]]},"properties":{"id":"ucdp:31_13","n":"RSF","st":"conflicto_dominio","p":"Sudan","x":"7 eventos · 49 muertes estimadas","color":"#196F3D","actores":"[[\"RSF\", 73], [\"SFA\", 27]]","eventos":7,"muertes":49,"ultima":"2026-06-11","z":1}},{"type":"Feature","geometry":{"type":"Polygon","coordinates":[[[94.0,24.0],[95.0,24.0],[95.0,25.0],[94.0,25.0],[94.0,24.0]]]},"properties":{"id":"ucdp:94_24","n":"Disputa: NUG, NSCN-IM","st":"conflicto_disputa","p":"India","x":"12 eventos · 39 muertes estimadas","color":"#4D4D4D","actores":"[[\"NUG\", 33], [\"NSCN-IM\", 25], [\"KNA\", 11], [\"NSCN-IM-E\", 11]]","eventos":12,"muertes":39,"ultima":"2026-08-11","z":1}},{"type":"Feature","geometry":{"type":"Polygon","coordinates":[[[94.0,21.0],[95.0,21.0],[95.0,22.0],[94.0,22.0],[94.0,21.0]]]},"properties":{"id":"ucdp:94_21","n":"NUG","st":"conflicto_dominio","p":"Myanmar (Burma)","x":"78 eventos · 188 muertes estimadas","color":"#784212","actores":"[[\"NUG\", 88], [\"SCEF\", 12]]","eventos":78,"muertes":188,"ultima":"2026-08-15","z":1}},{"type":"Feature","geometry":{"type":"Polygon","coordinates":[[[-76.0,1.0],[-75.0,1.0],[-75.0,2.0],[-76.0,2.0],[-76.0,1.0]]]},"properties":{"id":"ucdp:-76_1","n":"Disputa: EMBF, FARC - Segunda Marquetalia","st":"conflicto_disputa","p":"Colombia","x":"18 eventos · 23 muertes estimadas","color":"#4D4D4D","actores":"[[\"EMBF\", 49], [\"FARC - Segunda Marquetalia\", 30], [\"FARC-EMC\", 16], [\"XXX100\", 5]]","eventos":18,"muertes":23,"ultima":"2026-08-07","z":1}},{"type":"Feature","geometry":{"type":"Polygon","coordinates":[[[40.0,35.0],[41.0,35.0],[41.0,36.0],[40.0,36.0],[40.0,35.0]]]},"properties":{"id":"ucdp:40_35","n":"Disputa: IS, SDF","st":"conflicto_disputa","p":"Syria","x":"90 eventos · 149 muertes estimadas","color":"#4D4D4D","actores":"[[\"IS\", 42], [\"SDF\", 35], [\"XXX652\", 23]]","eventos":90,"muertes":149,"ultima":"2026-08-19","z":1}},{"type":"Feature","geometry":{"type":"Polygon","coordinates":[[[36.0,35.0],[37.0,35.0],[37.0,36.0],[36.0,36.0],[36.0,35.0]]]},"properties":{"id":"ucdp:36_35","n":"Disputa: Military Council for the Liberation of Syria, Syrian insurgents","st":"conflicto_disputa","p":"Syria","x":"101 eventos · 835 muertes estimadas","color":"#4D4D4D","actores":"[[\"Military Council for the Liberation of Syria\", 54], [\"Syrian insurgents\", 32], [\"XXX652\", 13], [\"IS\", 1]]","eventos":101,"muertes":835,"ultima":"2026-08-20","z":1}},{"type":"Feature","geometry":{"type":"Polygon","coordinates":[[[40.0,34.0],[41.0,34.0],[41.0,35.0],[40.0,35.0],[40.0,34.0]]]},"properties":{"id":"ucdp:40_34","n":"Disputa: IS, SDF","st":"conflicto_disputa","p":"Syria","x":"43 eventos · 61 muertes estimadas","color":"#4D4D4D","actores":"[[\"IS\", 57], [\"SDF\", 26], [\"XXX652\", 16]]","eventos":43,"muertes":61,"ultima":"2026-07-31","z":1}},{"type":"Feature","geometry":{"type":"Polygon","coordinates":[[[36.0,32.0],[37.0,32.0],[37.0,33.0],[36.0,33.0],[36.0,32.0]]]},"properties":{"id":"ucdp:36_32","n":"Disputa: Suwayda Military Council, Southern Tribes Gathering, Syrian Council of Tribes and Clans","st":"conflicto_disputa","p":"Syria","x":"52 eventos · 323 muertes estimadas","color":"#4D4D4D","actores":"[[\"Suwayda Military Council\", 35], [\"Southern Tribes Gathering, Syrian Council of Tribes and Clans\", 26], [\"XXX652\", 16], [\"Southern Tribes Gathering\", 9]]","eventos":52,"muertes":323,"ultima":"2026-08-29","z":1}},{"type":"Feature","geometry":{"type":"Polygon","coordinates":[[[37.0,36.0],[38.0,36.0],[38.0,37.0],[37.0,37.0],[37.0,36.0]]]},"properties":{"id":"ucdp:37_36","n":"Disputa: SDF, Syrian insurgents","st":"conflicto_disputa","p":"Syria","x":"139 eventos · 604 muertes estimadas","color":"#4D4D4D","actores":"[[\"SDF\", 40], [\"Syrian insurgents\", 25], [\"SNA\", 21], [\"XXX652\", 9]]","eventos":139,"muertes":604,"ultima":"2026-08-27","z":1}},{"type":"Feature","geometry":{"type":"Polygon","coordinates":[[[37.0,35.0],[38.0,35.0],[38.0,36.0],[37.0,36.0],[37.0,35.0]]]},"properties":{"id":"ucdp:37_35","n":"Syrian insurgents","st":"conflicto_dominio","p":"Syria","x":"25 eventos · 225 muertes estimadas","color":"#7f8c8d","actores":"[[\"Syrian insurgents\", 88], [\"XXX652\", 7], [\"IS\", 4]]","eventos":25,"muertes":225,"ultima":"2026-08-22","z":1}},{"type":"Feature","geometry":{"type":"Polygon","coordinates":[[[38.0,34.0],[39.0,34.0],[39.0,35.0],[38.0,35.0],[38.0,34.0]]]},"properties":{"id":"ucdp:38_34","n":"IS","st":"conflicto_dominio","p":"Syria","x":"18 eventos · 100 muertes estimadas","color":"#2471A3","actores":"[[\"IS\", 93], [\"XXX652\", 7]]","eventos":18,"muertes":100,"ultima":"2026-08-24","z":1}},{"type":"Feature","geometry":{"type":"Polygon","coordinates":[[[39.0,35.0],[40.0,35.0],[40.0,36.0],[39.0,36.0],[39.0,35.0]]]},"properties":{"id":"ucdp:39_35","n":"Disputa: IS, SDF","st":"conflicto_disputa","p":"Syria","x":"24 eventos · 58 muertes estimadas","color":"#4D4D4D","actores":"[[\"IS\", 43], [\"SDF\", 30], [\"XXX652\", 27]]","eventos":24,"muertes":58,"ultima":"2026-08-13","z":1}},{"type":"Feature","geometry":{"type":"Polygon","coordinates":[[[36.0,36.0],[37.0,36.0],[37.0,37.0],[36.0,37.0],[36.0,36.0]]]},"properties":{"id":"ucdp:36_36","n":"Syrian insurgents","st":"conflicto_dominio","p":"Syria","x":"40 eventos · 306 muertes estimadas","color":"#7f8c8d","actores":"[[\"Syrian insurgents\", 85], [\"XXX652\", 8], [\"SDF\", 3], [\"IS\", 2]]","eventos":40,"muertes":306,"ultima":"2026-08-20","z":1}},{"type":"Feature","geometry":{"type":"Polygon","coordinates":[[[26.0,13.0],[27.0,13.0],[27.0,14.0],[26.0,14.0],[26.0,13.0]]]},"properties":{"id":"ucdp:26_13","n":"Disputa: SFA, RSF","st":"conflicto_disputa","p":"Sudan","x":"27 eventos · 379 muertes estimadas","color":"#4D4D4D","actores":"[[\"SFA\", 60], [\"RSF\", 40]]","eventos":27,"muertes":379,"ultima":"2026-08-15","z":1}},{"type":"Feature","geometry":{"type":"Polygon","coordinates":[[[93.0,22.0],[94.0,22.0],[94.0,23.0],[93.0,23.0],[93.0,22.0]]]},"properties":{"id":"ucdp:93_22","n":"Disputa: CNF, SCEF","st":"conflicto_disputa","p":"Myanmar (Burma)","x":"15 eventos · 29 muertes estimadas","color":"#4D4D4D","actores":"[[\"CNF\", 52], [\"SCEF\", 25], [\"NUG\", 23]]","eventos":15,"muertes":29,"ultima":"2026-07-17","z":1}},{"type":"Feature","geometry":{"type":"Polygon","coordinates":[[[8.0,9.0],[9.0,9.0],[9.0,10.0],[8.0,10.0],[8.0,9.0]]]},"properties":{"id":"ucdp:8_9","n":"Disputa: XXX475, Fulani","st":"conflicto_disputa","p":"Nigeria","x":"160 eventos · 598 muertes estimadas","color":"#4D4D4D","actores":"[[\"XXX475\", 44], [\"Fulani\", 28], [\"Birom\", 15], [\"Irigwe\", 7]]","eventos":160,"muertes":598,"ultima":"2026-08-28","z":1}},{"type":"Feature","geometry":{"type":"Polygon","coordinates":[[[36.0,33.0],[37.0,33.0],[37.0,34.0],[36.0,34.0],[36.0,33.0]]]},"properties":{"id":"ucdp:36_33","n":"Disputa: Hezbollah, XXX652","st":"conflicto_disputa","p":"Syria","x":"108 eventos · 373 muertes estimadas","color":"#4D4D4D","actores":"[[\"Hezbollah\", 60], [\"XXX652\", 23], [\"Saraya Ansar al-Sunna\", 6], [\"PIJ\", 5]]","eventos":108,"muertes":373,"ultima":"2026-08-20","z":1}},{"type":"Feature","geometry":{"type":"Polygon","coordinates":[[[9.0,9.0],[10.0,9.0],[10.0,10.0],[9.0,10.0],[9.0,9.0]]]},"properties":{"id":"ucdp:9_9","n":"Disputa: Fulani, XXX475","st":"conflicto_disputa","p":"Nigeria","x":"41 eventos · 167 muertes estimadas","color":"#4D4D4D","actores":"[[\"Fulani\", 37], [\"XXX475\", 25], [\"Mwaghavul\", 16], [\"Mushere\", 9]]","eventos":41,"muertes":167,"ultima":"2026-08-17","z":1}},{"type":"Feature","geometry":{"type":"Polygon","coordinates":[[[94.0,20.0],[95.0,20.0],[95.0,21.0],[94.0,21.0],[94.0,20.0]]]},"properties":{"id":"ucdp:94_20","n":"Disputa: NUG, SCEF","st":"conflicto_disputa","p":"Myanmar (Burma)","x":"20 eventos · 71 muertes estimadas","color":"#4D4D4D","actores":"[[\"NUG\", 66], [\"SCEF\", 34]]","eventos":20,"muertes":71,"ultima":"2026-08-11","z":1}},{"type":"Feature","geometry":{"type":"Polygon","coordinates":[[[11.0,11.0],[12.0,11.0],[12.0,12.0],[11.0,12.0],[11.0,11.0]]]},"properties":{"id":"ucdp:11_11","n":"IS","st":"conflicto_dominio","p":"Nigeria","x":"28 eventos · 113 muertes estimadas","color":"#2471A3","actores":"[[\"IS\", 99], [\"Farmers (Nigeria)\", 1], [\"Herders (Nigeria)\", 1]]","eventos":28,"muertes":113,"ultima":"2026-07-21","z":1}},{"type":"Feature","geometry":{"type":"Polygon","coordinates":[[[14.0,12.0],[15.0,12.0],[15.0,13.0],[14.0,13.0],[14.0,12.0]]]},"properties":{"id":"ucdp:14_12","n":"IS","st":"conflicto_dominio","p":"Cameroon","x":"64 eventos · 327 muertes estimadas","color":"#2471A3","actores":"[[\"IS\", 88], [\"JAS\", 9], [\"Comités locaux de vigilance\", 2], [\"XXX471\", 1]]","eventos":64,"muertes":327,"ultima":"2026-07-29","z":1}},{"type":"Feature","geometry":{"type":"Polygon","coordinates":[[[38.0,36.0],[39.0,36.0],[39.0,37.0],[38.0,37.0],[38.0,36.0]]]},"properties":{"id":"ucdp:38_36","n":"Disputa: SDF, SNA","st":"conflicto_disputa","p":"Syria","x":"127 eventos · 486 muertes estimadas","color":"#4D4D4D","actores":"[[\"SDF\", 57], [\"SNA\", 35], [\"XXX652\", 5], [\"Syrian insurgents\", 2]]","eventos":127,"muertes":486,"ultima":"2026-07-22","z":1}},{"type":"Feature","geometry":{"type":"Polygon","coordinates":[[[37.0,10.0],[38.0,10.0],[38.0,11.0],[37.0,11.0],[37.0,10.0]]]},"properties":{"id":"ucdp:37_10","n":"Fano","st":"conflicto_dominio","p":"Ethiopia","x":"181 eventos · 700 muertes estimadas","color":"#6C3483","actores":"[[\"Fano\", 100]]","eventos":181,"muertes":700,"ultima":"2026-08-28","z":1}},{"type":"Feature","geometry":{"type":"Polygon","coordinates":[[[7.0,6.0],[8.0,6.0],[8.0,7.0],[7.0,7.0],[7.0,6.0]]]},"properties":{"id":"ucdp:7_6","n":"Disputa: IPOB, XXX475","st":"conflicto_disputa","p":"Nigeria","x":"33 eventos · 76 muertes estimadas","color":"#4D4D4D","actores":"[[\"IPOB\", 37], [\"XXX475\", 13], [\"Black Axe\", 11], [\"SVC\", 11]]","eventos":33,"muertes":76,"ultima":"2026-08-30","z":1}},{"type":"Feature","geometry":{"type":"Polygon","coordinates":[[[36.0,13.0],[37.0,13.0],[37.0,14.0],[36.0,14.0],[36.0,13.0]]]},"properties":{"id":"ucdp:36_13","n":"Fano","st":"conflicto_dominio","p":"Ethiopia","x":"6 eventos · 38 muertes estimadas","color":"#6C3483","actores":"[[\"Fano\", 100]]","eventos":6,"muertes":38,"ultima":"2026-02-04","z":1}},{"type":"Feature","geometry":{"type":"Polygon","coordinates":[[[28.0,-2.0],[29.0,-2.0],[29.0,-1.0],[28.0,-1.0],[28.0,-2.0]]]},"properties":{"id":"ucdp:28_-2","n":"Disputa: AFC, VDP","st":"conflicto_disputa","p":"DR Congo (Zaire)","x":"213 eventos · 907 muertes estimadas","color":"#4D4D4D","actores":"[[\"AFC\", 63], [\"VDP\", 32], [\"FDLR-FOCA\", 4], [\"Mayi Mayi Uhuru\", 0]]","eventos":213,"muertes":907,"ultima":"2026-08-17","z":1}},{"type":"Feature","geometry":{"type":"Polygon","coordinates":[[[39.0,34.0],[40.0,34.0],[40.0,35.0],[39.0,35.0],[39.0,34.0]]]},"properties":{"id":"ucdp:39_34","n":"IS","st":"conflicto_dominio","p":"Syria","x":"4 eventos · 23 muertes estimadas","color":"#2471A3","actores":"[[\"IS\", 91], [\"SDF\", 9]]","eventos":4,"muertes":23,"ultima":"2025-01-07","z":1}},{"type":"Feature","geometry":{"type":"Polygon","coordinates":[[[29.0,0.0],[30.0,0.0],[30.0,1.0],[29.0,1.0],[29.0,0.0]]]},"properties":{"id":"ucdp:29_0","n":"IS","st":"conflicto_dominio","p":"DR Congo (Zaire)","x":"153 eventos · 881 muertes estimadas","color":"#2471A3","actores":"[[\"IS\", 99], [\"VDP\", 1], [\"AFC\", 0], [\"XXX490\", 0]]","eventos":153,"muertes":881,"ultima":"2026-07-31","z":1}},{"type":"Feature","geometry":{"type":"Polygon","coordinates":[[[124.0,7.0],[125.0,7.0],[125.0,8.0],[124.0,8.0],[124.0,7.0]]]},"properties":{"id":"ucdp:124_7","n":"Disputa: IS, CPP","st":"conflicto_disputa","p":"Philippines","x":"17 eventos · 55 muertes estimadas","color":"#4D4D4D","actores":"[[\"IS\", 62], [\"CPP\", 14], [\"MILF\", 12], [\"XXX840\", 7]]","eventos":17,"muertes":55,"ultima":"2026-08-06","z":1}},{"type":"Feature","geometry":{"type":"Polygon","coordinates":[[[13.0,13.0],[14.0,13.0],[14.0,14.0],[13.0,14.0],[13.0,13.0]]]},"properties":{"id":"ucdp:13_13","n":"Disputa: IS, JAS","st":"conflicto_disputa","p":"Nigeria","x":"54 eventos · 971 muertes estimadas","color":"#4D4D4D","actores":"[[\"IS\", 58], [\"JAS\", 41], [\"XXX436\", 1]]","eventos":54,"muertes":971,"ultima":"2026-08-31","z":1}},{"type":"Feature","geometry":{"type":"Polygon","coordinates":[[[24.0,14.0],[25.0,14.0],[25.0,15.0],[24.0,15.0],[24.0,14.0]]]},"properties":{"id":"ucdp:24_14","n":"Disputa: RSF, SFA","st":"conflicto_disputa","p":"Sudan","x":"22 eventos · 255 muertes estimadas","color":"#4D4D4D","actores":"[[\"RSF\", 58], [\"SFA\", 42]]","eventos":22,"muertes":255,"ultima":"2026-08-31","z":1}},{"type":"Feature","geometry":{"type":"Polygon","coordinates":[[[5.0,19.0],[6.0,19.0],[6.0,20.0],[5.0,20.0],[5.0,19.0]]]},"properties":{"id":"ucdp:5_19","n":"JNIM","st":"conflicto_dominio","p":"Niger","x":"3 eventos · 23 muertes estimadas","color":"#D35400","actores":"[[\"JNIM\", 100]]","eventos":3,"muertes":23,"ultima":"2026-01-26","z":1}},{"type":"Feature","geometry":{"type":"Polygon","coordinates":[[[80.0,18.0],[81.0,18.0],[81.0,19.0],[80.0,19.0],[80.0,18.0]]]},"properties":{"id":"ucdp:80_18","n":"CPI-Maoist","st":"conflicto_dominio","p":"India","x":"50 eventos · 137 muertes estimadas","color":"#7f8c8d","actores":"[[\"CPI-Maoist\", 100]]","eventos":50,"muertes":137,"ultima":"2026-02-26","z":1}},{"type":"Feature","geometry":{"type":"Polygon","coordinates":[[[75.0,33.0],[76.0,33.0],[76.0,34.0],[75.0,34.0],[75.0,33.0]]]},"properties":{"id":"ucdp:75_33","n":"Kashmir insurgents","st":"conflicto_dominio","p":"India","x":"15 eventos · 24 muertes estimadas","color":"#7f8c8d","actores":"[[\"Kashmir insurgents\", 100]]","eventos":15,"muertes":24,"ultima":"2026-07-31","z":1}},{"type":"Feature","geometry":{"type":"Polygon","coordinates":[[[42.0,36.0],[43.0,36.0],[43.0,37.0],[42.0,37.0],[42.0,36.0]]]},"properties":{"id":"ucdp:42_36","n":"Disputa: SDF, SNA","st":"conflicto_disputa","p":"Syria","x":"6 eventos · 12 muertes estimadas","color":"#4D4D4D","actores":"[[\"SDF\", 42], [\"SNA\", 25], [\"PKK\", 11], [\"IS\", 11]]","eventos":6,"muertes":12,"ultima":"2026-05-15","z":1}},{"type":"Feature","geometry":{"type":"Polygon","coordinates":[[[81.0,19.0],[82.0,19.0],[82.0,20.0],[81.0,20.0],[81.0,19.0]]]},"properties":{"id":"ucdp:81_19","n":"CPI-Maoist","st":"conflicto_dominio","p":"India","x":"21 eventos · 114 muertes estimadas","color":"#7f8c8d","actores":"[[\"CPI-Maoist\", 100]]","eventos":21,"muertes":114,"ultima":"2025-12-19","z":1}},{"type":"Feature","geometry":{"type":"Polygon","coordinates":[[[39.0,36.0],[40.0,36.0],[40.0,37.0],[39.0,37.0],[39.0,36.0]]]},"properties":{"id":"ucdp:39_36","n":"Disputa: SDF, SNA","st":"conflicto_disputa","p":"Syria","x":"23 eventos · 47 muertes estimadas","color":"#4D4D4D","actores":"[[\"SDF\", 49], [\"SNA\", 23], [\"IS\", 14], [\"XXX652\", 11]]","eventos":23,"muertes":47,"ultima":"2026-06-26","z":1}},{"type":"Feature","geometry":{"type":"Polygon","coordinates":[[[74.0,33.0],[75.0,33.0],[75.0,34.0],[74.0,34.0],[74.0,33.0]]]},"properties":{"id":"ucdp:74_33","n":"Kashmir insurgents","st":"conflicto_dominio","p":"India","x":"11 eventos · 23 muertes estimadas","color":"#7f8c8d","actores":"[[\"Kashmir insurgents\", 100]]","eventos":11,"muertes":23,"ultima":"2026-07-08","z":1}},{"type":"Feature","geometry":{"type":"Polygon","coordinates":[[[36.0,34.0],[37.0,34.0],[37.0,35.0],[36.0,35.0],[36.0,34.0]]]},"properties":{"id":"ucdp:36_34","n":"Hezbollah","st":"conflicto_dominio","p":"Lebanon","x":"142 eventos · 515 muertes estimadas","color":"#117A65","actores":"[[\"Hezbollah\", 75], [\"XXX652\", 15], [\"Syrian insurgents\", 7], [\"Saraya Ansar al-Sunna\", 1]]","eventos":142,"muertes":515,"ultima":"2026-08-30","z":1}},{"type":"Feature","geometry":{"type":"Polygon","coordinates":[[[-91.0,14.0],[-90.0,14.0],[-90.0,15.0],[-91.0,15.0],[-91.0,14.0]]]},"properties":{"id":"ucdp:-91_14","n":"Disputa: MS-13, M18","st":"conflicto_disputa","p":"Guatemala","x":"36 eventos · 59 muertes estimadas","color":"#4D4D4D","actores":"[[\"MS-13\", 46], [\"M18\", 43], [\"XXX90\", 7], [\"Los Caradura\", 4]]","eventos":36,"muertes":59,"ultima":"2026-08-17","z":1}},{"type":"Feature","geometry":{"type":"Polygon","coordinates":[[[14.0,11.0],[15.0,11.0],[15.0,12.0],[14.0,12.0],[14.0,11.0]]]},"properties":{"id":"ucdp:14_11","n":"Disputa: IS, JAS","st":"conflicto_disputa","p":"Cameroon","x":"105 eventos · 340 muertes estimadas","color":"#4D4D4D","actores":"[[\"IS\", 54], [\"JAS\", 34], [\"XXX475\", 9], [\"Comités locaux de vigilance\", 2]]","eventos":105,"muertes":340,"ultima":"2026-08-27","z":1}},{"type":"Feature","geometry":{"type":"Polygon","coordinates":[[[38.0,35.0],[39.0,35.0],[39.0,36.0],[38.0,36.0],[38.0,35.0]]]},"properties":{"id":"ucdp:38_35","n":"Disputa: SDF, SNA","st":"conflicto_disputa","p":"Syria","x":"11 eventos · 69 muertes estimadas","color":"#4D4D4D","actores":"[[\"SDF\", 43], [\"SNA\", 31], [\"IS\", 19], [\"XXX652\", 8]]","eventos":11,"muertes":69,"ultima":"2026-08-11","z":1}},{"type":"Feature","geometry":{"type":"Polygon","coordinates":[[[75.0,34.0],[76.0,34.0],[76.0,35.0],[75.0,35.0],[75.0,34.0]]]},"properties":{"id":"ucdp:75_34","n":"Kashmir insurgents","st":"conflicto_dominio","p":"India","x":"4 eventos · 37 muertes estimadas","color":"#7f8c8d","actores":"[[\"Kashmir insurgents\", 100]]","eventos":4,"muertes":37,"ultima":"2025-07-28","z":1}},{"type":"Feature","geometry":{"type":"Polygon","coordinates":[[[94.0,19.0],[95.0,19.0],[95.0,20.0],[94.0,20.0],[94.0,19.0]]]},"properties":{"id":"ucdp:94_19","n":"Disputa: NUG, ULA","st":"conflicto_disputa","p":"Myanmar (Burma)","x":"29 eventos · 66 muertes estimadas","color":"#4D4D4D","actores":"[[\"NUG\", 51], [\"ULA\", 44], [\"XXX775\", 4], [\"SCEF\", 1]]","eventos":29,"muertes":66,"ultima":"2026-08-19","z":1}},{"type":"Feature","geometry":{"type":"Polygon","coordinates":[[[73.0,34.0],[74.0,34.0],[74.0,35.0],[73.0,35.0],[73.0,34.0]]]},"properties":{"id":"ucdp:73_34","n":"Kashmir insurgents","st":"conflicto_dominio","p":"India","x":"4 eventos · 7 muertes estimadas","color":"#7f8c8d","actores":"[[\"Kashmir insurgents\", 100]]","eventos":4,"muertes":7,"ultima":"2025-05-07","z":1}},{"type":"Feature","geometry":{"type":"Polygon","coordinates":[[[97.0,23.0],[98.0,23.0],[98.0,24.0],[97.0,24.0],[97.0,23.0]]]},"properties":{"id":"ucdp:97_23","n":"PSLF","st":"conflicto_dominio","p":"Myanmar (Burma)","x":"6 eventos · 21 muertes estimadas","color":"#7f8c8d","actores":"[[\"PSLF\", 100]]","eventos":6,"muertes":21,"ultima":"2025-10-02","z":1}},{"type":"Feature","geometry":{"type":"Polygon","coordinates":[[[2.0,13.0],[3.0,13.0],[3.0,14.0],[2.0,14.0],[2.0,13.0]]]},"properties":{"id":"ucdp:2_13","n":"Disputa: JNIM, IS","st":"conflicto_disputa","p":"Niger","x":"12 eventos · 92 muertes estimadas","color":"#4D4D4D","actores":"[[\"JNIM\", 68], [\"IS\", 25], [\"XXX436\", 7]]","eventos":12,"muertes":92,"ultima":"2026-08-29","z":1}},{"type":"Feature","geometry":{"type":"Polygon","coordinates":[[[94.0,22.0],[95.0,22.0],[95.0,23.0],[94.0,23.0],[94.0,22.0]]]},"properties":{"id":"ucdp:94_22","n":"NUG","st":"conflicto_dominio","p":"Myanmar (Burma)","x":"35 eventos · 127 muertes estimadas","color":"#784212","actores":"[[\"NUG\", 99], [\"SCEF\", 1]]","eventos":35,"muertes":127,"ultima":"2026-08-01","z":1}},{"type":"Feature","geometry":{"type":"Polygon","coordinates":[[[94.0,18.0],[95.0,18.0],[95.0,19.0],[94.0,19.0],[94.0,18.0]]]},"properties":{"id":"ucdp:94_18","n":"ULA","st":"conflicto_dominio","p":"Myanmar (Burma)","x":"20 eventos · 69 muertes estimadas","color":"#7f8c8d","actores":"[[\"ULA\", 100]]","eventos":20,"muertes":69,"ultima":"2026-08-21","z":1}},{"type":"Feature","geometry":{"type":"Polygon","coordinates":[[[74.0,34.0],[75.0,34.0],[75.0,35.0],[74.0,35.0],[74.0,34.0]]]},"properties":{"id":"ucdp:74_34","n":"Kashmir insurgents","st":"conflicto_dominio","p":"India","x":"16 eventos · 22 muertes estimadas","color":"#7f8c8d","actores":"[[\"Kashmir insurgents\", 100]]","eventos":16,"muertes":22,"ultima":"2026-06-27","z":1}},{"type":"Feature","geometry":{"type":"Polygon","coordinates":[[[81.0,18.0],[82.0,18.0],[82.0,19.0],[81.0,19.0],[81.0,18.0]]]},"properties":{"id":"ucdp:81_18","n":"CPI-Maoist","st":"conflicto_dominio","p":"India","x":"27 eventos · 86 muertes estimadas","color":"#7f8c8d","actores":"[[\"CPI-Maoist\", 100]]","eventos":27,"muertes":86,"ultima":"2026-03-03","z":1}},{"type":"Feature","geometry":{"type":"Polygon","coordinates":[[[74.0,32.0],[75.0,32.0],[75.0,33.0],[74.0,33.0],[74.0,32.0]]]},"properties":{"id":"ucdp:74_32","n":"Kashmir insurgents","st":"conflicto_dominio","p":"India","x":"5 eventos · 7 muertes estimadas","color":"#7f8c8d","actores":"[[\"Kashmir insurgents\", 83], [\"Shia (Pakistan)\", 8], [\"Sunni (Pakistan)\", 8]]","eventos":5,"muertes":7,"ultima":"2026-08-21","z":1}},{"type":"Feature","geometry":{"type":"Polygon","coordinates":[[[7.0,5.0],[8.0,5.0],[8.0,6.0],[7.0,6.0],[7.0,5.0]]]},"properties":{"id":"ucdp:7_5","n":"IPOB","st":"conflicto_dominio","p":"Nigeria","x":"38 eventos · 112 muertes estimadas","color":"#7f8c8d","actores":"[[\"IPOB\", 87], [\"Black Axe\", 4], [\"SVC\", 4], [\"Amasiri, Nde Ndukwe\", 2]]","eventos":38,"muertes":112,"ultima":"2026-07-05","z":1}},{"type":"Feature","geometry":{"type":"Polygon","coordinates":[[[-108.0,24.0],[-107.0,24.0],[-107.0,25.0],[-108.0,25.0],[-108.0,24.0]]]},"properties":{"id":"ucdp:-108_24","n":"Disputa: Sinaloa Cartel - Los Mayos, Sinaloa Cartel - Los Chapitos","st":"conflicto_disputa","p":"Mexico","x":"1352 eventos · 1469 muertes estimadas","color":"#4D4D4D","actores":"[[\"Sinaloa Cartel - Los Mayos\", 45], [\"Sinaloa Cartel - Los Chapitos\", 27], [\"Jalisco Cartel New Generation, Sinaloa Cartel - Los Chapitos\", 18], [\"XXX70\", 5]]","eventos":1352,"muertes":1469,"ultima":"2026-08-31","z":1}},{"type":"Feature","geometry":{"type":"Polygon","coordinates":[[[9.0,7.0],[10.0,7.0],[10.0,8.0],[9.0,8.0],[9.0,7.0]]]},"properties":{"id":"ucdp:9_7","n":"Disputa: Tiv, Fulani","st":"conflicto_disputa","p":"Nigeria","x":"52 eventos · 270 muertes estimadas","color":"#4D4D4D","actores":"[[\"Tiv\", 27], [\"Fulani\", 23], [\"XXX475\", 21], [\"Full Force\", 16]]","eventos":52,"muertes":270,"ultima":"2026-08-16","z":1}},{"type":"Feature","geometry":{"type":"Polygon","coordinates":[[[-107.0,24.0],[-106.0,24.0],[-106.0,25.0],[-107.0,25.0],[-107.0,24.0]]]},"properties":{"id":"ucdp:-107_24","n":"Disputa: Sinaloa Cartel - Los Mayos, Jalisco Cartel New Generation, Sinaloa Cartel - Los Chapitos","st":"conflicto_disputa","p":"Mexico","x":"12 eventos · 17 muertes estimadas","color":"#4D4D4D","actores":"[[\"Sinaloa Cartel - Los Mayos\", 47], [\"Jalisco Cartel New Generation, Sinaloa Cartel - Los Chapitos\", 24], [\"Sinaloa Cartel - Los Chapitos\", 22], [\"XXX70\", 7]]","eventos":12,"muertes":17,"ultima":"2026-07-04","z":1}},{"type":"Feature","geometry":{"type":"Polygon","coordinates":[[[96.0,21.0],[97.0,21.0],[97.0,22.0],[96.0,22.0],[96.0,21.0]]]},"properties":{"id":"ucdp:96_21","n":"NUG","st":"conflicto_dominio","p":"Myanmar (Burma)","x":"3 eventos · 1 muertes estimadas","color":"#784212","actores":"[[\"NUG\", 100]]","eventos":3,"muertes":1,"ultima":"2025-01-26","z":1}},{"type":"Feature","geometry":{"type":"Polygon","coordinates":[[[39.0,-12.0],[40.0,-12.0],[40.0,-11.0],[39.0,-11.0],[39.0,-12.0]]]},"properties":{"id":"ucdp:39_-12","n":"IS","st":"conflicto_dominio","p":"Mozambique","x":"33 eventos · 78 muertes estimadas","color":"#2471A3","actores":"[[\"IS\", 100]]","eventos":33,"muertes":78,"ultima":"2026-05-04","z":1}},{"type":"Feature","geometry":{"type":"Polygon","coordinates":[[[40.0,-12.0],[41.0,-12.0],[41.0,-11.0],[40.0,-11.0],[40.0,-12.0]]]},"properties":{"id":"ucdp:40_-12","n":"IS","st":"conflicto_dominio","p":"Mozambique","x":"66 eventos · 285 muertes estimadas","color":"#2471A3","actores":"[[\"IS\", 100], [\"Naparama\", 0]]","eventos":66,"muertes":285,"ultima":"2026-08-11","z":1}},{"type":"Feature","geometry":{"type":"Polygon","coordinates":[[[9.0,4.0],[10.0,4.0],[10.0,5.0],[9.0,5.0],[9.0,4.0]]]},"properties":{"id":"ucdp:9_4","n":"Ambazonia insurgents","st":"conflicto_dominio","p":"Cameroon","x":"33 eventos · 73 muertes estimadas","color":"#7f8c8d","actores":"[[\"Ambazonia insurgents\", 100]]","eventos":33,"muertes":73,"ultima":"2026-08-29","z":1}},{"type":"Feature","geometry":{"type":"Polygon","coordinates":[[[85.0,22.0],[86.0,22.0],[86.0,23.0],[85.0,23.0],[85.0,22.0]]]},"properties":{"id":"ucdp:85_22","n":"CPI-Maoist","st":"conflicto_dominio","p":"India","x":"18 eventos · 59 muertes estimadas","color":"#7f8c8d","actores":"[[\"CPI-Maoist\", 96], [\"PLFI\", 4]]","eventos":18,"muertes":59,"ultima":"2026-05-04","z":1}},{"type":"Feature","geometry":{"type":"Polygon","coordinates":[[[80.0,19.0],[81.0,19.0],[81.0,20.0],[80.0,20.0],[80.0,19.0]]]},"properties":{"id":"ucdp:80_19","n":"CPI-Maoist","st":"conflicto_dominio","p":"India","x":"21 eventos · 69 muertes estimadas","color":"#7f8c8d","actores":"[[\"CPI-Maoist\", 100]]","eventos":21,"muertes":69,"ultima":"2026-05-02","z":1}},{"type":"Feature","geometry":{"type":"Polygon","coordinates":[[[81.0,17.0],[82.0,17.0],[82.0,18.0],[81.0,18.0],[81.0,17.0]]]},"properties":{"id":"ucdp:81_17","n":"CPI-Maoist","st":"conflicto_dominio","p":"India","x":"9 eventos · 36 muertes estimadas","color":"#7f8c8d","actores":"[[\"CPI-Maoist\", 100]]","eventos":9,"muertes":36,"ultima":"2026-01-03","z":1}},{"type":"Feature","geometry":{"type":"Polygon","coordinates":[[[0.0,10.0],[1.0,10.0],[1.0,11.0],[0.0,11.0],[0.0,10.0]]]},"properties":{"id":"ucdp:0_10","n":"JNIM","st":"conflicto_dominio","p":"Togo","x":"7 eventos · 23 muertes estimadas","color":"#D35400","actores":"[[\"JNIM\", 100]]","eventos":7,"muertes":23,"ultima":"2026-01-31","z":1}},{"type":"Feature","geometry":{"type":"Polygon","coordinates":[[[-107.0,23.0],[-106.0,23.0],[-106.0,24.0],[-107.0,24.0],[-107.0,23.0]]]},"properties":{"id":"ucdp:-107_23","n":"Disputa: Sinaloa Cartel - Los Mayos, Sinaloa Cartel - Los Chapitos","st":"conflicto_disputa","p":"Mexico","x":"55 eventos · 95 muertes estimadas","color":"#4D4D4D","actores":"[[\"Sinaloa Cartel - Los Mayos\", 47], [\"Sinaloa Cartel - Los Chapitos\", 29], [\"Jalisco Cartel New Generation, Sinaloa Cartel - Los Chapitos\", 18], [\"XXX70\", 4]]","eventos":55,"muertes":95,"ultima":"2026-08-30","z":1}},{"type":"Feature","geometry":{"type":"Polygon","coordinates":[[[-109.0,26.0],[-108.0,26.0],[-108.0,27.0],[-109.0,27.0],[-109.0,26.0]]]},"properties":{"id":"ucdp:-109_26","n":"Disputa: Sinaloa Cartel - Los Chapitos, Sinaloa Cartel - Los Mayos","st":"conflicto_disputa","p":"Mexico","x":"5 eventos · 17 muertes estimadas","color":"#4D4D4D","actores":"[[\"Sinaloa Cartel - Los Chapitos\", 50], [\"Sinaloa Cartel - Los Mayos\", 50]]","eventos":5,"muertes":17,"ultima":"2025-07-13","z":1}},{"type":"Feature","geometry":{"type":"Polygon","coordinates":[[[-108.0,25.0],[-107.0,25.0],[-107.0,26.0],[-108.0,26.0],[-108.0,25.0]]]},"properties":{"id":"ucdp:-108_25","n":"Disputa: Sinaloa Cartel - Los Mayos, Jalisco Cartel New Generation, Sinaloa Cartel - Los Chapitos","st":"conflicto_disputa","p":"Mexico","x":"61 eventos · 640 muertes estimadas","color":"#4D4D4D","actores":"[[\"Sinaloa Cartel - Los Mayos\", 50], [\"Jalisco Cartel New Generation, Sinaloa Cartel - Los Chapitos\", 29], [\"Sinaloa Cartel - Los Chapitos\", 21], [\"XXX70\", 0]]","eventos":61,"muertes":640,"ultima":"2026-08-29","z":1}},{"type":"Feature","geometry":{"type":"Polygon","coordinates":[[[45.0,2.0],[46.0,2.0],[46.0,3.0],[45.0,3.0],[45.0,2.0]]]},"properties":{"id":"ucdp:45_2","n":"Al-Shabaab","st":"conflicto_dominio","p":"Somalia","x":"149 eventos · 1624 muertes estimadas","color":"#1F618D","actores":"[[\"Al-Shabaab\", 98], [\"XXX520\", 1], [\"SFC\", 1]]","eventos":149,"muertes":1624,"ultima":"2026-08-31","z":1}},{"type":"Feature","geometry":{"type":"Polygon","coordinates":[[[44.0,1.0],[45.0,1.0],[45.0,2.0],[44.0,2.0],[44.0,1.0]]]},"properties":{"id":"ucdp:44_1","n":"Al-Shabaab","st":"conflicto_dominio","p":"Somalia","x":"54 eventos · 409 muertes estimadas","color":"#1F618D","actores":"[[\"Al-Shabaab\", 100]]","eventos":54,"muertes":409,"ultima":"2026-08-29","z":1}},{"type":"Feature","geometry":{"type":"Polygon","coordinates":[[[47.0,5.0],[48.0,5.0],[48.0,6.0],[47.0,6.0],[47.0,5.0]]]},"properties":{"id":"ucdp:47_5","n":"Al-Shabaab","st":"conflicto_dominio","p":"Somalia","x":"11 eventos · 204 muertes estimadas","color":"#1F618D","actores":"[[\"Al-Shabaab\", 100]]","eventos":11,"muertes":204,"ultima":"2026-04-09","z":1}},{"type":"Feature","geometry":{"type":"Polygon","coordinates":[[[46.0,5.0],[47.0,5.0],[47.0,6.0],[46.0,6.0],[46.0,5.0]]]},"properties":{"id":"ucdp:46_5","n":"Al-Shabaab","st":"conflicto_dominio","p":"Somalia","x":"8 eventos · 144 muertes estimadas","color":"#1F618D","actores":"[[\"Al-Shabaab\", 100]]","eventos":8,"muertes":144,"ultima":"2026-01-04","z":1}},{"type":"Feature","geometry":{"type":"Polygon","coordinates":[[[38.0,13.0],[39.0,13.0],[39.0,14.0],[38.0,14.0],[38.0,13.0]]]},"properties":{"id":"ucdp:38_13","n":"TPLF","st":"conflicto_dominio","p":"Ethiopia","x":"21 eventos · 22 muertes estimadas","color":"#7f8c8d","actores":"[[\"TPLF\", 81], [\"Agew Shengo\", 9], [\"Fano\", 7], [\"ALF\", 2]]","eventos":21,"muertes":22,"ultima":"2026-08-24","z":1}},{"type":"Feature","geometry":{"type":"Polygon","coordinates":[[[10.0,5.0],[11.0,5.0],[11.0,6.0],[10.0,6.0],[10.0,5.0]]]},"properties":{"id":"ucdp:10_5","n":"Ambazonia insurgents","st":"conflicto_dominio","p":"Cameroon","x":"56 eventos · 82 muertes estimadas","color":"#7f8c8d","actores":"[[\"Ambazonia insurgents\", 99], [\"XXX471\", 1]]","eventos":56,"muertes":82,"ultima":"2026-08-08","z":1}},{"type":"Feature","geometry":{"type":"Polygon","coordinates":[[[37.0,12.0],[38.0,12.0],[38.0,13.0],[37.0,13.0],[37.0,12.0]]]},"properties":{"id":"ucdp:37_12","n":"Fano","st":"conflicto_dominio","p":"Ethiopia","x":"71 eventos · 289 muertes estimadas","color":"#6C3483","actores":"[[\"Fano\", 91], [\"XXX530\", 4], [\"Amhara\", 2], [\"Qimant\", 2]]","eventos":71,"muertes":289,"ultima":"2026-08-20","z":1}},{"type":"Feature","geometry":{"type":"Polygon","coordinates":[[[28.0,0.0],[29.0,0.0],[29.0,1.0],[28.0,1.0],[28.0,0.0]]]},"properties":{"id":"ucdp:28_0","n":"IS","st":"conflicto_dominio","p":"DR Congo (Zaire)","x":"75 eventos · 545 muertes estimadas","color":"#2471A3","actores":"[[\"IS\", 99], [\"VDP\", 1]]","eventos":75,"muertes":545,"ultima":"2026-07-21","z":1}},{"type":"Feature","geometry":{"type":"Polygon","coordinates":[[[43.0,37.0],[44.0,37.0],[44.0,38.0],[43.0,38.0],[43.0,37.0]]]},"properties":{"id":"ucdp:43_37","n":"PKK","st":"conflicto_dominio","p":"Iraq","x":"38 eventos · 48 muertes estimadas","color":"#7f8c8d","actores":"[[\"PKK\", 100]]","eventos":38,"muertes":48,"ultima":"2025-07-24","z":1}},{"type":"Feature","geometry":{"type":"Polygon","coordinates":[[[44.0,36.0],[45.0,36.0],[45.0,37.0],[44.0,37.0],[44.0,36.0]]]},"properties":{"id":"ucdp:44_36","n":"Disputa: PKK, KDPI","st":"conflicto_disputa","p":"Iraq","x":"19 eventos · 12 muertes estimadas","color":"#4D4D4D","actores":"[[\"PKK\", 68], [\"KDPI\", 19], [\"PAK\", 13]]","eventos":19,"muertes":12,"ultima":"2026-06-27","z":1}},{"type":"Feature","geometry":{"type":"Polygon","coordinates":[[[13.0,10.0],[14.0,10.0],[14.0,11.0],[13.0,11.0],[13.0,10.0]]]},"properties":{"id":"ucdp:13_10","n":"Disputa: IS, JAS","st":"conflicto_disputa","p":"Cameroon","x":"61 eventos · 286 muertes estimadas","color":"#4D4D4D","actores":"[[\"IS\", 52], [\"JAS\", 47], [\"XXX475\", 1], [\"Comités locaux de vigilance\", 0]]","eventos":61,"muertes":286,"ultima":"2026-08-25","z":1}},{"type":"Feature","geometry":{"type":"Polygon","coordinates":[[[37.0,13.0],[38.0,13.0],[38.0,14.0],[37.0,14.0],[37.0,13.0]]]},"properties":{"id":"ucdp:37_13","n":"Fano","st":"conflicto_dominio","p":"Ethiopia","x":"18 eventos · 41 muertes estimadas","color":"#6C3483","actores":"[[\"Fano\", 82], [\"TPLF\", 10], [\"Tekeze Guards\", 4], [\"XXX530\", 3]]","eventos":18,"muertes":41,"ultima":"2026-08-17","z":1}},{"type":"Feature","geometry":{"type":"Polygon","coordinates":[[[41.0,36.0],[42.0,36.0],[42.0,37.0],[41.0,37.0],[41.0,36.0]]]},"properties":{"id":"ucdp:41_36","n":"Disputa: SDF, XXX652","st":"conflicto_disputa","p":"Syria","x":"14 eventos · 27 muertes estimadas","color":"#4D4D4D","actores":"[[\"SDF\", 24], [\"XXX652\", 24], [\"PKK\", 22], [\"IS\", 22]]","eventos":14,"muertes":27,"ultima":"2026-08-20","z":1}},{"type":"Feature","geometry":{"type":"Polygon","coordinates":[[[44.0,37.0],[45.0,37.0],[45.0,38.0],[44.0,38.0],[44.0,37.0]]]},"properties":{"id":"ucdp:44_37","n":"PKK","st":"conflicto_dominio","p":"Iraq","x":"26 eventos · 8 muertes estimadas","color":"#7f8c8d","actores":"[[\"PKK\", 100]]","eventos":26,"muertes":8,"ultima":"2025-05-30","z":1}},{"type":"Feature","geometry":{"type":"Polygon","coordinates":[[[34.0,31.0],[35.0,31.0],[35.0,32.0],[34.0,32.0],[34.0,31.0]]]},"properties":{"id":"ucdp:34_31","n":"Hamas","st":"conflicto_dominio","p":"Israel","x":"4338 eventos · 19370 muertes estimadas","color":"#8E44AD","actores":"[[\"Hamas\", 98], [\"PIJ\", 1], [\"Palestinian Mujahideen Movement\", 0], [\"PRC\", 0]]","eventos":4338,"muertes":19370,"ultima":"2026-08-31","z":1}},{"type":"Feature","geometry":{"type":"Polygon","coordinates":[[[32.0,16.0],[33.0,16.0],[33.0,17.0],[32.0,17.0],[32.0,16.0]]]},"properties":{"id":"ucdp:32_16","n":"RSF","st":"conflicto_dominio","p":"Sudan","x":"10 eventos · 157 muertes estimadas","color":"#196F3D","actores":"[[\"RSF\", 84], [\"SFA\", 16]]","eventos":10,"muertes":157,"ultima":"2026-06-09","z":1}},{"type":"Feature","geometry":{"type":"Polygon","coordinates":[[[-61.0,2.0],[-60.0,2.0],[-60.0,3.0],[-61.0,3.0],[-61.0,2.0]]]},"properties":{"id":"ucdp:-61_2","n":"Disputa: Comando Vermelho, PCC","st":"conflicto_disputa","p":"Brazil","x":"42 eventos · 42 muertes estimadas","color":"#4D4D4D","actores":"[[\"Comando Vermelho\", 50], [\"PCC\", 50]]","eventos":42,"muertes":42,"ultima":"2025-11-23","z":1}},{"type":"Feature","geometry":{"type":"Polygon","coordinates":[[[28.0,-1.0],[29.0,-1.0],[29.0,0.0],[28.0,0.0],[28.0,-1.0]]]},"properties":{"id":"ucdp:28_-1","n":"AFC","st":"conflicto_dominio","p":"DR Congo (Zaire)","x":"44 eventos · 154 muertes estimadas","color":"#B7950B","actores":"[[\"AFC\", 73], [\"VDP\", 26], [\"IS\", 1]]","eventos":44,"muertes":154,"ultima":"2026-08-19","z":1}},{"type":"Feature","geometry":{"type":"Polygon","coordinates":[[[39.0,8.0],[40.0,8.0],[40.0,9.0],[39.0,9.0],[39.0,8.0]]]},"properties":{"id":"ucdp:39_8","n":"Disputa: OLA, XXX530","st":"conflicto_disputa","p":"Ethiopia","x":"49 eventos · 34 muertes estimadas","color":"#4D4D4D","actores":"[[\"OLA\", 67], [\"XXX530\", 17], [\"Fano\", 16]]","eventos":49,"muertes":34,"ultima":"2026-06-21","z":1}},{"type":"Feature","geometry":{"type":"Polygon","coordinates":[[[94.0,17.0],[95.0,17.0],[95.0,18.0],[94.0,18.0],[94.0,17.0]]]},"properties":{"id":"ucdp:94_17","n":"ULA","st":"conflicto_dominio","p":"Myanmar (Burma)","x":"6 eventos · 13 muertes estimadas","color":"#7f8c8d","actores":"[[\"ULA\", 100]]","eventos":6,"muertes":13,"ultima":"2026-08-05","z":1}},{"type":"Feature","geometry":{"type":"Polygon","coordinates":[[[35.0,33.0],[36.0,33.0],[36.0,34.0],[35.0,34.0],[35.0,33.0]]]},"properties":{"id":"ucdp:35_33","n":"Hezbollah","st":"conflicto_dominio","p":"Lebanon","x":"1237 eventos · 6242 muertes estimadas","color":"#117A65","actores":"[[\"Hezbollah\", 100], [\"Hamas\", 0], [\"PIJ\", 0], [\"Syrian insurgents\", 0]]","eventos":1237,"muertes":6242,"ultima":"2026-08-27","z":1}},{"type":"Feature","geometry":{"type":"Polygon","coordinates":[[[38.0,10.0],[39.0,10.0],[39.0,11.0],[38.0,11.0],[38.0,10.0]]]},"properties":{"id":"ucdp:38_10","n":"Fano","st":"conflicto_dominio","p":"Ethiopia","x":"118 eventos · 482 muertes estimadas","color":"#6C3483","actores":"[[\"Fano\", 91], [\"OLA\", 6], [\"XXX530\", 2]]","eventos":118,"muertes":482,"ultima":"2026-08-22","z":1}},{"type":"Feature","geometry":{"type":"Polygon","coordinates":[[[97.0,16.0],[98.0,16.0],[98.0,17.0],[97.0,17.0],[97.0,16.0]]]},"properties":{"id":"ucdp:97_16","n":"Disputa: KNU, SCEF","st":"conflicto_disputa","p":"Myanmar (Burma)","x":"6 eventos · 9 muertes estimadas","color":"#4D4D4D","actores":"[[\"KNU\", 53], [\"SCEF\", 47]]","eventos":6,"muertes":9,"ultima":"2026-05-12","z":1}},{"type":"Feature","geometry":{"type":"Polygon","coordinates":[[[13.0,12.0],[14.0,12.0],[14.0,13.0],[13.0,13.0],[13.0,12.0]]]},"properties":{"id":"ucdp:13_12","n":"IS","st":"conflicto_dominio","p":"Nigeria","x":"99 eventos · 855 muertes estimadas","color":"#2471A3","actores":"[[\"IS\", 91], [\"XXX475\", 5], [\"JAS\", 4], [\"Farmers (Nigeria)\", 0]]","eventos":99,"muertes":855,"ultima":"2026-08-28","z":1}},{"type":"Feature","geometry":{"type":"Polygon","coordinates":[[[42.0,37.0],[43.0,37.0],[43.0,38.0],[42.0,38.0],[42.0,37.0]]]},"properties":{"id":"ucdp:42_37","n":"Disputa: SNA, SDF","st":"conflicto_disputa","p":"Syria","x":"4 eventos · 6 muertes estimadas","color":"#4D4D4D","actores":"[[\"SNA\", 30], [\"SDF\", 30], [\"XXX652\", 30], [\"PKK\", 10]]","eventos":4,"muertes":6,"ultima":"2026-06-23","z":1}},{"type":"Feature","geometry":{"type":"Polygon","coordinates":[[[96.0,19.0],[97.0,19.0],[97.0,20.0],[96.0,20.0],[96.0,19.0]]]},"properties":{"id":"ucdp:96_19","n":"Disputa: NUG, SCEF","st":"conflicto_disputa","p":"Myanmar (Burma)","x":"13 eventos · 25 muertes estimadas","color":"#4D4D4D","actores":"[[\"NUG\", 58], [\"SCEF\", 42]]","eventos":13,"muertes":25,"ultima":"2026-07-25","z":1}},{"type":"Feature","geometry":{"type":"Polygon","coordinates":[[[39.0,10.0],[40.0,10.0],[40.0,11.0],[39.0,11.0],[39.0,10.0]]]},"properties":{"id":"ucdp:39_10","n":"Fano","st":"conflicto_dominio","p":"Ethiopia","x":"35 eventos · 77 muertes estimadas","color":"#6C3483","actores":"[[\"Fano\", 100]]","eventos":35,"muertes":77,"ultima":"2026-08-05","z":1}},{"type":"Feature","geometry":{"type":"Polygon","coordinates":[[[35.0,32.0],[36.0,32.0],[36.0,33.0],[35.0,33.0],[35.0,32.0]]]},"properties":{"id":"ucdp:35_32","n":"Disputa: PIJ, Hamas","st":"conflicto_disputa","p":"Israel","x":"122 eventos · 216 muertes estimadas","color":"#4D4D4D","actores":"[[\"PIJ\", 43], [\"Hamas\", 38], [\"Fatah\", 7], [\"XXX666\", 4]]","eventos":122,"muertes":216,"ultima":"2026-08-28","z":1}},{"type":"Feature","geometry":{"type":"Polygon","coordinates":[[[44.0,35.0],[45.0,35.0],[45.0,36.0],[44.0,36.0],[44.0,35.0]]]},"properties":{"id":"ucdp:44_35","n":"IS","st":"conflicto_dominio","p":"Iraq","x":"14 eventos · 42 muertes estimadas","color":"#2471A3","actores":"[[\"IS\", 89], [\"XXX645\", 7], [\"XXX771\", 4]]","eventos":14,"muertes":42,"ultima":"2026-07-05","z":1}},{"type":"Feature","geometry":{"type":"Polygon","coordinates":[[[43.0,34.0],[44.0,34.0],[44.0,35.0],[43.0,35.0],[43.0,34.0]]]},"properties":{"id":"ucdp:43_34","n":"IS","st":"conflicto_dominio","p":"Iraq","x":"10 eventos · 40 muertes estimadas","color":"#2471A3","actores":"[[\"IS\", 100]]","eventos":10,"muertes":40,"ultima":"2026-05-06","z":1}},{"type":"Feature","geometry":{"type":"Polygon","coordinates":[[[44.0,34.0],[45.0,34.0],[45.0,35.0],[44.0,35.0],[44.0,34.0]]]},"properties":{"id":"ucdp:44_34","n":"IS","st":"conflicto_dominio","p":"Iraq","x":"22 eventos · 75 muertes estimadas","color":"#2471A3","actores":"[[\"IS\", 100]]","eventos":22,"muertes":75,"ultima":"2026-05-23","z":1}},{"type":"Feature","geometry":{"type":"Polygon","coordinates":[[[38.0,8.0],[39.0,8.0],[39.0,9.0],[38.0,9.0],[38.0,8.0]]]},"properties":{"id":"ucdp:38_8","n":"OLA","st":"conflicto_dominio","p":"Ethiopia","x":"61 eventos · 25 muertes estimadas","color":"#7f8c8d","actores":"[[\"OLA\", 86], [\"XXX530\", 9], [\"Fano\", 5]]","eventos":61,"muertes":25,"ultima":"2026-08-25","z":1}},{"type":"Feature","geometry":{"type":"Polygon","coordinates":[[[35.0,34.0],[36.0,34.0],[36.0,35.0],[35.0,35.0],[35.0,34.0]]]},"properties":{"id":"ucdp:35_34","n":"Hezbollah","st":"conflicto_dominio","p":"Lebanon","x":"7 eventos · 81 muertes estimadas","color":"#117A65","actores":"[[\"Hezbollah\", 92], [\"Hamas\", 8]]","eventos":7,"muertes":81,"ultima":"2026-03-05","z":1}},{"type":"Feature","geometry":{"type":"Polygon","coordinates":[[[-75.0,7.0],[-74.0,7.0],[-74.0,8.0],[-75.0,8.0],[-75.0,7.0]]]},"properties":{"id":"ucdp:-75_7","n":"Disputa: ELN, EGC","st":"conflicto_disputa","p":"Colombia","x":"32 eventos · 77 muertes estimadas","color":"#4D4D4D","actores":"[[\"ELN\", 39], [\"EGC\", 33], [\"EMBF\", 21], [\"FARC-EMC\", 4]]","eventos":32,"muertes":77,"ultima":"2026-08-23","z":1}},{"type":"Feature","geometry":{"type":"Polygon","coordinates":[[[-74.0,8.0],[-73.0,8.0],[-73.0,9.0],[-74.0,9.0],[-74.0,8.0]]]},"properties":{"id":"ucdp:-74_8","n":"Disputa: ELN, EMBF","st":"conflicto_disputa","p":"Colombia","x":"80 eventos · 138 muertes estimadas","color":"#4D4D4D","actores":"[[\"ELN\", 67], [\"EMBF\", 11], [\"XXX100\", 10], [\"EGC\", 6]]","eventos":80,"muertes":138,"ultima":"2026-08-15","z":1}},{"type":"Feature","geometry":{"type":"Polygon","coordinates":[[[-76.0,5.0],[-75.0,5.0],[-75.0,6.0],[-76.0,6.0],[-76.0,5.0]]]},"properties":{"id":"ucdp:-76_5","n":"Disputa: EGC, La Terraza","st":"conflicto_disputa","p":"Colombia","x":"42 eventos · 115 muertes estimadas","color":"#4D4D4D","actores":"[[\"EGC\", 53], [\"La Terraza\", 29], [\"ELN\", 9], [\"XXX100\", 8]]","eventos":42,"muertes":115,"ultima":"2026-08-27","z":1}},{"type":"Feature","geometry":{"type":"Polygon","coordinates":[[[-76.0,2.0],[-75.0,2.0],[-75.0,3.0],[-76.0,3.0],[-76.0,2.0]]]},"properties":{"id":"ucdp:-76_2","n":"Disputa: FARC-EMC, XXX100","st":"conflicto_disputa","p":"Colombia","x":"39 eventos · 50 muertes estimadas","color":"#4D4D4D","actores":"[[\"FARC-EMC\", 48], [\"XXX100\", 38], [\"EMBF\", 12], [\"ELN\", 2]]","eventos":39,"muertes":50,"ultima":"2026-08-27","z":1}},{"type":"Feature","geometry":{"type":"Polygon","coordinates":[[[34.0,32.0],[35.0,32.0],[35.0,33.0],[34.0,33.0],[34.0,32.0]]]},"properties":{"id":"ucdp:34_32","n":"Disputa: Hamas, XXX666","st":"conflicto_disputa","p":"Israel","x":"10 eventos · 13 muertes estimadas","color":"#4D4D4D","actores":"[[\"Hamas\", 39], [\"XXX666\", 30], [\"Hezbollah\", 22], [\"Fatah\", 9]]","eventos":10,"muertes":13,"ultima":"2026-07-02","z":1}},{"type":"Feature","geometry":{"type":"Polygon","coordinates":[[[-74.0,7.0],[-73.0,7.0],[-73.0,8.0],[-74.0,8.0],[-74.0,7.0]]]},"properties":{"id":"ucdp:-74_7","n":"Disputa: ELN, EGC","st":"conflicto_disputa","p":"Colombia","x":"21 eventos · 31 muertes estimadas","color":"#4D4D4D","actores":"[[\"ELN\", 35], [\"EGC\", 32], [\"XXX100\", 15], [\"Autodefensas Conquistadoras de la Sierra Nevada\", 11]]","eventos":21,"muertes":31,"ultima":"2026-08-28","z":1}},{"type":"Feature","geometry":{"type":"Polygon","coordinates":[[[-74.0,9.0],[-73.0,9.0],[-73.0,10.0],[-74.0,10.0],[-74.0,9.0]]]},"properties":{"id":"ucdp:-74_9","n":"Disputa: XXX100, EGC","st":"conflicto_disputa","p":"Colombia","x":"40 eventos · 43 muertes estimadas","color":"#4D4D4D","actores":"[[\"XXX100\", 51], [\"EGC\", 46], [\"Autodefensas Conquistadoras de la Sierra Nevada\", 2], [\"ELN\", 1]]","eventos":40,"muertes":43,"ultima":"2026-08-27","z":1}},{"type":"Feature","geometry":{"type":"Polygon","coordinates":[[[38.0,9.0],[39.0,9.0],[39.0,10.0],[38.0,10.0],[38.0,9.0]]]},"properties":{"id":"ucdp:38_9","n":"OLA","st":"conflicto_dominio","p":"Ethiopia","x":"87 eventos · 283 muertes estimadas","color":"#7f8c8d","actores":"[[\"OLA\", 98], [\"XXX530\", 2], [\"Fano\", 1]]","eventos":87,"muertes":283,"ultima":"2026-08-27","z":1}},{"type":"Feature","geometry":{"type":"Polygon","coordinates":[[[-68.0,-10.0],[-67.0,-10.0],[-67.0,-9.0],[-68.0,-9.0],[-68.0,-10.0]]]},"properties":{"id":"ucdp:-68_-10","n":"Disputa: Comando Vermelho, Bonde dos 13, PCC","st":"conflicto_disputa","p":"Brazil","x":"28 eventos · 28 muertes estimadas","color":"#4D4D4D","actores":"[[\"Comando Vermelho\", 50], [\"Bonde dos 13, PCC\", 45], [\"XXX140\", 5]]","eventos":28,"muertes":28,"ultima":"2026-05-05","z":1}},{"type":"Feature","geometry":{"type":"Polygon","coordinates":[[[-70.0,-11.0],[-69.0,-11.0],[-69.0,-10.0],[-70.0,-10.0],[-70.0,-11.0]]]},"properties":{"id":"ucdp:-70_-11","n":"Disputa: Bonde dos 13, PCC, Comando Vermelho","st":"conflicto_disputa","p":"Brazil","x":"3 eventos · 3 muertes estimadas","color":"#4D4D4D","actores":"[[\"Bonde dos 13, PCC\", 50], [\"Comando Vermelho\", 50]]","eventos":3,"muertes":3,"ultima":"2025-11-02","z":1}},{"type":"Feature","geometry":{"type":"Polygon","coordinates":[[[-77.0,2.0],[-76.0,2.0],[-76.0,3.0],[-77.0,3.0],[-77.0,2.0]]]},"properties":{"id":"ucdp:-77_2","n":"FARC-EMC","st":"conflicto_dominio","p":"Colombia","x":"60 eventos · 121 muertes estimadas","color":"#7f8c8d","actores":"[[\"FARC-EMC\", 82], [\"XXX100\", 11], [\"ELN\", 6], [\"FARC - Segunda Marquetalia\", 1]]","eventos":60,"muertes":121,"ultima":"2026-08-26","z":1}},{"type":"Feature","geometry":{"type":"Polygon","coordinates":[[[-69.0,-12.0],[-68.0,-12.0],[-68.0,-11.0],[-69.0,-11.0],[-69.0,-12.0]]]},"properties":{"id":"ucdp:-69_-12","n":"Disputa: Comando Vermelho, Bonde dos 13, PCC","st":"conflicto_disputa","p":"Brazil","x":"11 eventos · 10 muertes estimadas","color":"#4D4D4D","actores":"[[\"Comando Vermelho\", 55], [\"Bonde dos 13, PCC\", 45]]","eventos":11,"muertes":10,"ultima":"2025-12-13","z":1}},{"type":"Feature","geometry":{"type":"Polygon","coordinates":[[[98.0,16.0],[99.0,16.0],[99.0,17.0],[98.0,17.0],[98.0,16.0]]]},"properties":{"id":"ucdp:98_16","n":"KNU","st":"conflicto_dominio","p":"Myanmar (Burma)","x":"20 eventos · 64 muertes estimadas","color":"#7f8c8d","actores":"[[\"KNU\", 100]]","eventos":20,"muertes":64,"ultima":"2025-11-27","z":1}},{"type":"Feature","geometry":{"type":"Polygon","coordinates":[[[97.0,25.0],[98.0,25.0],[98.0,26.0],[97.0,26.0],[97.0,25.0]]]},"properties":{"id":"ucdp:97_25","n":"KIO","st":"conflicto_dominio","p":"Myanmar (Burma)","x":"7 eventos · 19 muertes estimadas","color":"#7f8c8d","actores":"[[\"KIO\", 100]]","eventos":7,"muertes":19,"ultima":"2026-02-13","z":1}},{"type":"Feature","geometry":{"type":"Polygon","coordinates":[[[93.0,19.0],[94.0,19.0],[94.0,20.0],[93.0,20.0],[93.0,19.0]]]},"properties":{"id":"ucdp:93_19","n":"ULA","st":"conflicto_dominio","p":"Myanmar (Burma)","x":"32 eventos · 64 muertes estimadas","color":"#7f8c8d","actores":"[[\"ULA\", 100]]","eventos":32,"muertes":64,"ultima":"2026-06-05","z":1}},{"type":"Feature","geometry":{"type":"Polygon","coordinates":[[[98.0,15.0],[99.0,15.0],[99.0,16.0],[98.0,16.0],[98.0,15.0]]]},"properties":{"id":"ucdp:98_15","n":"KNU","st":"conflicto_dominio","p":"Myanmar (Burma)","x":"3 eventos · 7 muertes estimadas","color":"#7f8c8d","actores":"[[\"KNU\", 100]]","eventos":3,"muertes":7,"ultima":"2025-09-13","z":1}},{"type":"Feature","geometry":{"type":"Polygon","coordinates":[[[98.0,14.0],[99.0,14.0],[99.0,15.0],[98.0,15.0],[98.0,14.0]]]},"properties":{"id":"ucdp:98_14","n":"NUG","st":"conflicto_dominio","p":"Myanmar (Burma)","x":"16 eventos · 20 muertes estimadas","color":"#784212","actores":"[[\"NUG\", 78], [\"KNU\", 22]]","eventos":16,"muertes":20,"ultima":"2026-03-20","z":1}},{"type":"Feature","geometry":{"type":"Polygon","coordinates":[[[96.0,20.0],[97.0,20.0],[97.0,21.0],[96.0,21.0],[96.0,20.0]]]},"properties":{"id":"ucdp:96_20","n":"Disputa: PSLF, NUG","st":"conflicto_disputa","p":"Myanmar (Burma)","x":"7 eventos · 12 muertes estimadas","color":"#4D4D4D","actores":"[[\"PSLF\", 53], [\"NUG\", 37], [\"SCEF\", 11]]","eventos":7,"muertes":12,"ultima":"2026-04-21","z":1}},{"type":"Feature","geometry":{"type":"Polygon","coordinates":[[[38.0,11.0],[39.0,11.0],[39.0,12.0],[38.0,12.0],[38.0,11.0]]]},"properties":{"id":"ucdp:38_11","n":"Fano","st":"conflicto_dominio","p":"Ethiopia","x":"104 eventos · 986 muertes estimadas","color":"#6C3483","actores":"[[\"Fano\", 95], [\"AFNF\", 2], [\"AFPO\", 2], [\"XXX530\", 0]]","eventos":104,"muertes":986,"ultima":"2026-08-21","z":1}},{"type":"Feature","geometry":{"type":"Polygon","coordinates":[[[39.0,11.0],[40.0,11.0],[40.0,12.0],[39.0,12.0],[39.0,11.0]]]},"properties":{"id":"ucdp:39_11","n":"Fano","st":"conflicto_dominio","p":"Ethiopia","x":"72 eventos · 411 muertes estimadas","color":"#6C3483","actores":"[[\"Fano\", 100], [\"OLA\", 0], [\"TPLF\", 0]]","eventos":72,"muertes":411,"ultima":"2026-08-18","z":1}},{"type":"Feature","geometry":{"type":"Polygon","coordinates":[[[-4.0,14.0],[-3.0,14.0],[-3.0,15.0],[-4.0,15.0],[-4.0,14.0]]]},"properties":{"id":"ucdp:-4_14","n":"JNIM","st":"conflicto_dominio","p":"Mali","x":"78 eventos · 331 muertes estimadas","color":"#D35400","actores":"[[\"JNIM\", 76], [\"Dan na Ambassagou\", 17], [\"Dozos (Mali)\", 7]]","eventos":78,"muertes":331,"ultima":"2026-08-30","z":1}},{"type":"Feature","geometry":{"type":"Polygon","coordinates":[[[-5.0,14.0],[-4.0,14.0],[-4.0,15.0],[-5.0,15.0],[-5.0,14.0]]]},"properties":{"id":"ucdp:-5_14","n":"JNIM","st":"conflicto_dominio","p":"Mali","x":"51 eventos · 121 muertes estimadas","color":"#D35400","actores":"[[\"JNIM\", 93], [\"Dan na Ambassagou\", 4], [\"Dozos (Mali)\", 3]]","eventos":51,"muertes":121,"ultima":"2026-08-15","z":1}},{"type":"Feature","geometry":{"type":"Polygon","coordinates":[[[-3.0,13.0],[-2.0,13.0],[-2.0,14.0],[-3.0,14.0],[-3.0,13.0]]]},"properties":{"id":"ucdp:-3_13","n":"JNIM","st":"conflicto_dominio","p":"Burkina Faso","x":"160 eventos · 808 muertes estimadas","color":"#D35400","actores":"[[\"JNIM\", 100]]","eventos":160,"muertes":808,"ultima":"2026-08-31","z":1}},{"type":"Feature","geometry":{"type":"Polygon","coordinates":[[[43.0,17.0],[44.0,17.0],[44.0,18.0],[43.0,18.0],[43.0,17.0]]]},"properties":{"id":"ucdp:43_17","n":"Forces of the Presidential Leadership Council","st":"conflicto_dominio","p":"Yemen (North Yemen)","x":"50 eventos · 106 muertes estimadas","color":"#5B2C6F","actores":"[[\"Forces of the Presidential Leadership Council\", 100]]","eventos":50,"muertes":106,"ultima":"2026-08-08","z":1}},{"type":"Feature","geometry":{"type":"Polygon","coordinates":[[[-1.0,13.0],[0.0,13.0],[0.0,14.0],[-1.0,14.0],[-1.0,13.0]]]},"properties":{"id":"ucdp:-1_13","n":"JNIM","st":"conflicto_dominio","p":"Burkina Faso","x":"75 eventos · 208 muertes estimadas","color":"#D35400","actores":"[[\"JNIM\", 92], [\"IS\", 8]]","eventos":75,"muertes":208,"ultima":"2026-08-07","z":1}},{"type":"Feature","geometry":{"type":"Polygon","coordinates":[[[12.0,11.0],[13.0,11.0],[13.0,12.0],[12.0,12.0],[12.0,11.0]]]},"properties":{"id":"ucdp:12_11","n":"IS","st":"conflicto_dominio","p":"Nigeria","x":"90 eventos · 660 muertes estimadas","color":"#2471A3","actores":"[[\"IS\", 100], [\"Farmers (Nigeria)\", 0], [\"Herders (Nigeria)\", 0]]","eventos":90,"muertes":660,"ultima":"2026-08-04","z":1}},{"type":"Feature","geometry":{"type":"Polygon","coordinates":[[[46.0,14.0],[47.0,14.0],[47.0,15.0],[46.0,15.0],[46.0,14.0]]]},"properties":{"id":"ucdp:46_14","n":"Disputa: AQAP, Forces of the Presidential Leadership Council","st":"conflicto_disputa","p":"Yemen (North Yemen)","x":"24 eventos · 65 muertes estimadas","color":"#4D4D4D","actores":"[[\"AQAP\", 39], [\"Forces of the Presidential Leadership Council\", 36], [\"STC\", 19], [\"XXX678\", 2]]","eventos":24,"muertes":65,"ultima":"2026-06-05","z":1}},{"type":"Feature","geometry":{"type":"Polygon","coordinates":[[[1.0,20.0],[2.0,20.0],[2.0,21.0],[1.0,21.0],[1.0,20.0]]]},"properties":{"id":"ucdp:1_20","n":"Disputa: FLA, JNIM","st":"conflicto_disputa","p":"Mali","x":"14 eventos · 21 muertes estimadas","color":"#4D4D4D","actores":"[[\"FLA\", 69], [\"JNIM\", 31]]","eventos":14,"muertes":21,"ultima":"2026-08-16","z":1}},{"type":"Feature","geometry":{"type":"Polygon","coordinates":[[[29.0,-1.0],[30.0,-1.0],[30.0,0.0],[29.0,0.0],[29.0,-1.0]]]},"properties":{"id":"ucdp:29_-1","n":"Disputa: AFC, IS","st":"conflicto_disputa","p":"DR Congo (Zaire)","x":"88 eventos · 407 muertes estimadas","color":"#4D4D4D","actores":"[[\"AFC\", 61], [\"IS\", 28], [\"VDP\", 4], [\"FDLR-FOCA, VDP\", 3]]","eventos":88,"muertes":407,"ultima":"2026-08-31","z":1}},{"type":"Feature","geometry":{"type":"Polygon","coordinates":[[[46.0,13.0],[47.0,13.0],[47.0,14.0],[46.0,14.0],[46.0,13.0]]]},"properties":{"id":"ucdp:46_13","n":"Disputa: AQAP, Forces of the Presidential Leadership Council","st":"conflicto_disputa","p":"Yemen (North Yemen)","x":"24 eventos · 56 muertes estimadas","color":"#4D4D4D","actores":"[[\"AQAP\", 45], [\"Forces of the Presidential Leadership Council\", 43], [\"XXX678\", 5], [\"Abu Bakr Bin Dahah\", 2]]","eventos":24,"muertes":56,"ultima":"2026-08-19","z":1}},{"type":"Feature","geometry":{"type":"Polygon","coordinates":[[[12.0,9.0],[13.0,9.0],[13.0,10.0],[12.0,10.0],[12.0,9.0]]]},"properties":{"id":"ucdp:12_9","n":"Disputa: Farmers (Nigeria), Herders (Nigeria)","st":"conflicto_disputa","p":"Nigeria","x":"4 eventos · 6 muertes estimadas","color":"#4D4D4D","actores":"[[\"Farmers (Nigeria)\", 30], [\"Herders (Nigeria)\", 30], [\"IS\", 20], [\"XXX475\", 20]]","eventos":4,"muertes":6,"ultima":"2026-05-30","z":1}},{"type":"Feature","geometry":{"type":"Polygon","coordinates":[[[-3.0,15.0],[-2.0,15.0],[-2.0,16.0],[-3.0,16.0],[-3.0,15.0]]]},"properties":{"id":"ucdp:-3_15","n":"JNIM","st":"conflicto_dominio","p":"Mali","x":"15 eventos · 16 muertes estimadas","color":"#D35400","actores":"[[\"JNIM\", 71], [\"FLA\", 29]]","eventos":15,"muertes":16,"ultima":"2026-08-08","z":1}},{"type":"Feature","geometry":{"type":"Polygon","coordinates":[[[0.0,13.0],[1.0,13.0],[1.0,14.0],[0.0,14.0],[0.0,13.0]]]},"properties":{"id":"ucdp:0_13","n":"Disputa: IS, JNIM","st":"conflicto_disputa","p":"Burkina Faso","x":"34 eventos · 357 muertes estimadas","color":"#4D4D4D","actores":"[[\"IS\", 50], [\"JNIM\", 47], [\"XXX436\", 3]]","eventos":34,"muertes":357,"ultima":"2026-08-02","z":1}},{"type":"Feature","geometry":{"type":"Polygon","coordinates":[[[-7.0,13.0],[-6.0,13.0],[-6.0,14.0],[-7.0,14.0],[-7.0,13.0]]]},"properties":{"id":"ucdp:-7_13","n":"JNIM","st":"conflicto_dominio","p":"Mali","x":"19 eventos · 42 muertes estimadas","color":"#D35400","actores":"[[\"JNIM\", 100]]","eventos":19,"muertes":42,"ultima":"2026-08-14","z":1}},{"type":"Feature","geometry":{"type":"Polygon","coordinates":[[[23.0,12.0],[24.0,12.0],[24.0,13.0],[23.0,13.0],[23.0,12.0]]]},"properties":{"id":"ucdp:23_12","n":"SFA","st":"conflicto_dominio","p":"Sudan","x":"15 eventos · 53 muertes estimadas","color":"#C0392B","actores":"[[\"SFA\", 85], [\"RSF\", 15]]","eventos":15,"muertes":53,"ultima":"2026-04-27","z":1}},{"type":"Feature","geometry":{"type":"Polygon","coordinates":[[[-5.0,12.0],[-4.0,12.0],[-4.0,13.0],[-5.0,13.0],[-5.0,12.0]]]},"properties":{"id":"ucdp:-5_12","n":"JNIM","st":"conflicto_dominio","p":"Burkina Faso","x":"39 eventos · 153 muertes estimadas","color":"#D35400","actores":"[[\"JNIM\", 100]]","eventos":39,"muertes":153,"ultima":"2026-08-09","z":1}},{"type":"Feature","geometry":{"type":"Polygon","coordinates":[[[-4.0,12.0],[-3.0,12.0],[-3.0,13.0],[-4.0,13.0],[-4.0,12.0]]]},"properties":{"id":"ucdp:-4_12","n":"JNIM","st":"conflicto_dominio","p":"Burkina Faso","x":"81 eventos · 225 muertes estimadas","color":"#D35400","actores":"[[\"JNIM\", 100]]","eventos":81,"muertes":225,"ultima":"2026-08-25","z":1}},{"type":"Feature","geometry":{"type":"Polygon","coordinates":[[[-4.0,13.0],[-3.0,13.0],[-3.0,14.0],[-4.0,14.0],[-4.0,13.0]]]},"properties":{"id":"ucdp:-4_13","n":"JNIM","st":"conflicto_dominio","p":"Burkina Faso","x":"54 eventos · 412 muertes estimadas","color":"#D35400","actores":"[[\"JNIM\", 94], [\"Dan na Ambassagou\", 4], [\"Dozos (Mali)\", 2]]","eventos":54,"muertes":412,"ultima":"2026-07-25","z":1}},{"type":"Feature","geometry":{"type":"Polygon","coordinates":[[[2.0,15.0],[3.0,15.0],[3.0,16.0],[2.0,16.0],[2.0,15.0]]]},"properties":{"id":"ucdp:2_15","n":"IS","st":"conflicto_dominio","p":"Mali","x":"22 eventos · 116 muertes estimadas","color":"#2471A3","actores":"[[\"IS\", 99], [\"JNIM\", 1], [\"MSA\", 0]]","eventos":22,"muertes":116,"ultima":"2026-08-31","z":1}},{"type":"Feature","geometry":{"type":"Polygon","coordinates":[[[-75.0,10.0],[-74.0,10.0],[-74.0,11.0],[-75.0,11.0],[-75.0,10.0]]]},"properties":{"id":"ucdp:-75_10","n":"Disputa: Los Costenos, XXX100","st":"conflicto_disputa","p":"Colombia","x":"477 eventos · 525 muertes estimadas","color":"#4D4D4D","actores":"[[\"Los Costenos\", 35], [\"XXX100\", 34], [\"Los Pepes\", 24], [\"EGC\", 3]]","eventos":477,"muertes":525,"ultima":"2026-08-30","z":1}},{"type":"Feature","geometry":{"type":"Polygon","coordinates":[[[-73.0,8.0],[-72.0,8.0],[-72.0,9.0],[-73.0,9.0],[-73.0,8.0]]]},"properties":{"id":"ucdp:-73_8","n":"Disputa: ELN, EMBF","st":"conflicto_disputa","p":"Colombia","x":"73 eventos · 130 muertes estimadas","color":"#4D4D4D","actores":"[[\"ELN\", 62], [\"EMBF\", 20], [\"FARC-EMC\", 9], [\"XXX100\", 7]]","eventos":73,"muertes":130,"ultima":"2026-08-18","z":1}},{"type":"Feature","geometry":{"type":"Polygon","coordinates":[[[-76.0,3.0],[-75.0,3.0],[-75.0,4.0],[-76.0,4.0],[-76.0,3.0]]]},"properties":{"id":"ucdp:-76_3","n":"FARC-EMC","st":"conflicto_dominio","p":"Colombia","x":"13 eventos · 23 muertes estimadas","color":"#7f8c8d","actores":"[[\"FARC-EMC\", 72], [\"XXX100\", 19], [\"EMBF\", 6], [\"FARC - Segunda Marquetalia\", 3]]","eventos":13,"muertes":23,"ultima":"2026-08-30","z":1}},{"type":"Feature","geometry":{"type":"Polygon","coordinates":[[[96.0,24.0],[97.0,24.0],[97.0,25.0],[96.0,25.0],[96.0,24.0]]]},"properties":{"id":"ucdp:96_24","n":"Disputa: SCEF, KIO","st":"conflicto_disputa","p":"Myanmar (Burma)","x":"19 eventos · 143 muertes estimadas","color":"#4D4D4D","actores":"[[\"SCEF\", 40], [\"KIO\", 32], [\"NUG\", 28]]","eventos":19,"muertes":143,"ultima":"2026-08-23","z":1}},{"type":"Feature","geometry":{"type":"Polygon","coordinates":[[[1.0,13.0],[2.0,13.0],[2.0,14.0],[1.0,14.0],[1.0,13.0]]]},"properties":{"id":"ucdp:1_13","n":"JNIM","st":"conflicto_dominio","p":"Niger","x":"22 eventos · 208 muertes estimadas","color":"#D35400","actores":"[[\"JNIM\", 80], [\"IS\", 18], [\"XXX436\", 2]]","eventos":22,"muertes":208,"ultima":"2026-08-04","z":1}},{"type":"Feature","geometry":{"type":"Polygon","coordinates":[[[101.0,6.0],[102.0,6.0],[102.0,7.0],[101.0,7.0],[101.0,6.0]]]},"properties":{"id":"ucdp:101_6","n":"Patani insurgents","st":"conflicto_dominio","p":"Thailand","x":"58 eventos · 76 muertes estimadas","color":"#7f8c8d","actores":"[[\"Patani insurgents\", 100]]","eventos":58,"muertes":76,"ultima":"2026-08-02","z":1}},{"type":"Feature","geometry":{"type":"Polygon","coordinates":[[[-73.0,2.0],[-72.0,2.0],[-72.0,3.0],[-73.0,3.0],[-73.0,2.0]]]},"properties":{"id":"ucdp:-73_2","n":"Disputa: FARC-EMC, EMBF","st":"conflicto_disputa","p":"Colombia","x":"10 eventos · 100 muertes estimadas","color":"#4D4D4D","actores":"[[\"FARC-EMC\", 50], [\"EMBF\", 48], [\"FARC - Segunda Marquetalia\", 2]]","eventos":10,"muertes":100,"ultima":"2026-05-25","z":1}},{"type":"Feature","geometry":{"type":"Polygon","coordinates":[[[-3.0,17.0],[-2.0,17.0],[-2.0,18.0],[-3.0,18.0],[-3.0,17.0]]]},"properties":{"id":"ucdp:-3_17","n":"JNIM","st":"conflicto_dominio","p":"Mali","x":"4 eventos · 4 muertes estimadas","color":"#D35400","actores":"[[\"JNIM\", 100]]","eventos":4,"muertes":4,"ultima":"2026-05-15","z":1}},{"type":"Feature","geometry":{"type":"Polygon","coordinates":[[[-1.0,11.0],[0.0,11.0],[0.0,12.0],[-1.0,12.0],[-1.0,11.0]]]},"properties":{"id":"ucdp:-1_11","n":"JNIM","st":"conflicto_dominio","p":"Burkina Faso","x":"71 eventos · 265 muertes estimadas","color":"#D35400","actores":"[[\"JNIM\", 79], [\"Kusasi\", 11], [\"Mamprusi\", 11]]","eventos":71,"muertes":265,"ultima":"2026-07-23","z":1}},{"type":"Feature","geometry":{"type":"Polygon","coordinates":[[[137.0,-5.0],[138.0,-5.0],[138.0,-4.0],[137.0,-4.0],[137.0,-5.0]]]},"properties":{"id":"ucdp:137_-5","n":"OPM","st":"conflicto_dominio","p":"Indonesia","x":"6 eventos · 9 muertes estimadas","color":"#7f8c8d","actores":"[[\"OPM\", 100]]","eventos":6,"muertes":9,"ultima":"2026-08-17","z":1}},{"type":"Feature","geometry":{"type":"Polygon","coordinates":[[[137.0,-4.0],[138.0,-4.0],[138.0,-3.0],[137.0,-3.0],[137.0,-4.0]]]},"properties":{"id":"ucdp:137_-4","n":"OPM","st":"conflicto_dominio","p":"Indonesia","x":"24 eventos · 51 muertes estimadas","color":"#7f8c8d","actores":"[[\"OPM\", 100]]","eventos":24,"muertes":51,"ultima":"2026-08-02","z":1}},{"type":"Feature","geometry":{"type":"Polygon","coordinates":[[[-76.0,10.0],[-75.0,10.0],[-75.0,11.0],[-76.0,11.0],[-76.0,10.0]]]},"properties":{"id":"ucdp:-76_10","n":"Disputa: XXX100, EGC","st":"conflicto_disputa","p":"Colombia","x":"15 eventos · 20 muertes estimadas","color":"#4D4D4D","actores":"[[\"XXX100\", 60], [\"EGC\", 20], [\"ELN\", 20]]","eventos":15,"muertes":20,"ultima":"2026-08-28","z":1}},{"type":"Feature","geometry":{"type":"Polygon","coordinates":[[[-77.0,4.0],[-76.0,4.0],[-76.0,5.0],[-77.0,5.0],[-77.0,4.0]]]},"properties":{"id":"ucdp:-77_4","n":"Disputa: FARC-EMC, XXX100","st":"conflicto_disputa","p":"Colombia","x":"16 eventos · 27 muertes estimadas","color":"#4D4D4D","actores":"[[\"FARC-EMC\", 35], [\"XXX100\", 35], [\"EGC\", 7], [\"ELN\", 7]]","eventos":16,"muertes":27,"ultima":"2026-08-24","z":1}},{"type":"Feature","geometry":{"type":"Polygon","coordinates":[[[-42.0,-3.0],[-41.0,-3.0],[-41.0,-2.0],[-42.0,-2.0],[-42.0,-3.0]]]},"properties":{"id":"ucdp:-42_-3","n":"Disputa: Comando Vermelho, PCC","st":"conflicto_disputa","p":"Brazil","x":"11 eventos · 10 muertes estimadas","color":"#4D4D4D","actores":"[[\"Comando Vermelho\", 50], [\"PCC\", 50]]","eventos":11,"muertes":10,"ultima":"2025-05-26","z":1}},{"type":"Feature","geometry":{"type":"Polygon","coordinates":[[[-43.0,-6.0],[-42.0,-6.0],[-42.0,-5.0],[-43.0,-5.0],[-43.0,-6.0]]]},"properties":{"id":"ucdp:-43_-6","n":"Disputa: Bonde dos 40, PCC","st":"conflicto_disputa","p":"Brazil","x":"90 eventos · 96 muertes estimadas","color":"#4D4D4D","actores":"[[\"Bonde dos 40\", 51], [\"PCC\", 49]]","eventos":90,"muertes":96,"ultima":"2025-08-14","z":1}},{"type":"Feature","geometry":{"type":"Polygon","coordinates":[[[-43.0,-5.0],[-42.0,-5.0],[-42.0,-4.0],[-43.0,-4.0],[-43.0,-5.0]]]},"properties":{"id":"ucdp:-43_-5","n":"Disputa: PCC, Bonde dos 40","st":"conflicto_disputa","p":"Brazil","x":"4 eventos · 6 muertes estimadas","color":"#4D4D4D","actores":"[[\"PCC\", 65], [\"Bonde dos 40\", 20], [\"Comando Vermelho\", 15]]","eventos":4,"muertes":6,"ultima":"2025-06-06","z":1}},{"type":"Feature","geometry":{"type":"Polygon","coordinates":[[[-45.0,-3.0],[-44.0,-3.0],[-44.0,-2.0],[-45.0,-2.0],[-45.0,-3.0]]]},"properties":{"id":"ucdp:-45_-3","n":"Disputa: Bonde dos 40, Comando Vermelho","st":"conflicto_disputa","p":"Brazil","x":"50 eventos · 52 muertes estimadas","color":"#4D4D4D","actores":"[[\"Bonde dos 40\", 55], [\"Comando Vermelho\", 40], [\"PCM\", 5]]","eventos":50,"muertes":52,"ultima":"2025-08-31","z":1}},{"type":"Feature","geometry":{"type":"Polygon","coordinates":[[[-4.0,16.0],[-3.0,16.0],[-3.0,17.0],[-4.0,17.0],[-4.0,16.0]]]},"properties":{"id":"ucdp:-4_16","n":"JNIM","st":"conflicto_dominio","p":"Mali","x":"20 eventos · 36 muertes estimadas","color":"#D35400","actores":"[[\"JNIM\", 98], [\"FLA\", 2]]","eventos":20,"muertes":36,"ultima":"2026-07-26","z":1}},{"type":"Feature","geometry":{"type":"Polygon","coordinates":[[[6.0,5.0],[7.0,5.0],[7.0,6.0],[6.0,6.0],[6.0,5.0]]]},"properties":{"id":"ucdp:6_5","n":"Disputa: IPOB, XXX475","st":"conflicto_disputa","p":"Nigeria","x":"43 eventos · 98 muertes estimadas","color":"#4D4D4D","actores":"[[\"IPOB\", 60], [\"XXX475\", 11], [\"Deebam\", 7], [\"NDV\", 7]]","eventos":43,"muertes":98,"ultima":"2026-08-22","z":1}},{"type":"Feature","geometry":{"type":"Polygon","coordinates":[[[-3.0,16.0],[-2.0,16.0],[-2.0,17.0],[-3.0,17.0],[-3.0,16.0]]]},"properties":{"id":"ucdp:-3_16","n":"JNIM","st":"conflicto_dominio","p":"Mali","x":"10 eventos · 18 muertes estimadas","color":"#D35400","actores":"[[\"JNIM\", 100]]","eventos":10,"muertes":18,"ultima":"2026-08-26","z":1}},{"type":"Feature","geometry":{"type":"Polygon","coordinates":[[[0.0,14.0],[1.0,14.0],[1.0,15.0],[0.0,15.0],[0.0,14.0]]]},"properties":{"id":"ucdp:0_14","n":"IS","st":"conflicto_dominio","p":"Niger","x":"55 eventos · 588 muertes estimadas","color":"#2471A3","actores":"[[\"IS\", 97], [\"XXX436\", 3], [\"JNIM\", 0]]","eventos":55,"muertes":588,"ultima":"2026-08-17","z":1}},{"type":"Feature","geometry":{"type":"Polygon","coordinates":[[[11.0,12.0],[12.0,12.0],[12.0,13.0],[11.0,13.0],[11.0,12.0]]]},"properties":{"id":"ucdp:11_12","n":"IS","st":"conflicto_dominio","p":"Nigeria","x":"16 eventos · 77 muertes estimadas","color":"#2471A3","actores":"[[\"IS\", 98], [\"XXX475\", 2]]","eventos":16,"muertes":77,"ultima":"2026-06-08","z":1}},{"type":"Feature","geometry":{"type":"Polygon","coordinates":[[[37.0,5.0],[38.0,5.0],[38.0,6.0],[37.0,6.0],[37.0,5.0]]]},"properties":{"id":"ucdp:37_5","n":"Disputa: Amaro, Guji","st":"conflicto_disputa","p":"Ethiopia","x":"7 eventos · 3 muertes estimadas","color":"#4D4D4D","actores":"[[\"Amaro\", 30], [\"Guji\", 30], [\"OLA\", 20], [\"XXX530\", 20]]","eventos":7,"muertes":3,"ultima":"2026-03-19","z":1}},{"type":"Feature","geometry":{"type":"Polygon","coordinates":[[[36.0,11.0],[37.0,11.0],[37.0,12.0],[36.0,12.0],[36.0,11.0]]]},"properties":{"id":"ucdp:36_11","n":"Fano","st":"conflicto_dominio","p":"Ethiopia","x":"60 eventos · 398 muertes estimadas","color":"#6C3483","actores":"[[\"Fano\", 98], [\"GFNF\", 2], [\"XXX530\", 0]]","eventos":60,"muertes":398,"ultima":"2026-08-11","z":1}},{"type":"Feature","geometry":{"type":"Polygon","coordinates":[[[35.0,8.0],[36.0,8.0],[36.0,9.0],[35.0,9.0],[35.0,8.0]]]},"properties":{"id":"ucdp:35_8","n":"OLA","st":"conflicto_dominio","p":"Ethiopia","x":"20 eventos · 7 muertes estimadas","color":"#7f8c8d","actores":"[[\"OLA\", 100]]","eventos":20,"muertes":7,"ultima":"2026-06-21","z":1}},{"type":"Feature","geometry":{"type":"Polygon","coordinates":[[[40.0,8.0],[41.0,8.0],[41.0,9.0],[40.0,9.0],[40.0,8.0]]]},"properties":{"id":"ucdp:40_8","n":"OLA","st":"conflicto_dominio","p":"Ethiopia","x":"31 eventos · 37 muertes estimadas","color":"#7f8c8d","actores":"[[\"OLA\", 81], [\"XXX530\", 15], [\"Amhara\", 2], [\"Oromo\", 2]]","eventos":31,"muertes":37,"ultima":"2026-08-21","z":1}},{"type":"Feature","geometry":{"type":"Polygon","coordinates":[[[71.0,33.0],[72.0,33.0],[72.0,34.0],[71.0,34.0],[71.0,33.0]]]},"properties":{"id":"ucdp:71_33","n":"TTP","st":"conflicto_dominio","p":"Pakistan","x":"111 eventos · 420 muertes estimadas","color":"#A04000","actores":"[[\"TTP\", 89], [\"XXX770\", 6], [\"IS\", 2], [\"IMP\", 2]]","eventos":111,"muertes":420,"ultima":"2026-08-27","z":1}},{"type":"Feature","geometry":{"type":"Polygon","coordinates":[[[70.0,32.0],[71.0,32.0],[71.0,33.0],[70.0,33.0],[70.0,32.0]]]},"properties":{"id":"ucdp:70_32","n":"TTP","st":"conflicto_dominio","p":"Pakistan","x":"380 eventos · 1318 muertes estimadas","color":"#A04000","actores":"[[\"TTP\", 82], [\"IMP\", 10], [\"HGB\", 4], [\"XXX770\", 4]]","eventos":380,"muertes":1318,"ultima":"2026-08-31","z":1}},{"type":"Feature","geometry":{"type":"Polygon","coordinates":[[[-77.0,0.0],[-76.0,0.0],[-76.0,1.0],[-77.0,1.0],[-77.0,0.0]]]},"properties":{"id":"ucdp:-77_0","n":"Disputa: Comandos de la Frontera, FARC - Segunda Marquetalia","st":"conflicto_disputa","p":"Colombia","x":"5 eventos · 4 muertes estimadas","color":"#4D4D4D","actores":"[[\"Comandos de la Frontera\", 56], [\"FARC - Segunda Marquetalia\", 22], [\"FARC-EMC\", 22]]","eventos":5,"muertes":4,"ultima":"2025-05-01","z":1}},{"type":"Feature","geometry":{"type":"Polygon","coordinates":[[[-76.0,7.0],[-75.0,7.0],[-75.0,8.0],[-76.0,8.0],[-76.0,7.0]]]},"properties":{"id":"ucdp:-76_7","n":"Disputa: EGC, FARC-EMC","st":"conflicto_disputa","p":"Colombia","x":"35 eventos · 68 muertes estimadas","color":"#4D4D4D","actores":"[[\"EGC\", 26], [\"FARC-EMC\", 24], [\"ELN\", 16], [\"EMBF\", 15]]","eventos":35,"muertes":68,"ultima":"2026-08-30","z":1}},{"type":"Feature","geometry":{"type":"Polygon","coordinates":[[[38.0,7.0],[39.0,7.0],[39.0,8.0],[38.0,8.0],[38.0,7.0]]]},"properties":{"id":"ucdp:38_7","n":"OLA","st":"conflicto_dominio","p":"Ethiopia","x":"36 eventos · 40 muertes estimadas","color":"#7f8c8d","actores":"[[\"OLA\", 100]]","eventos":36,"muertes":40,"ultima":"2026-08-25","z":1}},{"type":"Feature","geometry":{"type":"Polygon","coordinates":[[[16.0,7.0],[17.0,7.0],[17.0,8.0],[16.0,8.0],[16.0,7.0]]]},"properties":{"id":"ucdp:16_7","n":"Disputa: CPC, CPC-F","st":"conflicto_disputa","p":"Central African Republic","x":"6 eventos · 16 muertes estimadas","color":"#4D4D4D","actores":"[[\"CPC\", 55], [\"CPC-F\", 18], [\"CMSPR\", 14], [\"Farmers (CAR)\", 7]]","eventos":6,"muertes":16,"ultima":"2026-01-06","z":1}},{"type":"Feature","geometry":{"type":"Polygon","coordinates":[[[15.0,7.0],[16.0,7.0],[16.0,8.0],[15.0,8.0],[15.0,7.0]]]},"properties":{"id":"ucdp:15_7","n":"Disputa: CPC, Farmers (CAR)","st":"conflicto_disputa","p":"Central African Republic","x":"6 eventos · 25 muertes estimadas","color":"#4D4D4D","actores":"[[\"CPC\", 61], [\"Farmers (CAR)\", 15], [\"Herders (CAR)\", 15], [\"XXX482\", 10]]","eventos":6,"muertes":25,"ultima":"2026-04-07","z":1}},{"type":"Feature","geometry":{"type":"Polygon","coordinates":[[[15.0,4.0],[16.0,4.0],[16.0,5.0],[15.0,5.0],[15.0,4.0]]]},"properties":{"id":"ucdp:15_4","n":"CPC","st":"conflicto_dominio","p":"Central African Republic","x":"4 eventos · 5 muertes estimadas","color":"#7f8c8d","actores":"[[\"CPC\", 100]]","eventos":4,"muertes":5,"ultima":"2026-01-23","z":1}},{"type":"Feature","geometry":{"type":"Polygon","coordinates":[[[40.0,11.0],[41.0,11.0],[41.0,12.0],[40.0,12.0],[40.0,11.0]]]},"properties":{"id":"ucdp:40_11","n":"Disputa: OLA, XXX530","st":"conflicto_disputa","p":"Ethiopia","x":"5 eventos · 1 muertes estimadas","color":"#4D4D4D","actores":"[[\"OLA\", 67], [\"XXX530\", 33]]","eventos":5,"muertes":1,"ultima":"2026-07-11","z":1}},{"type":"Feature","geometry":{"type":"Polygon","coordinates":[[[35.0,9.0],[36.0,9.0],[36.0,10.0],[35.0,10.0],[35.0,9.0]]]},"properties":{"id":"ucdp:35_9","n":"OLA","st":"conflicto_dominio","p":"Ethiopia","x":"18 eventos · 22 muertes estimadas","color":"#7f8c8d","actores":"[[\"OLA\", 100]]","eventos":18,"muertes":22,"ultima":"2026-05-30","z":1}},{"type":"Feature","geometry":{"type":"Polygon","coordinates":[[[40.0,10.0],[41.0,10.0],[41.0,11.0],[40.0,11.0],[40.0,10.0]]]},"properties":{"id":"ucdp:40_10","n":"Disputa: Fano, OLA","st":"conflicto_disputa","p":"Ethiopia","x":"29 eventos · 24 muertes estimadas","color":"#4D4D4D","actores":"[[\"Fano\", 64], [\"OLA\", 36]]","eventos":29,"muertes":24,"ultima":"2026-06-23","z":1}},{"type":"Feature","geometry":{"type":"Polygon","coordinates":[[[36.0,9.0],[37.0,9.0],[37.0,10.0],[36.0,10.0],[36.0,9.0]]]},"properties":{"id":"ucdp:36_9","n":"Disputa: Fano, OLA","st":"conflicto_disputa","p":"Ethiopia","x":"88 eventos · 317 muertes estimadas","color":"#4D4D4D","actores":"[[\"Fano\", 62], [\"OLA\", 36], [\"XXX530\", 2]]","eventos":88,"muertes":317,"ultima":"2026-08-24","z":1}},{"type":"Feature","geometry":{"type":"Polygon","coordinates":[[[20.0,9.0],[21.0,9.0],[21.0,10.0],[20.0,10.0],[20.0,9.0]]]},"properties":{"id":"ucdp:20_9","n":"Disputa: CPC, CPC-F","st":"conflicto_disputa","p":"Central African Republic","x":"3 eventos · 2 muertes estimadas","color":"#4D4D4D","actores":"[[\"CPC\", 60], [\"CPC-F\", 40]]","eventos":3,"muertes":2,"ultima":"2024-10-08","z":1}},{"type":"Feature","geometry":{"type":"Polygon","coordinates":[[[39.0,7.0],[40.0,7.0],[40.0,8.0],[39.0,8.0],[39.0,7.0]]]},"properties":{"id":"ucdp:39_7","n":"OLA","st":"conflicto_dominio","p":"Ethiopia","x":"34 eventos · 101 muertes estimadas","color":"#7f8c8d","actores":"[[\"OLA\", 76], [\"XXX530\", 24]]","eventos":34,"muertes":101,"ultima":"2026-05-31","z":1}},{"type":"Feature","geometry":{"type":"Polygon","coordinates":[[[38.0,6.0],[39.0,6.0],[39.0,7.0],[38.0,7.0],[38.0,6.0]]]},"properties":{"id":"ucdp:38_6","n":"Disputa: Guji, Sidama","st":"conflicto_disputa","p":"Ethiopia","x":"6 eventos · 13 muertes estimadas","color":"#4D4D4D","actores":"[[\"Guji\", 34], [\"Sidama\", 34], [\"OLA\", 32]]","eventos":6,"muertes":13,"ultima":"2026-05-17","z":1}},{"type":"Feature","geometry":{"type":"Polygon","coordinates":[[[38.0,5.0],[39.0,5.0],[39.0,6.0],[38.0,6.0],[38.0,5.0]]]},"properties":{"id":"ucdp:38_5","n":"OLA","st":"conflicto_dominio","p":"Ethiopia","x":"11 eventos · 1 muertes estimadas","color":"#7f8c8d","actores":"[[\"OLA\", 100]]","eventos":11,"muertes":1,"ultima":"2026-05-31","z":1}},{"type":"Feature","geometry":{"type":"Polygon","coordinates":[[[8.0,5.0],[9.0,5.0],[9.0,6.0],[8.0,6.0],[8.0,5.0]]]},"properties":{"id":"ucdp:8_5","n":"Disputa: IPOB, XXX475","st":"conflicto_disputa","p":"Nigeria","x":"5 eventos · 14 muertes estimadas","color":"#4D4D4D","actores":"[[\"IPOB\", 47], [\"XXX475\", 21], [\"Ikot-Offiong\", 8], [\"Oku Iboku\", 8]]","eventos":5,"muertes":14,"ultima":"2026-07-04","z":1}},{"type":"Feature","geometry":{"type":"Polygon","coordinates":[[[-48.0,-6.0],[-47.0,-6.0],[-47.0,-5.0],[-48.0,-5.0],[-48.0,-6.0]]]},"properties":{"id":"ucdp:-48_-6","n":"Disputa: Comando Vermelho, PCC","st":"conflicto_disputa","p":"Brazil","x":"14 eventos · 16 muertes estimadas","color":"#4D4D4D","actores":"[[\"Comando Vermelho\", 53], [\"PCC\", 47]]","eventos":14,"muertes":16,"ultima":"2025-08-18","z":1}},{"type":"Feature","geometry":{"type":"Polygon","coordinates":[[[-44.0,-5.0],[-43.0,-5.0],[-43.0,-4.0],[-44.0,-4.0],[-44.0,-5.0]]]},"properties":{"id":"ucdp:-44_-5","n":"Disputa: PCC, Bonde dos 40","st":"conflicto_disputa","p":"Brazil","x":"7 eventos · 8 muertes estimadas","color":"#4D4D4D","actores":"[[\"PCC\", 50], [\"Bonde dos 40\", 30], [\"Comando Vermelho\", 20]]","eventos":7,"muertes":8,"ultima":"2025-05-18","z":1}},{"type":"Feature","geometry":{"type":"Polygon","coordinates":[[[60.0,28.0],[61.0,28.0],[61.0,29.0],[60.0,29.0],[60.0,28.0]]]},"properties":{"id":"ucdp:60_28","n":"Jaish al-Adl","st":"conflicto_dominio","p":"Iran","x":"4 eventos · 21 muertes estimadas","color":"#7f8c8d","actores":"[[\"Jaish al-Adl\", 100]]","eventos":4,"muertes":21,"ultima":"2026-07-03","z":1}},{"type":"Feature","geometry":{"type":"Polygon","coordinates":[[[60.0,29.0],[61.0,29.0],[61.0,30.0],[60.0,30.0],[60.0,29.0]]]},"properties":{"id":"ucdp:60_29","n":"Jaish al-Adl","st":"conflicto_dominio","p":"Iran","x":"19 eventos · 41 muertes estimadas","color":"#7f8c8d","actores":"[[\"Jaish al-Adl\", 92], [\"XXX630\", 5], [\"Ansar al-Furqan\", 3]]","eventos":19,"muertes":41,"ultima":"2026-08-22","z":1}},{"type":"Feature","geometry":{"type":"Polygon","coordinates":[[[36.0,8.0],[37.0,8.0],[37.0,9.0],[36.0,9.0],[36.0,8.0]]]},"properties":{"id":"ucdp:36_8","n":"OLA","st":"conflicto_dominio","p":"Ethiopia","x":"13 eventos · 6 muertes estimadas","color":"#7f8c8d","actores":"[[\"OLA\", 100]]","eventos":13,"muertes":6,"ultima":"2026-06-08","z":1}},{"type":"Feature","geometry":{"type":"Polygon","coordinates":[[[70.0,33.0],[71.0,33.0],[71.0,34.0],[70.0,34.0],[70.0,33.0]]]},"properties":{"id":"ucdp:70_33","n":"TTP","st":"conflicto_dominio","p":"Pakistan","x":"190 eventos · 1073 muertes estimadas","color":"#A04000","actores":"[[\"TTP\", 78], [\"Shia (Pakistan)\", 6], [\"Sunni (Pakistan)\", 6], [\"IMP\", 4]]","eventos":190,"muertes":1073,"ultima":"2026-08-31","z":1}},{"type":"Feature","geometry":{"type":"Polygon","coordinates":[[[71.0,34.0],[72.0,34.0],[72.0,35.0],[71.0,35.0],[71.0,34.0]]]},"properties":{"id":"ucdp:71_34","n":"TTP","st":"conflicto_dominio","p":"Pakistan","x":"160 eventos · 512 muertes estimadas","color":"#A04000","actores":"[[\"TTP\", 72], [\"XXX770\", 14], [\"IS\", 12], [\"BRAS\", 0]]","eventos":160,"muertes":512,"ultima":"2026-08-30","z":1}},{"type":"Feature","geometry":{"type":"Polygon","coordinates":[[[70.0,31.0],[71.0,31.0],[71.0,32.0],[70.0,32.0],[70.0,31.0]]]},"properties":{"id":"ucdp:70_31","n":"TTP","st":"conflicto_dominio","p":"Pakistan","x":"93 eventos · 281 muertes estimadas","color":"#A04000","actores":"[[\"TTP\", 98], [\"BRAS\", 1], [\"XXX770\", 1]]","eventos":93,"muertes":281,"ultima":"2026-08-28","z":1}},{"type":"Feature","geometry":{"type":"Polygon","coordinates":[[[-100.0,16.0],[-99.0,16.0],[-99.0,17.0],[-100.0,17.0],[-100.0,16.0]]]},"properties":{"id":"ucdp:-100_16","n":"Disputa: Cartel Independiente de Acapulco, Los Rusos","st":"conflicto_disputa","p":"Mexico","x":"449 eventos · 624 muertes estimadas","color":"#4D4D4D","actores":"[[\"Cartel Independiente de Acapulco\", 37], [\"Los Rusos\", 36], [\"XXX70\", 23], [\"Los Rusos, UPOEG\", 2]]","eventos":449,"muertes":624,"ultima":"2026-08-31","z":1}},{"type":"Feature","geometry":{"type":"Polygon","coordinates":[[[24.0,12.0],[25.0,12.0],[25.0,13.0],[24.0,13.0],[24.0,12.0]]]},"properties":{"id":"ucdp:24_12","n":"SFA","st":"conflicto_dominio","p":"Sudan","x":"42 eventos · 677 muertes estimadas","color":"#C0392B","actores":"[[\"SFA\", 77], [\"RSF\", 23]]","eventos":42,"muertes":677,"ultima":"2026-08-17","z":1}},{"type":"Feature","geometry":{"type":"Polygon","coordinates":[[[64.0,26.0],[65.0,26.0],[65.0,27.0],[64.0,27.0],[64.0,26.0]]]},"properties":{"id":"ucdp:64_26","n":"BRAS","st":"conflicto_dominio","p":"Pakistan","x":"70 eventos · 148 muertes estimadas","color":"#9A7D0A","actores":"[[\"BRAS\", 97], [\"TTP\", 2], [\"XXX770\", 1]]","eventos":70,"muertes":148,"ultima":"2026-08-26","z":1}},{"type":"Feature","geometry":{"type":"Polygon","coordinates":[[[66.0,29.0],[67.0,29.0],[67.0,30.0],[66.0,30.0],[66.0,29.0]]]},"properties":{"id":"ucdp:66_29","n":"BRAS","st":"conflicto_dominio","p":"Pakistan","x":"101 eventos · 256 muertes estimadas","color":"#9A7D0A","actores":"[[\"BRAS\", 83], [\"XXX770\", 11], [\"TTP\", 4], [\"IS\", 2]]","eventos":101,"muertes":256,"ultima":"2026-08-30","z":1}},{"type":"Feature","geometry":{"type":"Polygon","coordinates":[[[69.0,30.0],[70.0,30.0],[70.0,31.0],[69.0,31.0],[69.0,30.0]]]},"properties":{"id":"ucdp:69_30","n":"BRAS","st":"conflicto_dominio","p":"Pakistan","x":"11 eventos · 30 muertes estimadas","color":"#9A7D0A","actores":"[[\"BRAS\", 100]]","eventos":11,"muertes":30,"ultima":"2026-07-28","z":1}},{"type":"Feature","geometry":{"type":"Polygon","coordinates":[[[25.0,11.0],[26.0,11.0],[26.0,12.0],[25.0,12.0],[25.0,11.0]]]},"properties":{"id":"ucdp:25_11","n":"SFA","st":"conflicto_dominio","p":"Sudan","x":"7 eventos · 37 muertes estimadas","color":"#C0392B","actores":"[[\"SFA\", 77], [\"RSF\", 23]]","eventos":7,"muertes":37,"ultima":"2026-05-29","z":1}},{"type":"Feature","geometry":{"type":"Polygon","coordinates":[[[-100.0,17.0],[-99.0,17.0],[-99.0,18.0],[-100.0,18.0],[-100.0,17.0]]]},"properties":{"id":"ucdp:-100_17","n":"Disputa: Los Ardillos, XXX70","st":"conflicto_disputa","p":"Mexico","x":"88 eventos · 130 muertes estimadas","color":"#4D4D4D","actores":"[[\"Los Ardillos\", 38], [\"XXX70\", 35], [\"Los Tlacos\", 25], [\"Los Rojos\", 1]]","eventos":88,"muertes":130,"ultima":"2026-08-26","z":1}},{"type":"Feature","geometry":{"type":"Polygon","coordinates":[[[-107.0,28.0],[-106.0,28.0],[-106.0,29.0],[-107.0,29.0],[-107.0,28.0]]]},"properties":{"id":"ucdp:-107_28","n":"Disputa: Juarez Cartel, Sinaloa Cartel","st":"conflicto_disputa","p":"Mexico","x":"40 eventos · 69 muertes estimadas","color":"#4D4D4D","actores":"[[\"Juarez Cartel\", 44], [\"Sinaloa Cartel\", 44], [\"XXX70\", 13]]","eventos":40,"muertes":69,"ultima":"2026-07-12","z":1}},{"type":"Feature","geometry":{"type":"Polygon","coordinates":[[[-107.0,31.0],[-106.0,31.0],[-106.0,32.0],[-107.0,32.0],[-107.0,31.0]]]},"properties":{"id":"ucdp:-107_31","n":"Disputa: Juarez Cartel, Sinaloa Cartel","st":"conflicto_disputa","p":"Mexico","x":"423 eventos · 494 muertes estimadas","color":"#4D4D4D","actores":"[[\"Juarez Cartel\", 40], [\"Sinaloa Cartel\", 40], [\"XXX70\", 20]]","eventos":423,"muertes":494,"ultima":"2026-08-31","z":1}},{"type":"Feature","geometry":{"type":"Polygon","coordinates":[[[-102.0,19.0],[-101.0,19.0],[-101.0,20.0],[-102.0,20.0],[-102.0,19.0]]]},"properties":{"id":"ucdp:-102_19","n":"Disputa: Carteles Unidos, Jalisco Cartel New Generation, Los Blancos de Troya, Los de la Virgen, Los Viagras","st":"conflicto_disputa","p":"Mexico","x":"163 eventos · 786 muertes estimadas","color":"#4D4D4D","actores":"[[\"Carteles Unidos\", 48], [\"Jalisco Cartel New Generation, Los Blancos de Troya, Los de la Virgen, Los Viagras\", 48], [\"XXX70\", 3], [\"Jalisco Cartel New Generation\", 0]]","eventos":163,"muertes":786,"ultima":"2026-08-27","z":1}},{"type":"Feature","geometry":{"type":"Polygon","coordinates":[[[67.0,29.0],[68.0,29.0],[68.0,30.0],[67.0,30.0],[67.0,29.0]]]},"properties":{"id":"ucdp:67_29","n":"BRAS","st":"conflicto_dominio","p":"Pakistan","x":"66 eventos · 183 muertes estimadas","color":"#9A7D0A","actores":"[[\"BRAS\", 90], [\"XXX770\", 6], [\"IS\", 3], [\"TTP\", 2]]","eventos":66,"muertes":183,"ultima":"2026-08-28","z":1}},{"type":"Feature","geometry":{"type":"Polygon","coordinates":[[[70.0,37.0],[71.0,37.0],[71.0,38.0],[70.0,38.0],[70.0,37.0]]]},"properties":{"id":"ucdp:70_37","n":"Disputa: IS, NRF","st":"conflicto_disputa","p":"Afghanistan","x":"9 eventos · 6 muertes estimadas","color":"#4D4D4D","actores":"[[\"IS\", 40], [\"NRF\", 33], [\"AFF\", 20], [\"AUF\", 7]]","eventos":9,"muertes":6,"ultima":"2026-08-25","z":1}},{"type":"Feature","geometry":{"type":"Polygon","coordinates":[[[-103.0,19.0],[-102.0,19.0],[-102.0,20.0],[-103.0,20.0],[-103.0,19.0]]]},"properties":{"id":"ucdp:-103_19","n":"Disputa: Carteles Unidos, Jalisco Cartel New Generation, Los Blancos de Troya, Los de la Virgen, Los Viagras","st":"conflicto_disputa","p":"Mexico","x":"62 eventos · 80 muertes estimadas","color":"#4D4D4D","actores":"[[\"Carteles Unidos\", 44], [\"Jalisco Cartel New Generation, Los Blancos de Troya, Los de la Virgen, Los Viagras\", 44], [\"XXX70\", 6], [\"Jalisco Cartel New Generation\", 4]]","eventos":62,"muertes":80,"ultima":"2026-08-23","z":1}},{"type":"Feature","geometry":{"type":"Polygon","coordinates":[[[66.0,28.0],[67.0,28.0],[67.0,29.0],[66.0,29.0],[66.0,28.0]]]},"properties":{"id":"ucdp:66_28","n":"BRAS","st":"conflicto_dominio","p":"Pakistan","x":"76 eventos · 172 muertes estimadas","color":"#9A7D0A","actores":"[[\"BRAS\", 79], [\"TTP\", 19], [\"XXX770\", 2]]","eventos":76,"muertes":172,"ultima":"2026-08-19","z":1}},{"type":"Feature","geometry":{"type":"Polygon","coordinates":[[[62.0,26.0],[63.0,26.0],[63.0,27.0],[62.0,27.0],[62.0,26.0]]]},"properties":{"id":"ucdp:62_26","n":"BRAS","st":"conflicto_dominio","p":"Pakistan","x":"75 eventos · 39 muertes estimadas","color":"#9A7D0A","actores":"[[\"BRAS\", 96], [\"XXX630\", 2], [\"XXX770\", 2]]","eventos":75,"muertes":39,"ultima":"2026-07-29","z":1}},{"type":"Feature","geometry":{"type":"Polygon","coordinates":[[[69.0,28.0],[70.0,28.0],[70.0,29.0],[69.0,29.0],[69.0,28.0]]]},"properties":{"id":"ucdp:69_28","n":"BRAS","st":"conflicto_dominio","p":"Pakistan","x":"13 eventos · 18 muertes estimadas","color":"#9A7D0A","actores":"[[\"BRAS\", 74], [\"TTP\", 19], [\"XXX770\", 6]]","eventos":13,"muertes":18,"ultima":"2026-08-06","z":1}},{"type":"Feature","geometry":{"type":"Polygon","coordinates":[[[66.0,27.0],[67.0,27.0],[67.0,28.0],[66.0,28.0],[66.0,27.0]]]},"properties":{"id":"ucdp:66_27","n":"BRAS","st":"conflicto_dominio","p":"Pakistan","x":"51 eventos · 184 muertes estimadas","color":"#9A7D0A","actores":"[[\"BRAS\", 88], [\"TTP\", 6], [\"XXX770\", 5], [\"IS\", 1]]","eventos":51,"muertes":184,"ultima":"2026-08-25","z":1}},{"type":"Feature","geometry":{"type":"Polygon","coordinates":[[[63.0,26.0],[64.0,26.0],[64.0,27.0],[63.0,27.0],[63.0,26.0]]]},"properties":{"id":"ucdp:63_26","n":"BRAS","st":"conflicto_dominio","p":"Pakistan","x":"108 eventos · 107 muertes estimadas","color":"#9A7D0A","actores":"[[\"BRAS\", 89], [\"TTP\", 9], [\"XXX770\", 2]]","eventos":108,"muertes":107,"ultima":"2026-08-30","z":1}},{"type":"Feature","geometry":{"type":"Polygon","coordinates":[[[69.0,29.0],[70.0,29.0],[70.0,30.0],[69.0,30.0],[69.0,29.0]]]},"properties":{"id":"ucdp:69_29","n":"BRAS","st":"conflicto_dominio","p":"Pakistan","x":"5 eventos · 17 muertes estimadas","color":"#9A7D0A","actores":"[[\"BRAS\", 100]]","eventos":5,"muertes":17,"ultima":"2026-05-13","z":1}},{"type":"Feature","geometry":{"type":"Polygon","coordinates":[[[69.0,32.0],[70.0,32.0],[70.0,33.0],[69.0,33.0],[69.0,32.0]]]},"properties":{"id":"ucdp:69_32","n":"TTP","st":"conflicto_dominio","p":"Pakistan","x":"152 eventos · 642 muertes estimadas","color":"#A04000","actores":"[[\"TTP\", 87], [\"IMP\", 8], [\"IS\", 2], [\"XXX770\", 2]]","eventos":152,"muertes":642,"ultima":"2026-08-28","z":1}},{"type":"Feature","geometry":{"type":"Polygon","coordinates":[[[65.0,28.0],[66.0,28.0],[66.0,29.0],[65.0,29.0],[65.0,28.0]]]},"properties":{"id":"ucdp:65_28","n":"BRAS","st":"conflicto_dominio","p":"Pakistan","x":"51 eventos · 310 muertes estimadas","color":"#9A7D0A","actores":"[[\"BRAS\", 90], [\"XXX770\", 9], [\"TTP\", 1]]","eventos":51,"muertes":310,"ultima":"2026-08-17","z":1}},{"type":"Feature","geometry":{"type":"Polygon","coordinates":[[[67.0,30.0],[68.0,30.0],[68.0,31.0],[67.0,31.0],[67.0,30.0]]]},"properties":{"id":"ucdp:67_30","n":"Disputa: BRAS, TTP","st":"conflicto_disputa","p":"Pakistan","x":"68 eventos · 449 muertes estimadas","color":"#4D4D4D","actores":"[[\"BRAS\", 46], [\"TTP\", 44], [\"XXX770\", 6], [\"IS\", 5]]","eventos":68,"muertes":449,"ultima":"2026-08-31","z":1}},{"type":"Feature","geometry":{"type":"Polygon","coordinates":[[[-38.0,-6.0],[-37.0,-6.0],[-37.0,-5.0],[-38.0,-5.0],[-38.0,-6.0]]]},"properties":{"id":"ucdp:-38_-6","n":"Disputa: GDE, PCC, Sindicato do Crime","st":"conflicto_disputa","p":"Brazil","x":"59 eventos · 64 muertes estimadas","color":"#4D4D4D","actores":"[[\"GDE, PCC\", 45], [\"Sindicato do Crime\", 43], [\"XXX140\", 10], [\"PCC\", 2]]","eventos":59,"muertes":64,"ultima":"2026-03-10","z":1}},{"type":"Feature","geometry":{"type":"Polygon","coordinates":[[[-38.0,-5.0],[-37.0,-5.0],[-37.0,-4.0],[-38.0,-4.0],[-38.0,-5.0]]]},"properties":{"id":"ucdp:-38_-5","n":"Disputa: GDE, PCC, Sindicato do Crime","st":"conflicto_disputa","p":"Brazil","x":"9 eventos · 11 muertes estimadas","color":"#4D4D4D","actores":"[[\"GDE, PCC\", 38], [\"Sindicato do Crime\", 38], [\"XXX140\", 25]]","eventos":9,"muertes":11,"ultima":"2026-03-07","z":1}},{"type":"Feature","geometry":{"type":"Polygon","coordinates":[[[-37.0,-6.0],[-36.0,-6.0],[-36.0,-5.0],[-37.0,-5.0],[-37.0,-6.0]]]},"properties":{"id":"ucdp:-37_-6","n":"Disputa: Sindicato do Crime, GDE, PCC","st":"conflicto_disputa","p":"Brazil","x":"12 eventos · 14 muertes estimadas","color":"#4D4D4D","actores":"[[\"Sindicato do Crime\", 42], [\"GDE, PCC\", 38], [\"XXX140\", 15], [\"PCC\", 4]]","eventos":12,"muertes":14,"ultima":"2026-03-08","z":1}},{"type":"Feature","geometry":{"type":"Polygon","coordinates":[[[-38.0,-7.0],[-37.0,-7.0],[-37.0,-6.0],[-38.0,-6.0],[-38.0,-7.0]]]},"properties":{"id":"ucdp:-38_-7","n":"Disputa: Sindicato do Crime, XXX140","st":"conflicto_disputa","p":"Brazil","x":"4 eventos · 3 muertes estimadas","color":"#4D4D4D","actores":"[[\"Sindicato do Crime\", 36], [\"XXX140\", 29], [\"GDE, PCC\", 21], [\"PCC\", 14]]","eventos":4,"muertes":3,"ultima":"2026-02-27","z":1}},{"type":"Feature","geometry":{"type":"Polygon","coordinates":[[[24.0,13.0],[25.0,13.0],[25.0,14.0],[24.0,14.0],[24.0,13.0]]]},"properties":{"id":"ucdp:24_13","n":"Disputa: RSF, SFA","st":"conflicto_disputa","p":"Sudan","x":"20 eventos · 364 muertes estimadas","color":"#4D4D4D","actores":"[[\"RSF\", 51], [\"SFA\", 33], [\"SLFA, SLM/A\", 16]]","eventos":20,"muertes":364,"ultima":"2026-08-10","z":1}},{"type":"Feature","geometry":{"type":"Polygon","coordinates":[[[23.0,13.0],[24.0,13.0],[24.0,14.0],[23.0,14.0],[23.0,13.0]]]},"properties":{"id":"ucdp:23_13","n":"SFA","st":"conflicto_dominio","p":"Sudan","x":"8 eventos · 82 muertes estimadas","color":"#C0392B","actores":"[[\"SFA\", 77], [\"RSF\", 23]]","eventos":8,"muertes":82,"ultima":"2026-05-04","z":1}},{"type":"Feature","geometry":{"type":"Polygon","coordinates":[[[-104.0,20.0],[-103.0,20.0],[-103.0,21.0],[-104.0,21.0],[-104.0,20.0]]]},"properties":{"id":"ucdp:-104_20","n":"Jalisco Cartel New Generation","st":"conflicto_dominio","p":"Mexico","x":"9 eventos · 22 muertes estimadas","color":"#0E6655","actores":"[[\"Jalisco Cartel New Generation\", 74], [\"Jalisco Cartel New Generation, Sinaloa Cartel - Los Chapitos\", 10], [\"Sinaloa Cartel - Los Mayos\", 10], [\"XXX70\", 6]]","eventos":9,"muertes":22,"ultima":"2026-07-07","z":1}},{"type":"Feature","geometry":{"type":"Polygon","coordinates":[[[-102.0,21.0],[-101.0,21.0],[-101.0,22.0],[-102.0,22.0],[-102.0,21.0]]]},"properties":{"id":"ucdp:-102_21","n":"Disputa: Jalisco Cartel New Generation, Santa Rosa de Lima Cartel","st":"conflicto_disputa","p":"Mexico","x":"30 eventos · 54 muertes estimadas","color":"#4D4D4D","actores":"[[\"Jalisco Cartel New Generation\", 49], [\"Santa Rosa de Lima Cartel\", 41], [\"XXX70\", 6], [\"Sinaloa Cartel\", 4]]","eventos":30,"muertes":54,"ultima":"2026-05-14","z":1}},{"type":"Feature","geometry":{"type":"Polygon","coordinates":[[[33.0,15.0],[34.0,15.0],[34.0,16.0],[33.0,16.0],[33.0,15.0]]]},"properties":{"id":"ucdp:33_15","n":"RSF","st":"conflicto_dominio","p":"Sudan","x":"14 eventos · 96 muertes estimadas","color":"#196F3D","actores":"[[\"RSF\", 100]]","eventos":14,"muertes":96,"ultima":"2025-02-15","z":1}},{"type":"Feature","geometry":{"type":"Polygon","coordinates":[[[-94.0,18.0],[-93.0,18.0],[-93.0,19.0],[-94.0,19.0],[-94.0,18.0]]]},"properties":{"id":"ucdp:-94_18","n":"Disputa: Jalisco Cartel New Generation, La Barredora","st":"conflicto_disputa","p":"Mexico","x":"27 eventos · 50 muertes estimadas","color":"#4D4D4D","actores":"[[\"Jalisco Cartel New Generation\", 50], [\"La Barredora\", 50]]","eventos":27,"muertes":50,"ultima":"2026-04-07","z":1}},{"type":"Feature","geometry":{"type":"Polygon","coordinates":[[[-103.0,22.0],[-102.0,22.0],[-102.0,23.0],[-103.0,23.0],[-103.0,22.0]]]},"properties":{"id":"ucdp:-103_22","n":"Disputa: Jalisco Cartel New Generation, Sinaloa Cartel","st":"conflicto_disputa","p":"Mexico","x":"18 eventos · 52 muertes estimadas","color":"#4D4D4D","actores":"[[\"Jalisco Cartel New Generation\", 36], [\"Sinaloa Cartel\", 36], [\"XXX70\", 17], [\"Jalisco Cartel New Generation, Sinaloa Cartel - Los Chapitos\", 5]]","eventos":18,"muertes":52,"ultima":"2026-08-21","z":1}},{"type":"Feature","geometry":{"type":"Polygon","coordinates":[[[-52.0,0.0],[-51.0,0.0],[-51.0,1.0],[-52.0,1.0],[-52.0,0.0]]]},"properties":{"id":"ucdp:-52_0","n":"Disputa: Família Terror Amapá, Comando Vermelho","st":"conflicto_disputa","p":"Brazil","x":"80 eventos · 84 muertes estimadas","color":"#4D4D4D","actores":"[[\"Família Terror Amapá\", 46], [\"Comando Vermelho\", 42], [\"XXX140\", 9], [\"Amigos Para Sempre\", 4]]","eventos":80,"muertes":84,"ultima":"2026-08-31","z":1}},{"type":"Feature","geometry":{"type":"Polygon","coordinates":[[[-52.0,-1.0],[-51.0,-1.0],[-51.0,0.0],[-52.0,0.0],[-52.0,-1.0]]]},"properties":{"id":"ucdp:-52_-1","n":"Disputa: Família Terror Amapá, Comando Vermelho","st":"conflicto_disputa","p":"Brazil","x":"33 eventos · 34 muertes estimadas","color":"#4D4D4D","actores":"[[\"Família Terror Amapá\", 46], [\"Comando Vermelho\", 35], [\"Amigos Para Sempre\", 10], [\"XXX140\", 9]]","eventos":33,"muertes":34,"ultima":"2026-08-17","z":1}},{"type":"Feature","geometry":{"type":"Polygon","coordinates":[[[-61.0,-4.0],[-60.0,-4.0],[-60.0,-3.0],[-61.0,-3.0],[-61.0,-4.0]]]},"properties":{"id":"ucdp:-61_-4","n":"Disputa: Comando Vermelho, XXX140","st":"conflicto_disputa","p":"Brazil","x":"284 eventos · 294 muertes estimadas","color":"#4D4D4D","actores":"[[\"Comando Vermelho\", 39], [\"XXX140\", 32], [\"PCC\", 20], [\"Cartel do Norte\", 8]]","eventos":284,"muertes":294,"ultima":"2026-08-31","z":1}},{"type":"Feature","geometry":{"type":"Polygon","coordinates":[[[34.0,9.0],[35.0,9.0],[35.0,10.0],[34.0,10.0],[34.0,9.0]]]},"properties":{"id":"ucdp:34_9","n":"Disputa: SFA, OLA","st":"conflicto_disputa","p":"Ethiopia","x":"7 eventos · 15 muertes estimadas","color":"#4D4D4D","actores":"[[\"SFA\", 64], [\"OLA\", 18], [\"RSF\", 18]]","eventos":7,"muertes":15,"ultima":"2026-04-29","z":1}},{"type":"Feature","geometry":{"type":"Polygon","coordinates":[[[39.0,12.0],[40.0,12.0],[40.0,13.0],[39.0,13.0],[39.0,12.0]]]},"properties":{"id":"ucdp:39_12","n":"Fano","st":"conflicto_dominio","p":"Ethiopia","x":"53 eventos · 576 muertes estimadas","color":"#6C3483","actores":"[[\"Fano\", 93], [\"TPLF\", 5], [\"XXX530\", 1], [\"ALF\", 0]]","eventos":53,"muertes":576,"ultima":"2026-08-24","z":1}},{"type":"Feature","geometry":{"type":"Polygon","coordinates":[[[-1.0,14.0],[0.0,14.0],[0.0,15.0],[-1.0,15.0],[-1.0,14.0]]]},"properties":{"id":"ucdp:-1_14","n":"Disputa: IS, JNIM","st":"conflicto_disputa","p":"Burkina Faso","x":"42 eventos · 302 muertes estimadas","color":"#4D4D4D","actores":"[[\"IS\", 54], [\"JNIM\", 46]]","eventos":42,"muertes":302,"ultima":"2026-08-17","z":1}},{"type":"Feature","geometry":{"type":"Polygon","coordinates":[[[0.0,11.0],[1.0,11.0],[1.0,12.0],[0.0,12.0],[0.0,11.0]]]},"properties":{"id":"ucdp:0_11","n":"JNIM","st":"conflicto_dominio","p":"Burkina Faso","x":"116 eventos · 647 muertes estimadas","color":"#D35400","actores":"[[\"JNIM\", 100]]","eventos":116,"muertes":647,"ultima":"2026-08-15","z":1}},{"type":"Feature","geometry":{"type":"Polygon","coordinates":[[[-73.0,19.0],[-72.0,19.0],[-72.0,20.0],[-73.0,20.0],[-73.0,19.0]]]},"properties":{"id":"ucdp:-73_19","n":"Disputa: Gran Grif, Kokorat sans ras","st":"conflicto_disputa","p":"Haiti","x":"48 eventos · 498 muertes estimadas","color":"#4D4D4D","actores":"[[\"Gran Grif\", 59], [\"Kokorat sans ras\", 11], [\"La Coalition\", 10], [\"Force Résistance Chandelle\", 7]]","eventos":48,"muertes":498,"ultima":"2026-07-31","z":1}},{"type":"Feature","geometry":{"type":"Polygon","coordinates":[[[-72.0,6.0],[-71.0,6.0],[-71.0,7.0],[-72.0,7.0],[-72.0,6.0]]]},"properties":{"id":"ucdp:-72_6","n":"ELN","st":"conflicto_dominio","p":"Colombia","x":"62 eventos · 102 muertes estimadas","color":"#7f8c8d","actores":"[[\"ELN\", 82], [\"FARC-EMC\", 18]]","eventos":62,"muertes":102,"ultima":"2026-07-14","z":1}},{"type":"Feature","geometry":{"type":"Polygon","coordinates":[[[-78.0,2.0],[-77.0,2.0],[-77.0,3.0],[-78.0,3.0],[-78.0,2.0]]]},"properties":{"id":"ucdp:-78_2","n":"FARC-EMC","st":"conflicto_dominio","p":"Colombia","x":"26 eventos · 44 muertes estimadas","color":"#7f8c8d","actores":"[[\"FARC-EMC\", 71], [\"ELN\", 16], [\"FARC - Segunda Marquetalia\", 9], [\"XXX100\", 4]]","eventos":26,"muertes":44,"ultima":"2026-07-22","z":1}},{"type":"Feature","geometry":{"type":"Polygon","coordinates":[[[-77.0,3.0],[-76.0,3.0],[-76.0,4.0],[-77.0,4.0],[-77.0,3.0]]]},"properties":{"id":"ucdp:-77_3","n":"Disputa: FARC-EMC, XXX100","st":"conflicto_disputa","p":"Colombia","x":"73 eventos · 106 muertes estimadas","color":"#4D4D4D","actores":"[[\"FARC-EMC\", 66], [\"XXX100\", 28], [\"FARC- Frente 57 Yair Bermúdez\", 2], [\"ELN\", 2]]","eventos":73,"muertes":106,"ultima":"2026-08-30","z":1}},{"type":"Feature","geometry":{"type":"Polygon","coordinates":[[[-75.0,3.0],[-74.0,3.0],[-74.0,4.0],[-75.0,4.0],[-75.0,3.0]]]},"properties":{"id":"ucdp:-75_3","n":"Disputa: FARC-EMC, XXX100","st":"conflicto_disputa","p":"Colombia","x":"4 eventos · 14 muertes estimadas","color":"#4D4D4D","actores":"[[\"FARC-EMC\", 61], [\"XXX100\", 28], [\"EMBF\", 11]]","eventos":4,"muertes":14,"ultima":"2026-08-19","z":1}},{"type":"Feature","geometry":{"type":"Polygon","coordinates":[[[-76.0,6.0],[-75.0,6.0],[-75.0,7.0],[-76.0,7.0],[-76.0,6.0]]]},"properties":{"id":"ucdp:-76_6","n":"Disputa: XXX100, EGC","st":"conflicto_disputa","p":"Colombia","x":"44 eventos · 56 muertes estimadas","color":"#4D4D4D","actores":"[[\"XXX100\", 54], [\"EGC\", 20], [\"EMBF\", 12], [\"La Terraza\", 4]]","eventos":44,"muertes":56,"ultima":"2026-08-26","z":1}},{"type":"Feature","geometry":{"type":"Polygon","coordinates":[[[97.0,24.0],[98.0,24.0],[98.0,25.0],[97.0,25.0],[97.0,24.0]]]},"properties":{"id":"ucdp:97_24","n":"KIO","st":"conflicto_dominio","p":"Myanmar (Burma)","x":"10 eventos · 117 muertes estimadas","color":"#7f8c8d","actores":"[[\"KIO\", 100]]","eventos":10,"muertes":117,"ultima":"2026-03-10","z":1}},{"type":"Feature","geometry":{"type":"Polygon","coordinates":[[[33.0,13.0],[34.0,13.0],[34.0,14.0],[33.0,14.0],[33.0,13.0]]]},"properties":{"id":"ucdp:33_13","n":"SFA","st":"conflicto_dominio","p":"Sudan","x":"3 eventos · 67 muertes estimadas","color":"#C0392B","actores":"[[\"SFA\", 97], [\"RSF\", 3]]","eventos":3,"muertes":67,"ultima":"2026-01-12","z":1}},{"type":"Feature","geometry":{"type":"Polygon","coordinates":[[[-76.0,4.0],[-75.0,4.0],[-75.0,5.0],[-76.0,5.0],[-76.0,4.0]]]},"properties":{"id":"ucdp:-76_4","n":"XXX100","st":"conflicto_dominio","p":"Colombia","x":"81 eventos · 96 muertes estimadas","color":"#7f8c8d","actores":"[[\"XXX100\", 85], [\"FARC-EMC\", 4], [\"Los Flacos\", 2], [\"Nueva Generación Gang\", 2]]","eventos":81,"muertes":96,"ultima":"2026-08-27","z":1}},{"type":"Feature","geometry":{"type":"Polygon","coordinates":[[[45.0,13.0],[46.0,13.0],[46.0,14.0],[45.0,14.0],[45.0,13.0]]]},"properties":{"id":"ucdp:45_13","n":"Disputa: Forces of the Presidential Leadership Council, STC","st":"conflicto_disputa","p":"Yemen (North Yemen)","x":"15 eventos · 93 muertes estimadas","color":"#4D4D4D","actores":"[[\"Forces of the Presidential Leadership Council\", 56], [\"STC\", 36], [\"AQAP\", 3], [\"XXX678\", 3]]","eventos":15,"muertes":93,"ultima":"2026-07-29","z":1}},{"type":"Feature","geometry":{"type":"Polygon","coordinates":[[[96.0,18.0],[97.0,18.0],[97.0,19.0],[96.0,19.0],[96.0,18.0]]]},"properties":{"id":"ucdp:96_18","n":"Disputa: KNU, NUG","st":"conflicto_disputa","p":"Myanmar (Burma)","x":"71 eventos · 176 muertes estimadas","color":"#4D4D4D","actores":"[[\"KNU\", 61], [\"NUG\", 28], [\"SCEF\", 11]]","eventos":71,"muertes":176,"ultima":"2026-08-17","z":1}},{"type":"Feature","geometry":{"type":"Polygon","coordinates":[[[-81.0,-1.0],[-80.0,-1.0],[-80.0,0.0],[-81.0,0.0],[-81.0,-1.0]]]},"properties":{"id":"ucdp:-81_-1","n":"Disputa: Los Choneros, Los Lobos","st":"conflicto_disputa","p":"Ecuador","x":"154 eventos · 287 muertes estimadas","color":"#4D4D4D","actores":"[[\"Los Choneros\", 41], [\"Los Lobos\", 41], [\"XXX130\", 19]]","eventos":154,"muertes":287,"ultima":"2026-06-14","z":1}},{"type":"Feature","geometry":{"type":"Polygon","coordinates":[[[-81.0,-2.0],[-80.0,-2.0],[-80.0,-1.0],[-81.0,-1.0],[-81.0,-2.0]]]},"properties":{"id":"ucdp:-81_-2","n":"Disputa: Los Choneros, Los Lobos","st":"conflicto_disputa","p":"Ecuador","x":"135 eventos · 122 muertes estimadas","color":"#4D4D4D","actores":"[[\"Los Choneros\", 48], [\"Los Lobos\", 48], [\"XXX130\", 4], [\"Los Aguilas\", 0]]","eventos":135,"muertes":122,"ultima":"2026-03-31","z":1}},{"type":"Feature","geometry":{"type":"Polygon","coordinates":[[[-80.0,-3.0],[-79.0,-3.0],[-79.0,-2.0],[-80.0,-2.0],[-80.0,-3.0]]]},"properties":{"id":"ucdp:-80_-3","n":"Disputa: XXX130, Los Tiguerones Fenix faction","st":"conflicto_disputa","p":"Ecuador","x":"81 eventos · 200 muertes estimadas","color":"#4D4D4D","actores":"[[\"XXX130\", 32], [\"Los Tiguerones Fenix faction\", 10], [\"Los Tiguerones Igualitos faction\", 10], [\"Los Chone Killers\", 9]]","eventos":81,"muertes":200,"ultima":"2026-06-17","z":1}},{"type":"Feature","geometry":{"type":"Polygon","coordinates":[[[-2.0,13.0],[-1.0,13.0],[-1.0,14.0],[-2.0,14.0],[-2.0,13.0]]]},"properties":{"id":"ucdp:-2_13","n":"JNIM","st":"conflicto_dominio","p":"Burkina Faso","x":"119 eventos · 295 muertes estimadas","color":"#D35400","actores":"[[\"JNIM\", 100]]","eventos":119,"muertes":295,"ultima":"2026-08-30","z":1}},{"type":"Feature","geometry":{"type":"Polygon","coordinates":[[[0.0,12.0],[1.0,12.0],[1.0,13.0],[0.0,13.0],[0.0,12.0]]]},"properties":{"id":"ucdp:0_12","n":"JNIM","st":"conflicto_dominio","p":"Burkina Faso","x":"110 eventos · 679 muertes estimadas","color":"#D35400","actores":"[[\"JNIM\", 100], [\"IS\", 0]]","eventos":110,"muertes":679,"ultima":"2026-08-24","z":1}},{"type":"Feature","geometry":{"type":"Polygon","coordinates":[[[-2.0,14.0],[-1.0,14.0],[-1.0,15.0],[-2.0,15.0],[-2.0,14.0]]]},"properties":{"id":"ucdp:-2_14","n":"JNIM","st":"conflicto_dominio","p":"Burkina Faso","x":"51 eventos · 532 muertes estimadas","color":"#D35400","actores":"[[\"JNIM\", 99], [\"IS\", 1]]","eventos":51,"muertes":532,"ultima":"2026-08-23","z":1}},{"type":"Feature","geometry":{"type":"Polygon","coordinates":[[[95.0,24.0],[96.0,24.0],[96.0,25.0],[95.0,25.0],[95.0,24.0]]]},"properties":{"id":"ucdp:95_24","n":"NUG","st":"conflicto_dominio","p":"Myanmar (Burma)","x":"4 eventos · 15 muertes estimadas","color":"#784212","actores":"[[\"NUG\", 100]]","eventos":4,"muertes":15,"ultima":"2026-02-22","z":1}},{"type":"Feature","geometry":{"type":"Polygon","coordinates":[[[96.0,17.0],[97.0,17.0],[97.0,18.0],[96.0,18.0],[96.0,17.0]]]},"properties":{"id":"ucdp:96_17","n":"KNU","st":"conflicto_dominio","p":"Myanmar (Burma)","x":"24 eventos · 76 muertes estimadas","color":"#7f8c8d","actores":"[[\"KNU\", 72], [\"NUG\", 16], [\"SCEF\", 12]]","eventos":24,"muertes":76,"ultima":"2026-08-25","z":1}},{"type":"Feature","geometry":{"type":"Polygon","coordinates":[[[98.0,12.0],[99.0,12.0],[99.0,13.0],[98.0,13.0],[98.0,12.0]]]},"properties":{"id":"ucdp:98_12","n":"NUG","st":"conflicto_dominio","p":"Myanmar (Burma)","x":"6 eventos · 16 muertes estimadas","color":"#784212","actores":"[[\"NUG\", 86], [\"SCEF\", 14]]","eventos":6,"muertes":16,"ultima":"2026-04-26","z":1}},{"type":"Feature","geometry":{"type":"Polygon","coordinates":[[[98.0,13.0],[99.0,13.0],[99.0,14.0],[98.0,14.0],[98.0,13.0]]]},"properties":{"id":"ucdp:98_13","n":"Disputa: NUG, KNU","st":"conflicto_disputa","p":"Myanmar (Burma)","x":"20 eventos · 46 muertes estimadas","color":"#4D4D4D","actores":"[[\"NUG\", 47], [\"KNU\", 32], [\"SCEF\", 17], [\"KTLA\", 5]]","eventos":20,"muertes":46,"ultima":"2026-06-01","z":1}},{"type":"Feature","geometry":{"type":"Polygon","coordinates":[[[-3.0,12.0],[-2.0,12.0],[-2.0,13.0],[-3.0,13.0],[-3.0,12.0]]]},"properties":{"id":"ucdp:-3_12","n":"JNIM","st":"conflicto_dominio","p":"Burkina Faso","x":"13 eventos · 60 muertes estimadas","color":"#D35400","actores":"[[\"JNIM\", 100]]","eventos":13,"muertes":60,"ultima":"2026-04-29","z":1}},{"type":"Feature","geometry":{"type":"Polygon","coordinates":[[[40.0,36.0],[41.0,36.0],[41.0,37.0],[40.0,37.0],[40.0,36.0]]]},"properties":{"id":"ucdp:40_36","n":"Disputa: SDF, XXX652","st":"conflicto_disputa","p":"Syria","x":"43 eventos · 96 muertes estimadas","color":"#4D4D4D","actores":"[[\"SDF\", 38], [\"XXX652\", 27], [\"SNA\", 20], [\"IS\", 14]]","eventos":43,"muertes":96,"ultima":"2026-08-28","z":1}},{"type":"Feature","geometry":{"type":"Polygon","coordinates":[[[14.0,13.0],[15.0,13.0],[15.0,14.0],[14.0,14.0],[14.0,13.0]]]},"properties":{"id":"ucdp:14_13","n":"JAS","st":"conflicto_dominio","p":"Chad","x":"10 eventos · 95 muertes estimadas","color":"#7f8c8d","actores":"[[\"JAS\", 90], [\"IS\", 7], [\"Daguia (Buduma)\", 2], [\"Kella Dallah (Buduma)\", 2]]","eventos":10,"muertes":95,"ultima":"2026-06-09","z":1}},{"type":"Feature","geometry":{"type":"Polygon","coordinates":[[[-78.0,1.0],[-77.0,1.0],[-77.0,2.0],[-78.0,2.0],[-78.0,1.0]]]},"properties":{"id":"ucdp:-78_1","n":"Disputa: FARC-EMC, ELN","st":"conflicto_disputa","p":"Colombia","x":"18 eventos · 45 muertes estimadas","color":"#4D4D4D","actores":"[[\"FARC-EMC\", 59], [\"ELN\", 24], [\"FARC - Segunda Marquetalia\", 8], [\"XXX100\", 6]]","eventos":18,"muertes":45,"ultima":"2026-08-29","z":1}},{"type":"Feature","geometry":{"type":"Polygon","coordinates":[[[94.0,23.0],[95.0,23.0],[95.0,24.0],[94.0,24.0],[94.0,23.0]]]},"properties":{"id":"ucdp:94_23","n":"NUG","st":"conflicto_dominio","p":"Myanmar (Burma)","x":"13 eventos · 30 muertes estimadas","color":"#784212","actores":"[[\"NUG\", 95], [\"SCEF\", 5]]","eventos":13,"muertes":30,"ultima":"2026-06-22","z":1}},{"type":"Feature","geometry":{"type":"Polygon","coordinates":[[[-80.0,-4.0],[-79.0,-4.0],[-79.0,-3.0],[-80.0,-3.0],[-80.0,-4.0]]]},"properties":{"id":"ucdp:-80_-4","n":"Disputa: Los Lobos, Los Saobox","st":"conflicto_disputa","p":"Ecuador","x":"38 eventos · 134 muertes estimadas","color":"#4D4D4D","actores":"[[\"Los Lobos\", 42], [\"Los Saobox\", 26], [\"XXX130\", 16], [\"Los Lobos Box\", 9]]","eventos":38,"muertes":134,"ultima":"2026-04-25","z":1}},{"type":"Feature","geometry":{"type":"Polygon","coordinates":[[[12.0,12.0],[13.0,12.0],[13.0,13.0],[12.0,13.0],[12.0,12.0]]]},"properties":{"id":"ucdp:12_12","n":"IS","st":"conflicto_dominio","p":"Nigeria","x":"23 eventos · 233 muertes estimadas","color":"#2471A3","actores":"[[\"IS\", 99], [\"Farmers (Nigeria)\", 0], [\"Herders (Nigeria)\", 0]]","eventos":23,"muertes":233,"ultima":"2026-06-29","z":1}},{"type":"Feature","geometry":{"type":"Polygon","coordinates":[[[33.0,11.0],[34.0,11.0],[34.0,12.0],[33.0,12.0],[33.0,11.0]]]},"properties":{"id":"ucdp:33_11","n":"RSF","st":"conflicto_dominio","p":"Sudan","x":"5 eventos · 125 muertes estimadas","color":"#196F3D","actores":"[[\"RSF\", 94], [\"SFA\", 6]]","eventos":5,"muertes":125,"ultima":"2026-06-27","z":1}},{"type":"Feature","geometry":{"type":"Polygon","coordinates":[[[2.0,19.0],[3.0,19.0],[3.0,20.0],[2.0,20.0],[2.0,19.0]]]},"properties":{"id":"ucdp:2_19","n":"FLA","st":"conflicto_dominio","p":"Mali","x":"7 eventos · 22 muertes estimadas","color":"#7f8c8d","actores":"[[\"FLA\", 97], [\"JNIM\", 3]]","eventos":7,"muertes":22,"ultima":"2026-08-16","z":1}},{"type":"Feature","geometry":{"type":"Polygon","coordinates":[[[-5.0,11.0],[-4.0,11.0],[-4.0,12.0],[-5.0,12.0],[-5.0,11.0]]]},"properties":{"id":"ucdp:-5_11","n":"JNIM","st":"conflicto_dominio","p":"Burkina Faso","x":"15 eventos · 79 muertes estimadas","color":"#D35400","actores":"[[\"JNIM\", 100]]","eventos":15,"muertes":79,"ultima":"2026-08-29","z":1}},{"type":"Feature","geometry":{"type":"Polygon","coordinates":[[[-11.0,14.0],[-10.0,14.0],[-10.0,15.0],[-11.0,15.0],[-11.0,14.0]]]},"properties":{"id":"ucdp:-11_14","n":"JNIM","st":"conflicto_dominio","p":"Mali","x":"21 eventos · 90 muertes estimadas","color":"#D35400","actores":"[[\"JNIM\", 100]]","eventos":21,"muertes":90,"ultima":"2026-08-15","z":1}},{"type":"Feature","geometry":{"type":"Polygon","coordinates":[[[8.0,7.0],[9.0,7.0],[9.0,8.0],[8.0,8.0],[8.0,7.0]]]},"properties":{"id":"ucdp:8_7","n":"Disputa: Fulani, XXX475","st":"conflicto_disputa","p":"Nigeria","x":"89 eventos · 327 muertes estimadas","color":"#4D4D4D","actores":"[[\"Fulani\", 29], [\"XXX475\", 29], [\"Tiv\", 25], [\"Black Axe\", 4]]","eventos":89,"muertes":327,"ultima":"2026-08-19","z":1}},{"type":"Feature","geometry":{"type":"Polygon","coordinates":[[[6.0,6.0],[7.0,6.0],[7.0,7.0],[6.0,7.0],[6.0,6.0]]]},"properties":{"id":"ucdp:6_6","n":"Disputa: IPOB, XXX475","st":"conflicto_disputa","p":"Nigeria","x":"8 eventos · 10 muertes estimadas","color":"#4D4D4D","actores":"[[\"IPOB\", 28], [\"XXX475\", 28], [\"Black Axe\", 14], [\"SVC\", 14]]","eventos":8,"muertes":10,"ultima":"2026-07-17","z":1}},{"type":"Feature","geometry":{"type":"Polygon","coordinates":[[[41.0,37.0],[42.0,37.0],[42.0,38.0],[41.0,38.0],[41.0,37.0]]]},"properties":{"id":"ucdp:41_37","n":"Disputa: XXX652, XXX640","st":"conflicto_disputa","p":"Syria","x":"6 eventos · 10 muertes estimadas","color":"#4D4D4D","actores":"[[\"XXX652\", 50], [\"XXX640\", 25], [\"SNA\", 12], [\"SDF\", 12]]","eventos":6,"muertes":10,"ultima":"2026-08-24","z":1}},{"type":"Feature","geometry":{"type":"Polygon","coordinates":[[[-74.0,10.0],[-73.0,10.0],[-73.0,11.0],[-74.0,11.0],[-74.0,10.0]]]},"properties":{"id":"ucdp:-74_10","n":"Disputa: EGC, Autodefensas Conquistadoras de la Sierra Nevada","st":"conflicto_disputa","p":"Colombia","x":"35 eventos · 37 muertes estimadas","color":"#4D4D4D","actores":"[[\"EGC\", 38], [\"Autodefensas Conquistadoras de la Sierra Nevada\", 31], [\"XXX100\", 28], [\"ELN\", 4]]","eventos":35,"muertes":37,"ultima":"2026-08-18","z":1}},{"type":"Feature","geometry":{"type":"Polygon","coordinates":[[[-73.0,11.0],[-72.0,11.0],[-72.0,12.0],[-73.0,12.0],[-73.0,11.0]]]},"properties":{"id":"ucdp:-73_11","n":"Disputa: Autodefensas Conquistadoras de la Sierra Nevada, EGC","st":"conflicto_disputa","p":"Colombia","x":"21 eventos · 37 muertes estimadas","color":"#4D4D4D","actores":"[[\"Autodefensas Conquistadoras de la Sierra Nevada\", 47], [\"EGC\", 36], [\"XXX100\", 12], [\"ELN\", 5]]","eventos":21,"muertes":37,"ultima":"2026-07-16","z":1}},{"type":"Feature","geometry":{"type":"Polygon","coordinates":[[[-79.0,1.0],[-78.0,1.0],[-78.0,2.0],[-79.0,2.0],[-79.0,1.0]]]},"properties":{"id":"ucdp:-79_1","n":"Disputa: FARC - Segunda Marquetalia, FARC-EMC","st":"conflicto_disputa","p":"Colombia","x":"5 eventos · 5 muertes estimadas","color":"#4D4D4D","actores":"[[\"FARC - Segunda Marquetalia\", 60], [\"FARC-EMC\", 20], [\"XXX100\", 20]]","eventos":5,"muertes":5,"ultima":"2026-06-14","z":1}},{"type":"Feature","geometry":{"type":"Polygon","coordinates":[[[39.0,-13.0],[40.0,-13.0],[40.0,-12.0],[39.0,-12.0],[39.0,-13.0]]]},"properties":{"id":"ucdp:39_-13","n":"IS","st":"conflicto_dominio","p":"Mozambique","x":"23 eventos · 86 muertes estimadas","color":"#2471A3","actores":"[[\"IS\", 86], [\"Naparama\", 14]]","eventos":23,"muertes":86,"ultima":"2026-06-06","z":1}},{"type":"Feature","geometry":{"type":"Polygon","coordinates":[[[40.0,-14.0],[41.0,-14.0],[41.0,-13.0],[40.0,-13.0],[40.0,-14.0]]]},"properties":{"id":"ucdp:40_-14","n":"IS","st":"conflicto_dominio","p":"Mozambique","x":"15 eventos · 33 muertes estimadas","color":"#2471A3","actores":"[[\"IS\", 100]]","eventos":15,"muertes":33,"ultima":"2026-07-31","z":1}},{"type":"Feature","geometry":{"type":"Polygon","coordinates":[[[-3.0,20.0],[-2.0,20.0],[-2.0,21.0],[-3.0,21.0],[-3.0,20.0]]]},"properties":{"id":"ucdp:-3_20","n":"JNIM","st":"conflicto_dominio","p":"Mali","x":"9 eventos · 7 muertes estimadas","color":"#D35400","actores":"[[\"JNIM\", 100]]","eventos":9,"muertes":7,"ultima":"2026-08-11","z":1}},{"type":"Feature","geometry":{"type":"Polygon","coordinates":[[[-39.0,-4.0],[-38.0,-4.0],[-38.0,-3.0],[-39.0,-3.0],[-39.0,-4.0]]]},"properties":{"id":"ucdp:-39_-4","n":"Disputa: Comando Vermelho, GDE","st":"conflicto_disputa","p":"Brazil","x":"20 eventos · 30 muertes estimadas","color":"#4D4D4D","actores":"[[\"Comando Vermelho\", 51], [\"GDE\", 38], [\"PCC\", 4], [\"Sindicato do Crime\", 4]]","eventos":20,"muertes":30,"ultima":"2025-06-16","z":1}},{"type":"Feature","geometry":{"type":"Polygon","coordinates":[[[76.0,33.0],[77.0,33.0],[77.0,34.0],[76.0,34.0],[76.0,33.0]]]},"properties":{"id":"ucdp:76_33","n":"Kashmir insurgents","st":"conflicto_dominio","p":"India","x":"5 eventos · 8 muertes estimadas","color":"#7f8c8d","actores":"[[\"Kashmir insurgents\", 100]]","eventos":5,"muertes":8,"ultima":"2026-02-04","z":1}},{"type":"Feature","geometry":{"type":"Polygon","coordinates":[[[12.0,10.0],[13.0,10.0],[13.0,11.0],[12.0,11.0],[12.0,10.0]]]},"properties":{"id":"ucdp:12_10","n":"IS","st":"conflicto_dominio","p":"Nigeria","x":"70 eventos · 433 muertes estimadas","color":"#2471A3","actores":"[[\"IS\", 99], [\"Yan Gora\", 1]]","eventos":70,"muertes":433,"ultima":"2026-08-27","z":1}},{"type":"Feature","geometry":{"type":"Polygon","coordinates":[[[-4.0,17.0],[-3.0,17.0],[-3.0,18.0],[-4.0,18.0],[-4.0,17.0]]]},"properties":{"id":"ucdp:-4_17","n":"JNIM","st":"conflicto_dominio","p":"Mali","x":"12 eventos · 23 muertes estimadas","color":"#D35400","actores":"[[\"JNIM\", 97], [\"Dozos (Mali)\", 3]]","eventos":12,"muertes":23,"ultima":"2026-08-31","z":1}},{"type":"Feature","geometry":{"type":"Polygon","coordinates":[[[0.0,15.0],[1.0,15.0],[1.0,16.0],[0.0,16.0],[0.0,15.0]]]},"properties":{"id":"ucdp:0_15","n":"IS","st":"conflicto_dominio","p":"Mali","x":"16 eventos · 111 muertes estimadas","color":"#2471A3","actores":"[[\"IS\", 97], [\"XXX432\", 3]]","eventos":16,"muertes":111,"ultima":"2026-05-14","z":1}},{"type":"Feature","geometry":{"type":"Polygon","coordinates":[[[-60.0,-16.0],[-59.0,-16.0],[-59.0,-15.0],[-60.0,-15.0],[-60.0,-16.0]]]},"properties":{"id":"ucdp:-60_-16","n":"Disputa: Comando Vermelho, PCC","st":"conflicto_disputa","p":"Brazil","x":"5 eventos · 5 muertes estimadas","color":"#4D4D4D","actores":"[[\"Comando Vermelho\", 50], [\"PCC\", 50]]","eventos":5,"muertes":5,"ultima":"2025-04-28","z":1}},{"type":"Feature","geometry":{"type":"Polygon","coordinates":[[[-58.0,-17.0],[-57.0,-17.0],[-57.0,-16.0],[-58.0,-16.0],[-58.0,-17.0]]]},"properties":{"id":"ucdp:-58_-17","n":"Disputa: Comando Vermelho, PCC","st":"conflicto_disputa","p":"Brazil","x":"3 eventos · 3 muertes estimadas","color":"#4D4D4D","actores":"[[\"Comando Vermelho\", 50], [\"PCC\", 50]]","eventos":3,"muertes":3,"ultima":"2025-05-01","z":1}},{"type":"Feature","geometry":{"type":"Polygon","coordinates":[[[-78.0,3.0],[-77.0,3.0],[-77.0,4.0],[-78.0,4.0],[-78.0,3.0]]]},"properties":{"id":"ucdp:-78_3","n":"Disputa: XXX100, FARC-EMC","st":"conflicto_disputa","p":"Colombia","x":"25 eventos · 32 muertes estimadas","color":"#4D4D4D","actores":"[[\"XXX100\", 60], [\"FARC-EMC\", 19], [\"Los Shottas\", 11], [\"Los Espartanos\", 6]]","eventos":25,"muertes":32,"ultima":"2026-08-15","z":1}},{"type":"Feature","geometry":{"type":"Polygon","coordinates":[[[-77.0,1.0],[-76.0,1.0],[-76.0,2.0],[-77.0,2.0],[-77.0,1.0]]]},"properties":{"id":"ucdp:-77_1","n":"Disputa: XXX100, FARC-EMC","st":"conflicto_disputa","p":"Colombia","x":"16 eventos · 22 muertes estimadas","color":"#4D4D4D","actores":"[[\"XXX100\", 68], [\"FARC-EMC\", 16], [\"FARC - Segunda Marquetalia\", 5], [\"EMBF\", 5]]","eventos":16,"muertes":22,"ultima":"2026-08-28","z":1}},{"type":"Feature","geometry":{"type":"Polygon","coordinates":[[[30.0,1.0],[31.0,1.0],[31.0,2.0],[30.0,2.0],[30.0,1.0]]]},"properties":{"id":"ucdp:30_1","n":"Disputa: URDPC, CRP","st":"conflicto_disputa","p":"DR Congo (Zaire)","x":"160 eventos · 911 muertes estimadas","color":"#4D4D4D","actores":"[[\"URDPC\", 60], [\"CRP\", 33], [\"Zaire self-defense group\", 5], [\"IS\", 2]]","eventos":160,"muertes":911,"ultima":"2026-08-11","z":1}},{"type":"Feature","geometry":{"type":"Polygon","coordinates":[[[28.0,-4.0],[29.0,-4.0],[29.0,-3.0],[28.0,-3.0],[28.0,-4.0]]]},"properties":{"id":"ucdp:28_-4","n":"AFC","st":"conflicto_dominio","p":"DR Congo (Zaire)","x":"102 eventos · 670 muertes estimadas","color":"#B7950B","actores":"[[\"AFC\", 90], [\"RED-TABARA\", 5], [\"VDP\", 5], [\"AFP-Gutabara, Ngumino\", 0]]","eventos":102,"muertes":670,"ultima":"2026-08-27","z":1}},{"type":"Feature","geometry":{"type":"Polygon","coordinates":[[[40.0,9.0],[41.0,9.0],[41.0,10.0],[40.0,10.0],[40.0,9.0]]]},"properties":{"id":"ucdp:40_9","n":"Fano","st":"conflicto_dominio","p":"Ethiopia","x":"4 eventos · 36 muertes estimadas","color":"#6C3483","actores":"[[\"Fano\", 92], [\"OLA\", 8]]","eventos":4,"muertes":36,"ultima":"2025-12-27","z":1}},{"type":"Feature","geometry":{"type":"Polygon","coordinates":[[[-56.0,-12.0],[-55.0,-12.0],[-55.0,-11.0],[-56.0,-11.0],[-56.0,-12.0]]]},"properties":{"id":"ucdp:-56_-12","n":"Disputa: Comando Vermelho, PCC","st":"conflicto_disputa","p":"Brazil","x":"8 eventos · 8 muertes estimadas","color":"#4D4D4D","actores":"[[\"Comando Vermelho\", 50], [\"PCC\", 50]]","eventos":8,"muertes":8,"ultima":"2024-12-16","z":1}},{"type":"Feature","geometry":{"type":"Polygon","coordinates":[[[4.0,12.0],[5.0,12.0],[5.0,13.0],[4.0,13.0],[4.0,12.0]]]},"properties":{"id":"ucdp:4_12","n":"Disputa: XXX475, IS","st":"conflicto_disputa","p":"Nigeria","x":"15 eventos · 132 muertes estimadas","color":"#4D4D4D","actores":"[[\"XXX475\", 50], [\"IS\", 32], [\"Yan Sakai\", 5], [\"Farmers (Nigeria)\", 4]]","eventos":15,"muertes":132,"ultima":"2026-08-14","z":1}},{"type":"Feature","geometry":{"type":"Polygon","coordinates":[[[-56.0,-13.0],[-55.0,-13.0],[-55.0,-12.0],[-56.0,-12.0],[-56.0,-13.0]]]},"properties":{"id":"ucdp:-56_-13","n":"Disputa: Comando Vermelho, PCC","st":"conflicto_disputa","p":"Brazil","x":"6 eventos · 6 muertes estimadas","color":"#4D4D4D","actores":"[[\"Comando Vermelho\", 58], [\"PCC\", 42]]","eventos":6,"muertes":6,"ultima":"2025-02-27","z":1}},{"type":"Feature","geometry":{"type":"Polygon","coordinates":[[[123.0,10.0],[124.0,10.0],[124.0,11.0],[123.0,11.0],[123.0,10.0]]]},"properties":{"id":"ucdp:123_10","n":"CPP","st":"conflicto_dominio","p":"Philippines","x":"20 eventos · 50 muertes estimadas","color":"#7f8c8d","actores":"[[\"CPP\", 100]]","eventos":20,"muertes":50,"ultima":"2026-06-01","z":1}},{"type":"Feature","geometry":{"type":"Polygon","coordinates":[[[121.0,13.0],[122.0,13.0],[122.0,14.0],[121.0,14.0],[121.0,13.0]]]},"properties":{"id":"ucdp:121_13","n":"CPP","st":"conflicto_dominio","p":"Philippines","x":"3 eventos · 6 muertes estimadas","color":"#7f8c8d","actores":"[[\"CPP\", 100]]","eventos":3,"muertes":6,"ultima":"2026-07-29","z":1}},{"type":"Feature","geometry":{"type":"Polygon","coordinates":[[[-55.0,-17.0],[-54.0,-17.0],[-54.0,-16.0],[-55.0,-16.0],[-55.0,-17.0]]]},"properties":{"id":"ucdp:-55_-17","n":"Disputa: Comando Vermelho, PCC","st":"conflicto_disputa","p":"Brazil","x":"3 eventos · 3 muertes estimadas","color":"#4D4D4D","actores":"[[\"Comando Vermelho\", 67], [\"PCC\", 33]]","eventos":3,"muertes":3,"ultima":"2025-03-21","z":1}},{"type":"Feature","geometry":{"type":"Polygon","coordinates":[[[125.0,11.0],[126.0,11.0],[126.0,12.0],[125.0,12.0],[125.0,11.0]]]},"properties":{"id":"ucdp:125_11","n":"CPP","st":"conflicto_dominio","p":"Philippines","x":"6 eventos · 9 muertes estimadas","color":"#7f8c8d","actores":"[[\"CPP\", 100]]","eventos":6,"muertes":9,"ultima":"2026-02-25","z":1}},{"type":"Feature","geometry":{"type":"Polygon","coordinates":[[[-57.0,-16.0],[-56.0,-16.0],[-56.0,-15.0],[-57.0,-15.0],[-57.0,-16.0]]]},"properties":{"id":"ucdp:-57_-16","n":"Disputa: Comando Vermelho, PCC","st":"conflicto_disputa","p":"Brazil","x":"10 eventos · 21 muertes estimadas","color":"#4D4D4D","actores":"[[\"Comando Vermelho\", 53], [\"PCC\", 37], [\"Bonde dos 40\", 10]]","eventos":10,"muertes":21,"ultima":"2025-11-09","z":1}},{"type":"Feature","geometry":{"type":"Polygon","coordinates":[[[-6.0,11.0],[-5.0,11.0],[-5.0,12.0],[-6.0,12.0],[-6.0,11.0]]]},"properties":{"id":"ucdp:-6_11","n":"JNIM","st":"conflicto_dominio","p":"Mali","x":"24 eventos · 43 muertes estimadas","color":"#D35400","actores":"[[\"JNIM\", 99], [\"Dozos (Mali)\", 1]]","eventos":24,"muertes":43,"ultima":"2026-08-18","z":1}},{"type":"Feature","geometry":{"type":"Polygon","coordinates":[[[47.0,15.0],[48.0,15.0],[48.0,16.0],[47.0,16.0],[47.0,15.0]]]},"properties":{"id":"ucdp:47_15","n":"Forces of the Presidential Leadership Council","st":"conflicto_dominio","p":"Yemen (North Yemen)","x":"34 eventos · 243 muertes estimadas","color":"#5B2C6F","actores":"[[\"Forces of the Presidential Leadership Council\", 96], [\"AQAP\", 2], [\"STC\", 1], [\"XXX678\", 1]]","eventos":34,"muertes":243,"ultima":"2026-08-25","z":1}},{"type":"Feature","geometry":{"type":"Polygon","coordinates":[[[6.0,7.0],[7.0,7.0],[7.0,8.0],[6.0,8.0],[6.0,7.0]]]},"properties":{"id":"ucdp:6_7","n":"Disputa: Farmers (Nigeria), Herders (Nigeria)","st":"conflicto_disputa","p":"Nigeria","x":"7 eventos · 10 muertes estimadas","color":"#4D4D4D","actores":"[[\"Farmers (Nigeria)\", 26], [\"Herders (Nigeria)\", 26], [\"Black Axe\", 18], [\"Eyie\", 12]]","eventos":7,"muertes":10,"ultima":"2026-06-15","z":1}},{"type":"Feature","geometry":{"type":"Polygon","coordinates":[[[43.0,13.0],[44.0,13.0],[44.0,14.0],[43.0,14.0],[43.0,13.0]]]},"properties":{"id":"ucdp:43_13","n":"Forces of the Presidential Leadership Council","st":"conflicto_dominio","p":"Yemen (North Yemen)","x":"69 eventos · 1029 muertes estimadas","color":"#5B2C6F","actores":"[[\"Forces of the Presidential Leadership Council\", 99], [\"XXX678\", 0], [\"Islah\", 0], [\"NRF\", 0]]","eventos":69,"muertes":1029,"ultima":"2026-08-31","z":1}},{"type":"Feature","geometry":{"type":"Polygon","coordinates":[[[42.0,-1.0],[43.0,-1.0],[43.0,0.0],[42.0,0.0],[42.0,-1.0]]]},"properties":{"id":"ucdp:42_-1","n":"Al-Shabaab","st":"conflicto_dominio","p":"Somalia","x":"18 eventos · 267 muertes estimadas","color":"#1F618D","actores":"[[\"Al-Shabaab\", 99], [\"Jubaland State of Somalia\", 1]]","eventos":18,"muertes":267,"ultima":"2026-05-20","z":1}},{"type":"Feature","geometry":{"type":"Polygon","coordinates":[[[3.0,11.0],[4.0,11.0],[4.0,12.0],[3.0,12.0],[3.0,11.0]]]},"properties":{"id":"ucdp:3_11","n":"Disputa: JNIM, IS","st":"conflicto_disputa","p":"Benin","x":"21 eventos · 59 muertes estimadas","color":"#4D4D4D","actores":"[[\"JNIM\", 42], [\"IS\", 36], [\"XXX475\", 21]]","eventos":21,"muertes":59,"ultima":"2026-07-11","z":1}},{"type":"Feature","geometry":{"type":"Polygon","coordinates":[[[7.0,11.0],[8.0,11.0],[8.0,12.0],[7.0,12.0],[7.0,11.0]]]},"properties":{"id":"ucdp:7_11","n":"Disputa: XXX475, Forces of Barbaru","st":"conflicto_disputa","p":"Nigeria","x":"42 eventos · 223 muertes estimadas","color":"#4D4D4D","actores":"[[\"XXX475\", 37], [\"Forces of Barbaru\", 27], [\"Forces of Isiya Kwashen Garwa\", 18], [\"Forces of Abasu Aiki\", 16]]","eventos":42,"muertes":223,"ultima":"2026-08-31","z":1}},{"type":"Feature","geometry":{"type":"Polygon","coordinates":[[[46.0,4.0],[47.0,4.0],[47.0,5.0],[46.0,5.0],[46.0,4.0]]]},"properties":{"id":"ucdp:46_4","n":"Al-Shabaab","st":"conflicto_dominio","p":"Somalia","x":"32 eventos · 254 muertes estimadas","color":"#1F618D","actores":"[[\"Al-Shabaab\", 100]]","eventos":32,"muertes":254,"ultima":"2026-08-12","z":1}},{"type":"Feature","geometry":{"type":"Polygon","coordinates":[[[43.0,36.0],[44.0,36.0],[44.0,37.0],[43.0,37.0],[43.0,36.0]]]},"properties":{"id":"ucdp:43_36","n":"PKK","st":"conflicto_dominio","p":"Iraq","x":"17 eventos · 11 muertes estimadas","color":"#7f8c8d","actores":"[[\"PKK\", 82], [\"Xebat\", 11], [\"KDPI\", 7]]","eventos":17,"muertes":11,"ultima":"2026-04-17","z":1}},{"type":"Feature","geometry":{"type":"Polygon","coordinates":[[[40.0,-1.0],[41.0,-1.0],[41.0,0.0],[40.0,0.0],[40.0,-1.0]]]},"properties":{"id":"ucdp:40_-1","n":"Al-Shabaab","st":"conflicto_dominio","p":"Kenya","x":"17 eventos · 26 muertes estimadas","color":"#1F618D","actores":"[[\"Al-Shabaab\", 100]]","eventos":17,"muertes":26,"ultima":"2026-08-25","z":1}},{"type":"Feature","geometry":{"type":"Polygon","coordinates":[[[45.0,35.0],[46.0,35.0],[46.0,36.0],[45.0,36.0],[45.0,35.0]]]},"properties":{"id":"ucdp:45_35","n":"Disputa: Komalah, PJAK","st":"conflicto_disputa","p":"Iraq","x":"12 eventos · 25 muertes estimadas","color":"#4D4D4D","actores":"[[\"Komalah\", 49], [\"PJAK\", 30], [\"PKK\", 16], [\"PAK\", 5]]","eventos":12,"muertes":25,"ultima":"2026-07-30","z":1}},{"type":"Feature","geometry":{"type":"Polygon","coordinates":[[[43.0,1.0],[44.0,1.0],[44.0,2.0],[43.0,2.0],[43.0,1.0]]]},"properties":{"id":"ucdp:43_1","n":"Al-Shabaab","st":"conflicto_dominio","p":"Somalia","x":"6 eventos · 97 muertes estimadas","color":"#1F618D","actores":"[[\"Al-Shabaab\", 100]]","eventos":6,"muertes":97,"ultima":"2026-07-13","z":1}},{"type":"Feature","geometry":{"type":"Polygon","coordinates":[[[-5.0,15.0],[-4.0,15.0],[-4.0,16.0],[-5.0,16.0],[-5.0,15.0]]]},"properties":{"id":"ucdp:-5_15","n":"JNIM","st":"conflicto_dominio","p":"Mali","x":"23 eventos · 51 muertes estimadas","color":"#D35400","actores":"[[\"JNIM\", 97], [\"FLA\", 3]]","eventos":23,"muertes":51,"ultima":"2026-08-20","z":1}},{"type":"Feature","geometry":{"type":"Polygon","coordinates":[[[1.0,14.0],[2.0,14.0],[2.0,15.0],[1.0,15.0],[1.0,14.0]]]},"properties":{"id":"ucdp:1_14","n":"IS","st":"conflicto_dominio","p":"Niger","x":"34 eventos · 252 muertes estimadas","color":"#2471A3","actores":"[[\"IS\", 83], [\"XXX436\", 17], [\"JNIM\", 0]]","eventos":34,"muertes":252,"ultima":"2026-08-05","z":1}},{"type":"Feature","geometry":{"type":"Polygon","coordinates":[[[45.0,36.0],[46.0,36.0],[46.0,37.0],[45.0,37.0],[45.0,36.0]]]},"properties":{"id":"ucdp:45_36","n":"Disputa: KDPI, PJAK","st":"conflicto_disputa","p":"Iran","x":"8 eventos · 21 muertes estimadas","color":"#4D4D4D","actores":"[[\"KDPI\", 55], [\"PJAK\", 38], [\"XXX630\", 7]]","eventos":8,"muertes":21,"ultima":"2026-08-05","z":1}},{"type":"Feature","geometry":{"type":"Polygon","coordinates":[[[30.0,2.0],[31.0,2.0],[31.0,3.0],[30.0,3.0],[30.0,2.0]]]},"properties":{"id":"ucdp:30_2","n":"Disputa: URDPC, CRP","st":"conflicto_disputa","p":"DR Congo (Zaire)","x":"22 eventos · 56 muertes estimadas","color":"#4D4D4D","actores":"[[\"URDPC\", 56], [\"CRP\", 22], [\"Zaire self-defense group\", 19], [\"XXX626\", 3]]","eventos":22,"muertes":56,"ultima":"2026-07-21","z":1}},{"type":"Feature","geometry":{"type":"Polygon","coordinates":[[[1.0,11.0],[2.0,11.0],[2.0,12.0],[1.0,12.0],[1.0,11.0]]]},"properties":{"id":"ucdp:1_11","n":"JNIM","st":"conflicto_dominio","p":"Benin","x":"7 eventos · 18 muertes estimadas","color":"#D35400","actores":"[[\"JNIM\", 100]]","eventos":7,"muertes":18,"ultima":"2026-03-07","z":1}},{"type":"Feature","geometry":{"type":"Polygon","coordinates":[[[7.0,8.0],[8.0,8.0],[8.0,9.0],[7.0,9.0],[7.0,8.0]]]},"properties":{"id":"ucdp:7_8","n":"Disputa: XXX475, Agatu","st":"conflicto_disputa","p":"Nigeria","x":"5 eventos · 36 muertes estimadas","color":"#4D4D4D","actores":"[[\"XXX475\", 34], [\"Agatu\", 20], [\"Fulani\", 20], [\"Farmers (Nigeria)\", 13]]","eventos":5,"muertes":36,"ultima":"2026-04-03","z":1}},{"type":"Feature","geometry":{"type":"Polygon","coordinates":[[[139.0,-5.0],[140.0,-5.0],[140.0,-4.0],[139.0,-4.0],[139.0,-5.0]]]},"properties":{"id":"ucdp:139_-5","n":"OPM","st":"conflicto_dominio","p":"Indonesia","x":"25 eventos · 53 muertes estimadas","color":"#7f8c8d","actores":"[[\"OPM\", 97], [\"XXX850\", 3]]","eventos":25,"muertes":53,"ultima":"2026-07-20","z":1}},{"type":"Feature","geometry":{"type":"Polygon","coordinates":[[[138.0,-4.0],[139.0,-4.0],[139.0,-3.0],[138.0,-3.0],[138.0,-4.0]]]},"properties":{"id":"ucdp:138_-4","n":"OPM","st":"conflicto_dominio","p":"Indonesia","x":"8 eventos · 12 muertes estimadas","color":"#7f8c8d","actores":"[[\"OPM\", 100]]","eventos":8,"muertes":12,"ultima":"2026-06-06","z":1}},{"type":"Feature","geometry":{"type":"Polygon","coordinates":[[[37.0,34.0],[38.0,34.0],[38.0,35.0],[37.0,35.0],[37.0,34.0]]]},"properties":{"id":"ucdp:37_34","n":"XXX652","st":"conflicto_dominio","p":"Syria","x":"3 eventos · 4 muertes estimadas","color":"#7f8c8d","actores":"[[\"XXX652\", 71], [\"IS\", 29]]","eventos":3,"muertes":4,"ultima":"2026-01-06","z":1}},{"type":"Feature","geometry":{"type":"Polygon","coordinates":[[[61.0,26.0],[62.0,26.0],[62.0,27.0],[61.0,27.0],[61.0,26.0]]]},"properties":{"id":"ucdp:61_26","n":"Jaish al-Adl","st":"conflicto_dominio","p":"Iran","x":"7 eventos · 17 muertes estimadas","color":"#7f8c8d","actores":"[[\"Jaish al-Adl\", 88], [\"XXX630\", 8], [\"BRAS\", 4]]","eventos":7,"muertes":17,"ultima":"2026-08-31","z":1}},{"type":"Feature","geometry":{"type":"Polygon","coordinates":[[[62.0,27.0],[63.0,27.0],[63.0,28.0],[62.0,28.0],[62.0,27.0]]]},"properties":{"id":"ucdp:62_27","n":"Disputa: Jaish al-Adl, BRAS","st":"conflicto_disputa","p":"Iran","x":"15 eventos · 47 muertes estimadas","color":"#4D4D4D","actores":"[[\"Jaish al-Adl\", 60], [\"BRAS\", 24], [\"TTP\", 10], [\"XXX770\", 3]]","eventos":15,"muertes":47,"ultima":"2026-08-31","z":1}},{"type":"Feature","geometry":{"type":"Polygon","coordinates":[[[62.0,34.0],[63.0,34.0],[63.0,35.0],[62.0,35.0],[62.0,34.0]]]},"properties":{"id":"ucdp:62_34","n":"Disputa: IS, AFF","st":"conflicto_disputa","p":"Afghanistan","x":"10 eventos · 17 muertes estimadas","color":"#4D4D4D","actores":"[[\"IS\", 59], [\"AFF\", 15], [\"NRF\", 15], [\"XXX700\", 11]]","eventos":10,"muertes":17,"ultima":"2026-08-28","z":1}},{"type":"Feature","geometry":{"type":"Polygon","coordinates":[[[92.0,21.0],[93.0,21.0],[93.0,22.0],[92.0,22.0],[92.0,21.0]]]},"properties":{"id":"ucdp:92_21","n":"Disputa: ULA, ARSA","st":"conflicto_disputa","p":"Bangladesh","x":"12 eventos · 19 muertes estimadas","color":"#4D4D4D","actores":"[[\"ULA\", 52], [\"ARSA\", 26], [\"RSO\", 8], [\"XXX771\", 6]]","eventos":12,"muertes":19,"ultima":"2026-08-27","z":1}},{"type":"Feature","geometry":{"type":"Polygon","coordinates":[[[39.0,9.0],[40.0,9.0],[40.0,10.0],[39.0,10.0],[39.0,9.0]]]},"properties":{"id":"ucdp:39_9","n":"Disputa: Fano, AFNF","st":"conflicto_disputa","p":"Ethiopia","x":"28 eventos · 146 muertes estimadas","color":"#4D4D4D","actores":"[[\"Fano\", 68], [\"AFNF\", 15], [\"AFPO\", 15], [\"OLA\", 2]]","eventos":28,"muertes":146,"ultima":"2026-07-27","z":1}},{"type":"Feature","geometry":{"type":"Polygon","coordinates":[[[65.0,29.0],[66.0,29.0],[66.0,30.0],[65.0,30.0],[65.0,29.0]]]},"properties":{"id":"ucdp:65_29","n":"BRAS","st":"conflicto_dominio","p":"Pakistan","x":"26 eventos · 71 muertes estimadas","color":"#9A7D0A","actores":"[[\"BRAS\", 70], [\"TTP\", 19], [\"XXX770\", 8], [\"IS\", 3]]","eventos":26,"muertes":71,"ultima":"2026-08-17","z":1}},{"type":"Feature","geometry":{"type":"Polygon","coordinates":[[[62.0,25.0],[63.0,25.0],[63.0,26.0],[62.0,26.0],[62.0,25.0]]]},"properties":{"id":"ucdp:62_25","n":"BRAS","st":"conflicto_dominio","p":"Pakistan","x":"33 eventos · 30 muertes estimadas","color":"#9A7D0A","actores":"[[\"BRAS\", 90], [\"IS\", 5], [\"TTP\", 5]]","eventos":33,"muertes":30,"ultima":"2026-06-27","z":1}},{"type":"Feature","geometry":{"type":"Polygon","coordinates":[[[72.0,34.0],[73.0,34.0],[73.0,35.0],[72.0,35.0],[72.0,34.0]]]},"properties":{"id":"ucdp:72_34","n":"TTP","st":"conflicto_dominio","p":"Pakistan","x":"39 eventos · 126 muertes estimadas","color":"#A04000","actores":"[[\"TTP\", 91], [\"IS\", 9]]","eventos":39,"muertes":126,"ultima":"2026-08-31","z":1}},{"type":"Feature","geometry":{"type":"Polygon","coordinates":[[[63.0,25.0],[64.0,25.0],[64.0,26.0],[63.0,26.0],[63.0,25.0]]]},"properties":{"id":"ucdp:63_25","n":"BRAS","st":"conflicto_dominio","p":"Pakistan","x":"17 eventos · 24 muertes estimadas","color":"#9A7D0A","actores":"[[\"BRAS\", 100]]","eventos":17,"muertes":24,"ultima":"2026-08-31","z":1}},{"type":"Feature","geometry":{"type":"Polygon","coordinates":[[[72.0,35.0],[73.0,35.0],[73.0,36.0],[72.0,36.0],[72.0,35.0]]]},"properties":{"id":"ucdp:72_35","n":"TTP","st":"conflicto_dominio","p":"Pakistan","x":"13 eventos · 42 muertes estimadas","color":"#A04000","actores":"[[\"TTP\", 89], [\"XXX770\", 11]]","eventos":13,"muertes":42,"ultima":"2026-08-23","z":1}},{"type":"Feature","geometry":{"type":"Polygon","coordinates":[[[65.0,26.0],[66.0,26.0],[66.0,27.0],[65.0,27.0],[65.0,26.0]]]},"properties":{"id":"ucdp:65_26","n":"BRAS","st":"conflicto_dominio","p":"Pakistan","x":"46 eventos · 26 muertes estimadas","color":"#9A7D0A","actores":"[[\"BRAS\", 100]]","eventos":46,"muertes":26,"ultima":"2026-08-31","z":1}},{"type":"Feature","geometry":{"type":"Polygon","coordinates":[[[71.0,32.0],[72.0,32.0],[72.0,33.0],[71.0,33.0],[71.0,32.0]]]},"properties":{"id":"ucdp:71_32","n":"TTP","st":"conflicto_dominio","p":"Pakistan","x":"11 eventos · 56 muertes estimadas","color":"#A04000","actores":"[[\"TTP\", 90], [\"XXX770\", 10]]","eventos":11,"muertes":56,"ultima":"2026-06-14","z":1}},{"type":"Feature","geometry":{"type":"Polygon","coordinates":[[[70.0,30.0],[71.0,30.0],[71.0,31.0],[70.0,31.0],[70.0,30.0]]]},"properties":{"id":"ucdp:70_30","n":"Disputa: TTP, Kashmir insurgents","st":"conflicto_disputa","p":"Pakistan","x":"14 eventos · 36 muertes estimadas","color":"#4D4D4D","actores":"[[\"TTP\", 60], [\"Kashmir insurgents\", 34], [\"XXX770\", 4], [\"IS\", 2]]","eventos":14,"muertes":36,"ultima":"2026-07-21","z":1}},{"type":"Feature","geometry":{"type":"Polygon","coordinates":[[[95.0,18.0],[96.0,18.0],[96.0,19.0],[95.0,19.0],[95.0,18.0]]]},"properties":{"id":"ucdp:95_18","n":"NUG","st":"conflicto_dominio","p":"Myanmar (Burma)","x":"23 eventos · 34 muertes estimadas","color":"#784212","actores":"[[\"NUG\", 79], [\"SCEF\", 21]]","eventos":23,"muertes":34,"ultima":"2026-06-16","z":1}},{"type":"Feature","geometry":{"type":"Polygon","coordinates":[[[97.0,20.0],[98.0,20.0],[98.0,21.0],[97.0,21.0],[97.0,20.0]]]},"properties":{"id":"ucdp:97_20","n":"PNLO","st":"conflicto_dominio","p":"Myanmar (Burma)","x":"3 eventos · 6 muertes estimadas","color":"#7f8c8d","actores":"[[\"PNLO\", 100]]","eventos":3,"muertes":6,"ultima":"2025-02-06","z":1}},{"type":"Feature","geometry":{"type":"Polygon","coordinates":[[[3.0,12.0],[4.0,12.0],[4.0,13.0],[3.0,13.0],[3.0,12.0]]]},"properties":{"id":"ucdp:3_12","n":"Disputa: IS, JNIM","st":"conflicto_disputa","p":"Niger","x":"40 eventos · 177 muertes estimadas","color":"#4D4D4D","actores":"[[\"IS\", 47], [\"JNIM\", 29], [\"XXX436\", 13], [\"Lakurawa\", 11]]","eventos":40,"muertes":177,"ultima":"2026-08-21","z":1}},{"type":"Feature","geometry":{"type":"Polygon","coordinates":[[[-103.0,23.0],[-102.0,23.0],[-102.0,24.0],[-103.0,24.0],[-103.0,23.0]]]},"properties":{"id":"ucdp:-103_23","n":"Disputa: Jalisco Cartel New Generation, Sinaloa Cartel","st":"conflicto_disputa","p":"Mexico","x":"4 eventos · 10 muertes estimadas","color":"#4D4D4D","actores":"[[\"Jalisco Cartel New Generation\", 43], [\"Sinaloa Cartel\", 43], [\"Jalisco Cartel New Generation, Sinaloa Cartel - Los Chapitos\", 7], [\"Sinaloa Cartel - Los Mayos\", 7]]","eventos":4,"muertes":10,"ultima":"2026-08-10","z":1}},{"type":"Feature","geometry":{"type":"Polygon","coordinates":[[[-102.0,22.0],[-101.0,22.0],[-101.0,23.0],[-102.0,23.0],[-102.0,22.0]]]},"properties":{"id":"ucdp:-102_22","n":"Disputa: Jalisco Cartel New Generation, Sinaloa Cartel","st":"conflicto_disputa","p":"Mexico","x":"3 eventos · 5 muertes estimadas","color":"#4D4D4D","actores":"[[\"Jalisco Cartel New Generation\", 50], [\"Sinaloa Cartel\", 50]]","eventos":3,"muertes":5,"ultima":"2024-12-16","z":1}},{"type":"Feature","geometry":{"type":"Polygon","coordinates":[[[-109.0,28.0],[-108.0,28.0],[-108.0,29.0],[-109.0,29.0],[-109.0,28.0]]]},"properties":{"id":"ucdp:-109_28","n":"Disputa: Juarez Cartel, Sinaloa Cartel","st":"conflicto_disputa","p":"Mexico","x":"3 eventos · 9 muertes estimadas","color":"#4D4D4D","actores":"[[\"Juarez Cartel\", 50], [\"Sinaloa Cartel\", 50]]","eventos":3,"muertes":9,"ultima":"2025-08-26","z":1}},{"type":"Feature","geometry":{"type":"Polygon","coordinates":[[[-101.0,19.0],[-100.0,19.0],[-100.0,20.0],[-101.0,20.0],[-101.0,19.0]]]},"properties":{"id":"ucdp:-101_19","n":"Disputa: Carteles Unidos, Jalisco Cartel New Generation, Los Blancos de Troya, Los de la Virgen, Los Viagras","st":"conflicto_disputa","p":"Mexico","x":"17 eventos · 26 muertes estimadas","color":"#4D4D4D","actores":"[[\"Carteles Unidos\", 45], [\"Jalisco Cartel New Generation, Los Blancos de Troya, Los de la Virgen, Los Viagras\", 41], [\"XXX70\", 9], [\"Jalisco Cartel New Generation\", 5]]","eventos":17,"muertes":26,"ultima":"2026-01-17","z":1}},{"type":"Feature","geometry":{"type":"Polygon","coordinates":[[[35.0,31.0],[36.0,31.0],[36.0,32.0],[35.0,32.0],[35.0,31.0]]]},"properties":{"id":"ucdp:35_31","n":"Disputa: Hamas, Fatah","st":"conflicto_disputa","p":"Israel","x":"26 eventos · 18 muertes estimadas","color":"#4D4D4D","actores":"[[\"Hamas\", 45], [\"Fatah\", 20], [\"Palestinian insurgents\", 16], [\"XXX666\", 11]]","eventos":26,"muertes":18,"ultima":"2026-05-31","z":1}},{"type":"Feature","geometry":{"type":"Polygon","coordinates":[[[39.0,5.0],[40.0,5.0],[40.0,6.0],[39.0,6.0],[39.0,5.0]]]},"properties":{"id":"ucdp:39_5","n":"OLA","st":"conflicto_dominio","p":"Ethiopia","x":"13 eventos · 15 muertes estimadas","color":"#7f8c8d","actores":"[[\"OLA\", 100]]","eventos":13,"muertes":15,"ultima":"2025-08-09","z":1}},{"type":"Feature","geometry":{"type":"Polygon","coordinates":[[[-36.0,-6.0],[-35.0,-6.0],[-35.0,-5.0],[-36.0,-5.0],[-36.0,-6.0]]]},"properties":{"id":"ucdp:-36_-6","n":"Disputa: Sindicato do Crime, PCC","st":"conflicto_disputa","p":"Brazil","x":"45 eventos · 54 muertes estimadas","color":"#4D4D4D","actores":"[[\"Sindicato do Crime\", 47], [\"PCC\", 46], [\"XXX140\", 4], [\"GDE, PCC\", 2]]","eventos":45,"muertes":54,"ultima":"2026-02-25","z":1}},{"type":"Feature","geometry":{"type":"Polygon","coordinates":[[[-39.0,-7.0],[-38.0,-7.0],[-38.0,-6.0],[-39.0,-6.0],[-39.0,-7.0]]]},"properties":{"id":"ucdp:-39_-7","n":"Disputa: GDE, PCC, Sindicato do Crime","st":"conflicto_disputa","p":"Brazil","x":"4 eventos · 4 muertes estimadas","color":"#4D4D4D","actores":"[[\"GDE, PCC\", 50], [\"Sindicato do Crime\", 50]]","eventos":4,"muertes":4,"ultima":"2026-02-09","z":1}},{"type":"Feature","geometry":{"type":"Polygon","coordinates":[[[-93.0,17.0],[-92.0,17.0],[-92.0,18.0],[-93.0,18.0],[-93.0,17.0]]]},"properties":{"id":"ucdp:-93_17","n":"Disputa: Jalisco Cartel New Generation, La Barredora","st":"conflicto_disputa","p":"Mexico","x":"42 eventos · 80 muertes estimadas","color":"#4D4D4D","actores":"[[\"Jalisco Cartel New Generation\", 48], [\"La Barredora\", 47], [\"XXX70\", 5]]","eventos":42,"muertes":80,"ultima":"2026-04-13","z":1}},{"type":"Feature","geometry":{"type":"Polygon","coordinates":[[[-93.0,18.0],[-92.0,18.0],[-92.0,19.0],[-93.0,19.0],[-93.0,18.0]]]},"properties":{"id":"ucdp:-93_18","n":"Disputa: Jalisco Cartel New Generation, La Barredora","st":"conflicto_disputa","p":"Mexico","x":"15 eventos · 544 muertes estimadas","color":"#4D4D4D","actores":"[[\"Jalisco Cartel New Generation\", 49], [\"La Barredora\", 49], [\"XXX70\", 1]]","eventos":15,"muertes":544,"ultima":"2026-07-11","z":1}},{"type":"Feature","geometry":{"type":"Polygon","coordinates":[[[12.0,13.0],[13.0,13.0],[13.0,14.0],[12.0,14.0],[12.0,13.0]]]},"properties":{"id":"ucdp:12_13","n":"Disputa: IS, JAS","st":"conflicto_disputa","p":"Niger","x":"37 eventos · 202 muertes estimadas","color":"#4D4D4D","actores":"[[\"IS\", 68], [\"JAS\", 29], [\"XXX475\", 2], [\"XXX436\", 1]]","eventos":37,"muertes":202,"ultima":"2026-08-22","z":1}},{"type":"Feature","geometry":{"type":"Polygon","coordinates":[[[37.0,9.0],[38.0,9.0],[38.0,10.0],[37.0,10.0],[37.0,9.0]]]},"properties":{"id":"ucdp:37_9","n":"OLA","st":"conflicto_dominio","p":"Ethiopia","x":"39 eventos · 128 muertes estimadas","color":"#7f8c8d","actores":"[[\"OLA\", 77], [\"Fano\", 23]]","eventos":39,"muertes":128,"ultima":"2026-06-19","z":1}},{"type":"Feature","geometry":{"type":"Polygon","coordinates":[[[11.0,10.0],[12.0,10.0],[12.0,11.0],[11.0,11.0],[11.0,10.0]]]},"properties":{"id":"ucdp:11_10","n":"Disputa: IS, Farmers (Nigeria)","st":"conflicto_disputa","p":"Nigeria","x":"6 eventos · 5 muertes estimadas","color":"#4D4D4D","actores":"[[\"IS\", 45], [\"Farmers (Nigeria)\", 27], [\"Herders (Nigeria)\", 27]]","eventos":6,"muertes":5,"ultima":"2026-04-03","z":1}},{"type":"Feature","geometry":{"type":"Polygon","coordinates":[[[30.0,12.0],[31.0,12.0],[31.0,13.0],[30.0,13.0],[30.0,12.0]]]},"properties":{"id":"ucdp:30_12","n":"SFA","st":"conflicto_dominio","p":"Sudan","x":"30 eventos · 193 muertes estimadas","color":"#C0392B","actores":"[[\"SFA\", 97], [\"RSF\", 2], [\"XXX625\", 1]]","eventos":30,"muertes":193,"ultima":"2026-08-14","z":1}},{"type":"Feature","geometry":{"type":"Polygon","coordinates":[[[11.0,9.0],[12.0,9.0],[12.0,10.0],[11.0,10.0],[11.0,9.0]]]},"properties":{"id":"ucdp:11_9","n":"Disputa: XXX475, Fulani","st":"conflicto_disputa","p":"Nigeria","x":"13 eventos · 90 muertes estimadas","color":"#4D4D4D","actores":"[[\"XXX475\", 31], [\"Fulani\", 26], [\"Munga\", 26], [\"Bwatiye\", 5]]","eventos":13,"muertes":90,"ultima":"2026-06-30","z":1}},{"type":"Feature","geometry":{"type":"Polygon","coordinates":[[[6.0,10.0],[7.0,10.0],[7.0,11.0],[6.0,11.0],[6.0,10.0]]]},"properties":{"id":"ucdp:6_10","n":"Disputa: XXX475, JAS","st":"conflicto_disputa","p":"Nigeria","x":"35 eventos · 300 muertes estimadas","color":"#4D4D4D","actores":"[[\"XXX475\", 63], [\"JAS\", 18], [\"Fulani\", 8], [\"Kamuku\", 8]]","eventos":35,"muertes":300,"ultima":"2026-08-30","z":1}},{"type":"Feature","geometry":{"type":"Polygon","coordinates":[[[36.0,7.0],[37.0,7.0],[37.0,8.0],[36.0,8.0],[36.0,7.0]]]},"properties":{"id":"ucdp:36_7","n":"Disputa: Amhara, Oromo","st":"conflicto_disputa","p":"Ethiopia","x":"4 eventos · 7 muertes estimadas","color":"#4D4D4D","actores":"[[\"Amhara\", 36], [\"Oromo\", 36], [\"OLA\", 18], [\"Fano\", 9]]","eventos":4,"muertes":7,"ultima":"2025-02-13","z":1}},{"type":"Feature","geometry":{"type":"Polygon","coordinates":[[[-7.0,14.0],[-6.0,14.0],[-6.0,15.0],[-7.0,15.0],[-7.0,14.0]]]},"properties":{"id":"ucdp:-7_14","n":"JNIM","st":"conflicto_dominio","p":"Mali","x":"31 eventos · 71 muertes estimadas","color":"#D35400","actores":"[[\"JNIM\", 90], [\"Dozos (Mali)\", 10]]","eventos":31,"muertes":71,"ultima":"2026-08-06","z":1}},{"type":"Feature","geometry":{"type":"Polygon","coordinates":[[[32.0,14.0],[33.0,14.0],[33.0,15.0],[32.0,15.0],[32.0,14.0]]]},"properties":{"id":"ucdp:32_14","n":"RSF","st":"conflicto_dominio","p":"Sudan","x":"9 eventos · 254 muertes estimadas","color":"#196F3D","actores":"[[\"RSF\", 100]]","eventos":9,"muertes":254,"ultima":"2025-02-17","z":1}},{"type":"Feature","geometry":{"type":"Polygon","coordinates":[[[24.0,15.0],[25.0,15.0],[25.0,16.0],[24.0,16.0],[24.0,15.0]]]},"properties":{"id":"ucdp:24_15","n":"SFA","st":"conflicto_dominio","p":"Sudan","x":"5 eventos · 83 muertes estimadas","color":"#C0392B","actores":"[[\"SFA\", 97], [\"RSF\", 3]]","eventos":5,"muertes":83,"ultima":"2026-07-05","z":1}},{"type":"Feature","geometry":{"type":"Polygon","coordinates":[[[30.0,15.0],[31.0,15.0],[31.0,16.0],[30.0,16.0],[30.0,15.0]]]},"properties":{"id":"ucdp:30_15","n":"SFA","st":"conflicto_dominio","p":"Sudan","x":"8 eventos · 226 muertes estimadas","color":"#C0392B","actores":"[[\"SFA\", 91], [\"Habaniya\", 4], [\"Rizeigat Baggara\", 4], [\"RSF\", 2]]","eventos":8,"muertes":226,"ultima":"2026-08-28","z":1}},{"type":"Feature","geometry":{"type":"Polygon","coordinates":[[[32.0,12.0],[33.0,12.0],[33.0,13.0],[32.0,13.0],[32.0,12.0]]]},"properties":{"id":"ucdp:32_12","n":"Disputa: RSF, SFA","st":"conflicto_disputa","p":"Sudan","x":"3 eventos · 33 muertes estimadas","color":"#4D4D4D","actores":"[[\"RSF\", 58], [\"SFA\", 42]]","eventos":3,"muertes":33,"ultima":"2026-04-02","z":1}},{"type":"Feature","geometry":{"type":"Polygon","coordinates":[[[69.0,36.0],[70.0,36.0],[70.0,37.0],[69.0,37.0],[69.0,36.0]]]},"properties":{"id":"ucdp:69_36","n":"Disputa: AFF, IS","st":"conflicto_disputa","p":"Afghanistan","x":"13 eventos · 2 muertes estimadas","color":"#4D4D4D","actores":"[[\"AFF\", 53], [\"IS\", 27], [\"NRF\", 20]]","eventos":13,"muertes":2,"ultima":"2025-09-07","z":1}},{"type":"Feature","geometry":{"type":"Polygon","coordinates":[[[37.0,55.0],[38.0,55.0],[38.0,56.0],[37.0,56.0],[37.0,55.0]]]},"properties":{"id":"ucdp:37_55","n":"IS","st":"conflicto_dominio","p":"Russia (Soviet Union)","x":"4 eventos · 8 muertes estimadas","color":"#2471A3","actores":"[[\"IS\", 100]]","eventos":4,"muertes":8,"ultima":"2026-02-24","z":1}},{"type":"Feature","geometry":{"type":"Polygon","coordinates":[[[95.0,20.0],[96.0,20.0],[96.0,21.0],[95.0,21.0],[95.0,20.0]]]},"properties":{"id":"ucdp:95_20","n":"Disputa: NUG, SCEF","st":"conflicto_disputa","p":"Myanmar (Burma)","x":"9 eventos · 20 muertes estimadas","color":"#4D4D4D","actores":"[[\"NUG\", 69], [\"SCEF\", 31]]","eventos":9,"muertes":20,"ultima":"2026-07-14","z":1}},{"type":"Feature","geometry":{"type":"Polygon","coordinates":[[[39.0,-14.0],[40.0,-14.0],[40.0,-13.0],[39.0,-13.0],[39.0,-14.0]]]},"properties":{"id":"ucdp:39_-14","n":"IS","st":"conflicto_dominio","p":"Mozambique","x":"21 eventos · 75 muertes estimadas","color":"#2471A3","actores":"[[\"IS\", 76], [\"Naparama\", 24]]","eventos":21,"muertes":75,"ultima":"2026-05-27","z":1}},{"type":"Feature","geometry":{"type":"Polygon","coordinates":[[[26.0,-9.0],[27.0,-9.0],[27.0,-8.0],[26.0,-8.0],[26.0,-9.0]]]},"properties":{"id":"ucdp:26_-9","n":"Disputa: Kata Katanga, Mayi Mayi - Makabe","st":"conflicto_disputa","p":"DR Congo (Zaire)","x":"3 eventos · 6 muertes estimadas","color":"#4D4D4D","actores":"[[\"Kata Katanga\", 67], [\"Mayi Mayi - Makabe\", 33]]","eventos":3,"muertes":6,"ultima":"2024-12-08","z":1}},{"type":"Feature","geometry":{"type":"Polygon","coordinates":[[[16.0,-4.0],[17.0,-4.0],[17.0,-3.0],[16.0,-3.0],[16.0,-4.0]]]},"properties":{"id":"ucdp:16_-4","n":"Mobondo","st":"conflicto_dominio","p":"DR Congo (Zaire)","x":"5 eventos · 38 muertes estimadas","color":"#7f8c8d","actores":"[[\"Mobondo\", 100]]","eventos":5,"muertes":38,"ultima":"2026-02-26","z":1}},{"type":"Feature","geometry":{"type":"Polygon","coordinates":[[[28.0,-5.0],[29.0,-5.0],[29.0,-4.0],[28.0,-4.0],[28.0,-5.0]]]},"properties":{"id":"ucdp:28_-5","n":"AFC","st":"conflicto_dominio","p":"DR Congo (Zaire)","x":"9 eventos · 64 muertes estimadas","color":"#B7950B","actores":"[[\"AFC\", 91], [\"VDP\", 9]]","eventos":9,"muertes":64,"ultima":"2026-08-24","z":1}},{"type":"Feature","geometry":{"type":"Polygon","coordinates":[[[74.0,31.0],[75.0,31.0],[75.0,32.0],[74.0,32.0],[74.0,31.0]]]},"properties":{"id":"ucdp:74_31","n":"Disputa: Kashmir insurgents, Jamaat-ul-Ahrar","st":"conflicto_disputa","p":"India","x":"11 eventos · 13 muertes estimadas","color":"#4D4D4D","actores":"[[\"Kashmir insurgents\", 46], [\"Jamaat-ul-Ahrar\", 21], [\"HGB\", 8], [\"XXX750\", 8]]","eventos":11,"muertes":13,"ultima":"2026-08-13","z":1}},{"type":"Feature","geometry":{"type":"Polygon","coordinates":[[[9.0,6.0],[10.0,6.0],[10.0,7.0],[9.0,7.0],[9.0,6.0]]]},"properties":{"id":"ucdp:9_6","n":"Disputa: XXX475, Tiv","st":"conflicto_disputa","p":"Nigeria","x":"22 eventos · 129 muertes estimadas","color":"#4D4D4D","actores":"[[\"XXX475\", 39], [\"Tiv\", 26], [\"Fulani\", 18], [\"Ambazonia insurgents\", 9]]","eventos":22,"muertes":129,"ultima":"2026-08-05","z":1}},{"type":"Feature","geometry":{"type":"Polygon","coordinates":[[[124.0,12.0],[125.0,12.0],[125.0,13.0],[124.0,13.0],[124.0,12.0]]]},"properties":{"id":"ucdp:124_12","n":"CPP","st":"conflicto_dominio","p":"Philippines","x":"3 eventos · 4 muertes estimadas","color":"#7f8c8d","actores":"[[\"CPP\", 100]]","eventos":3,"muertes":4,"ultima":"2025-12-10","z":1}},{"type":"Feature","geometry":{"type":"Polygon","coordinates":[[[29.0,-3.0],[30.0,-3.0],[30.0,-2.0],[29.0,-2.0],[29.0,-3.0]]]},"properties":{"id":"ucdp:29_-3","n":"AFC","st":"conflicto_dominio","p":"DR Congo (Zaire)","x":"20 eventos · 54 muertes estimadas","color":"#B7950B","actores":"[[\"AFC\", 86], [\"VDP\", 7], [\"FDLR-FOCA\", 3], [\"XXX516\", 3]]","eventos":20,"muertes":54,"ultima":"2026-07-09","z":1}},{"type":"Feature","geometry":{"type":"Polygon","coordinates":[[[-3.0,14.0],[-2.0,14.0],[-2.0,15.0],[-3.0,15.0],[-3.0,14.0]]]},"properties":{"id":"ucdp:-3_14","n":"JNIM","st":"conflicto_dominio","p":"Burkina Faso","x":"19 eventos · 76 muertes estimadas","color":"#D35400","actores":"[[\"JNIM\", 100]]","eventos":19,"muertes":76,"ultima":"2026-08-28","z":1}},{"type":"Feature","geometry":{"type":"Polygon","coordinates":[[[29.0,1.0],[30.0,1.0],[30.0,2.0],[29.0,2.0],[29.0,1.0]]]},"properties":{"id":"ucdp:29_1","n":"IS","st":"conflicto_dominio","p":"DR Congo (Zaire)","x":"104 eventos · 703 muertes estimadas","color":"#2471A3","actores":"[[\"IS\", 99], [\"Mayi Mayi Chini ya Tuna\", 1], [\"VDP\", 0]]","eventos":104,"muertes":703,"ultima":"2026-08-29","z":1}},{"type":"Feature","geometry":{"type":"Polygon","coordinates":[[[68.0,30.0],[69.0,30.0],[69.0,31.0],[68.0,31.0],[68.0,30.0]]]},"properties":{"id":"ucdp:68_30","n":"BRAS","st":"conflicto_dominio","p":"Pakistan","x":"11 eventos · 35 muertes estimadas","color":"#9A7D0A","actores":"[[\"BRAS\", 100]]","eventos":11,"muertes":35,"ultima":"2026-08-30","z":1}},{"type":"Feature","geometry":{"type":"Polygon","coordinates":[[[66.0,30.0],[67.0,30.0],[67.0,31.0],[66.0,31.0],[66.0,30.0]]]},"properties":{"id":"ucdp:66_30","n":"Disputa: BRAS, TTP","st":"conflicto_disputa","p":"Pakistan","x":"29 eventos · 96 muertes estimadas","color":"#4D4D4D","actores":"[[\"BRAS\", 46], [\"TTP\", 34], [\"XXX770\", 14], [\"IS\", 6]]","eventos":29,"muertes":96,"ultima":"2026-08-24","z":1}},{"type":"Feature","geometry":{"type":"Polygon","coordinates":[[[68.0,29.0],[69.0,29.0],[69.0,30.0],[68.0,30.0],[68.0,29.0]]]},"properties":{"id":"ucdp:68_29","n":"BRAS","st":"conflicto_dominio","p":"Pakistan","x":"10 eventos · 13 muertes estimadas","color":"#9A7D0A","actores":"[[\"BRAS\", 100]]","eventos":10,"muertes":13,"ultima":"2026-01-01","z":1}},{"type":"Feature","geometry":{"type":"Polygon","coordinates":[[[2.0,14.0],[3.0,14.0],[3.0,15.0],[2.0,15.0],[2.0,14.0]]]},"properties":{"id":"ucdp:2_14","n":"Disputa: IS, XXX436","st":"conflicto_disputa","p":"Niger","x":"13 eventos · 65 muertes estimadas","color":"#4D4D4D","actores":"[[\"IS\", 54], [\"XXX436\", 32], [\"JNIM\", 14]]","eventos":13,"muertes":65,"ultima":"2026-08-06","z":1}},{"type":"Feature","geometry":{"type":"Polygon","coordinates":[[[69.0,31.0],[70.0,31.0],[70.0,32.0],[69.0,32.0],[69.0,31.0]]]},"properties":{"id":"ucdp:69_31","n":"Disputa: TTP, IMP","st":"conflicto_disputa","p":"Pakistan","x":"11 eventos · 105 muertes estimadas","color":"#4D4D4D","actores":"[[\"TTP\", 51], [\"IMP\", 45], [\"BRAS\", 4]]","eventos":11,"muertes":105,"ultima":"2026-02-25","z":1}},{"type":"Feature","geometry":{"type":"Polygon","coordinates":[[[-10.0,15.0],[-9.0,15.0],[-9.0,16.0],[-10.0,16.0],[-10.0,15.0]]]},"properties":{"id":"ucdp:-10_15","n":"JNIM","st":"conflicto_dominio","p":"Mali","x":"12 eventos · 56 muertes estimadas","color":"#D35400","actores":"[[\"JNIM\", 100]]","eventos":12,"muertes":56,"ultima":"2026-05-24","z":1}},{"type":"Feature","geometry":{"type":"Polygon","coordinates":[[[-9.0,12.0],[-8.0,12.0],[-8.0,13.0],[-9.0,13.0],[-9.0,12.0]]]},"properties":{"id":"ucdp:-9_12","n":"JNIM","st":"conflicto_dominio","p":"Mali","x":"19 eventos · 62 muertes estimadas","color":"#D35400","actores":"[[\"JNIM\", 100]]","eventos":19,"muertes":62,"ultima":"2026-07-23","z":1}},{"type":"Feature","geometry":{"type":"Polygon","coordinates":[[[-72.0,2.0],[-71.0,2.0],[-71.0,3.0],[-72.0,3.0],[-72.0,2.0]]]},"properties":{"id":"ucdp:-72_2","n":"Disputa: EMBF, FARC-EMC","st":"conflicto_disputa","p":"Colombia","x":"5 eventos · 63 muertes estimadas","color":"#4D4D4D","actores":"[[\"EMBF\", 51], [\"FARC-EMC\", 49]]","eventos":5,"muertes":63,"ultima":"2026-06-03","z":1}},{"type":"Feature","geometry":{"type":"Polygon","coordinates":[[[41.0,3.0],[42.0,3.0],[42.0,4.0],[41.0,4.0],[41.0,3.0]]]},"properties":{"id":"ucdp:41_3","n":"Disputa: Al-Shabaab, XXX501","st":"conflicto_disputa","p":"Kenya","x":"7 eventos · 13 muertes estimadas","color":"#4D4D4D","actores":"[[\"Al-Shabaab\", 65], [\"XXX501\", 35]]","eventos":7,"muertes":13,"ultima":"2026-07-28","z":1}},{"type":"Feature","geometry":{"type":"Polygon","coordinates":[[[41.0,33.0],[42.0,33.0],[42.0,34.0],[41.0,34.0],[41.0,33.0]]]},"properties":{"id":"ucdp:41_33","n":"IS","st":"conflicto_dominio","p":"Iraq","x":"6 eventos · 13 muertes estimadas","color":"#2471A3","actores":"[[\"IS\", 100]]","eventos":6,"muertes":13,"ultima":"2025-11-26","z":1}},{"type":"Feature","geometry":{"type":"Polygon","coordinates":[[[-76.0,8.0],[-75.0,8.0],[-75.0,9.0],[-76.0,9.0],[-76.0,8.0]]]},"properties":{"id":"ucdp:-76_8","n":"EGC","st":"conflicto_dominio","p":"Colombia","x":"5 eventos · 5 muertes estimadas","color":"#7f8c8d","actores":"[[\"EGC\", 80], [\"XXX100\", 20]]","eventos":5,"muertes":5,"ultima":"2026-07-24","z":1}},{"type":"Feature","geometry":{"type":"Polygon","coordinates":[[[-75.0,9.0],[-74.0,9.0],[-74.0,10.0],[-75.0,10.0],[-75.0,9.0]]]},"properties":{"id":"ucdp:-75_9","n":"Disputa: EGC, XXX100","st":"conflicto_disputa","p":"Colombia","x":"19 eventos · 20 muertes estimadas","color":"#4D4D4D","actores":"[[\"EGC\", 49], [\"XXX100\", 46], [\"Los Costenos\", 3], [\"Los Pepes\", 3]]","eventos":19,"muertes":20,"ultima":"2026-08-19","z":1}},{"type":"Feature","geometry":{"type":"Polygon","coordinates":[[[-77.0,5.0],[-76.0,5.0],[-76.0,6.0],[-77.0,6.0],[-77.0,5.0]]]},"properties":{"id":"ucdp:-77_5","n":"ELN","st":"conflicto_dominio","p":"Colombia","x":"5 eventos · 8 muertes estimadas","color":"#7f8c8d","actores":"[[\"ELN\", 77], [\"XXX100\", 23]]","eventos":5,"muertes":8,"ultima":"2026-07-04","z":1}},{"type":"Feature","geometry":{"type":"Polygon","coordinates":[[[42.0,15.0],[43.0,15.0],[43.0,16.0],[42.0,16.0],[42.0,15.0]]]},"properties":{"id":"ucdp:42_15","n":"Disputa: Hamas, Forces of the Presidential Leadership Council","st":"conflicto_disputa","p":"Yemen (North Yemen)","x":"4 eventos · 12 muertes estimadas","color":"#4D4D4D","actores":"[[\"Hamas\", 69], [\"Forces of the Presidential Leadership Council\", 31]]","eventos":4,"muertes":12,"ultima":"2026-07-27","z":1}},{"type":"Feature","geometry":{"type":"Polygon","coordinates":[[[-4.0,15.0],[-3.0,15.0],[-3.0,16.0],[-4.0,16.0],[-4.0,15.0]]]},"properties":{"id":"ucdp:-4_15","n":"JNIM","st":"conflicto_dominio","p":"Mali","x":"6 eventos · 1 muertes estimadas","color":"#D35400","actores":"[[\"JNIM\", 86], [\"FLA\", 14]]","eventos":6,"muertes":1,"ultima":"2026-08-14","z":1}},{"type":"Feature","geometry":{"type":"Polygon","coordinates":[[[49.0,11.0],[50.0,11.0],[50.0,12.0],[49.0,12.0],[49.0,11.0]]]},"properties":{"id":"ucdp:49_11","n":"Disputa: IS, Puntland State of Somalia","st":"conflicto_disputa","p":"Somalia","x":"34 eventos · 248 muertes estimadas","color":"#4D4D4D","actores":"[[\"IS\", 59], [\"Puntland State of Somalia\", 37], [\"SFC\", 2], [\"XXX520\", 2]]","eventos":34,"muertes":248,"ultima":"2026-08-02","z":1}},{"type":"Feature","geometry":{"type":"Polygon","coordinates":[[[-73.0,7.0],[-72.0,7.0],[-72.0,8.0],[-73.0,8.0],[-73.0,7.0]]]},"properties":{"id":"ucdp:-73_7","n":"Disputa: XXX100, ELN","st":"conflicto_disputa","p":"Colombia","x":"40 eventos · 48 muertes estimadas","color":"#4D4D4D","actores":"[[\"XXX100\", 58], [\"ELN\", 30], [\"Tren de Aragua\", 5], [\"EMBF\", 2]]","eventos":40,"muertes":48,"ultima":"2026-08-31","z":1}},{"type":"Feature","geometry":{"type":"Polygon","coordinates":[[[93.0,20.0],[94.0,20.0],[94.0,21.0],[93.0,21.0],[93.0,20.0]]]},"properties":{"id":"ucdp:93_20","n":"ULA","st":"conflicto_dominio","p":"Myanmar (Burma)","x":"18 eventos · 159 muertes estimadas","color":"#7f8c8d","actores":"[[\"ULA\", 88], [\"CPU\", 7], [\"SCEF\", 5]]","eventos":18,"muertes":159,"ultima":"2026-06-22","z":1}},{"type":"Feature","geometry":{"type":"Polygon","coordinates":[[[-1.0,16.0],[0.0,16.0],[0.0,17.0],[-1.0,17.0],[-1.0,16.0]]]},"properties":{"id":"ucdp:-1_16","n":"Disputa: JNIM, IS","st":"conflicto_disputa","p":"Mali","x":"31 eventos · 55 muertes estimadas","color":"#4D4D4D","actores":"[[\"JNIM\", 69], [\"IS\", 20], [\"FLA\", 8], [\"GATIA\", 3]]","eventos":31,"muertes":55,"ultima":"2026-08-07","z":1}},{"type":"Feature","geometry":{"type":"Polygon","coordinates":[[[3.0,7.0],[4.0,7.0],[4.0,8.0],[3.0,8.0],[3.0,7.0]]]},"properties":{"id":"ucdp:3_7","n":"Disputa: Eyie, Black Axe","st":"conflicto_disputa","p":"Nigeria","x":"11 eventos · 12 muertes estimadas","color":"#4D4D4D","actores":"[[\"Eyie\", 46], [\"Black Axe\", 41], [\"XXX475\", 9], [\"Buccaneers\", 4]]","eventos":11,"muertes":12,"ultima":"2026-05-03","z":1}},{"type":"Feature","geometry":{"type":"Polygon","coordinates":[[[43.0,14.0],[44.0,14.0],[44.0,15.0],[43.0,15.0],[43.0,14.0]]]},"properties":{"id":"ucdp:43_14","n":"Forces of the Presidential Leadership Council","st":"conflicto_dominio","p":"Yemen (North Yemen)","x":"31 eventos · 122 muertes estimadas","color":"#5B2C6F","actores":"[[\"Forces of the Presidential Leadership Council\", 99], [\"XXX678\", 1]]","eventos":31,"muertes":122,"ultima":"2026-08-24","z":1}},{"type":"Feature","geometry":{"type":"Polygon","coordinates":[[[14.0,6.0],[15.0,6.0],[15.0,7.0],[14.0,7.0],[14.0,6.0]]]},"properties":{"id":"ucdp:14_6","n":"CPC","st":"conflicto_dominio","p":"Central African Republic","x":"3 eventos · 6 muertes estimadas","color":"#7f8c8d","actores":"[[\"CPC\", 100]]","eventos":3,"muertes":6,"ultima":"2025-05-02","z":1}},{"type":"Feature","geometry":{"type":"Polygon","coordinates":[[[2.0,11.0],[3.0,11.0],[3.0,12.0],[2.0,12.0],[2.0,11.0]]]},"properties":{"id":"ucdp:2_11","n":"JNIM","st":"conflicto_dominio","p":"Benin","x":"8 eventos · 114 muertes estimadas","color":"#D35400","actores":"[[\"JNIM\", 100]]","eventos":8,"muertes":114,"ultima":"2026-02-12","z":1}},{"type":"Feature","geometry":{"type":"Polygon","coordinates":[[[1.0,10.0],[2.0,10.0],[2.0,11.0],[1.0,11.0],[1.0,10.0]]]},"properties":{"id":"ucdp:1_10","n":"JNIM","st":"conflicto_dominio","p":"Benin","x":"6 eventos · 15 muertes estimadas","color":"#D35400","actores":"[[\"JNIM\", 100]]","eventos":6,"muertes":15,"ultima":"2026-07-10","z":1}},{"type":"Feature","geometry":{"type":"Polygon","coordinates":[[[16.0,6.0],[17.0,6.0],[17.0,7.0],[16.0,7.0],[16.0,6.0]]]},"properties":{"id":"ucdp:16_6","n":"Disputa: CPC, Farmers (CAR)","st":"conflicto_disputa","p":"Central African Republic","x":"11 eventos · 109 muertes estimadas","color":"#4D4D4D","actores":"[[\"CPC\", 47], [\"Farmers (CAR)\", 27], [\"Herders (CAR)\", 27]]","eventos":11,"muertes":109,"ultima":"2025-09-26","z":1}},{"type":"Feature","geometry":{"type":"Polygon","coordinates":[[[16.0,8.0],[17.0,8.0],[17.0,9.0],[16.0,9.0],[16.0,8.0]]]},"properties":{"id":"ucdp:16_8","n":"Disputa: Farmers (Chad), Herders (Chad)","st":"conflicto_disputa","p":"Chad","x":"9 eventos · 40 muertes estimadas","color":"#4D4D4D","actores":"[[\"Farmers (Chad)\", 46], [\"Herders (Chad)\", 46], [\"XXX483\", 8]]","eventos":9,"muertes":40,"ultima":"2026-05-31","z":1}},{"type":"Feature","geometry":{"type":"Polygon","coordinates":[[[-100.0,19.0],[-99.0,19.0],[-99.0,20.0],[-100.0,20.0],[-100.0,19.0]]]},"properties":{"id":"ucdp:-100_19","n":"XXX70","st":"conflicto_dominio","p":"Mexico","x":"118 eventos · 146 muertes estimadas","color":"#7f8c8d","actores":"[[\"XXX70\", 90], [\"Fuerza Anti Unión\", 3], [\"La Union de Tepito\", 3], [\"Jalisco Cartel New Generation\", 2]]","eventos":118,"muertes":146,"ultima":"2026-08-26","z":1}},{"type":"Feature","geometry":{"type":"Polygon","coordinates":[[[-109.0,25.0],[-108.0,25.0],[-108.0,26.0],[-109.0,26.0],[-109.0,25.0]]]},"properties":{"id":"ucdp:-109_25","n":"Disputa: Sinaloa Cartel - Los Mayos, Sinaloa Cartel - Los Chapitos","st":"conflicto_disputa","p":"Mexico","x":"9 eventos · 9 muertes estimadas","color":"#4D4D4D","actores":"[[\"Sinaloa Cartel - Los Mayos\", 44], [\"Sinaloa Cartel - Los Chapitos\", 39], [\"Jalisco Cartel New Generation, Sinaloa Cartel - Los Chapitos\", 11], [\"Caborca Cartel, Sinaloa Cartel - Los Mayos\", 6]]","eventos":9,"muertes":9,"ultima":"2026-08-15","z":1}},{"type":"Feature","geometry":{"type":"Polygon","coordinates":[[[-106.0,22.0],[-105.0,22.0],[-105.0,23.0],[-106.0,23.0],[-106.0,22.0]]]},"properties":{"id":"ucdp:-106_22","n":"Disputa: Sinaloa Cartel - Los Mayos, Jalisco Cartel New Generation, Sinaloa Cartel - Los Chapitos","st":"conflicto_disputa","p":"Mexico","x":"17 eventos · 44 muertes estimadas","color":"#4D4D4D","actores":"[[\"Sinaloa Cartel - Los Mayos\", 33], [\"Jalisco Cartel New Generation, Sinaloa Cartel - Los Chapitos\", 30], [\"XXX70\", 26], [\"Sinaloa Cartel\", 6]]","eventos":17,"muertes":44,"ultima":"2026-08-07","z":1}},{"type":"Feature","geometry":{"type":"Polygon","coordinates":[[[136.0,-4.0],[137.0,-4.0],[137.0,-3.0],[136.0,-3.0],[136.0,-4.0]]]},"properties":{"id":"ucdp:136_-4","n":"OPM","st":"conflicto_dominio","p":"Indonesia","x":"10 eventos · 39 muertes estimadas","color":"#7f8c8d","actores":"[[\"OPM\", 100]]","eventos":10,"muertes":39,"ultima":"2026-06-29","z":1}},{"type":"Feature","geometry":{"type":"Polygon","coordinates":[[[37.0,8.0],[38.0,8.0],[38.0,9.0],[37.0,9.0],[37.0,8.0]]]},"properties":{"id":"ucdp:37_8","n":"Disputa: Fano, XXX530","st":"conflicto_disputa","p":"Ethiopia","x":"10 eventos · 58 muertes estimadas","color":"#4D4D4D","actores":"[[\"Fano\", 66], [\"XXX530\", 25], [\"OLA\", 9]]","eventos":10,"muertes":58,"ultima":"2026-08-20","z":1}},{"type":"Feature","geometry":{"type":"Polygon","coordinates":[[[43.0,0.0],[44.0,0.0],[44.0,1.0],[43.0,1.0],[43.0,0.0]]]},"properties":{"id":"ucdp:43_0","n":"Al-Shabaab","st":"conflicto_dominio","p":"Somalia","x":"9 eventos · 37 muertes estimadas","color":"#1F618D","actores":"[[\"Al-Shabaab\", 100]]","eventos":9,"muertes":37,"ultima":"2026-04-27","z":1}},{"type":"Feature","geometry":{"type":"Polygon","coordinates":[[[68.0,28.0],[69.0,28.0],[69.0,29.0],[68.0,29.0],[68.0,28.0]]]},"properties":{"id":"ucdp:68_28","n":"BRAS","st":"conflicto_dominio","p":"Pakistan","x":"17 eventos · 14 muertes estimadas","color":"#9A7D0A","actores":"[[\"BRAS\", 100]]","eventos":17,"muertes":14,"ultima":"2026-07-01","z":1}},{"type":"Feature","geometry":{"type":"Polygon","coordinates":[[[-36.0,-7.0],[-35.0,-7.0],[-35.0,-6.0],[-36.0,-6.0],[-36.0,-7.0]]]},"properties":{"id":"ucdp:-36_-7","n":"Disputa: PCC, Sindicato do Crime","st":"conflicto_disputa","p":"Brazil","x":"9 eventos · 14 muertes estimadas","color":"#4D4D4D","actores":"[[\"PCC\", 50], [\"Sindicato do Crime\", 50]]","eventos":9,"muertes":14,"ultima":"2025-11-30","z":1}},{"type":"Feature","geometry":{"type":"Polygon","coordinates":[[[132.0,-2.0],[133.0,-2.0],[133.0,-1.0],[132.0,-1.0],[132.0,-2.0]]]},"properties":{"id":"ucdp:132_-2","n":"OPM","st":"conflicto_dominio","p":"Indonesia","x":"5 eventos · 4 muertes estimadas","color":"#7f8c8d","actores":"[[\"OPM\", 100]]","eventos":5,"muertes":4,"ultima":"2026-03-22","z":1}},{"type":"Feature","geometry":{"type":"Polygon","coordinates":[[[-106.0,26.0],[-105.0,26.0],[-105.0,27.0],[-106.0,27.0],[-106.0,26.0]]]},"properties":{"id":"ucdp:-106_26","n":"Disputa: Juarez Cartel, Sinaloa Cartel","st":"conflicto_disputa","p":"Mexico","x":"7 eventos · 13 muertes estimadas","color":"#4D4D4D","actores":"[[\"Juarez Cartel\", 40], [\"Sinaloa Cartel\", 40], [\"XXX70\", 20]]","eventos":7,"muertes":13,"ultima":"2026-07-05","z":1}},{"type":"Feature","geometry":{"type":"Polygon","coordinates":[[[-107.0,26.0],[-106.0,26.0],[-106.0,27.0],[-107.0,27.0],[-107.0,26.0]]]},"properties":{"id":"ucdp:-107_26","n":"Disputa: Juarez Cartel, Sinaloa Cartel","st":"conflicto_disputa","p":"Mexico","x":"39 eventos · 54 muertes estimadas","color":"#4D4D4D","actores":"[[\"Juarez Cartel\", 38], [\"Sinaloa Cartel\", 38], [\"XXX70\", 24]]","eventos":39,"muertes":54,"ultima":"2026-07-28","z":1}},{"type":"Feature","geometry":{"type":"Polygon","coordinates":[[[-89.0,15.0],[-88.0,15.0],[-88.0,16.0],[-89.0,16.0],[-89.0,15.0]]]},"properties":{"id":"ucdp:-89_15","n":"Disputa: M18, MS-13","st":"conflicto_disputa","p":"Honduras","x":"5 eventos · 8 muertes estimadas","color":"#4D4D4D","actores":"[[\"M18\", 50], [\"MS-13\", 50]]","eventos":5,"muertes":8,"ultima":"2026-01-12","z":1}},{"type":"Feature","geometry":{"type":"Polygon","coordinates":[[[45.0,14.0],[46.0,14.0],[46.0,15.0],[45.0,15.0],[45.0,14.0]]]},"properties":{"id":"ucdp:45_14","n":"Forces of the Presidential Leadership Council","st":"conflicto_dominio","p":"Yemen (North Yemen)","x":"37 eventos · 77 muertes estimadas","color":"#5B2C6F","actores":"[[\"Forces of the Presidential Leadership Council\", 85], [\"XXX678\", 10], [\"STC\", 2], [\"AQAP\", 1]]","eventos":37,"muertes":77,"ultima":"2026-08-31","z":1}},{"type":"Feature","geometry":{"type":"Polygon","coordinates":[[[44.0,13.0],[45.0,13.0],[45.0,14.0],[44.0,14.0],[44.0,13.0]]]},"properties":{"id":"ucdp:44_13","n":"Forces of the Presidential Leadership Council","st":"conflicto_dominio","p":"Yemen (North Yemen)","x":"132 eventos · 315 muertes estimadas","color":"#5B2C6F","actores":"[[\"Forces of the Presidential Leadership Council\", 89], [\"STC\", 10], [\"XXX678\", 1], [\"AQAP\", 0]]","eventos":132,"muertes":315,"ultima":"2026-08-31","z":1}},{"type":"Feature","geometry":{"type":"Polygon","coordinates":[[[61.0,25.0],[62.0,25.0],[62.0,26.0],[61.0,26.0],[61.0,25.0]]]},"properties":{"id":"ucdp:61_25","n":"BRAS","st":"conflicto_dominio","p":"Pakistan","x":"8 eventos · 14 muertes estimadas","color":"#9A7D0A","actores":"[[\"BRAS\", 100]]","eventos":8,"muertes":14,"ultima":"2026-07-03","z":1}},{"type":"Feature","geometry":{"type":"Polygon","coordinates":[[[-88.0,15.0],[-87.0,15.0],[-87.0,16.0],[-88.0,16.0],[-88.0,15.0]]]},"properties":{"id":"ucdp:-88_15","n":"Disputa: XXX91, MS-13","st":"conflicto_disputa","p":"Honduras","x":"3 eventos · 5 muertes estimadas","color":"#4D4D4D","actores":"[[\"XXX91\", 62], [\"MS-13\", 25], [\"M18\", 12]]","eventos":3,"muertes":5,"ultima":"2026-03-11","z":1}},{"type":"Feature","geometry":{"type":"Polygon","coordinates":[[[-81.0,-4.0],[-80.0,-4.0],[-80.0,-3.0],[-81.0,-3.0],[-81.0,-4.0]]]},"properties":{"id":"ucdp:-81_-4","n":"Disputa: XXX130, Los Choneros","st":"conflicto_disputa","p":"Ecuador","x":"3 eventos · 6 muertes estimadas","color":"#4D4D4D","actores":"[[\"XXX130\", 67], [\"Los Choneros\", 17], [\"Los Lobos\", 17]]","eventos":3,"muertes":6,"ultima":"2026-03-11","z":1}},{"type":"Feature","geometry":{"type":"Polygon","coordinates":[[[25.0,16.0],[26.0,16.0],[26.0,17.0],[25.0,17.0],[25.0,16.0]]]},"properties":{"id":"ucdp:25_16","n":"RSF","st":"conflicto_dominio","p":"Sudan","x":"3 eventos · 205 muertes estimadas","color":"#196F3D","actores":"[[\"RSF\", 98], [\"XXX625\", 2]]","eventos":3,"muertes":205,"ultima":"2026-04-16","z":1}},{"type":"Feature","geometry":{"type":"Polygon","coordinates":[[[31.0,14.0],[32.0,14.0],[32.0,15.0],[31.0,15.0],[31.0,14.0]]]},"properties":{"id":"ucdp:31_14","n":"SFA","st":"conflicto_dominio","p":"Sudan","x":"9 eventos · 142 muertes estimadas","color":"#C0392B","actores":"[[\"SFA\", 89], [\"RSF\", 11]]","eventos":9,"muertes":142,"ultima":"2026-07-25","z":1}},{"type":"Feature","geometry":{"type":"Polygon","coordinates":[[[27.0,-9.0],[28.0,-9.0],[28.0,-8.0],[27.0,-8.0],[27.0,-9.0]]]},"properties":{"id":"ucdp:27_-9","n":"Kata Katanga","st":"conflicto_dominio","p":"DR Congo (Zaire)","x":"4 eventos · 18 muertes estimadas","color":"#7f8c8d","actores":"[[\"Kata Katanga\", 73], [\"MDKC\", 27]]","eventos":4,"muertes":18,"ultima":"2026-08-02","z":1}},{"type":"Feature","geometry":{"type":"Polygon","coordinates":[[[28.0,-3.0],[29.0,-3.0],[29.0,-2.0],[28.0,-2.0],[28.0,-3.0]]]},"properties":{"id":"ucdp:28_-3","n":"AFC","st":"conflicto_dominio","p":"DR Congo (Zaire)","x":"169 eventos · 682 muertes estimadas","color":"#B7950B","actores":"[[\"AFC\", 81], [\"VDP\", 19]]","eventos":169,"muertes":682,"ultima":"2026-08-21","z":1}},{"type":"Feature","geometry":{"type":"Polygon","coordinates":[[[-80.0,-2.0],[-79.0,-2.0],[-79.0,-1.0],[-80.0,-1.0],[-80.0,-2.0]]]},"properties":{"id":"ucdp:-80_-2","n":"Disputa: Los Lobos, Los Choneros","st":"conflicto_disputa","p":"Ecuador","x":"38 eventos · 51 muertes estimadas","color":"#4D4D4D","actores":"[[\"Los Lobos\", 38], [\"Los Choneros\", 31], [\"XXX130\", 21], [\"Fatales, Los Aguilas\", 3]]","eventos":38,"muertes":51,"ultima":"2026-04-10","z":1}},{"type":"Feature","geometry":{"type":"Polygon","coordinates":[[[23.0,11.0],[24.0,11.0],[24.0,12.0],[23.0,12.0],[23.0,11.0]]]},"properties":{"id":"ucdp:23_11","n":"Disputa: Beni Halba Baggara, Salamat Baggara","st":"conflicto_disputa","p":"Sudan","x":"8 eventos · 122 muertes estimadas","color":"#4D4D4D","actores":"[[\"Beni Halba Baggara\", 41], [\"Salamat Baggara\", 41], [\"XXX625\", 15], [\"RSF\", 3]]","eventos":8,"muertes":122,"ultima":"2026-06-10","z":1}},{"type":"Feature","geometry":{"type":"Polygon","coordinates":[[[27.0,5.0],[28.0,5.0],[28.0,6.0],[27.0,6.0],[27.0,5.0]]]},"properties":{"id":"ucdp:27_5","n":"Disputa: AAKG, Balanda","st":"conflicto_disputa","p":"South Sudan","x":"3 eventos · 46 muertes estimadas","color":"#4D4D4D","actores":"[[\"AAKG\", 51], [\"Balanda\", 22], [\"Azande\", 22], [\"SPLM/A - IO\", 4]]","eventos":3,"muertes":46,"ultima":"2026-01-01","z":1}},{"type":"Feature","geometry":{"type":"Polygon","coordinates":[[[25.0,0.0],[26.0,0.0],[26.0,1.0],[25.0,1.0],[25.0,0.0]]]},"properties":{"id":"ucdp:25_0","n":"Disputa: AFC, VDP","st":"conflicto_disputa","p":"DR Congo (Zaire)","x":"18 eventos · 198 muertes estimadas","color":"#4D4D4D","actores":"[[\"AFC\", 46], [\"VDP\", 43], [\"IS\", 9], [\"FDLR-FOCA\", 2]]","eventos":18,"muertes":198,"ultima":"2026-07-29","z":1}},{"type":"Feature","geometry":{"type":"Polygon","coordinates":[[[-75.0,8.0],[-74.0,8.0],[-74.0,9.0],[-75.0,9.0],[-75.0,8.0]]]},"properties":{"id":"ucdp:-75_8","n":"Disputa: ELN, EGC","st":"conflicto_disputa","p":"Colombia","x":"8 eventos · 17 muertes estimadas","color":"#4D4D4D","actores":"[[\"ELN\", 44], [\"EGC\", 42], [\"XXX100\", 8], [\"Autodefensas Conquistadoras de la Sierra Nevada\", 6]]","eventos":8,"muertes":17,"ultima":"2026-08-23","z":1}},{"type":"Feature","geometry":{"type":"Polygon","coordinates":[[[-81.0,-3.0],[-80.0,-3.0],[-80.0,-2.0],[-81.0,-2.0],[-81.0,-3.0]]]},"properties":{"id":"ucdp:-81_-3","n":"Disputa: Los Choneros, XXX130","st":"conflicto_disputa","p":"Ecuador","x":"10 eventos · 25 muertes estimadas","color":"#4D4D4D","actores":"[[\"Los Choneros\", 33], [\"XXX130\", 26], [\"Los Lobos\", 23], [\"Los Lagartos\", 14]]","eventos":10,"muertes":25,"ultima":"2026-07-12","z":1}},{"type":"Feature","geometry":{"type":"Polygon","coordinates":[[[-74.0,11.0],[-73.0,11.0],[-73.0,12.0],[-74.0,12.0],[-74.0,11.0]]]},"properties":{"id":"ucdp:-74_11","n":"Disputa: Autodefensas Conquistadoras de la Sierra Nevada, EGC","st":"conflicto_disputa","p":"Colombia","x":"16 eventos · 24 muertes estimadas","color":"#4D4D4D","actores":"[[\"Autodefensas Conquistadoras de la Sierra Nevada\", 52], [\"EGC\", 42], [\"XXX100\", 5]]","eventos":16,"muertes":24,"ultima":"2026-06-02","z":1}},{"type":"Feature","geometry":{"type":"Polygon","coordinates":[[[1.0,15.0],[2.0,15.0],[2.0,16.0],[1.0,16.0],[1.0,15.0]]]},"properties":{"id":"ucdp:1_15","n":"IS","st":"conflicto_dominio","p":"Mali","x":"19 eventos · 141 muertes estimadas","color":"#2471A3","actores":"[[\"IS\", 100]]","eventos":19,"muertes":141,"ultima":"2026-06-17","z":1}},{"type":"Feature","geometry":{"type":"Polygon","coordinates":[[[-79.0,-1.0],[-78.0,-1.0],[-78.0,0.0],[-79.0,0.0],[-79.0,-1.0]]]},"properties":{"id":"ucdp:-79_-1","n":"XXX130","st":"conflicto_dominio","p":"Ecuador","x":"9 eventos · 13 muertes estimadas","color":"#7f8c8d","actores":"[[\"XXX130\", 73], [\"Los Choneros\", 14], [\"Los Lobos\", 14]]","eventos":9,"muertes":13,"ultima":"2026-04-11","z":1}},{"type":"Feature","geometry":{"type":"Polygon","coordinates":[[[-39.0,-13.0],[-38.0,-13.0],[-38.0,-12.0],[-39.0,-12.0],[-39.0,-13.0]]]},"properties":{"id":"ucdp:-39_-13","n":"Disputa: Comando Vermelho, Bonde do Maluco","st":"conflicto_disputa","p":"Brazil","x":"31 eventos · 36 muertes estimadas","color":"#4D4D4D","actores":"[[\"Comando Vermelho\", 49], [\"Bonde do Maluco\", 23], [\"Bonde do Maluco, PCC\", 23], [\"XXX140\", 3]]","eventos":31,"muertes":36,"ultima":"2026-04-29","z":1}},{"type":"Feature","geometry":{"type":"Polygon","coordinates":[[[-93.0,16.0],[-92.0,16.0],[-92.0,17.0],[-93.0,17.0],[-93.0,16.0]]]},"properties":{"id":"ucdp:-93_16","n":"XXX70","st":"conflicto_dominio","p":"Mexico","x":"5 eventos · 16 muertes estimadas","color":"#7f8c8d","actores":"[[\"XXX70\", 71], [\"Jalisco Cartel New Generation\", 14], [\"Sinaloa Cartel\", 14]]","eventos":5,"muertes":16,"ultima":"2026-08-11","z":1}},{"type":"Feature","geometry":{"type":"Polygon","coordinates":[[[-94.0,16.0],[-93.0,16.0],[-93.0,17.0],[-94.0,17.0],[-94.0,16.0]]]},"properties":{"id":"ucdp:-94_16","n":"Disputa: Jalisco Cartel New Generation, Sinaloa Cartel","st":"conflicto_disputa","p":"Mexico","x":"6 eventos · 15 muertes estimadas","color":"#4D4D4D","actores":"[[\"Jalisco Cartel New Generation\", 45], [\"Sinaloa Cartel\", 45], [\"XXX70\", 10]]","eventos":6,"muertes":15,"ultima":"2026-04-13","z":1}},{"type":"Feature","geometry":{"type":"Polygon","coordinates":[[[-80.0,-1.0],[-79.0,-1.0],[-79.0,0.0],[-80.0,0.0],[-80.0,-1.0]]]},"properties":{"id":"ucdp:-80_-1","n":"Disputa: Los Lobos, Los Choneros","st":"conflicto_disputa","p":"Ecuador","x":"14 eventos · 37 muertes estimadas","color":"#4D4D4D","actores":"[[\"Los Lobos\", 45], [\"Los Choneros\", 32], [\"R7\", 13], [\"XXX130\", 10]]","eventos":14,"muertes":37,"ultima":"2026-04-23","z":1}},{"type":"Feature","geometry":{"type":"Polygon","coordinates":[[[-93.0,15.0],[-92.0,15.0],[-92.0,16.0],[-93.0,16.0],[-93.0,15.0]]]},"properties":{"id":"ucdp:-93_15","n":"Disputa: Jalisco Cartel New Generation, Sinaloa Cartel","st":"conflicto_disputa","p":"Mexico","x":"5 eventos · 8 muertes estimadas","color":"#4D4D4D","actores":"[[\"Jalisco Cartel New Generation\", 50], [\"Sinaloa Cartel\", 35], [\"XXX70\", 15]]","eventos":5,"muertes":8,"ultima":"2026-02-06","z":1}},{"type":"Feature","geometry":{"type":"Polygon","coordinates":[[[-97.0,19.0],[-96.0,19.0],[-96.0,20.0],[-97.0,20.0],[-97.0,19.0]]]},"properties":{"id":"ucdp:-97_19","n":"XXX70","st":"conflicto_dominio","p":"Mexico","x":"7 eventos · 11 muertes estimadas","color":"#7f8c8d","actores":"[[\"XXX70\", 78], [\"Jalisco Cartel New Generation\", 11], [\"Sinaloa Cartel\", 11]]","eventos":7,"muertes":11,"ultima":"2026-07-02","z":1}},{"type":"Feature","geometry":{"type":"Polygon","coordinates":[[[-44.0,-23.0],[-43.0,-23.0],[-43.0,-22.0],[-44.0,-22.0],[-44.0,-23.0]]]},"properties":{"id":"ucdp:-44_-23","n":"Disputa: Comando Vermelho, Terceiro Comando Puro","st":"conflicto_disputa","p":"Brazil","x":"39 eventos · 54 muertes estimadas","color":"#4D4D4D","actores":"[[\"Comando Vermelho\", 60], [\"Terceiro Comando Puro\", 38], [\"XXX140\", 2]]","eventos":39,"muertes":54,"ultima":"2026-05-17","z":1}},{"type":"Feature","geometry":{"type":"Polygon","coordinates":[[[65.0,33.0],[66.0,33.0],[66.0,34.0],[65.0,34.0],[65.0,33.0]]]},"properties":{"id":"ucdp:65_33","n":"TTP","st":"conflicto_dominio","p":"Afghanistan","x":"5 eventos · 51 muertes estimadas","color":"#A04000","actores":"[[\"TTP\", 91], [\"IS\", 7], [\"NRF\", 2]]","eventos":5,"muertes":51,"ultima":"2026-06-28","z":1}},{"type":"Feature","geometry":{"type":"Polygon","coordinates":[[[29.0,-4.0],[30.0,-4.0],[30.0,-3.0],[29.0,-3.0],[29.0,-4.0]]]},"properties":{"id":"ucdp:29_-4","n":"AFC","st":"conflicto_dominio","p":"DR Congo (Zaire)","x":"39 eventos · 233 muertes estimadas","color":"#B7950B","actores":"[[\"AFC\", 80], [\"VDP\", 18], [\"XXX516\", 1]]","eventos":39,"muertes":233,"ultima":"2026-05-16","z":1}},{"type":"Feature","geometry":{"type":"Polygon","coordinates":[[[-84.0,10.0],[-83.0,10.0],[-83.0,11.0],[-84.0,11.0],[-84.0,10.0]]]},"properties":{"id":"ucdp:-84_10","n":"Disputa: Forces of Tony Peña, Los Hondureños","st":"conflicto_disputa","p":"Costa Rica","x":"83 eventos · 83 muertes estimadas","color":"#4D4D4D","actores":"[[\"Forces of Tony Peña\", 50], [\"Los Hondureños\", 50]]","eventos":83,"muertes":83,"ultima":"2025-12-31","z":1}},{"type":"Feature","geometry":{"type":"Polygon","coordinates":[[[-61.0,-33.0],[-60.0,-33.0],[-60.0,-32.0],[-61.0,-32.0],[-61.0,-33.0]]]},"properties":{"id":"ucdp:-61_-33","n":"Los Monos","st":"conflicto_dominio","p":"Argentina","x":"42 eventos · 47 muertes estimadas","color":"#7f8c8d","actores":"[[\"Los Monos\", 89], [\"XXX160\", 9], [\"Los Menores\", 2]]","eventos":42,"muertes":47,"ultima":"2026-01-18","z":1}},{"type":"Feature","geometry":{"type":"Polygon","coordinates":[[[-61.0,-34.0],[-60.0,-34.0],[-60.0,-33.0],[-61.0,-33.0],[-61.0,-34.0]]]},"properties":{"id":"ucdp:-61_-34","n":"Los Monos","st":"conflicto_dominio","p":"Argentina","x":"11 eventos · 11 muertes estimadas","color":"#7f8c8d","actores":"[[\"Los Monos\", 100]]","eventos":11,"muertes":11,"ultima":"2025-11-08","z":1}},{"type":"Feature","geometry":{"type":"Polygon","coordinates":[[[-1.0,10.0],[0.0,10.0],[0.0,11.0],[-1.0,11.0],[-1.0,10.0]]]},"properties":{"id":"ucdp:-1_10","n":"Disputa: Kusasi, Mamprusi","st":"conflicto_disputa","p":"Ghana","x":"13 eventos · 51 muertes estimadas","color":"#4D4D4D","actores":"[[\"Kusasi\", 40], [\"Mamprusi\", 40], [\"XXX452\", 20]]","eventos":13,"muertes":51,"ultima":"2026-05-02","z":1}},{"type":"Feature","geometry":{"type":"Polygon","coordinates":[[[-73.0,5.0],[-72.0,5.0],[-72.0,6.0],[-73.0,6.0],[-73.0,5.0]]]},"properties":{"id":"ucdp:-73_5","n":"Disputa: ELN, EGC","st":"conflicto_disputa","p":"Colombia","x":"3 eventos · 3 muertes estimadas","color":"#4D4D4D","actores":"[[\"ELN\", 33], [\"EGC\", 33], [\"XXX100\", 33]]","eventos":3,"muertes":3,"ultima":"2026-06-05","z":1}},{"type":"Feature","geometry":{"type":"Polygon","coordinates":[[[82.0,20.0],[83.0,20.0],[83.0,21.0],[82.0,21.0],[82.0,20.0]]]},"properties":{"id":"ucdp:82_20","n":"CPI-Maoist","st":"conflicto_dominio","p":"India","x":"6 eventos · 28 muertes estimadas","color":"#7f8c8d","actores":"[[\"CPI-Maoist\", 100]]","eventos":6,"muertes":28,"ultima":"2025-09-11","z":1}},{"type":"Feature","geometry":{"type":"Polygon","coordinates":[[[-2.0,17.0],[-1.0,17.0],[-1.0,18.0],[-2.0,18.0],[-2.0,17.0]]]},"properties":{"id":"ucdp:-2_17","n":"JNIM","st":"conflicto_dominio","p":"Mali","x":"5 eventos · 25 muertes estimadas","color":"#D35400","actores":"[[\"JNIM\", 100]]","eventos":5,"muertes":25,"ultima":"2026-07-04","z":1}},{"type":"Feature","geometry":{"type":"Polygon","coordinates":[[[0.0,17.0],[1.0,17.0],[1.0,18.0],[0.0,18.0],[0.0,17.0]]]},"properties":{"id":"ucdp:0_17","n":"Disputa: FLA, JNIM","st":"conflicto_disputa","p":"Mali","x":"13 eventos · 129 muertes estimadas","color":"#4D4D4D","actores":"[[\"FLA\", 65], [\"JNIM\", 35], [\"IS\", 1]]","eventos":13,"muertes":129,"ultima":"2026-08-06","z":1}},{"type":"Feature","geometry":{"type":"Polygon","coordinates":[[[4.0,13.0],[5.0,13.0],[5.0,14.0],[4.0,14.0],[4.0,13.0]]]},"properties":{"id":"ucdp:4_13","n":"IS","st":"conflicto_dominio","p":"Nigeria","x":"32 eventos · 149 muertes estimadas","color":"#2471A3","actores":"[[\"IS\", 79], [\"XXX475\", 17], [\"Lakurawa\", 4]]","eventos":32,"muertes":149,"ultima":"2026-07-31","z":1}},{"type":"Feature","geometry":{"type":"Polygon","coordinates":[[[14.0,10.0],[15.0,10.0],[15.0,11.0],[14.0,11.0],[14.0,10.0]]]},"properties":{"id":"ucdp:14_10","n":"JAS","st":"conflicto_dominio","p":"Cameroon","x":"3 eventos · 4 muertes estimadas","color":"#7f8c8d","actores":"[[\"JAS\", 86], [\"IS\", 14]]","eventos":3,"muertes":4,"ultima":"2026-06-09","z":1}},{"type":"Feature","geometry":{"type":"Polygon","coordinates":[[[6.0,13.0],[7.0,13.0],[7.0,14.0],[6.0,14.0],[6.0,13.0]]]},"properties":{"id":"ucdp:6_13","n":"Disputa: Forces of Bello Turji, XXX475","st":"conflicto_disputa","p":"Nigeria","x":"47 eventos · 196 muertes estimadas","color":"#4D4D4D","actores":"[[\"Forces of Bello Turji\", 65], [\"XXX475\", 24], [\"IS\", 11]]","eventos":47,"muertes":196,"ultima":"2026-08-20","z":1}},{"type":"Feature","geometry":{"type":"Polygon","coordinates":[[[36.0,10.0],[37.0,10.0],[37.0,11.0],[36.0,11.0],[36.0,10.0]]]},"properties":{"id":"ucdp:36_10","n":"Fano","st":"conflicto_dominio","p":"Ethiopia","x":"48 eventos · 276 muertes estimadas","color":"#6C3483","actores":"[[\"Fano\", 91], [\"OLA\", 9]]","eventos":48,"muertes":276,"ultima":"2026-07-27","z":1}},{"type":"Feature","geometry":{"type":"Polygon","coordinates":[[[68.0,36.0],[69.0,36.0],[69.0,37.0],[68.0,37.0],[68.0,36.0]]]},"properties":{"id":"ucdp:68_36","n":"Disputa: IS, NRF","st":"conflicto_disputa","p":"Afghanistan","x":"27 eventos · 24 muertes estimadas","color":"#4D4D4D","actores":"[[\"IS\", 45], [\"NRF\", 29], [\"AFF\", 25]]","eventos":27,"muertes":24,"ultima":"2026-06-30","z":1}},{"type":"Feature","geometry":{"type":"Polygon","coordinates":[[[96.0,23.0],[97.0,23.0],[97.0,24.0],[96.0,24.0],[96.0,23.0]]]},"properties":{"id":"ucdp:96_23","n":"Disputa: PSLF, NUG","st":"conflicto_disputa","p":"Myanmar (Burma)","x":"10 eventos · 39 muertes estimadas","color":"#4D4D4D","actores":"[[\"PSLF\", 59], [\"NUG\", 39], [\"SCEF\", 2]]","eventos":10,"muertes":39,"ultima":"2026-08-03","z":1}},{"type":"Feature","geometry":{"type":"Polygon","coordinates":[[[96.0,25.0],[97.0,25.0],[97.0,26.0],[96.0,26.0],[96.0,25.0]]]},"properties":{"id":"ucdp:96_25","n":"KIO","st":"conflicto_dominio","p":"Myanmar (Burma)","x":"30 eventos · 94 muertes estimadas","color":"#7f8c8d","actores":"[[\"KIO\", 91], [\"SCEF\", 9]]","eventos":30,"muertes":94,"ultima":"2026-05-19","z":1}},{"type":"Feature","geometry":{"type":"Polygon","coordinates":[[[-39.0,-6.0],[-38.0,-6.0],[-38.0,-5.0],[-39.0,-5.0],[-39.0,-6.0]]]},"properties":{"id":"ucdp:-39_-6","n":"Disputa: GDE, PCC, Sindicato do Crime","st":"conflicto_disputa","p":"Brazil","x":"3 eventos · 3 muertes estimadas","color":"#4D4D4D","actores":"[[\"GDE, PCC\", 33], [\"Sindicato do Crime\", 33], [\"XXX140\", 33]]","eventos":3,"muertes":3,"ultima":"2026-02-25","z":1}},{"type":"Feature","geometry":{"type":"Polygon","coordinates":[[[7.0,9.0],[8.0,9.0],[8.0,10.0],[7.0,10.0],[7.0,9.0]]]},"properties":{"id":"ucdp:7_9","n":"XXX475","st":"conflicto_dominio","p":"Nigeria","x":"13 eventos · 41 muertes estimadas","color":"#922B21","actores":"[[\"XXX475\", 81], [\"Farmers (Nigeria)\", 9], [\"Herders (Nigeria)\", 9]]","eventos":13,"muertes":41,"ultima":"2026-07-27","z":1}},{"type":"Feature","geometry":{"type":"Polygon","coordinates":[[[69.0,37.0],[70.0,37.0],[70.0,38.0],[69.0,38.0],[69.0,37.0]]]},"properties":{"id":"ucdp:69_37","n":"Disputa: IS, AFF","st":"conflicto_disputa","p":"Afghanistan","x":"4 eventos · 4 muertes estimadas","color":"#4D4D4D","actores":"[[\"IS\", 38], [\"AFF\", 38], [\"XXX700\", 25]]","eventos":4,"muertes":4,"ultima":"2026-08-14","z":1}},{"type":"Feature","geometry":{"type":"Polygon","coordinates":[[[68.0,35.0],[69.0,35.0],[69.0,36.0],[68.0,36.0],[68.0,35.0]]]},"properties":{"id":"ucdp:68_35","n":"Disputa: AFF, IS","st":"conflicto_disputa","p":"Afghanistan","x":"5 eventos · 3 muertes estimadas","color":"#4D4D4D","actores":"[[\"AFF\", 50], [\"IS\", 25], [\"Hazara\", 12], [\"Kochi\", 12]]","eventos":5,"muertes":3,"ultima":"2026-08-28","z":1}},{"type":"Feature","geometry":{"type":"Polygon","coordinates":[[[22.0,12.0],[23.0,12.0],[23.0,13.0],[22.0,13.0],[22.0,12.0]]]},"properties":{"id":"ucdp:22_12","n":"Disputa: SFA, Nuwaiba","st":"conflicto_disputa","p":"Sudan","x":"4 eventos · 33 muertes estimadas","color":"#4D4D4D","actores":"[[\"SFA\", 46], [\"Nuwaiba\", 24], [\"Salamat Baggara\", 24], [\"RSF\", 5]]","eventos":4,"muertes":33,"ultima":"2026-07-30","z":1}},{"type":"Feature","geometry":{"type":"Polygon","coordinates":[[[-6.0,13.0],[-5.0,13.0],[-5.0,14.0],[-6.0,14.0],[-6.0,13.0]]]},"properties":{"id":"ucdp:-6_13","n":"JNIM","st":"conflicto_dominio","p":"Mali","x":"41 eventos · 80 muertes estimadas","color":"#D35400","actores":"[[\"JNIM\", 89], [\"Dozos (Mali)\", 11]]","eventos":41,"muertes":80,"ultima":"2026-08-31","z":1}},{"type":"Feature","geometry":{"type":"Polygon","coordinates":[[[85.0,23.0],[86.0,23.0],[86.0,24.0],[85.0,24.0],[85.0,23.0]]]},"properties":{"id":"ucdp:85_23","n":"CPI-Maoist","st":"conflicto_dominio","p":"India","x":"5 eventos · 21 muertes estimadas","color":"#7f8c8d","actores":"[[\"CPI-Maoist\", 100]]","eventos":5,"muertes":21,"ultima":"2025-07-16","z":1}},{"type":"Feature","geometry":{"type":"Polygon","coordinates":[[[30.0,13.0],[31.0,13.0],[31.0,14.0],[30.0,14.0],[30.0,13.0]]]},"properties":{"id":"ucdp:30_13","n":"SFA","st":"conflicto_dominio","p":"Sudan","x":"87 eventos · 1440 muertes estimadas","color":"#C0392B","actores":"[[\"SFA\", 99], [\"RSF\", 1]]","eventos":87,"muertes":1440,"ultima":"2026-08-29","z":1}},{"type":"Feature","geometry":{"type":"Polygon","coordinates":[[[40.0,-13.0],[41.0,-13.0],[41.0,-12.0],[40.0,-12.0],[40.0,-13.0]]]},"properties":{"id":"ucdp:40_-13","n":"IS","st":"conflicto_dominio","p":"Mozambique","x":"25 eventos · 104 muertes estimadas","color":"#2471A3","actores":"[[\"IS\", 100]]","eventos":25,"muertes":104,"ultima":"2026-05-20","z":1}},{"type":"Feature","geometry":{"type":"Polygon","coordinates":[[[40.0,-11.0],[41.0,-11.0],[41.0,-10.0],[40.0,-10.0],[40.0,-11.0]]]},"properties":{"id":"ucdp:40_-11","n":"IS","st":"conflicto_dominio","p":"Mozambique","x":"7 eventos · 13 muertes estimadas","color":"#2471A3","actores":"[[\"IS\", 100]]","eventos":7,"muertes":13,"ultima":"2026-05-17","z":1}},{"type":"Feature","geometry":{"type":"Polygon","coordinates":[[[122.0,9.0],[123.0,9.0],[123.0,10.0],[122.0,10.0],[122.0,9.0]]]},"properties":{"id":"ucdp:122_9","n":"CPP","st":"conflicto_dominio","p":"Philippines","x":"10 eventos · 18 muertes estimadas","color":"#7f8c8d","actores":"[[\"CPP\", 100]]","eventos":10,"muertes":18,"ultima":"2026-03-21","z":1}},{"type":"Feature","geometry":{"type":"Polygon","coordinates":[[[1.0,12.0],[2.0,12.0],[2.0,13.0],[1.0,13.0],[1.0,12.0]]]},"properties":{"id":"ucdp:1_12","n":"JNIM","st":"conflicto_dominio","p":"Burkina Faso","x":"54 eventos · 546 muertes estimadas","color":"#D35400","actores":"[[\"JNIM\", 100]]","eventos":54,"muertes":546,"ultima":"2026-08-15","z":1}},{"type":"Feature","geometry":{"type":"Polygon","coordinates":[[[5.0,13.0],[6.0,13.0],[6.0,14.0],[5.0,14.0],[5.0,13.0]]]},"properties":{"id":"ucdp:5_13","n":"Disputa: IS, XXX475","st":"conflicto_disputa","p":"Nigeria","x":"32 eventos · 283 muertes estimadas","color":"#4D4D4D","actores":"[[\"IS\", 63], [\"XXX475\", 20], [\"Forces of Bello Turji\", 14], [\"Lakurawa\", 3]]","eventos":32,"muertes":283,"ultima":"2026-08-28","z":1}},{"type":"Feature","geometry":{"type":"Polygon","coordinates":[[[5.0,7.0],[6.0,7.0],[6.0,8.0],[5.0,8.0],[5.0,7.0]]]},"properties":{"id":"ucdp:5_7","n":"Disputa: Farmers (Nigeria), Herders (Nigeria)","st":"conflicto_disputa","p":"Nigeria","x":"7 eventos · 33 muertes estimadas","color":"#4D4D4D","actores":"[[\"Farmers (Nigeria)\", 42], [\"Herders (Nigeria)\", 42], [\"Black Axe\", 5], [\"Eyie\", 5]]","eventos":7,"muertes":33,"ultima":"2026-06-05","z":1}},{"type":"Feature","geometry":{"type":"Polygon","coordinates":[[[44.0,14.0],[45.0,14.0],[45.0,15.0],[44.0,15.0],[44.0,14.0]]]},"properties":{"id":"ucdp:44_14","n":"Disputa: Forces of the Presidential Leadership Council, IS","st":"conflicto_disputa","p":"Yemen (North Yemen)","x":"12 eventos · 13 muertes estimadas","color":"#4D4D4D","actores":"[[\"Forces of the Presidential Leadership Council\", 40], [\"IS\", 28], [\"XXX678\", 16], [\"Azzi\", 4]]","eventos":12,"muertes":13,"ultima":"2026-08-28","z":1}},{"type":"Feature","geometry":{"type":"Polygon","coordinates":[[[7.0,4.0],[8.0,4.0],[8.0,5.0],[7.0,5.0],[7.0,4.0]]]},"properties":{"id":"ucdp:7_4","n":"Disputa: XXX475, Black Axe","st":"conflicto_disputa","p":"Nigeria","x":"6 eventos · 7 muertes estimadas","color":"#4D4D4D","actores":"[[\"XXX475\", 54], [\"Black Axe\", 19], [\"SVC\", 19], [\"IPOB\", 8]]","eventos":6,"muertes":7,"ultima":"2026-08-17","z":1}},{"type":"Feature","geometry":{"type":"Polygon","coordinates":[[[4.0,15.0],[5.0,15.0],[5.0,16.0],[4.0,16.0],[4.0,15.0]]]},"properties":{"id":"ucdp:4_15","n":"IS","st":"conflicto_dominio","p":"Niger","x":"3 eventos · 106 muertes estimadas","color":"#2471A3","actores":"[[\"IS\", 100]]","eventos":3,"muertes":106,"ultima":"2025-12-31","z":1}},{"type":"Feature","geometry":{"type":"Polygon","coordinates":[[[45.0,15.0],[46.0,15.0],[46.0,16.0],[45.0,16.0],[45.0,15.0]]]},"properties":{"id":"ucdp:45_15","n":"Forces of the Presidential Leadership Council","st":"conflicto_dominio","p":"Yemen (North Yemen)","x":"59 eventos · 158 muertes estimadas","color":"#5B2C6F","actores":"[[\"Forces of the Presidential Leadership Council\", 89], [\"AQAP\", 4], [\"XXX678\", 4], [\"Naseeb\", 2]]","eventos":59,"muertes":158,"ultima":"2026-08-30","z":1}},{"type":"Feature","geometry":{"type":"Polygon","coordinates":[[[45.0,16.0],[46.0,16.0],[46.0,17.0],[45.0,17.0],[45.0,16.0]]]},"properties":{"id":"ucdp:45_16","n":"Disputa: Forces of the Presidential Leadership Council, Nakf al-Karama","st":"conflicto_disputa","p":"Yemen (North Yemen)","x":"15 eventos · 44 muertes estimadas","color":"#4D4D4D","actores":"[[\"Forces of the Presidential Leadership Council\", 68], [\"Nakf al-Karama\", 22], [\"XXX678\", 10]]","eventos":15,"muertes":44,"ultima":"2026-07-26","z":1}},{"type":"Feature","geometry":{"type":"Polygon","coordinates":[[[41.0,-2.0],[42.0,-2.0],[42.0,-1.0],[41.0,-1.0],[41.0,-2.0]]]},"properties":{"id":"ucdp:41_-2","n":"Al-Shabaab","st":"conflicto_dominio","p":"Kenya","x":"14 eventos · 132 muertes estimadas","color":"#1F618D","actores":"[[\"Al-Shabaab\", 100]]","eventos":14,"muertes":132,"ultima":"2026-08-22","z":1}},{"type":"Feature","geometry":{"type":"Polygon","coordinates":[[[49.0,10.0],[50.0,10.0],[50.0,11.0],[49.0,11.0],[49.0,10.0]]]},"properties":{"id":"ucdp:49_10","n":"Disputa: IS, Puntland State of Somalia","st":"conflicto_disputa","p":"Somalia","x":"43 eventos · 550 muertes estimadas","color":"#4D4D4D","actores":"[[\"IS\", 56], [\"Puntland State of Somalia\", 44], [\"SFC\", 0]]","eventos":43,"muertes":550,"ultima":"2026-07-09","z":1}},{"type":"Feature","geometry":{"type":"Polygon","coordinates":[[[50.0,10.0],[51.0,10.0],[51.0,11.0],[50.0,11.0],[50.0,10.0]]]},"properties":{"id":"ucdp:50_10","n":"Disputa: IS, Puntland State of Somalia","st":"conflicto_disputa","p":"Somalia","x":"11 eventos · 165 muertes estimadas","color":"#4D4D4D","actores":"[[\"IS\", 51], [\"Puntland State of Somalia\", 49], [\"SFC\", 1]]","eventos":11,"muertes":165,"ultima":"2026-06-04","z":1}},{"type":"Feature","geometry":{"type":"Polygon","coordinates":[[[45.0,4.0],[46.0,4.0],[46.0,5.0],[45.0,5.0],[45.0,4.0]]]},"properties":{"id":"ucdp:45_4","n":"Al-Shabaab","st":"conflicto_dominio","p":"Somalia","x":"39 eventos · 222 muertes estimadas","color":"#1F618D","actores":"[[\"Al-Shabaab\", 100]]","eventos":39,"muertes":222,"ultima":"2026-08-01","z":1}},{"type":"Feature","geometry":{"type":"Polygon","coordinates":[[[38.0,4.0],[39.0,4.0],[39.0,5.0],[38.0,5.0],[38.0,4.0]]]},"properties":{"id":"ucdp:38_4","n":"Disputa: OLA, Oromo","st":"conflicto_disputa","p":"Ethiopia","x":"7 eventos · 5 muertes estimadas","color":"#4D4D4D","actores":"[[\"OLA\", 67], [\"Oromo\", 17], [\"Somali\", 17]]","eventos":7,"muertes":5,"ultima":"2025-09-01","z":1}},{"type":"Feature","geometry":{"type":"Polygon","coordinates":[[[36.0,12.0],[37.0,12.0],[37.0,13.0],[36.0,13.0],[36.0,12.0]]]},"properties":{"id":"ucdp:36_12","n":"Fano","st":"conflicto_dominio","p":"Ethiopia","x":"28 eventos · 203 muertes estimadas","color":"#6C3483","actores":"[[\"Fano\", 100]]","eventos":28,"muertes":203,"ultima":"2026-08-27","z":1}},{"type":"Feature","geometry":{"type":"Polygon","coordinates":[[[25.0,5.0],[26.0,5.0],[26.0,6.0],[25.0,6.0],[25.0,5.0]]]},"properties":{"id":"ucdp:25_5","n":"AAKG","st":"conflicto_dominio","p":"Central African Republic","x":"10 eventos · 33 muertes estimadas","color":"#7f8c8d","actores":"[[\"AAKG\", 100]]","eventos":10,"muertes":33,"ultima":"2026-07-08","z":1}},{"type":"Feature","geometry":{"type":"Polygon","coordinates":[[[-73.0,1.0],[-72.0,1.0],[-72.0,2.0],[-73.0,2.0],[-73.0,1.0]]]},"properties":{"id":"ucdp:-73_1","n":"FARC-EMC","st":"conflicto_dominio","p":"Colombia","x":"5 eventos · 48 muertes estimadas","color":"#7f8c8d","actores":"[[\"FARC-EMC\", 80], [\"EMBF\", 20]]","eventos":5,"muertes":48,"ultima":"2025-11-11","z":1}},{"type":"Feature","geometry":{"type":"Polygon","coordinates":[[[-44.0,-7.0],[-43.0,-7.0],[-43.0,-6.0],[-44.0,-6.0],[-44.0,-7.0]]]},"properties":{"id":"ucdp:-44_-7","n":"Disputa: PCC, Bonde dos 40","st":"conflicto_disputa","p":"Brazil","x":"4 eventos · 4 muertes estimadas","color":"#4D4D4D","actores":"[[\"PCC\", 50], [\"Bonde dos 40\", 25], [\"Comando Vermelho\", 25]]","eventos":4,"muertes":4,"ultima":"2025-06-24","z":1}},{"type":"Feature","geometry":{"type":"Polygon","coordinates":[[[15.0,8.0],[16.0,8.0],[16.0,9.0],[15.0,9.0],[15.0,8.0]]]},"properties":{"id":"ucdp:15_8","n":"Disputa: Fulani, Ngambay","st":"conflicto_disputa","p":"Chad","x":"6 eventos · 74 muertes estimadas","color":"#4D4D4D","actores":"[[\"Fulani\", 45], [\"Ngambay\", 45], [\"Farmers (Chad)\", 5], [\"Herders (Chad)\", 5]]","eventos":6,"muertes":74,"ultima":"2025-10-07","z":1}},{"type":"Feature","geometry":{"type":"Polygon","coordinates":[[[-43.0,-4.0],[-42.0,-4.0],[-42.0,-3.0],[-43.0,-3.0],[-43.0,-4.0]]]},"properties":{"id":"ucdp:-43_-4","n":"Disputa: PCC, Comando Vermelho","st":"conflicto_disputa","p":"Brazil","x":"3 eventos · 3 muertes estimadas","color":"#4D4D4D","actores":"[[\"PCC\", 50], [\"Comando Vermelho\", 33], [\"Bonde dos 40\", 17]]","eventos":3,"muertes":3,"ultima":"2025-07-30","z":1}},{"type":"Feature","geometry":{"type":"Polygon","coordinates":[[[13.0,16.0],[14.0,16.0],[14.0,17.0],[13.0,17.0],[13.0,16.0]]]},"properties":{"id":"ucdp:13_16","n":"Disputa: XXX436, IS","st":"conflicto_disputa","p":"Niger","x":"3 eventos · 8 muertes estimadas","color":"#4D4D4D","actores":"[[\"XXX436\", 55], [\"IS\", 27], [\"MPLJ\", 18]]","eventos":3,"muertes":8,"ultima":"2026-02-10","z":1}},{"type":"Feature","geometry":{"type":"Polygon","coordinates":[[[44.0,15.0],[45.0,15.0],[45.0,16.0],[44.0,16.0],[44.0,15.0]]]},"properties":{"id":"ucdp:44_15","n":"Disputa: Forces of the Presidential Leadership Council, XXX678","st":"conflicto_disputa","p":"Yemen (North Yemen)","x":"17 eventos · 28 muertes estimadas","color":"#4D4D4D","actores":"[[\"Forces of the Presidential Leadership Council\", 53], [\"XXX678\", 29], [\"Nakf al-Karama\", 7], [\"Harash\", 6]]","eventos":17,"muertes":28,"ultima":"2026-08-08","z":1}},{"type":"Feature","geometry":{"type":"Polygon","coordinates":[[[-117.0,32.0],[-116.0,32.0],[-116.0,33.0],[-117.0,33.0],[-117.0,32.0]]]},"properties":{"id":"ucdp:-117_32","n":"Disputa: Jalisco Cartel New Generation, Sinaloa Cartel","st":"conflicto_disputa","p":"Mexico","x":"23 eventos · 23 muertes estimadas","color":"#4D4D4D","actores":"[[\"Jalisco Cartel New Generation\", 48], [\"Sinaloa Cartel\", 48], [\"Jalisco Cartel New Generation, Sinaloa Cartel - Los Chapitos\", 2], [\"Sinaloa Cartel - Los Mayos\", 2]]","eventos":23,"muertes":23,"ultima":"2026-06-30","z":1}},{"type":"Feature","geometry":{"type":"Polygon","coordinates":[[[34.0,8.0],[35.0,8.0],[35.0,9.0],[34.0,9.0],[34.0,8.0]]]},"properties":{"id":"ucdp:34_8","n":"Disputa: Anuak, Nuer","st":"conflicto_disputa","p":"Ethiopia","x":"16 eventos · 70 muertes estimadas","color":"#4D4D4D","actores":"[[\"Anuak\", 45], [\"Nuer\", 45], [\"OLA\", 6], [\"XXX530\", 3]]","eventos":16,"muertes":70,"ultima":"2026-08-29","z":1}},{"type":"Feature","geometry":{"type":"Polygon","coordinates":[[[-106.0,23.0],[-105.0,23.0],[-105.0,24.0],[-106.0,24.0],[-106.0,23.0]]]},"properties":{"id":"ucdp:-106_23","n":"Disputa: Sinaloa Cartel - Los Mayos, Jalisco Cartel New Generation, Sinaloa Cartel - Los Chapitos","st":"conflicto_disputa","p":"Mexico","x":"4 eventos · 11 muertes estimadas","color":"#4D4D4D","actores":"[[\"Sinaloa Cartel - Los Mayos\", 50], [\"Jalisco Cartel New Generation, Sinaloa Cartel - Los Chapitos\", 27], [\"Sinaloa Cartel - Los Chapitos\", 23]]","eventos":4,"muertes":11,"ultima":"2026-06-01","z":1}},{"type":"Feature","geometry":{"type":"Polygon","coordinates":[[[-115.0,32.0],[-114.0,32.0],[-114.0,33.0],[-115.0,33.0],[-115.0,32.0]]]},"properties":{"id":"ucdp:-115_32","n":"Disputa: Sinaloa Cartel - Los Chapitos, Sinaloa Cartel - Los Mayos","st":"conflicto_disputa","p":"Mexico","x":"10 eventos · 20 muertes estimadas","color":"#4D4D4D","actores":"[[\"Sinaloa Cartel - Los Chapitos\", 50], [\"Sinaloa Cartel - Los Mayos\", 50]]","eventos":10,"muertes":20,"ultima":"2025-05-08","z":1}},{"type":"Feature","geometry":{"type":"Polygon","coordinates":[[[3.0,6.0],[4.0,6.0],[4.0,7.0],[3.0,7.0],[3.0,6.0]]]},"properties":{"id":"ucdp:3_6","n":"Disputa: Black Axe, Eyie","st":"conflicto_disputa","p":"Nigeria","x":"53 eventos · 85 muertes estimadas","color":"#4D4D4D","actores":"[[\"Black Axe\", 41], [\"Eyie\", 36], [\"XXX475\", 17], [\"SVC\", 4]]","eventos":53,"muertes":85,"ultima":"2026-08-27","z":1}},{"type":"Feature","geometry":{"type":"Polygon","coordinates":[[[-98.0,18.0],[-97.0,18.0],[-97.0,19.0],[-98.0,19.0],[-98.0,18.0]]]},"properties":{"id":"ucdp:-98_18","n":"Disputa: Jalisco Cartel New Generation, Sangre Nueva Zeta, Los Rojos","st":"conflicto_disputa","p":"Mexico","x":"7 eventos · 8 muertes estimadas","color":"#4D4D4D","actores":"[[\"Jalisco Cartel New Generation, Sangre Nueva Zeta\", 43], [\"Los Rojos\", 43], [\"XXX70\", 13]]","eventos":7,"muertes":8,"ultima":"2026-07-11","z":1}},{"type":"Feature","geometry":{"type":"Polygon","coordinates":[[[-99.0,19.0],[-98.0,19.0],[-98.0,20.0],[-99.0,20.0],[-99.0,19.0]]]},"properties":{"id":"ucdp:-99_19","n":"Disputa: Jalisco Cartel New Generation, XXX70","st":"conflicto_disputa","p":"Mexico","x":"20 eventos · 44 muertes estimadas","color":"#4D4D4D","actores":"[[\"Jalisco Cartel New Generation\", 30], [\"XXX70\", 22], [\"Jalisco Cartel New Generation, Sangre Nueva Zeta\", 16], [\"Los Rojos\", 16]]","eventos":20,"muertes":44,"ultima":"2026-07-27","z":1}},{"type":"Feature","geometry":{"type":"Polygon","coordinates":[[[-99.0,18.0],[-98.0,18.0],[-98.0,19.0],[-99.0,19.0],[-99.0,18.0]]]},"properties":{"id":"ucdp:-99_18","n":"Disputa: XXX70, Jalisco Cartel New Generation, Sangre Nueva Zeta","st":"conflicto_disputa","p":"Mexico","x":"11 eventos · 23 muertes estimadas","color":"#4D4D4D","actores":"[[\"XXX70\", 62], [\"Jalisco Cartel New Generation, Sangre Nueva Zeta\", 19], [\"Los Rojos\", 19]]","eventos":11,"muertes":23,"ultima":"2026-08-30","z":1}},{"type":"Feature","geometry":{"type":"Polygon","coordinates":[[[-46.0,-4.0],[-45.0,-4.0],[-45.0,-3.0],[-46.0,-3.0],[-46.0,-4.0]]]},"properties":{"id":"ucdp:-46_-4","n":"Disputa: Bonde dos 40, Comando Vermelho","st":"conflicto_disputa","p":"Brazil","x":"3 eventos · 3 muertes estimadas","color":"#4D4D4D","actores":"[[\"Bonde dos 40\", 50], [\"Comando Vermelho\", 50]]","eventos":3,"muertes":3,"ultima":"2025-05-19","z":1}},{"type":"Feature","geometry":{"type":"Polygon","coordinates":[[[-98.0,20.0],[-97.0,20.0],[-97.0,21.0],[-98.0,21.0],[-98.0,20.0]]]},"properties":{"id":"ucdp:-98_20","n":"Disputa: Jalisco Cartel New Generation, Gulf Cartel - Grupo Sombra faction","st":"conflicto_disputa","p":"Mexico","x":"17 eventos · 54 muertes estimadas","color":"#4D4D4D","actores":"[[\"Jalisco Cartel New Generation\", 35], [\"Gulf Cartel - Grupo Sombra faction\", 35], [\"XXX70\", 27], [\"Jalisco Cartel New Generation, Sangre Nueva Zeta\", 1]]","eventos":17,"muertes":54,"ultima":"2026-04-15","z":1}},{"type":"Feature","geometry":{"type":"Polygon","coordinates":[[[-87.0,21.0],[-86.0,21.0],[-86.0,22.0],[-87.0,22.0],[-87.0,21.0]]]},"properties":{"id":"ucdp:-87_21","n":"Sinaloa Cartel","st":"conflicto_dominio","p":"Mexico","x":"5 eventos · 7 muertes estimadas","color":"#7f8c8d","actores":"[[\"Sinaloa Cartel\", 92], [\"Jalisco Cartel New Generation\", 8]]","eventos":5,"muertes":7,"ultima":"2026-03-30","z":1}},{"type":"Feature","geometry":{"type":"Polygon","coordinates":[[[-111.0,29.0],[-110.0,29.0],[-110.0,30.0],[-111.0,30.0],[-111.0,29.0]]]},"properties":{"id":"ucdp:-111_29","n":"Disputa: Caborca Cartel, Sinaloa Cartel - Los Mayos, Sinaloa Cartel - Los Chapitos","st":"conflicto_disputa","p":"Mexico","x":"17 eventos · 464 muertes estimadas","color":"#4D4D4D","actores":"[[\"Caborca Cartel, Sinaloa Cartel - Los Mayos\", 50], [\"Sinaloa Cartel - Los Chapitos\", 50], [\"XXX70\", 1]]","eventos":17,"muertes":464,"ultima":"2026-02-24","z":1}},{"type":"Feature","geometry":{"type":"Polygon","coordinates":[[[18.0,7.0],[19.0,7.0],[19.0,8.0],[18.0,8.0],[18.0,7.0]]]},"properties":{"id":"ucdp:18_7","n":"Disputa: CMSPR, CPC","st":"conflicto_disputa","p":"Central African Republic","x":"8 eventos · 46 muertes estimadas","color":"#4D4D4D","actores":"[[\"CMSPR\", 65], [\"CPC\", 19], [\"XXX482\", 9], [\"AAKG\", 4]]","eventos":8,"muertes":46,"ultima":"2026-08-09","z":1}},{"type":"Feature","geometry":{"type":"Polygon","coordinates":[[[-110.0,27.0],[-109.0,27.0],[-109.0,28.0],[-110.0,28.0],[-110.0,27.0]]]},"properties":{"id":"ucdp:-110_27","n":"Disputa: Sinaloa Cartel - Los Chapitos, Caborca Cartel, Sinaloa Cartel - Los Mayos","st":"conflicto_disputa","p":"Mexico","x":"4 eventos · 5 muertes estimadas","color":"#4D4D4D","actores":"[[\"Sinaloa Cartel - Los Chapitos\", 39], [\"Caborca Cartel, Sinaloa Cartel - Los Mayos\", 28], [\"XXX70\", 22], [\"Sinaloa Cartel - Los Mayos\", 11]]","eventos":4,"muertes":5,"ultima":"2026-05-15","z":1}},{"type":"Feature","geometry":{"type":"Polygon","coordinates":[[[69.0,33.0],[70.0,33.0],[70.0,34.0],[69.0,34.0],[69.0,33.0]]]},"properties":{"id":"ucdp:69_33","n":"TTP","st":"conflicto_dominio","p":"Pakistan","x":"11 eventos · 25 muertes estimadas","color":"#A04000","actores":"[[\"TTP\", 89], [\"AFF\", 6], [\"XXX770\", 6]]","eventos":11,"muertes":25,"ultima":"2026-07-15","z":1}},{"type":"Feature","geometry":{"type":"Polygon","coordinates":[[[-75.0,11.0],[-74.0,11.0],[-74.0,12.0],[-75.0,12.0],[-75.0,11.0]]]},"properties":{"id":"ucdp:-75_11","n":"Disputa: XXX100, Autodefensas Conquistadoras de la Sierra Nevada","st":"conflicto_disputa","p":"Colombia","x":"36 eventos · 46 muertes estimadas","color":"#4D4D4D","actores":"[[\"XXX100\", 49], [\"Autodefensas Conquistadoras de la Sierra Nevada\", 29], [\"Los Costenos\", 10], [\"EGC\", 9]]","eventos":36,"muertes":46,"ultima":"2026-08-31","z":1}},{"type":"Feature","geometry":{"type":"Polygon","coordinates":[[[-76.0,9.0],[-75.0,9.0],[-75.0,10.0],[-76.0,10.0],[-76.0,9.0]]]},"properties":{"id":"ucdp:-76_9","n":"EGC","st":"conflicto_dominio","p":"Colombia","x":"13 eventos · 38 muertes estimadas","color":"#7f8c8d","actores":"[[\"EGC\", 84], [\"XXX100\", 12], [\"Norteños\", 4]]","eventos":13,"muertes":38,"ultima":"2026-06-06","z":1}},{"type":"Feature","geometry":{"type":"Polygon","coordinates":[[[-108.0,26.0],[-107.0,26.0],[-107.0,27.0],[-108.0,27.0],[-108.0,26.0]]]},"properties":{"id":"ucdp:-108_26","n":"Disputa: Juarez Cartel, Sinaloa Cartel","st":"conflicto_disputa","p":"Mexico","x":"10 eventos · 22 muertes estimadas","color":"#4D4D4D","actores":"[[\"Juarez Cartel\", 50], [\"Sinaloa Cartel\", 50]]","eventos":10,"muertes":22,"ultima":"2026-04-04","z":1}},{"type":"Feature","geometry":{"type":"Polygon","coordinates":[[[-85.0,9.0],[-84.0,9.0],[-84.0,10.0],[-85.0,10.0],[-85.0,9.0]]]},"properties":{"id":"ucdp:-85_9","n":"Disputa: Forces of Churro, Los Gemelos","st":"conflicto_disputa","p":"Costa Rica","x":"58 eventos · 58 muertes estimadas","color":"#4D4D4D","actores":"[[\"Forces of Churro\", 50], [\"Los Gemelos\", 50]]","eventos":58,"muertes":58,"ultima":"2025-12-30","z":1}},{"type":"Feature","geometry":{"type":"Polygon","coordinates":[[[67.0,24.0],[68.0,24.0],[68.0,25.0],[67.0,25.0],[67.0,24.0]]]},"properties":{"id":"ucdp:67_24","n":"Disputa: TTP, BRAS","st":"conflicto_disputa","p":"Pakistan","x":"15 eventos · 33 muertes estimadas","color":"#4D4D4D","actores":"[[\"TTP\", 65], [\"BRAS\", 23], [\"XXX770\", 6], [\"SRA\", 6]]","eventos":15,"muertes":33,"ultima":"2026-08-31","z":1}},{"type":"Feature","geometry":{"type":"Polygon","coordinates":[[[67.0,36.0],[68.0,36.0],[68.0,37.0],[67.0,37.0],[67.0,36.0]]]},"properties":{"id":"ucdp:67_36","n":"AFF","st":"conflicto_dominio","p":"Afghanistan","x":"4 eventos · 0 muertes estimadas","color":"#7f8c8d","actores":"[[\"AFF\", 75], [\"IS\", 25]]","eventos":4,"muertes":0,"ultima":"2025-04-14","z":1}},{"type":"Feature","geometry":{"type":"Polygon","coordinates":[[[29.0,11.0],[30.0,11.0],[30.0,12.0],[29.0,12.0],[29.0,11.0]]]},"properties":{"id":"ucdp:29_11","n":"SFA","st":"conflicto_dominio","p":"Sudan","x":"22 eventos · 293 muertes estimadas","color":"#C0392B","actores":"[[\"SFA\", 74], [\"SPLM/A-North\", 26]]","eventos":22,"muertes":293,"ultima":"2026-04-15","z":1}},{"type":"Feature","geometry":{"type":"Polygon","coordinates":[[[25.0,12.0],[26.0,12.0],[26.0,13.0],[25.0,13.0],[25.0,12.0]]]},"properties":{"id":"ucdp:25_12","n":"Disputa: RSF, SFA","st":"conflicto_disputa","p":"Sudan","x":"4 eventos · 23 muertes estimadas","color":"#4D4D4D","actores":"[[\"RSF\", 56], [\"SFA\", 44]]","eventos":4,"muertes":23,"ultima":"2026-08-31","z":1}},{"type":"Feature","geometry":{"type":"Polygon","coordinates":[[[0.0,16.0],[1.0,16.0],[1.0,17.0],[0.0,17.0],[0.0,16.0]]]},"properties":{"id":"ucdp:0_16","n":"IS","st":"conflicto_dominio","p":"Mali","x":"5 eventos · 60 muertes estimadas","color":"#2471A3","actores":"[[\"IS\", 88], [\"JNIM\", 11], [\"FLA\", 2]]","eventos":5,"muertes":60,"ultima":"2026-07-04","z":1}},{"type":"Feature","geometry":{"type":"Polygon","coordinates":[[[27.0,14.0],[28.0,14.0],[28.0,15.0],[27.0,15.0],[27.0,14.0]]]},"properties":{"id":"ucdp:27_14","n":"SFA","st":"conflicto_dominio","p":"Sudan","x":"9 eventos · 130 muertes estimadas","color":"#C0392B","actores":"[[\"SFA\", 100]]","eventos":9,"muertes":130,"ultima":"2026-08-13","z":1}},{"type":"Feature","geometry":{"type":"Polygon","coordinates":[[[-6.0,14.0],[-5.0,14.0],[-5.0,15.0],[-6.0,15.0],[-6.0,14.0]]]},"properties":{"id":"ucdp:-6_14","n":"JNIM","st":"conflicto_dominio","p":"Mali","x":"45 eventos · 207 muertes estimadas","color":"#D35400","actores":"[[\"JNIM\", 100], [\"Dozos (Mali)\", 0]]","eventos":45,"muertes":207,"ultima":"2026-08-31","z":1}},{"type":"Feature","geometry":{"type":"Polygon","coordinates":[[[-8.0,12.0],[-7.0,12.0],[-7.0,13.0],[-8.0,13.0],[-8.0,12.0]]]},"properties":{"id":"ucdp:-8_12","n":"JNIM","st":"conflicto_dominio","p":"Mali","x":"23 eventos · 60 muertes estimadas","color":"#D35400","actores":"[[\"JNIM\", 100]]","eventos":23,"muertes":60,"ultima":"2026-07-07","z":1}},{"type":"Feature","geometry":{"type":"Polygon","coordinates":[[[80.0,22.0],[81.0,22.0],[81.0,23.0],[80.0,23.0],[80.0,22.0]]]},"properties":{"id":"ucdp:80_22","n":"CPI-Maoist","st":"conflicto_dominio","p":"India","x":"3 eventos · 7 muertes estimadas","color":"#7f8c8d","actores":"[[\"CPI-Maoist\", 100]]","eventos":3,"muertes":7,"ultima":"2025-04-02","z":1}},{"type":"Feature","geometry":{"type":"Polygon","coordinates":[[[41.0,34.0],[42.0,34.0],[42.0,35.0],[41.0,35.0],[41.0,34.0]]]},"properties":{"id":"ucdp:41_34","n":"IS","st":"conflicto_dominio","p":"Iraq","x":"3 eventos · 9 muertes estimadas","color":"#2471A3","actores":"[[\"IS\", 100]]","eventos":3,"muertes":9,"ultima":"2026-02-06","z":1}},{"type":"Feature","geometry":{"type":"Polygon","coordinates":[[[75.0,32.0],[76.0,32.0],[76.0,33.0],[75.0,33.0],[75.0,32.0]]]},"properties":{"id":"ucdp:75_32","n":"Kashmir insurgents","st":"conflicto_dominio","p":"India","x":"17 eventos · 26 muertes estimadas","color":"#7f8c8d","actores":"[[\"Kashmir insurgents\", 88], [\"Jaish-i-Mohammed\", 7], [\"Forces of Jiwan Fauji\", 5]]","eventos":17,"muertes":26,"ultima":"2026-02-25","z":1}},{"type":"Feature","geometry":{"type":"Polygon","coordinates":[[[125.0,8.0],[126.0,8.0],[126.0,9.0],[125.0,9.0],[125.0,8.0]]]},"properties":{"id":"ucdp:125_8","n":"CPP","st":"conflicto_dominio","p":"Philippines","x":"5 eventos · 8 muertes estimadas","color":"#7f8c8d","actores":"[[\"CPP\", 100]]","eventos":5,"muertes":8,"ultima":"2026-04-15","z":1}},{"type":"Feature","geometry":{"type":"Polygon","coordinates":[[[126.0,8.0],[127.0,8.0],[127.0,9.0],[126.0,9.0],[126.0,8.0]]]},"properties":{"id":"ucdp:126_8","n":"CPP","st":"conflicto_dominio","p":"Philippines","x":"3 eventos · 5 muertes estimadas","color":"#7f8c8d","actores":"[[\"CPP\", 100]]","eventos":3,"muertes":5,"ultima":"2026-05-11","z":1}},{"type":"Feature","geometry":{"type":"Polygon","coordinates":[[[29.0,13.0],[30.0,13.0],[30.0,14.0],[29.0,14.0],[29.0,13.0]]]},"properties":{"id":"ucdp:29_13","n":"SFA","st":"conflicto_dominio","p":"Sudan","x":"26 eventos · 1601 muertes estimadas","color":"#C0392B","actores":"[[\"SFA\", 100]]","eventos":26,"muertes":1601,"ultima":"2026-06-28","z":1}},{"type":"Feature","geometry":{"type":"Polygon","coordinates":[[[-2.0,16.0],[-1.0,16.0],[-1.0,17.0],[-2.0,17.0],[-2.0,16.0]]]},"properties":{"id":"ucdp:-2_16","n":"JNIM","st":"conflicto_dominio","p":"Mali","x":"5 eventos · 2 muertes estimadas","color":"#D35400","actores":"[[\"JNIM\", 100]]","eventos":5,"muertes":2,"ultima":"2026-07-18","z":1}},{"type":"Feature","geometry":{"type":"Polygon","coordinates":[[[26.0,15.0],[27.0,15.0],[27.0,16.0],[26.0,16.0],[26.0,15.0]]]},"properties":{"id":"ucdp:26_15","n":"SFA","st":"conflicto_dominio","p":"Sudan","x":"4 eventos · 109 muertes estimadas","color":"#C0392B","actores":"[[\"SFA\", 100]]","eventos":4,"muertes":109,"ultima":"2025-03-22","z":1}},{"type":"Feature","geometry":{"type":"Polygon","coordinates":[[[12.0,-5.0],[13.0,-5.0],[13.0,-4.0],[12.0,-4.0],[12.0,-5.0]]]},"properties":{"id":"ucdp:12_-5","n":"FLEC-FAC-TN","st":"conflicto_dominio","p":"Angola","x":"5 eventos · 4 muertes estimadas","color":"#7f8c8d","actores":"[[\"FLEC-FAC-TN\", 100]]","eventos":5,"muertes":4,"ultima":"2025-06-25","z":1}},{"type":"Feature","geometry":{"type":"Polygon","coordinates":[[[32.0,4.0],[33.0,4.0],[33.0,5.0],[32.0,5.0],[32.0,4.0]]]},"properties":{"id":"ucdp:32_4","n":"Disputa: Bor Dinka, Acholi, Murle","st":"conflicto_disputa","p":"South Sudan","x":"3 eventos · 46 muertes estimadas","color":"#4D4D4D","actores":"[[\"Bor Dinka\", 43], [\"Acholi, Murle\", 43], [\"SPLM/A - IO\", 14]]","eventos":3,"muertes":46,"ultima":"2025-11-23","z":1}},{"type":"Feature","geometry":{"type":"Polygon","coordinates":[[[7.0,10.0],[8.0,10.0],[8.0,11.0],[7.0,11.0],[7.0,10.0]]]},"properties":{"id":"ucdp:7_10","n":"XXX475","st":"conflicto_dominio","p":"Nigeria","x":"10 eventos · 38 muertes estimadas","color":"#922B21","actores":"[[\"XXX475\", 96], [\"Yan Sakai\", 4]]","eventos":10,"muertes":38,"ultima":"2026-08-04","z":1}},{"type":"Feature","geometry":{"type":"Polygon","coordinates":[[[36.0,4.0],[37.0,4.0],[37.0,5.0],[36.0,5.0],[36.0,4.0]]]},"properties":{"id":"ucdp:36_4","n":"Disputa: Dassanetch, Turkana","st":"conflicto_disputa","p":"Ethiopia","x":"5 eventos · 19 muertes estimadas","color":"#4D4D4D","actores":"[[\"Dassanetch\", 50], [\"Turkana\", 50]]","eventos":5,"muertes":19,"ultima":"2025-09-13","z":1}},{"type":"Feature","geometry":{"type":"Polygon","coordinates":[[[35.0,4.0],[36.0,4.0],[36.0,5.0],[35.0,5.0],[35.0,4.0]]]},"properties":{"id":"ucdp:35_4","n":"Disputa: Dassanetch, Turkana","st":"conflicto_disputa","p":"Kenya","x":"4 eventos · 26 muertes estimadas","color":"#4D4D4D","actores":"[[\"Dassanetch\", 50], [\"Turkana\", 50]]","eventos":4,"muertes":26,"ultima":"2025-11-18","z":1}},{"type":"Feature","geometry":{"type":"Polygon","coordinates":[[[47.0,4.0],[48.0,4.0],[48.0,5.0],[47.0,5.0],[47.0,4.0]]]},"properties":{"id":"ucdp:47_4","n":"Al-Shabaab","st":"conflicto_dominio","p":"Somalia","x":"9 eventos · 58 muertes estimadas","color":"#1F618D","actores":"[[\"Al-Shabaab\", 100]]","eventos":9,"muertes":58,"ultima":"2026-03-14","z":1}},{"type":"Feature","geometry":{"type":"Polygon","coordinates":[[[46.0,3.0],[47.0,3.0],[47.0,4.0],[46.0,4.0],[46.0,3.0]]]},"properties":{"id":"ucdp:46_3","n":"Al-Shabaab","st":"conflicto_dominio","p":"Somalia","x":"57 eventos · 824 muertes estimadas","color":"#1F618D","actores":"[[\"Al-Shabaab\", 100]]","eventos":57,"muertes":824,"ultima":"2026-08-22","z":1}},{"type":"Feature","geometry":{"type":"Polygon","coordinates":[[[-73.0,-8.0],[-72.0,-8.0],[-72.0,-7.0],[-73.0,-7.0],[-73.0,-8.0]]]},"properties":{"id":"ucdp:-73_-8","n":"Disputa: Comando Vermelho, Bonde dos 13, PCC","st":"conflicto_disputa","p":"Brazil","x":"5 eventos · 5 muertes estimadas","color":"#4D4D4D","actores":"[[\"Comando Vermelho\", 65], [\"Bonde dos 13, PCC\", 35]]","eventos":5,"muertes":5,"ultima":"2025-11-17","z":1}},{"type":"Feature","geometry":{"type":"Polygon","coordinates":[[[40.0,2.0],[41.0,2.0],[41.0,3.0],[40.0,3.0],[40.0,2.0]]]},"properties":{"id":"ucdp:40_2","n":"Al-Shabaab","st":"conflicto_dominio","p":"Kenya","x":"6 eventos · 21 muertes estimadas","color":"#1F618D","actores":"[[\"Al-Shabaab\", 85], [\"Garre subclan of Digil clan (Digil-Mirifle)\", 7], [\"Marehan subclan (Darod)\", 7]]","eventos":6,"muertes":21,"ultima":"2026-07-28","z":1}},{"type":"Feature","geometry":{"type":"Polygon","coordinates":[[[45.0,3.0],[46.0,3.0],[46.0,4.0],[45.0,4.0],[45.0,3.0]]]},"properties":{"id":"ucdp:45_3","n":"Al-Shabaab","st":"conflicto_dominio","p":"Somalia","x":"27 eventos · 243 muertes estimadas","color":"#1F618D","actores":"[[\"Al-Shabaab\", 99], [\"XXX520\", 1]]","eventos":27,"muertes":243,"ultima":"2026-08-19","z":1}},{"type":"Feature","geometry":{"type":"Polygon","coordinates":[[[35.0,12.0],[36.0,12.0],[36.0,13.0],[35.0,13.0],[35.0,12.0]]]},"properties":{"id":"ucdp:35_12","n":"Fano","st":"conflicto_dominio","p":"Ethiopia","x":"12 eventos · 50 muertes estimadas","color":"#6C3483","actores":"[[\"Fano\", 100]]","eventos":12,"muertes":50,"ultima":"2026-08-16","z":1}},{"type":"Feature","geometry":{"type":"Polygon","coordinates":[[[3.0,13.0],[4.0,13.0],[4.0,14.0],[3.0,14.0],[3.0,13.0]]]},"properties":{"id":"ucdp:3_13","n":"IS","st":"conflicto_dominio","p":"Niger","x":"4 eventos · 40 muertes estimadas","color":"#2471A3","actores":"[[\"IS\", 84], [\"XXX436\", 16]]","eventos":4,"muertes":40,"ultima":"2026-07-17","z":1}},{"type":"Feature","geometry":{"type":"Polygon","coordinates":[[[31.0,7.0],[32.0,7.0],[32.0,8.0],[31.0,8.0],[31.0,7.0]]]},"properties":{"id":"ucdp:31_7","n":"Disputa: SPLM/A - IO, XXX626","st":"conflicto_disputa","p":"South Sudan","x":"5 eventos · 107 muertes estimadas","color":"#4D4D4D","actores":"[[\"SPLM/A - IO\", 67], [\"XXX626\", 16], [\"Hol Dinka\", 6], [\"Ayual Dinka\", 6]]","eventos":5,"muertes":107,"ultima":"2026-06-29","z":1}},{"type":"Feature","geometry":{"type":"Polygon","coordinates":[[[4.0,7.0],[5.0,7.0],[5.0,8.0],[4.0,8.0],[4.0,7.0]]]},"properties":{"id":"ucdp:4_7","n":"Disputa: XXX475, Black Axe","st":"conflicto_disputa","p":"Nigeria","x":"19 eventos · 28 muertes estimadas","color":"#4D4D4D","actores":"[[\"XXX475\", 51], [\"Black Axe\", 13], [\"Supporters of APC\", 12], [\"Supporters of PDP\", 12]]","eventos":19,"muertes":28,"ultima":"2026-08-21","z":1}},{"type":"Feature","geometry":{"type":"Polygon","coordinates":[[[60.0,25.0],[61.0,25.0],[61.0,26.0],[60.0,26.0],[60.0,25.0]]]},"properties":{"id":"ucdp:60_25","n":"Jaish al-Adl","st":"conflicto_dominio","p":"Iran","x":"3 eventos · 4 muertes estimadas","color":"#7f8c8d","actores":"[[\"Jaish al-Adl\", 100]]","eventos":3,"muertes":4,"ultima":"2025-07-29","z":1}},{"type":"Feature","geometry":{"type":"Polygon","coordinates":[[[-94.0,17.0],[-93.0,17.0],[-93.0,18.0],[-94.0,18.0],[-94.0,17.0]]]},"properties":{"id":"ucdp:-94_17","n":"Disputa: Jalisco Cartel New Generation, La Barredora","st":"conflicto_disputa","p":"Mexico","x":"4 eventos · 9 muertes estimadas","color":"#4D4D4D","actores":"[[\"Jalisco Cartel New Generation\", 35], [\"La Barredora\", 35], [\"XXX70\", 31]]","eventos":4,"muertes":9,"ultima":"2026-05-09","z":1}},{"type":"Feature","geometry":{"type":"Polygon","coordinates":[[[22.0,13.0],[23.0,13.0],[23.0,14.0],[22.0,14.0],[22.0,13.0]]]},"properties":{"id":"ucdp:22_13","n":"SFA","st":"conflicto_dominio","p":"Sudan","x":"23 eventos · 188 muertes estimadas","color":"#C0392B","actores":"[[\"SFA\", 98], [\"XXX625\", 2]]","eventos":23,"muertes":188,"ultima":"2026-08-27","z":1}},{"type":"Feature","geometry":{"type":"Polygon","coordinates":[[[34.0,4.0],[35.0,4.0],[35.0,5.0],[34.0,5.0],[34.0,4.0]]]},"properties":{"id":"ucdp:34_4","n":"Disputa: Murle, Toposa","st":"conflicto_disputa","p":"South Sudan","x":"3 eventos · 28 muertes estimadas","color":"#4D4D4D","actores":"[[\"Murle\", 42], [\"Toposa\", 42], [\"SPLM/A - IO\", 16]]","eventos":3,"muertes":28,"ultima":"2026-01-02","z":1}},{"type":"Feature","geometry":{"type":"Polygon","coordinates":[[[64.0,27.0],[65.0,27.0],[65.0,28.0],[64.0,28.0],[64.0,27.0]]]},"properties":{"id":"ucdp:64_27","n":"BRAS","st":"conflicto_dominio","p":"Pakistan","x":"21 eventos · 62 muertes estimadas","color":"#9A7D0A","actores":"[[\"BRAS\", 98], [\"XXX770\", 2]]","eventos":21,"muertes":62,"ultima":"2026-08-30","z":1}},{"type":"Feature","geometry":{"type":"Polygon","coordinates":[[[73.0,33.0],[74.0,33.0],[74.0,34.0],[73.0,34.0],[73.0,33.0]]]},"properties":{"id":"ucdp:73_33","n":"Disputa: IS, XXX770","st":"conflicto_disputa","p":"Pakistan","x":"16 eventos · 84 muertes estimadas","color":"#4D4D4D","actores":"[[\"IS\", 39], [\"XXX770\", 36], [\"TTP\", 22], [\"IMP\", 3]]","eventos":16,"muertes":84,"ultima":"2026-07-28","z":1}},{"type":"Feature","geometry":{"type":"Polygon","coordinates":[[[-106.0,28.0],[-105.0,28.0],[-105.0,29.0],[-106.0,29.0],[-106.0,28.0]]]},"properties":{"id":"ucdp:-106_28","n":"Disputa: Juarez Cartel, Sinaloa Cartel","st":"conflicto_disputa","p":"Mexico","x":"20 eventos · 653 muertes estimadas","color":"#4D4D4D","actores":"[[\"Juarez Cartel\", 49], [\"Sinaloa Cartel\", 49], [\"XXX70\", 3]]","eventos":20,"muertes":653,"ultima":"2026-06-27","z":1}},{"type":"Feature","geometry":{"type":"Polygon","coordinates":[[[-108.0,27.0],[-107.0,27.0],[-107.0,28.0],[-108.0,28.0],[-108.0,27.0]]]},"properties":{"id":"ucdp:-108_27","n":"Disputa: XXX70, Juarez Cartel","st":"conflicto_disputa","p":"Mexico","x":"5 eventos · 5 muertes estimadas","color":"#4D4D4D","actores":"[[\"XXX70\", 60], [\"Juarez Cartel\", 20], [\"Sinaloa Cartel\", 20]]","eventos":5,"muertes":5,"ultima":"2026-08-22","z":1}},{"type":"Feature","geometry":{"type":"Polygon","coordinates":[[[-75.0,6.0],[-74.0,6.0],[-74.0,7.0],[-75.0,7.0],[-75.0,6.0]]]},"properties":{"id":"ucdp:-75_6","n":"EGC","st":"conflicto_dominio","p":"Colombia","x":"5 eventos · 10 muertes estimadas","color":"#7f8c8d","actores":"[[\"EGC\", 70], [\"XXX100\", 20], [\"La Terraza\", 10]]","eventos":5,"muertes":10,"ultima":"2026-06-17","z":1}},{"type":"Feature","geometry":{"type":"Polygon","coordinates":[[[-70.0,4.0],[-69.0,4.0],[-69.0,5.0],[-70.0,5.0],[-70.0,4.0]]]},"properties":{"id":"ucdp:-70_4","n":"Disputa: XXX100, FARC - Segunda Marquetalia","st":"conflicto_disputa","p":"Colombia","x":"3 eventos · 5 muertes estimadas","color":"#4D4D4D","actores":"[[\"XXX100\", 50], [\"FARC - Segunda Marquetalia\", 25], [\"FARC-EMC\", 25]]","eventos":3,"muertes":5,"ultima":"2026-07-17","z":1}},{"type":"Feature","geometry":{"type":"Polygon","coordinates":[[[-101.0,21.0],[-100.0,21.0],[-100.0,22.0],[-101.0,22.0],[-101.0,21.0]]]},"properties":{"id":"ucdp:-101_21","n":"Disputa: Jalisco Cartel New Generation, Santa Rosa de Lima Cartel","st":"conflicto_disputa","p":"Mexico","x":"15 eventos · 896 muertes estimadas","color":"#4D4D4D","actores":"[[\"Jalisco Cartel New Generation\", 50], [\"Santa Rosa de Lima Cartel\", 50], [\"XXX70\", 0]]","eventos":15,"muertes":896,"ultima":"2026-08-01","z":1}},{"type":"Feature","geometry":{"type":"Polygon","coordinates":[[[-9.0,13.0],[-8.0,13.0],[-8.0,14.0],[-9.0,14.0],[-9.0,13.0]]]},"properties":{"id":"ucdp:-9_13","n":"JNIM","st":"conflicto_dominio","p":"Mali","x":"10 eventos · 14 muertes estimadas","color":"#D35400","actores":"[[\"JNIM\", 100]]","eventos":10,"muertes":14,"ultima":"2026-08-18","z":1}},{"type":"Feature","geometry":{"type":"Polygon","coordinates":[[[68.0,32.0],[69.0,32.0],[69.0,33.0],[68.0,33.0],[68.0,32.0]]]},"properties":{"id":"ucdp:68_32","n":"Disputa: TTP, XXX700","st":"conflicto_disputa","p":"Afghanistan","x":"3 eventos · 9 muertes estimadas","color":"#4D4D4D","actores":"[[\"TTP\", 67], [\"XXX700\", 33]]","eventos":3,"muertes":9,"ultima":"2026-06-30","z":1}},{"type":"Feature","geometry":{"type":"Polygon","coordinates":[[[90.0,23.0],[91.0,23.0],[91.0,24.0],[90.0,24.0],[90.0,23.0]]]},"properties":{"id":"ucdp:90_23","n":"XXX771","st":"conflicto_dominio","p":"Bangladesh","x":"13 eventos · 15 muertes estimadas","color":"#7f8c8d","actores":"[[\"XXX771\", 75], [\"Supporters of Awami League\", 12], [\"Supporters of BNP\", 12]]","eventos":13,"muertes":15,"ultima":"2026-08-20","z":1}},{"type":"Feature","geometry":{"type":"Polygon","coordinates":[[[-6.0,12.0],[-5.0,12.0],[-5.0,13.0],[-6.0,13.0],[-6.0,12.0]]]},"properties":{"id":"ucdp:-6_12","n":"JNIM","st":"conflicto_dominio","p":"Mali","x":"7 eventos · 14 muertes estimadas","color":"#D35400","actores":"[[\"JNIM\", 100]]","eventos":7,"muertes":14,"ultima":"2026-08-28","z":1}},{"type":"Feature","geometry":{"type":"Polygon","coordinates":[[[44.0,16.0],[45.0,16.0],[45.0,17.0],[44.0,17.0],[44.0,16.0]]]},"properties":{"id":"ucdp:44_16","n":"Disputa: Forces of the Presidential Leadership Council, Nakf al-Karama","st":"conflicto_disputa","p":"Yemen (North Yemen)","x":"19 eventos · 42 muertes estimadas","color":"#4D4D4D","actores":"[[\"Forces of the Presidential Leadership Council\", 39], [\"Nakf al-Karama\", 25], [\"Alliance of Yemeni Tribes\", 10], [\"Dhu Mohammed\", 7]]","eventos":19,"muertes":42,"ultima":"2026-08-16","z":1}},{"type":"Feature","geometry":{"type":"Polygon","coordinates":[[[-5.0,10.0],[-4.0,10.0],[-4.0,11.0],[-5.0,11.0],[-5.0,10.0]]]},"properties":{"id":"ucdp:-5_10","n":"JNIM","st":"conflicto_dominio","p":"Burkina Faso","x":"7 eventos · 28 muertes estimadas","color":"#D35400","actores":"[[\"JNIM\", 100]]","eventos":7,"muertes":28,"ultima":"2026-05-20","z":1}},{"type":"Feature","geometry":{"type":"Polygon","coordinates":[[[2.0,12.0],[3.0,12.0],[3.0,13.0],[2.0,13.0],[2.0,12.0]]]},"properties":{"id":"ucdp:2_12","n":"JNIM","st":"conflicto_dominio","p":"Niger","x":"10 eventos · 76 muertes estimadas","color":"#D35400","actores":"[[\"JNIM\", 100]]","eventos":10,"muertes":76,"ultima":"2026-08-09","z":1}},{"type":"Feature","geometry":{"type":"Polygon","coordinates":[[[8.0,10.0],[9.0,10.0],[9.0,11.0],[8.0,11.0],[8.0,10.0]]]},"properties":{"id":"ucdp:8_10","n":"XXX475","st":"conflicto_dominio","p":"Nigeria","x":"23 eventos · 73 muertes estimadas","color":"#922B21","actores":"[[\"XXX475\", 84], [\"Fulani\", 4], [\"Irigwe\", 4], [\"IS\", 3]]","eventos":23,"muertes":73,"ultima":"2026-08-14","z":1}},{"type":"Feature","geometry":{"type":"Polygon","coordinates":[[[124.0,6.0],[125.0,6.0],[125.0,7.0],[124.0,7.0],[124.0,6.0]]]},"properties":{"id":"ucdp:124_6","n":"Disputa: IS, CPP","st":"conflicto_disputa","p":"Philippines","x":"13 eventos · 26 muertes estimadas","color":"#4D4D4D","actores":"[[\"IS\", 64], [\"CPP\", 31], [\"XXX840\", 5]]","eventos":13,"muertes":26,"ultima":"2026-07-01","z":1}},{"type":"Feature","geometry":{"type":"Polygon","coordinates":[[[125.0,12.0],[126.0,12.0],[126.0,13.0],[125.0,13.0],[125.0,12.0]]]},"properties":{"id":"ucdp:125_12","n":"CPP","st":"conflicto_dominio","p":"Philippines","x":"9 eventos · 25 muertes estimadas","color":"#7f8c8d","actores":"[[\"CPP\", 100]]","eventos":9,"muertes":25,"ultima":"2025-12-19","z":1}},{"type":"Feature","geometry":{"type":"Polygon","coordinates":[[[95.0,17.0],[96.0,17.0],[96.0,18.0],[95.0,18.0],[95.0,17.0]]]},"properties":{"id":"ucdp:95_17","n":"Disputa: NUG, SCEF","st":"conflicto_disputa","p":"Myanmar (Burma)","x":"13 eventos · 20 muertes estimadas","color":"#4D4D4D","actores":"[[\"NUG\", 55], [\"SCEF\", 21], [\"ULA\", 15], [\"XXX775\", 9]]","eventos":13,"muertes":20,"ultima":"2026-07-10","z":1}},{"type":"Feature","geometry":{"type":"Polygon","coordinates":[[[122.0,13.0],[123.0,13.0],[123.0,14.0],[122.0,14.0],[122.0,13.0]]]},"properties":{"id":"ucdp:122_13","n":"CPP","st":"conflicto_dominio","p":"Philippines","x":"8 eventos · 73 muertes estimadas","color":"#7f8c8d","actores":"[[\"CPP\", 100]]","eventos":8,"muertes":73,"ultima":"2026-01-01","z":1}},{"type":"Feature","geometry":{"type":"Polygon","coordinates":[[[6.0,12.0],[7.0,12.0],[7.0,13.0],[6.0,13.0],[6.0,12.0]]]},"properties":{"id":"ucdp:6_12","n":"XXX475","st":"conflicto_dominio","p":"Nigeria","x":"69 eventos · 368 muertes estimadas","color":"#922B21","actores":"[[\"XXX475\", 87], [\"Forces of Dan Saadiya\", 9], [\"Forces of Bello Turji\", 3], [\"Hausa\", 0]]","eventos":69,"muertes":368,"ultima":"2026-08-25","z":1}},{"type":"Feature","geometry":{"type":"Polygon","coordinates":[[[30.0,18.0],[31.0,18.0],[31.0,19.0],[30.0,19.0],[30.0,18.0]]]},"properties":{"id":"ucdp:30_18","n":"SFA","st":"conflicto_dominio","p":"Sudan","x":"5 eventos · 27 muertes estimadas","color":"#C0392B","actores":"[[\"SFA\", 100]]","eventos":5,"muertes":27,"ultima":"2026-03-20","z":1}},{"type":"Feature","geometry":{"type":"Polygon","coordinates":[[[42.0,0.0],[43.0,0.0],[43.0,1.0],[42.0,1.0],[42.0,0.0]]]},"properties":{"id":"ucdp:42_0","n":"Al-Shabaab","st":"conflicto_dominio","p":"Somalia","x":"33 eventos · 445 muertes estimadas","color":"#1F618D","actores":"[[\"Al-Shabaab\", 100]]","eventos":33,"muertes":445,"ultima":"2026-08-24","z":1}},{"type":"Feature","geometry":{"type":"Polygon","coordinates":[[[44.0,2.0],[45.0,2.0],[45.0,3.0],[44.0,3.0],[44.0,2.0]]]},"properties":{"id":"ucdp:44_2","n":"Al-Shabaab","st":"conflicto_dominio","p":"Somalia","x":"26 eventos · 253 muertes estimadas","color":"#1F618D","actores":"[[\"Al-Shabaab\", 100]]","eventos":26,"muertes":253,"ultima":"2026-08-24","z":1}},{"type":"Feature","geometry":{"type":"Polygon","coordinates":[[[43.0,3.0],[44.0,3.0],[44.0,4.0],[43.0,4.0],[43.0,3.0]]]},"properties":{"id":"ucdp:43_3","n":"Al-Shabaab","st":"conflicto_dominio","p":"Somalia","x":"49 eventos · 373 muertes estimadas","color":"#1F618D","actores":"[[\"Al-Shabaab\", 83], [\"Forces of Laftagareen\", 16], [\"South West State of Somalia\", 1]]","eventos":49,"muertes":373,"ultima":"2026-08-19","z":1}},{"type":"Feature","geometry":{"type":"Polygon","coordinates":[[[46.0,2.0],[47.0,2.0],[47.0,3.0],[46.0,3.0],[46.0,2.0]]]},"properties":{"id":"ucdp:46_2","n":"Al-Shabaab","st":"conflicto_dominio","p":"Somalia","x":"6 eventos · 57 muertes estimadas","color":"#1F618D","actores":"[[\"Al-Shabaab\", 100]]","eventos":6,"muertes":57,"ultima":"2026-07-13","z":1}},{"type":"Feature","geometry":{"type":"Polygon","coordinates":[[[7.0,7.0],[8.0,7.0],[8.0,8.0],[7.0,8.0],[7.0,7.0]]]},"properties":{"id":"ucdp:7_7","n":"Disputa: XXX475, Fulani","st":"conflicto_disputa","p":"Nigeria","x":"36 eventos · 114 muertes estimadas","color":"#4D4D4D","actores":"[[\"XXX475\", 55], [\"Fulani\", 21], [\"Idoma\", 12], [\"Agatu\", 7]]","eventos":36,"muertes":114,"ultima":"2026-08-27","z":1}},{"type":"Feature","geometry":{"type":"Polygon","coordinates":[[[-99.0,24.0],[-98.0,24.0],[-98.0,25.0],[-99.0,25.0],[-99.0,24.0]]]},"properties":{"id":"ucdp:-99_24","n":"Disputa: Gulf Cartel, Los Zetas - Cártel del Noreste faction","st":"conflicto_disputa","p":"Mexico","x":"3 eventos · 5 muertes estimadas","color":"#4D4D4D","actores":"[[\"Gulf Cartel\", 38], [\"Los Zetas - Cártel del Noreste faction\", 38], [\"XXX70\", 25]]","eventos":3,"muertes":5,"ultima":"2026-06-09","z":1}},{"type":"Feature","geometry":{"type":"Polygon","coordinates":[[[-100.0,18.0],[-99.0,18.0],[-99.0,19.0],[-100.0,19.0],[-100.0,18.0]]]},"properties":{"id":"ucdp:-100_18","n":"Disputa: XXX70, La Nueva Familia","st":"conflicto_disputa","p":"Mexico","x":"35 eventos · 56 muertes estimadas","color":"#4D4D4D","actores":"[[\"XXX70\", 67], [\"La Nueva Familia\", 13], [\"Los Tlacos\", 13], [\"Jalisco Cartel New Generation\", 4]]","eventos":35,"muertes":56,"ultima":"2026-08-30","z":1}},{"type":"Feature","geometry":{"type":"Polygon","coordinates":[[[35.0,35.0],[36.0,35.0],[36.0,36.0],[35.0,36.0],[35.0,35.0]]]},"properties":{"id":"ucdp:35_35","n":"Military Council for the Liberation of Syria","st":"conflicto_dominio","p":"Syria","x":"7 eventos · 217 muertes estimadas","color":"#7f8c8d","actores":"[[\"Military Council for the Liberation of Syria\", 95], [\"XXX652\", 5]]","eventos":7,"muertes":217,"ultima":"2026-08-05","z":1}},{"type":"Feature","geometry":{"type":"Polygon","coordinates":[[[22.0,10.0],[23.0,10.0],[23.0,11.0],[22.0,11.0],[22.0,10.0]]]},"properties":{"id":"ucdp:22_10","n":"CPC-F","st":"conflicto_dominio","p":"Central African Republic","x":"6 eventos · 57 muertes estimadas","color":"#7f8c8d","actores":"[[\"CPC-F\", 79], [\"XXX482\", 13], [\"PRNC\", 8]]","eventos":6,"muertes":57,"ultima":"2026-08-05","z":1}},{"type":"Feature","geometry":{"type":"Polygon","coordinates":[[[93.0,23.0],[94.0,23.0],[94.0,24.0],[93.0,24.0],[93.0,23.0]]]},"properties":{"id":"ucdp:93_23","n":"Disputa: SCEF, CNF","st":"conflicto_disputa","p":"Myanmar (Burma)","x":"9 eventos · 27 muertes estimadas","color":"#4D4D4D","actores":"[[\"SCEF\", 53], [\"CNF\", 28], [\"NUG\", 19]]","eventos":9,"muertes":27,"ultima":"2026-05-17","z":1}},{"type":"Feature","geometry":{"type":"Polygon","coordinates":[[[93.0,21.0],[94.0,21.0],[94.0,22.0],[93.0,22.0],[93.0,21.0]]]},"properties":{"id":"ucdp:93_21","n":"Disputa: CPU, NUG","st":"conflicto_disputa","p":"Myanmar (Burma)","x":"9 eventos · 27 muertes estimadas","color":"#4D4D4D","actores":"[[\"CPU\", 39], [\"NUG\", 33], [\"ULA\", 28]]","eventos":9,"muertes":27,"ultima":"2026-08-30","z":1}},{"type":"Feature","geometry":{"type":"Polygon","coordinates":[[[28.0,12.0],[29.0,12.0],[29.0,13.0],[28.0,13.0],[28.0,12.0]]]},"properties":{"id":"ucdp:28_12","n":"SFA","st":"conflicto_dominio","p":"Sudan","x":"31 eventos · 684 muertes estimadas","color":"#C0392B","actores":"[[\"SFA\", 100]]","eventos":31,"muertes":684,"ultima":"2026-08-04","z":1}},{"type":"Feature","geometry":{"type":"Polygon","coordinates":[[[-7.0,11.0],[-6.0,11.0],[-6.0,12.0],[-7.0,12.0],[-7.0,11.0]]]},"properties":{"id":"ucdp:-7_11","n":"JNIM","st":"conflicto_dominio","p":"Mali","x":"13 eventos · 11 muertes estimadas","color":"#D35400","actores":"[[\"JNIM\", 100]]","eventos":13,"muertes":11,"ultima":"2026-07-14","z":1}},{"type":"Feature","geometry":{"type":"Polygon","coordinates":[[[-6.0,10.0],[-5.0,10.0],[-5.0,11.0],[-6.0,11.0],[-6.0,10.0]]]},"properties":{"id":"ucdp:-6_10","n":"JNIM","st":"conflicto_dominio","p":"Mali","x":"13 eventos · 38 muertes estimadas","color":"#D35400","actores":"[[\"JNIM\", 79], [\"Dozos (Mali)\", 21]]","eventos":13,"muertes":38,"ultima":"2026-02-03","z":1}},{"type":"Feature","geometry":{"type":"Polygon","coordinates":[[[33.0,17.0],[34.0,17.0],[34.0,18.0],[33.0,18.0],[33.0,17.0]]]},"properties":{"id":"ucdp:33_17","n":"SFA","st":"conflicto_dominio","p":"Sudan","x":"3 eventos · 17 muertes estimadas","color":"#C0392B","actores":"[[\"SFA\", 100]]","eventos":3,"muertes":17,"ultima":"2026-01-07","z":1}},{"type":"Feature","geometry":{"type":"Polygon","coordinates":[[[-9.0,14.0],[-8.0,14.0],[-8.0,15.0],[-9.0,15.0],[-9.0,14.0]]]},"properties":{"id":"ucdp:-9_14","n":"JNIM","st":"conflicto_dominio","p":"Mali","x":"12 eventos · 35 muertes estimadas","color":"#D35400","actores":"[[\"JNIM\", 100]]","eventos":12,"muertes":35,"ultima":"2026-06-20","z":1}},{"type":"Feature","geometry":{"type":"Polygon","coordinates":[[[5.0,5.0],[6.0,5.0],[6.0,6.0],[5.0,6.0],[5.0,5.0]]]},"properties":{"id":"ucdp:5_5","n":"Disputa: Eyie, SVC","st":"conflicto_disputa","p":"Nigeria","x":"7 eventos · 11 muertes estimadas","color":"#4D4D4D","actores":"[[\"Eyie\", 50], [\"SVC\", 39], [\"Black Axe\", 11]]","eventos":7,"muertes":11,"ultima":"2026-06-19","z":1}},{"type":"Feature","geometry":{"type":"Polygon","coordinates":[[[-8.0,14.0],[-7.0,14.0],[-7.0,15.0],[-8.0,15.0],[-8.0,14.0]]]},"properties":{"id":"ucdp:-8_14","n":"JNIM","st":"conflicto_dominio","p":"Mali","x":"27 eventos · 42 muertes estimadas","color":"#D35400","actores":"[[\"JNIM\", 100]]","eventos":27,"muertes":42,"ultima":"2026-07-30","z":1}},{"type":"Feature","geometry":{"type":"Polygon","coordinates":[[[8.0,8.0],[9.0,8.0],[9.0,9.0],[8.0,9.0],[8.0,8.0]]]},"properties":{"id":"ucdp:8_8","n":"Disputa: Fulani, Tiv","st":"conflicto_disputa","p":"Nigeria","x":"23 eventos · 168 muertes estimadas","color":"#4D4D4D","actores":"[[\"Fulani\", 47], [\"Tiv\", 47], [\"XXX475\", 6]]","eventos":23,"muertes":168,"ultima":"2026-07-03","z":1}},{"type":"Feature","geometry":{"type":"Polygon","coordinates":[[[30.0,9.0],[31.0,9.0],[31.0,10.0],[30.0,10.0],[30.0,9.0]]]},"properties":{"id":"ucdp:30_9","n":"SPLM/A - IO","st":"conflicto_dominio","p":"South Sudan","x":"3 eventos · 68 muertes estimadas","color":"#7f8c8d","actores":"[[\"SPLM/A - IO\", 100]]","eventos":3,"muertes":68,"ultima":"2025-05-22","z":1}},{"type":"Feature","geometry":{"type":"Polygon","coordinates":[[[30.0,11.0],[31.0,11.0],[31.0,12.0],[30.0,12.0],[30.0,11.0]]]},"properties":{"id":"ucdp:30_11","n":"SFA","st":"conflicto_dominio","p":"Sudan","x":"18 eventos · 125 muertes estimadas","color":"#C0392B","actores":"[[\"SFA\", 96], [\"XXX625\", 3], [\"Farmers (Sudan)\", 1], [\"Herders (Sudan)\", 1]]","eventos":18,"muertes":125,"ultima":"2026-08-27","z":1}},{"type":"Feature","geometry":{"type":"Polygon","coordinates":[[[8.0,6.0],[9.0,6.0],[9.0,7.0],[8.0,7.0],[8.0,6.0]]]},"properties":{"id":"ucdp:8_6","n":"Disputa: XXX475, Ezza","st":"conflicto_disputa","p":"Nigeria","x":"6 eventos · 17 muertes estimadas","color":"#4D4D4D","actores":"[[\"XXX475\", 39], [\"Ezza\", 15], [\"Korri\", 15], [\"IPOB\", 9]]","eventos":6,"muertes":17,"ultima":"2026-06-27","z":1}},{"type":"Feature","geometry":{"type":"Polygon","coordinates":[[[31.0,8.0],[32.0,8.0],[32.0,9.0],[31.0,9.0],[31.0,8.0]]]},"properties":{"id":"ucdp:31_8","n":"SPLM/A - IO","st":"conflicto_dominio","p":"South Sudan","x":"3 eventos · 36 muertes estimadas","color":"#7f8c8d","actores":"[[\"SPLM/A - IO\", 90], [\"Gawaar Nuer\", 5], [\"Lou Nuer\", 5]]","eventos":3,"muertes":36,"ultima":"2025-10-04","z":1}},{"type":"Feature","geometry":{"type":"Polygon","coordinates":[[[32.0,13.0],[33.0,13.0],[33.0,14.0],[32.0,14.0],[32.0,13.0]]]},"properties":{"id":"ucdp:32_13","n":"SFA","st":"conflicto_dominio","p":"Sudan","x":"9 eventos · 39 muertes estimadas","color":"#C0392B","actores":"[[\"SFA\", 100]]","eventos":9,"muertes":39,"ultima":"2026-06-25","z":1}},{"type":"Feature","geometry":{"type":"Polygon","coordinates":[[[84.0,23.0],[85.0,23.0],[85.0,24.0],[84.0,24.0],[84.0,23.0]]]},"properties":{"id":"ucdp:84_23","n":"CPI-Maoist","st":"conflicto_dominio","p":"India","x":"5 eventos · 8 muertes estimadas","color":"#7f8c8d","actores":"[[\"CPI-Maoist\", 100]]","eventos":5,"muertes":8,"ultima":"2025-09-24","z":1}},{"type":"Feature","geometry":{"type":"Polygon","coordinates":[[[95.0,26.0],[96.0,26.0],[96.0,27.0],[95.0,27.0],[95.0,26.0]]]},"properties":{"id":"ucdp:95_26","n":"UNLFW","st":"conflicto_dominio","p":"India","x":"4 eventos · 25 muertes estimadas","color":"#7f8c8d","actores":"[[\"UNLFW\", 100]]","eventos":4,"muertes":25,"ultima":"2025-07-13","z":1}},{"type":"Feature","geometry":{"type":"Polygon","coordinates":[[[43.0,16.0],[44.0,16.0],[44.0,17.0],[43.0,17.0],[43.0,16.0]]]},"properties":{"id":"ucdp:43_16","n":"Forces of the Presidential Leadership Council","st":"conflicto_dominio","p":"Yemen (North Yemen)","x":"47 eventos · 68 muertes estimadas","color":"#5B2C6F","actores":"[[\"Forces of the Presidential Leadership Council\", 98], [\"Dhu Sayid\", 1], [\"Qushayr\", 1]]","eventos":47,"muertes":68,"ultima":"2026-08-30","z":1}},{"type":"Feature","geometry":{"type":"Polygon","coordinates":[[[5.0,6.0],[6.0,6.0],[6.0,7.0],[5.0,7.0],[5.0,6.0]]]},"properties":{"id":"ucdp:5_6","n":"Disputa: Black Axe, Maphite","st":"conflicto_disputa","p":"Nigeria","x":"5 eventos · 11 muertes estimadas","color":"#4D4D4D","actores":"[[\"Black Axe\", 44], [\"Maphite\", 44], [\"XXX475\", 12]]","eventos":5,"muertes":11,"ultima":"2026-08-02","z":1}},{"type":"Feature","geometry":{"type":"Polygon","coordinates":[[[47.0,16.0],[48.0,16.0],[48.0,17.0],[47.0,17.0],[47.0,16.0]]]},"properties":{"id":"ucdp:47_16","n":"Disputa: Forces of the Presidential Leadership Council, XXX678","st":"conflicto_disputa","p":"Yemen (North Yemen)","x":"3 eventos · 4 muertes estimadas","color":"#4D4D4D","actores":"[[\"Forces of the Presidential Leadership Council\", 57], [\"XXX678\", 29], [\"AQAP\", 14]]","eventos":3,"muertes":4,"ultima":"2026-08-25","z":1}},{"type":"Feature","geometry":{"type":"Polygon","coordinates":[[[47.0,42.0],[48.0,42.0],[48.0,43.0],[47.0,43.0],[47.0,42.0]]]},"properties":{"id":"ucdp:47_42","n":"Black Spark","st":"conflicto_dominio","p":"Russia (Soviet Union)","x":"4 eventos · 38 muertes estimadas","color":"#7f8c8d","actores":"[[\"Black Spark\", 71], [\"IS\", 21], [\"XXX365\", 7]]","eventos":4,"muertes":38,"ultima":"2026-05-15","z":1}},{"type":"Feature","geometry":{"type":"Polygon","coordinates":[[[38.0,-13.0],[39.0,-13.0],[39.0,-12.0],[38.0,-12.0],[38.0,-13.0]]]},"properties":{"id":"ucdp:38_-13","n":"IS","st":"conflicto_dominio","p":"Mozambique","x":"4 eventos · 27 muertes estimadas","color":"#2471A3","actores":"[[\"IS\", 100]]","eventos":4,"muertes":27,"ultima":"2026-08-01","z":1}},{"type":"Feature","geometry":{"type":"Polygon","coordinates":[[[100.0,6.0],[101.0,6.0],[101.0,7.0],[100.0,7.0],[100.0,6.0]]]},"properties":{"id":"ucdp:100_6","n":"Patani insurgents","st":"conflicto_dominio","p":"Thailand","x":"3 eventos · 3 muertes estimadas","color":"#7f8c8d","actores":"[[\"Patani insurgents\", 100]]","eventos":3,"muertes":3,"ultima":"2025-09-12","z":1}},{"type":"Feature","geometry":{"type":"Polygon","coordinates":[[[140.0,-6.0],[141.0,-6.0],[141.0,-5.0],[140.0,-5.0],[140.0,-6.0]]]},"properties":{"id":"ucdp:140_-6","n":"OPM","st":"conflicto_dominio","p":"Indonesia","x":"4 eventos · 5 muertes estimadas","color":"#7f8c8d","actores":"[[\"OPM\", 100]]","eventos":4,"muertes":5,"ultima":"2026-07-22","z":1}},{"type":"Feature","geometry":{"type":"Polygon","coordinates":[[[90.0,24.0],[91.0,24.0],[91.0,25.0],[90.0,25.0],[90.0,24.0]]]},"properties":{"id":"ucdp:90_24","n":"Disputa: Supporters of BNP, Supporters of Awami League","st":"conflicto_disputa","p":"Bangladesh","x":"10 eventos · 20 muertes estimadas","color":"#4D4D4D","actores":"[[\"Supporters of BNP\", 43], [\"Supporters of Awami League\", 27], [\"Supporters of Jamaat-e-Islami\", 17], [\"XXX771\", 13]]","eventos":10,"muertes":20,"ultima":"2026-08-23","z":1}},{"type":"Feature","geometry":{"type":"Polygon","coordinates":[[[136.0,-5.0],[137.0,-5.0],[137.0,-4.0],[136.0,-4.0],[136.0,-5.0]]]},"properties":{"id":"ucdp:136_-5","n":"OPM","st":"conflicto_dominio","p":"Indonesia","x":"4 eventos · 5 muertes estimadas","color":"#7f8c8d","actores":"[[\"OPM\", 100]]","eventos":4,"muertes":5,"ultima":"2026-05-10","z":1}},{"type":"Feature","geometry":{"type":"Polygon","coordinates":[[[-110.0,25.0],[-109.0,25.0],[-109.0,26.0],[-110.0,26.0],[-110.0,25.0]]]},"properties":{"id":"ucdp:-110_25","n":"Disputa: Sinaloa Cartel - Los Mayos, Jalisco Cartel New Generation, Sinaloa Cartel - Los Chapitos","st":"conflicto_disputa","p":"Mexico","x":"4 eventos · 14 muertes estimadas","color":"#4D4D4D","actores":"[[\"Sinaloa Cartel - Los Mayos\", 50], [\"Jalisco Cartel New Generation, Sinaloa Cartel - Los Chapitos\", 44], [\"Sinaloa Cartel - Los Chapitos\", 6]]","eventos":4,"muertes":14,"ultima":"2025-07-26","z":1}},{"type":"Feature","geometry":{"type":"Polygon","coordinates":[[[46.0,35.0],[47.0,35.0],[47.0,36.0],[46.0,36.0],[46.0,35.0]]]},"properties":{"id":"ucdp:46_35","n":"Disputa: PJAK, IS","st":"conflicto_disputa","p":"Iran","x":"8 eventos · 11 muertes estimadas","color":"#4D4D4D","actores":"[[\"PJAK\", 68], [\"IS\", 16], [\"PKK\", 16]]","eventos":8,"muertes":11,"ultima":"2026-08-02","z":1}},{"type":"Feature","geometry":{"type":"Polygon","coordinates":[[[-2.0,15.0],[-1.0,15.0],[-1.0,16.0],[-2.0,16.0],[-2.0,15.0]]]},"properties":{"id":"ucdp:-2_15","n":"JNIM","st":"conflicto_dominio","p":"Mali","x":"13 eventos · 28 muertes estimadas","color":"#D35400","actores":"[[\"JNIM\", 99], [\"IS\", 1]]","eventos":13,"muertes":28,"ultima":"2026-07-25","z":1}},{"type":"Feature","geometry":{"type":"Polygon","coordinates":[[[-8.0,13.0],[-7.0,13.0],[-7.0,14.0],[-8.0,14.0],[-8.0,13.0]]]},"properties":{"id":"ucdp:-8_13","n":"JNIM","st":"conflicto_dominio","p":"Mali","x":"5 eventos · 5 muertes estimadas","color":"#D35400","actores":"[[\"JNIM\", 100]]","eventos":5,"muertes":5,"ultima":"2026-08-14","z":1}},{"type":"Feature","geometry":{"type":"Polygon","coordinates":[[[-11.0,15.0],[-10.0,15.0],[-10.0,16.0],[-11.0,16.0],[-11.0,15.0]]]},"properties":{"id":"ucdp:-11_15","n":"JNIM","st":"conflicto_dominio","p":"Mali","x":"5 eventos · 37 muertes estimadas","color":"#D35400","actores":"[[\"JNIM\", 100]]","eventos":5,"muertes":37,"ultima":"2026-04-17","z":1}},{"type":"Feature","geometry":{"type":"Polygon","coordinates":[[[-4.0,10.0],[-3.0,10.0],[-3.0,11.0],[-4.0,11.0],[-4.0,10.0]]]},"properties":{"id":"ucdp:-4_10","n":"JNIM","st":"conflicto_dominio","p":"Burkina Faso","x":"8 eventos · 8 muertes estimadas","color":"#D35400","actores":"[[\"JNIM\", 100]]","eventos":8,"muertes":8,"ultima":"2026-07-22","z":1}},{"type":"Feature","geometry":{"type":"Polygon","coordinates":[[[9.0,8.0],[10.0,8.0],[10.0,9.0],[9.0,9.0],[9.0,8.0]]]},"properties":{"id":"ucdp:9_8","n":"Disputa: XXX475, Fulani","st":"conflicto_disputa","p":"Nigeria","x":"4 eventos · 19 muertes estimadas","color":"#4D4D4D","actores":"[[\"XXX475\", 61], [\"Fulani\", 20], [\"Tiv\", 20]]","eventos":4,"muertes":19,"ultima":"2026-05-31","z":1}},{"type":"Feature","geometry":{"type":"Polygon","coordinates":[[[42.0,9.0],[43.0,9.0],[43.0,10.0],[42.0,10.0],[42.0,9.0]]]},"properties":{"id":"ucdp:42_9","n":"OLA","st":"conflicto_dominio","p":"Ethiopia","x":"4 eventos · 32 muertes estimadas","color":"#7f8c8d","actores":"[[\"OLA\", 100]]","eventos":4,"muertes":32,"ultima":"2025-10-23","z":1}},{"type":"Feature","geometry":{"type":"Polygon","coordinates":[[[-75.0,4.0],[-74.0,4.0],[-74.0,5.0],[-75.0,5.0],[-75.0,4.0]]]},"properties":{"id":"ucdp:-75_4","n":"XXX100","st":"conflicto_dominio","p":"Colombia","x":"14 eventos · 21 muertes estimadas","color":"#7f8c8d","actores":"[[\"XXX100\", 91], [\"EGC\", 9]]","eventos":14,"muertes":21,"ultima":"2026-08-26","z":1}},{"type":"Feature","geometry":{"type":"Polygon","coordinates":[[[101.0,5.0],[102.0,5.0],[102.0,6.0],[101.0,6.0],[101.0,5.0]]]},"properties":{"id":"ucdp:101_5","n":"Patani insurgents","st":"conflicto_dominio","p":"Thailand","x":"3 eventos · 4 muertes estimadas","color":"#7f8c8d","actores":"[[\"Patani insurgents\", 100]]","eventos":3,"muertes":4,"ultima":"2026-08-05","z":1}},{"type":"Feature","geometry":{"type":"Polygon","coordinates":[[[-72.0,3.0],[-71.0,3.0],[-71.0,4.0],[-72.0,4.0],[-72.0,3.0]]]},"properties":{"id":"ucdp:-72_3","n":"Disputa: FARC-EMC, XXX100","st":"conflicto_disputa","p":"Colombia","x":"3 eventos · 11 muertes estimadas","color":"#4D4D4D","actores":"[[\"FARC-EMC\", 57], [\"XXX100\", 36], [\"FARC - Segunda Marquetalia\", 7]]","eventos":3,"muertes":11,"ultima":"2026-08-09","z":1}},{"type":"Feature","geometry":{"type":"Polygon","coordinates":[[[6.0,4.0],[7.0,4.0],[7.0,5.0],[6.0,5.0],[6.0,4.0]]]},"properties":{"id":"ucdp:6_4","n":"Disputa: XXX475, Black Axe","st":"conflicto_disputa","p":"Nigeria","x":"8 eventos · 10 muertes estimadas","color":"#4D4D4D","actores":"[[\"XXX475\", 61], [\"Black Axe\", 19], [\"SVC\", 19]]","eventos":8,"muertes":10,"ultima":"2026-08-12","z":1}},{"type":"Feature","geometry":{"type":"Polygon","coordinates":[[[17.0,-4.0],[18.0,-4.0],[18.0,-3.0],[17.0,-3.0],[17.0,-4.0]]]},"properties":{"id":"ucdp:17_-4","n":"Mobondo","st":"conflicto_dominio","p":"DR Congo (Zaire)","x":"3 eventos · 3 muertes estimadas","color":"#7f8c8d","actores":"[[\"Mobondo\", 100]]","eventos":3,"muertes":3,"ultima":"2025-08-14","z":1}},{"type":"Feature","geometry":{"type":"Polygon","coordinates":[[[-73.0,10.0],[-72.0,10.0],[-72.0,11.0],[-73.0,11.0],[-73.0,10.0]]]},"properties":{"id":"ucdp:-73_10","n":"Disputa: EGC, Autodefensas Conquistadoras de la Sierra Nevada","st":"conflicto_disputa","p":"Colombia","x":"6 eventos · 6 muertes estimadas","color":"#4D4D4D","actores":"[[\"EGC\", 25], [\"Autodefensas Conquistadoras de la Sierra Nevada\", 25], [\"XXX100\", 17], [\"Los Potes de Pólvora\", 17]]","eventos":6,"muertes":6,"ultima":"2026-08-05","z":1}},{"type":"Feature","geometry":{"type":"Polygon","coordinates":[[[18.0,-34.0],[19.0,-34.0],[19.0,-33.0],[18.0,-33.0],[18.0,-34.0]]]},"properties":{"id":"ucdp:18_-34","n":"XXX560","st":"conflicto_dominio","p":"South Africa","x":"50 eventos · 105 muertes estimadas","color":"#7f8c8d","actores":"[[\"XXX560\", 76], [\"CATA\", 9], [\"Codeta\", 9], [\"March and March, Operation Dudula\", 2]]","eventos":50,"muertes":105,"ultima":"2026-08-25","z":1}},{"type":"Feature","geometry":{"type":"Polygon","coordinates":[[[18.0,-35.0],[19.0,-35.0],[19.0,-34.0],[18.0,-34.0],[18.0,-35.0]]]},"properties":{"id":"ucdp:18_-35","n":"Disputa: XXX560, March and March, Operation Dudula","st":"conflicto_disputa","p":"South Africa","x":"7 eventos · 12 muertes estimadas","color":"#4D4D4D","actores":"[[\"XXX560\", 68], [\"March and March, Operation Dudula\", 21], [\"CATA\", 5], [\"Codeta\", 5]]","eventos":7,"muertes":12,"ultima":"2026-08-08","z":1}},{"type":"Feature","geometry":{"type":"Polygon","coordinates":[[[71.0,35.0],[72.0,35.0],[72.0,36.0],[71.0,36.0],[71.0,35.0]]]},"properties":{"id":"ucdp:71_35","n":"TTP","st":"conflicto_dominio","p":"Pakistan","x":"9 eventos · 44 muertes estimadas","color":"#A04000","actores":"[[\"TTP\", 100]]","eventos":9,"muertes":44,"ultima":"2026-08-06","z":1}},{"type":"Feature","geometry":{"type":"Polygon","coordinates":[[[30.0,3.0],[31.0,3.0],[31.0,4.0],[30.0,4.0],[30.0,3.0]]]},"properties":{"id":"ucdp:30_3","n":"SPLM/A - IO","st":"conflicto_dominio","p":"South Sudan","x":"7 eventos · 14 muertes estimadas","color":"#7f8c8d","actores":"[[\"SPLM/A - IO\", 86], [\"NAS\", 14]]","eventos":7,"muertes":14,"ultima":"2026-07-22","z":1}},{"type":"Feature","geometry":{"type":"Polygon","coordinates":[[[3.0,10.0],[4.0,10.0],[4.0,11.0],[3.0,11.0],[3.0,10.0]]]},"properties":{"id":"ucdp:3_10","n":"JNIM","st":"conflicto_dominio","p":"Benin","x":"7 eventos · 17 muertes estimadas","color":"#D35400","actores":"[[\"JNIM\", 100]]","eventos":7,"muertes":17,"ultima":"2026-05-31","z":1}},{"type":"Feature","geometry":{"type":"Polygon","coordinates":[[[44.0,33.0],[45.0,33.0],[45.0,34.0],[44.0,34.0],[44.0,33.0]]]},"properties":{"id":"ucdp:44_33","n":"Disputa: Forces of the Presidential Leadership Council, IS","st":"conflicto_disputa","p":"Iraq","x":"9 eventos · 48 muertes estimadas","color":"#4D4D4D","actores":"[[\"Forces of the Presidential Leadership Council\", 47], [\"IS\", 25], [\"XXX645\", 19], [\"Kataib Hezbollah\", 5]]","eventos":9,"muertes":48,"ultima":"2026-08-27","z":1}},{"type":"Feature","geometry":{"type":"Polygon","coordinates":[[[138.0,-5.0],[139.0,-5.0],[139.0,-4.0],[138.0,-4.0],[138.0,-5.0]]]},"properties":{"id":"ucdp:138_-5","n":"Disputa: OPM, Lany Jaya","st":"conflicto_disputa","p":"Indonesia","x":"9 eventos · 21 muertes estimadas","color":"#4D4D4D","actores":"[[\"OPM\", 53], [\"Lany Jaya\", 23], [\"Wouma Kurima\", 23]]","eventos":9,"muertes":21,"ultima":"2026-05-18","z":1}},{"type":"Feature","geometry":{"type":"Polygon","coordinates":[[[-99.0,16.0],[-98.0,16.0],[-98.0,17.0],[-99.0,17.0],[-99.0,16.0]]]},"properties":{"id":"ucdp:-99_16","n":"XXX70","st":"conflicto_dominio","p":"Mexico","x":"19 eventos · 25 muertes estimadas","color":"#7f8c8d","actores":"[[\"XXX70\", 86], [\"Los Ardillos\", 7], [\"Los Tlacos\", 7]]","eventos":19,"muertes":25,"ultima":"2026-08-29","z":1}},{"type":"Feature","geometry":{"type":"Polygon","coordinates":[[[-104.0,18.0],[-103.0,18.0],[-103.0,19.0],[-104.0,19.0],[-104.0,18.0]]]},"properties":{"id":"ucdp:-104_18","n":"Disputa: Carteles Unidos, Jalisco Cartel New Generation, Los Blancos de Troya, Los de la Virgen, Los Viagras","st":"conflicto_disputa","p":"Mexico","x":"6 eventos · 13 muertes estimadas","color":"#4D4D4D","actores":"[[\"Carteles Unidos\", 39], [\"Jalisco Cartel New Generation, Los Blancos de Troya, Los de la Virgen, Los Viagras\", 39], [\"XXX70\", 21]]","eventos":6,"muertes":13,"ultima":"2026-08-16","z":1}},{"type":"Feature","geometry":{"type":"Polygon","coordinates":[[[-71.0,-9.0],[-70.0,-9.0],[-70.0,-8.0],[-71.0,-8.0],[-71.0,-9.0]]]},"properties":{"id":"ucdp:-71_-9","n":"Disputa: Comando Vermelho, Bonde dos 13, PCC","st":"conflicto_disputa","p":"Brazil","x":"3 eventos · 2 muertes estimadas","color":"#4D4D4D","actores":"[[\"Comando Vermelho\", 60], [\"Bonde dos 13, PCC\", 40]]","eventos":3,"muertes":2,"ultima":"2025-11-03","z":1}},{"type":"Feature","geometry":{"type":"Polygon","coordinates":[[[70.0,38.0],[71.0,38.0],[71.0,39.0],[70.0,39.0],[70.0,38.0]]]},"properties":{"id":"ucdp:70_38","n":"Forces of Juma Khan Fateh","st":"conflicto_dominio","p":"Afghanistan","x":"4 eventos · 16 muertes estimadas","color":"#7f8c8d","actores":"[[\"Forces of Juma Khan Fateh\", 90], [\"IS\", 10]]","eventos":4,"muertes":16,"ultima":"2026-08-16","z":1}},{"type":"Feature","geometry":{"type":"Polygon","coordinates":[[[-111.0,24.0],[-110.0,24.0],[-110.0,25.0],[-111.0,25.0],[-111.0,24.0]]]},"properties":{"id":"ucdp:-111_24","n":"Disputa: Sinaloa Cartel - Los Chapitos, Sinaloa Cartel - Los Mayos","st":"conflicto_disputa","p":"Mexico","x":"4 eventos · 4 muertes estimadas","color":"#4D4D4D","actores":"[[\"Sinaloa Cartel - Los Chapitos\", 38], [\"Sinaloa Cartel - Los Mayos\", 38], [\"XXX70\", 25]]","eventos":4,"muertes":4,"ultima":"2026-02-25","z":1}},{"type":"Feature","geometry":{"type":"Polygon","coordinates":[[[-105.0,19.0],[-104.0,19.0],[-104.0,20.0],[-105.0,20.0],[-105.0,19.0]]]},"properties":{"id":"ucdp:-105_19","n":"Disputa: XXX70, Jalisco Cartel New Generation","st":"conflicto_disputa","p":"Mexico","x":"8 eventos · 12 muertes estimadas","color":"#4D4D4D","actores":"[[\"XXX70\", 40], [\"Jalisco Cartel New Generation\", 30], [\"Sinaloa Cartel\", 30]]","eventos":8,"muertes":12,"ultima":"2026-08-16","z":1}},{"type":"Feature","geometry":{"type":"Polygon","coordinates":[[[-104.0,19.0],[-103.0,19.0],[-103.0,20.0],[-104.0,20.0],[-104.0,19.0]]]},"properties":{"id":"ucdp:-104_19","n":"Disputa: Sinaloa Cartel, Jalisco Cartel New Generation","st":"conflicto_disputa","p":"Mexico","x":"22 eventos · 27 muertes estimadas","color":"#4D4D4D","actores":"[[\"Sinaloa Cartel\", 44], [\"Jalisco Cartel New Generation\", 40], [\"XXX70\", 16]]","eventos":22,"muertes":27,"ultima":"2026-08-16","z":1}},{"type":"Feature","geometry":{"type":"Polygon","coordinates":[[[46.0,15.0],[47.0,15.0],[47.0,16.0],[46.0,16.0],[46.0,15.0]]]},"properties":{"id":"ucdp:46_15","n":"Forces of the Presidential Leadership Council","st":"conflicto_dominio","p":"Yemen (North Yemen)","x":"6 eventos · 57 muertes estimadas","color":"#5B2C6F","actores":"[[\"Forces of the Presidential Leadership Council\", 86], [\"STC\", 7], [\"AQAP\", 2], [\"Dhaif Allah\", 2]]","eventos":6,"muertes":57,"ultima":"2026-08-06","z":1}},{"type":"Feature","geometry":{"type":"Polygon","coordinates":[[[0.0,18.0],[1.0,18.0],[1.0,19.0],[0.0,19.0],[0.0,18.0]]]},"properties":{"id":"ucdp:0_18","n":"Disputa: FLA, JNIM","st":"conflicto_disputa","p":"Mali","x":"26 eventos · 62 muertes estimadas","color":"#4D4D4D","actores":"[[\"FLA\", 64], [\"JNIM\", 36]]","eventos":26,"muertes":62,"ultima":"2026-08-08","z":1}},{"type":"Feature","geometry":{"type":"Polygon","coordinates":[[[26.0,11.0],[27.0,11.0],[27.0,12.0],[26.0,12.0],[26.0,11.0]]]},"properties":{"id":"ucdp:26_11","n":"SFA","st":"conflicto_dominio","p":"Sudan","x":"11 eventos · 162 muertes estimadas","color":"#C0392B","actores":"[[\"SFA\", 79], [\"XXX625\", 13], [\"Awlad Umm Salama (Rizeigat)\", 4], [\"Al-Qadiani (Rizeigat)\", 4]]","eventos":11,"muertes":162,"ultima":"2026-08-10","z":1}},{"type":"Feature","geometry":{"type":"Polygon","coordinates":[[[0.0,19.0],[1.0,19.0],[1.0,20.0],[0.0,20.0],[0.0,19.0]]]},"properties":{"id":"ucdp:0_19","n":"FLA","st":"conflicto_dominio","p":"Mali","x":"16 eventos · 33 muertes estimadas","color":"#7f8c8d","actores":"[[\"FLA\", 71], [\"JNIM\", 29]]","eventos":16,"muertes":33,"ultima":"2026-07-04","z":1}},{"type":"Feature","geometry":{"type":"Polygon","coordinates":[[[99.0,11.0],[100.0,11.0],[100.0,12.0],[99.0,12.0],[99.0,11.0]]]},"properties":{"id":"ucdp:99_11","n":"SCEF","st":"conflicto_dominio","p":"Myanmar (Burma)","x":"3 eventos · 25 muertes estimadas","color":"#7f8c8d","actores":"[[\"SCEF\", 89], [\"NUG\", 7], [\"KNU\", 4]]","eventos":3,"muertes":25,"ultima":"2026-05-05","z":1}},{"type":"Feature","geometry":{"type":"Polygon","coordinates":[[[-7.0,12.0],[-6.0,12.0],[-6.0,13.0],[-7.0,13.0],[-7.0,12.0]]]},"properties":{"id":"ucdp:-7_12","n":"JNIM","st":"conflicto_dominio","p":"Mali","x":"10 eventos · 14 muertes estimadas","color":"#D35400","actores":"[[\"JNIM\", 100]]","eventos":10,"muertes":14,"ultima":"2026-06-21","z":1}},{"type":"Feature","geometry":{"type":"Polygon","coordinates":[[[-2.0,12.0],[-1.0,12.0],[-1.0,13.0],[-2.0,13.0],[-2.0,12.0]]]},"properties":{"id":"ucdp:-2_12","n":"JNIM","st":"conflicto_dominio","p":"Burkina Faso","x":"8 eventos · 51 muertes estimadas","color":"#D35400","actores":"[[\"JNIM\", 100]]","eventos":8,"muertes":51,"ultima":"2026-07-23","z":1}},{"type":"Feature","geometry":{"type":"Polygon","coordinates":[[[-5.0,9.0],[-4.0,9.0],[-4.0,10.0],[-5.0,10.0],[-5.0,9.0]]]},"properties":{"id":"ucdp:-5_9","n":"JNIM","st":"conflicto_dominio","p":"Burkina Faso","x":"7 eventos · 18 muertes estimadas","color":"#D35400","actores":"[[\"JNIM\", 100]]","eventos":7,"muertes":18,"ultima":"2026-05-06","z":1}},{"type":"Feature","geometry":{"type":"Polygon","coordinates":[[[-84.0,9.0],[-83.0,9.0],[-83.0,10.0],[-84.0,10.0],[-84.0,9.0]]]},"properties":{"id":"ucdp:-84_9","n":"Disputa: Forces of Tony Peña, Los Hondureños","st":"conflicto_disputa","p":"Costa Rica","x":"8 eventos · 10 muertes estimadas","color":"#4D4D4D","actores":"[[\"Forces of Tony Peña\", 50], [\"Los Hondureños\", 50]]","eventos":8,"muertes":10,"ultima":"2025-12-02","z":1}},{"type":"Feature","geometry":{"type":"Polygon","coordinates":[[[3.0,8.0],[4.0,8.0],[4.0,9.0],[3.0,9.0],[3.0,8.0]]]},"properties":{"id":"ucdp:3_8","n":"Disputa: XXX475, Fulani","st":"conflicto_disputa","p":"Nigeria","x":"6 eventos · 10 muertes estimadas","color":"#4D4D4D","actores":"[[\"XXX475\", 31], [\"Fulani\", 22], [\"Yoruba\", 22], [\"Farmers (Nigeria)\", 6]]","eventos":6,"muertes":10,"ultima":"2026-06-18","z":1}},{"type":"Feature","geometry":{"type":"Polygon","coordinates":[[[81.0,20.0],[82.0,20.0],[82.0,21.0],[81.0,21.0],[81.0,20.0]]]},"properties":{"id":"ucdp:81_20","n":"CPI-Maoist","st":"conflicto_dominio","p":"India","x":"3 eventos · 5 muertes estimadas","color":"#7f8c8d","actores":"[[\"CPI-Maoist\", 100]]","eventos":3,"muertes":5,"ultima":"2026-04-11","z":1}},{"type":"Feature","geometry":{"type":"Polygon","coordinates":[[[124.0,11.0],[125.0,11.0],[125.0,12.0],[124.0,12.0],[124.0,11.0]]]},"properties":{"id":"ucdp:124_11","n":"CPP","st":"conflicto_dominio","p":"Philippines","x":"3 eventos · 7 muertes estimadas","color":"#7f8c8d","actores":"[[\"CPP\", 100]]","eventos":3,"muertes":7,"ultima":"2026-01-25","z":1}},{"type":"Feature","geometry":{"type":"Polygon","coordinates":[[[122.0,10.0],[123.0,10.0],[123.0,11.0],[122.0,11.0],[122.0,10.0]]]},"properties":{"id":"ucdp:122_10","n":"CPP","st":"conflicto_dominio","p":"Philippines","x":"3 eventos · 4 muertes estimadas","color":"#7f8c8d","actores":"[[\"CPP\", 100]]","eventos":3,"muertes":4,"ultima":"2026-01-30","z":1}},{"type":"Feature","geometry":{"type":"Polygon","coordinates":[[[28.0,11.0],[29.0,11.0],[29.0,12.0],[28.0,12.0],[28.0,11.0]]]},"properties":{"id":"ucdp:28_11","n":"SFA","st":"conflicto_dominio","p":"Sudan","x":"14 eventos · 159 muertes estimadas","color":"#C0392B","actores":"[[\"SFA\", 78], [\"Salamat Baggara\", 11], [\"Nuer\", 11]]","eventos":14,"muertes":159,"ultima":"2026-05-30","z":1}},{"type":"Feature","geometry":{"type":"Polygon","coordinates":[[[-109.0,29.0],[-108.0,29.0],[-108.0,30.0],[-109.0,30.0],[-109.0,29.0]]]},"properties":{"id":"ucdp:-109_29","n":"Disputa: Juarez Cartel, Sinaloa Cartel","st":"conflicto_disputa","p":"Mexico","x":"5 eventos · 14 muertes estimadas","color":"#4D4D4D","actores":"[[\"Juarez Cartel\", 34], [\"Sinaloa Cartel\", 34], [\"XXX70\", 32]]","eventos":5,"muertes":14,"ultima":"2026-07-28","z":1}},{"type":"Feature","geometry":{"type":"Polygon","coordinates":[[[41.0,-1.0],[42.0,-1.0],[42.0,0.0],[41.0,0.0],[41.0,-1.0]]]},"properties":{"id":"ucdp:41_-1","n":"Al-Shabaab","st":"conflicto_dominio","p":"Somalia","x":"6 eventos · 92 muertes estimadas","color":"#1F618D","actores":"[[\"Al-Shabaab\", 100]]","eventos":6,"muertes":92,"ultima":"2026-01-14","z":1}},{"type":"Feature","geometry":{"type":"Polygon","coordinates":[[[40.0,3.0],[41.0,3.0],[41.0,4.0],[40.0,4.0],[40.0,3.0]]]},"properties":{"id":"ucdp:40_3","n":"Al-Shabaab","st":"conflicto_dominio","p":"Kenya","x":"5 eventos · 4 muertes estimadas","color":"#1F618D","actores":"[[\"Al-Shabaab\", 100]]","eventos":5,"muertes":4,"ultima":"2026-06-23","z":1}},{"type":"Feature","geometry":{"type":"Polygon","coordinates":[[[43.0,4.0],[44.0,4.0],[44.0,5.0],[43.0,5.0],[43.0,4.0]]]},"properties":{"id":"ucdp:43_4","n":"Al-Shabaab","st":"conflicto_dominio","p":"Somalia","x":"10 eventos · 36 muertes estimadas","color":"#1F618D","actores":"[[\"Al-Shabaab\", 100]]","eventos":10,"muertes":36,"ultima":"2025-12-28","z":1}},{"type":"Feature","geometry":{"type":"Polygon","coordinates":[[[-101.0,18.0],[-100.0,18.0],[-100.0,19.0],[-101.0,19.0],[-101.0,18.0]]]},"properties":{"id":"ucdp:-101_18","n":"Disputa: XXX70, Jalisco Cartel New Generation","st":"conflicto_disputa","p":"Mexico","x":"4 eventos · 16 muertes estimadas","color":"#4D4D4D","actores":"[[\"XXX70\", 45], [\"Jalisco Cartel New Generation\", 22], [\"La Familia\", 22], [\"Carteles Unidos\", 5]]","eventos":4,"muertes":16,"ultima":"2026-08-27","z":1}},{"type":"Feature","geometry":{"type":"Polygon","coordinates":[[[-112.0,26.0],[-111.0,26.0],[-111.0,27.0],[-112.0,27.0],[-112.0,26.0]]]},"properties":{"id":"ucdp:-112_26","n":"Disputa: Sinaloa Cartel - Los Chapitos, Sinaloa Cartel - Los Mayos","st":"conflicto_disputa","p":"Mexico","x":"11 eventos · 16 muertes estimadas","color":"#4D4D4D","actores":"[[\"Sinaloa Cartel - Los Chapitos\", 39], [\"Sinaloa Cartel - Los Mayos\", 39], [\"XXX70\", 22]]","eventos":11,"muertes":16,"ultima":"2026-04-07","z":1}},{"type":"Feature","geometry":{"type":"Polygon","coordinates":[[[-12.0,14.0],[-11.0,14.0],[-11.0,15.0],[-12.0,15.0],[-12.0,14.0]]]},"properties":{"id":"ucdp:-12_14","n":"JNIM","st":"conflicto_dominio","p":"Mali","x":"8 eventos · 71 muertes estimadas","color":"#D35400","actores":"[[\"JNIM\", 100]]","eventos":8,"muertes":71,"ultima":"2026-01-29","z":1}},{"type":"Feature","geometry":{"type":"Polygon","coordinates":[[[2.0,6.0],[3.0,6.0],[3.0,7.0],[2.0,7.0],[2.0,6.0]]]},"properties":{"id":"ucdp:2_6","n":"Disputa: Black Axe, Eyie","st":"conflicto_disputa","p":"Nigeria","x":"4 eventos · 8 muertes estimadas","color":"#4D4D4D","actores":"[[\"Black Axe\", 50], [\"Eyie\", 50]]","eventos":4,"muertes":8,"ultima":"2026-01-10","z":1}},{"type":"Feature","geometry":{"type":"Polygon","coordinates":[[[61.0,28.0],[62.0,28.0],[62.0,29.0],[61.0,29.0],[61.0,28.0]]]},"properties":{"id":"ucdp:61_28","n":"Jaish al-Adl","st":"conflicto_dominio","p":"Iran","x":"6 eventos · 10 muertes estimadas","color":"#7f8c8d","actores":"[[\"Jaish al-Adl\", 75], [\"BRAS\", 25]]","eventos":6,"muertes":10,"ultima":"2026-08-13","z":1}},{"type":"Feature","geometry":{"type":"Polygon","coordinates":[[[123.0,12.0],[124.0,12.0],[124.0,13.0],[123.0,13.0],[123.0,12.0]]]},"properties":{"id":"ucdp:123_12","n":"CPP","st":"conflicto_dominio","p":"Philippines","x":"4 eventos · 14 muertes estimadas","color":"#7f8c8d","actores":"[[\"CPP\", 100]]","eventos":4,"muertes":14,"ultima":"2026-03-22","z":1}},{"type":"Feature","geometry":{"type":"Polygon","coordinates":[[[-5.0,16.0],[-4.0,16.0],[-4.0,17.0],[-5.0,17.0],[-5.0,16.0]]]},"properties":{"id":"ucdp:-5_16","n":"JNIM","st":"conflicto_dominio","p":"Mali","x":"9 eventos · 20 muertes estimadas","color":"#D35400","actores":"[[\"JNIM\", 83], [\"FLA\", 17]]","eventos":9,"muertes":20,"ultima":"2026-08-09","z":1}},{"type":"Feature","geometry":{"type":"Polygon","coordinates":[[[3.0,15.0],[4.0,15.0],[4.0,16.0],[3.0,16.0],[3.0,15.0]]]},"properties":{"id":"ucdp:3_15","n":"IS","st":"conflicto_dominio","p":"Mali","x":"6 eventos · 28 muertes estimadas","color":"#2471A3","actores":"[[\"IS\", 100]]","eventos":6,"muertes":28,"ultima":"2026-08-17","z":1}},{"type":"Feature","geometry":{"type":"Polygon","coordinates":[[[35.0,10.0],[36.0,10.0],[36.0,11.0],[35.0,11.0],[35.0,10.0]]]},"properties":{"id":"ucdp:35_10","n":"OLA","st":"conflicto_dominio","p":"Ethiopia","x":"4 eventos · 106 muertes estimadas","color":"#7f8c8d","actores":"[[\"OLA\", 100]]","eventos":4,"muertes":106,"ultima":"2026-04-22","z":1}},{"type":"Feature","geometry":{"type":"Polygon","coordinates":[[[38.0,12.0],[39.0,12.0],[39.0,13.0],[38.0,13.0],[38.0,12.0]]]},"properties":{"id":"ucdp:38_12","n":"Fano","st":"conflicto_dominio","p":"Ethiopia","x":"14 eventos · 103 muertes estimadas","color":"#6C3483","actores":"[[\"Fano\", 99], [\"ALF\", 1]]","eventos":14,"muertes":103,"ultima":"2026-08-19","z":1}},{"type":"Feature","geometry":{"type":"Polygon","coordinates":[[[4.0,8.0],[5.0,8.0],[5.0,9.0],[4.0,9.0],[4.0,8.0]]]},"properties":{"id":"ucdp:4_8","n":"Disputa: XXX475, JAS","st":"conflicto_disputa","p":"Nigeria","x":"15 eventos · 36 muertes estimadas","color":"#4D4D4D","actores":"[[\"XXX475\", 57], [\"JAS\", 18], [\"Black Axe\", 13], [\"Eyie\", 13]]","eventos":15,"muertes":36,"ultima":"2026-07-10","z":1}},{"type":"Feature","geometry":{"type":"Polygon","coordinates":[[[-105.0,29.0],[-104.0,29.0],[-104.0,30.0],[-105.0,30.0],[-105.0,29.0]]]},"properties":{"id":"ucdp:-105_29","n":"Disputa: Juarez Cartel, Sinaloa Cartel","st":"conflicto_disputa","p":"Mexico","x":"3 eventos · 3 muertes estimadas","color":"#4D4D4D","actores":"[[\"Juarez Cartel\", 50], [\"Sinaloa Cartel\", 50]]","eventos":3,"muertes":3,"ultima":"2026-02-24","z":1}},{"type":"Feature","geometry":{"type":"Polygon","coordinates":[[[-106.0,27.0],[-105.0,27.0],[-105.0,28.0],[-106.0,28.0],[-106.0,27.0]]]},"properties":{"id":"ucdp:-106_27","n":"Disputa: XXX70, Juarez Cartel","st":"conflicto_disputa","p":"Mexico","x":"4 eventos · 9 muertes estimadas","color":"#4D4D4D","actores":"[[\"XXX70\", 38], [\"Juarez Cartel\", 31], [\"Sinaloa Cartel\", 31]]","eventos":4,"muertes":9,"ultima":"2026-05-17","z":1}},{"type":"Feature","geometry":{"type":"Polygon","coordinates":[[[60.0,27.0],[61.0,27.0],[61.0,28.0],[60.0,28.0],[60.0,27.0]]]},"properties":{"id":"ucdp:60_27","n":"Jaish al-Adl","st":"conflicto_dominio","p":"Iran","x":"8 eventos · 17 muertes estimadas","color":"#7f8c8d","actores":"[[\"Jaish al-Adl\", 100]]","eventos":8,"muertes":17,"ultima":"2026-08-05","z":1}},{"type":"Feature","geometry":{"type":"Polygon","coordinates":[[[22.0,15.0],[23.0,15.0],[23.0,16.0],[22.0,16.0],[22.0,15.0]]]},"properties":{"id":"ucdp:22_15","n":"SFA","st":"conflicto_dominio","p":"Sudan","x":"17 eventos · 226 muertes estimadas","color":"#C0392B","actores":"[[\"SFA\", 100]]","eventos":17,"muertes":226,"ultima":"2026-07-21","z":1}},{"type":"Feature","geometry":{"type":"Polygon","coordinates":[[[29.0,14.0],[30.0,14.0],[30.0,15.0],[29.0,15.0],[29.0,14.0]]]},"properties":{"id":"ucdp:29_14","n":"SFA","st":"conflicto_dominio","p":"Sudan","x":"11 eventos · 103 muertes estimadas","color":"#C0392B","actores":"[[\"SFA\", 100]]","eventos":11,"muertes":103,"ultima":"2026-08-27","z":1}},{"type":"Feature","geometry":{"type":"Polygon","coordinates":[[[-3.0,9.0],[-2.0,9.0],[-2.0,10.0],[-3.0,10.0],[-3.0,9.0]]]},"properties":{"id":"ucdp:-3_9","n":"Disputa: Birifor, Gonja","st":"conflicto_disputa","p":"Ghana","x":"3 eventos · 30 muertes estimadas","color":"#4D4D4D","actores":"[[\"Birifor\", 41], [\"Gonja\", 41], [\"XXX452\", 18]]","eventos":3,"muertes":30,"ultima":"2026-03-07","z":1}},{"type":"Feature","geometry":{"type":"Polygon","coordinates":[[[13.0,14.0],[14.0,14.0],[14.0,15.0],[13.0,15.0],[13.0,14.0]]]},"properties":{"id":"ucdp:13_14","n":"JAS","st":"conflicto_dominio","p":"Niger","x":"3 eventos · 21 muertes estimadas","color":"#7f8c8d","actores":"[[\"JAS\", 100]]","eventos":3,"muertes":21,"ultima":"2026-07-31","z":1}},{"type":"Feature","geometry":{"type":"Polygon","coordinates":[[[42.0,14.0],[43.0,14.0],[43.0,15.0],[42.0,15.0],[42.0,14.0]]]},"properties":{"id":"ucdp:42_14","n":"Forces of the Presidential Leadership Council","st":"conflicto_dominio","p":"Yemen (North Yemen)","x":"4 eventos · 13 muertes estimadas","color":"#5B2C6F","actores":"[[\"Forces of the Presidential Leadership Council\", 100]]","eventos":4,"muertes":13,"ultima":"2026-08-30","z":1}},{"type":"Feature","geometry":{"type":"Polygon","coordinates":[[[-74.0,2.0],[-73.0,2.0],[-73.0,3.0],[-74.0,3.0],[-74.0,2.0]]]},"properties":{"id":"ucdp:-74_2","n":"EMBF","st":"conflicto_dominio","p":"Colombia","x":"4 eventos · 6 muertes estimadas","color":"#7f8c8d","actores":"[[\"EMBF\", 100]]","eventos":4,"muertes":6,"ultima":"2026-01-24","z":1}},{"type":"Feature","geometry":{"type":"Polygon","coordinates":[[[29.0,9.0],[30.0,9.0],[30.0,10.0],[29.0,10.0],[29.0,9.0]]]},"properties":{"id":"ucdp:29_9","n":"SFA","st":"conflicto_dominio","p":"Sudan","x":"5 eventos · 46 muertes estimadas","color":"#C0392B","actores":"[[\"SFA\", 96], [\"SPLM/A - IO\", 4]]","eventos":5,"muertes":46,"ultima":"2025-12-09","z":1}},{"type":"Feature","geometry":{"type":"Polygon","coordinates":[[[-10.0,14.0],[-9.0,14.0],[-9.0,15.0],[-10.0,15.0],[-10.0,14.0]]]},"properties":{"id":"ucdp:-10_14","n":"JNIM","st":"conflicto_dominio","p":"Mali","x":"4 eventos · 0 muertes estimadas","color":"#D35400","actores":"[[\"JNIM\", 100]]","eventos":4,"muertes":0,"ultima":"2026-06-20","z":1}},{"type":"Feature","geometry":{"type":"Polygon","coordinates":[[[1.0,19.0],[2.0,19.0],[2.0,20.0],[1.0,20.0],[1.0,19.0]]]},"properties":{"id":"ucdp:1_19","n":"JNIM","st":"conflicto_dominio","p":"Mali","x":"4 eventos · 5 muertes estimadas","color":"#D35400","actores":"[[\"JNIM\", 89], [\"FLA\", 11]]","eventos":4,"muertes":5,"ultima":"2026-08-09","z":1}},{"type":"Feature","geometry":{"type":"Polygon","coordinates":[[[-72.0,1.0],[-71.0,1.0],[-71.0,2.0],[-72.0,2.0],[-72.0,1.0]]]},"properties":{"id":"ucdp:-72_1","n":"Disputa: FARC-EMC, EMBF","st":"conflicto_disputa","p":"Colombia","x":"4 eventos · 35 muertes estimadas","color":"#4D4D4D","actores":"[[\"FARC-EMC\", 49], [\"EMBF\", 28], [\"XXX100\", 23]]","eventos":4,"muertes":35,"ultima":"2026-08-30","z":1}},{"type":"Feature","geometry":{"type":"Polygon","coordinates":[[[-73.0,4.0],[-72.0,4.0],[-72.0,5.0],[-73.0,5.0],[-73.0,4.0]]]},"properties":{"id":"ucdp:-73_4","n":"EGC","st":"conflicto_dominio","p":"Colombia","x":"5 eventos · 9 muertes estimadas","color":"#7f8c8d","actores":"[[\"EGC\", 79], [\"FARC-EMC\", 21]]","eventos":5,"muertes":9,"ultima":"2026-04-16","z":1}},{"type":"Feature","geometry":{"type":"Polygon","coordinates":[[[-81.0,0.0],[-80.0,0.0],[-80.0,1.0],[-81.0,1.0],[-81.0,0.0]]]},"properties":{"id":"ucdp:-81_0","n":"Disputa: Los Choneros, Los Lobos","st":"conflicto_disputa","p":"Ecuador","x":"5 eventos · 10 muertes estimadas","color":"#4D4D4D","actores":"[[\"Los Choneros\", 43], [\"Los Lobos\", 43], [\"XXX130\", 13]]","eventos":5,"muertes":10,"ultima":"2026-03-10","z":1}},{"type":"Feature","geometry":{"type":"Polygon","coordinates":[[[93.0,25.0],[94.0,25.0],[94.0,26.0],[93.0,26.0],[93.0,25.0]]]},"properties":{"id":"ucdp:93_25","n":"Disputa: Kuki, Naga","st":"conflicto_disputa","p":"India","x":"9 eventos · 21 muertes estimadas","color":"#4D4D4D","actores":"[[\"Kuki\", 27], [\"Naga\", 27], [\"UPF\", 20], [\"NSCN-IM\", 13]]","eventos":9,"muertes":21,"ultima":"2026-08-31","z":1}},{"type":"Feature","geometry":{"type":"Polygon","coordinates":[[[40.0,0.0],[41.0,0.0],[41.0,1.0],[40.0,1.0],[40.0,0.0]]]},"properties":{"id":"ucdp:40_0","n":"Al-Shabaab","st":"conflicto_dominio","p":"Kenya","x":"5 eventos · 4 muertes estimadas","color":"#1F618D","actores":"[[\"Al-Shabaab\", 100]]","eventos":5,"muertes":4,"ultima":"2026-07-21","z":1}},{"type":"Feature","geometry":{"type":"Polygon","coordinates":[[[59.0,27.0],[60.0,27.0],[60.0,28.0],[59.0,28.0],[59.0,27.0]]]},"properties":{"id":"ucdp:59_27","n":"Jaish al-Adl","st":"conflicto_dominio","p":"Iran","x":"5 eventos · 11 muertes estimadas","color":"#7f8c8d","actores":"[[\"Jaish al-Adl\", 81], [\"XXX630\", 19]]","eventos":5,"muertes":11,"ultima":"2026-05-28","z":1}},{"type":"Feature","geometry":{"type":"Polygon","coordinates":[[[1.0,17.0],[2.0,17.0],[2.0,18.0],[1.0,18.0],[1.0,17.0]]]},"properties":{"id":"ucdp:1_17","n":"Disputa: IS, JNIM","st":"conflicto_disputa","p":"Mali","x":"3 eventos · 8 muertes estimadas","color":"#4D4D4D","actores":"[[\"IS\", 36], [\"JNIM\", 36], [\"FLA\", 27]]","eventos":3,"muertes":8,"ultima":"2025-10-27","z":1}},{"type":"Feature","geometry":{"type":"Polygon","coordinates":[[[65.0,27.0],[66.0,27.0],[66.0,28.0],[65.0,28.0],[65.0,27.0]]]},"properties":{"id":"ucdp:65_27","n":"BRAS","st":"conflicto_dominio","p":"Pakistan","x":"12 eventos · 11 muertes estimadas","color":"#9A7D0A","actores":"[[\"BRAS\", 87], [\"XXX770\", 13]]","eventos":12,"muertes":11,"ultima":"2026-08-16","z":1}},{"type":"Feature","geometry":{"type":"Polygon","coordinates":[[[31.0,3.0],[32.0,3.0],[32.0,4.0],[31.0,4.0],[31.0,3.0]]]},"properties":{"id":"ucdp:31_3","n":"Disputa: SPLM/A - IO, Acholi","st":"conflicto_disputa","p":"Uganda","x":"4 eventos · 7 muertes estimadas","color":"#4D4D4D","actores":"[[\"SPLM/A - IO\", 45], [\"Acholi\", 27], [\"Madi\", 27]]","eventos":4,"muertes":7,"ultima":"2026-08-05","z":1}},{"type":"Feature","geometry":{"type":"Polygon","coordinates":[[[29.0,7.0],[30.0,7.0],[30.0,8.0],[29.0,8.0],[29.0,7.0]]]},"properties":{"id":"ucdp:29_7","n":"Disputa: Luac Jang Dinka, Pan-Juaj Dinka, Jalwau Dinka","st":"conflicto_disputa","p":"South Sudan","x":"6 eventos · 265 muertes estimadas","color":"#4D4D4D","actores":"[[\"Luac Jang Dinka, Pan-Juaj Dinka\", 42], [\"Jalwau Dinka\", 42], [\"Pakam Dinka\", 5], [\"Rup Dinka\", 3]]","eventos":6,"muertes":265,"ultima":"2026-05-13","z":1}},{"type":"Feature","geometry":{"type":"Polygon","coordinates":[[[28.0,8.0],[29.0,8.0],[29.0,9.0],[28.0,9.0],[28.0,8.0]]]},"properties":{"id":"ucdp:28_8","n":"XXX626","st":"conflicto_dominio","p":"South Sudan","x":"5 eventos · 148 muertes estimadas","color":"#7f8c8d","actores":"[[\"XXX626\", 89], [\"Nyarmuong\", 5], [\"Jur-Man-Anger\", 5], [\"Luac Jang Dinka, Pan-Juaj Dinka\", 1]]","eventos":5,"muertes":148,"ultima":"2026-08-27","z":1}},{"type":"Feature","geometry":{"type":"Polygon","coordinates":[[[28.0,9.0],[29.0,9.0],[29.0,10.0],[28.0,10.0],[28.0,9.0]]]},"properties":{"id":"ucdp:28_9","n":"Disputa: XXX626, Misseriya","st":"conflicto_disputa","p":"Sudan","x":"7 eventos · 40 muertes estimadas","color":"#4D4D4D","actores":"[[\"XXX626\", 38], [\"Misseriya\", 19], [\"Ngok Dinka\", 19], [\"XXX625\", 13]]","eventos":7,"muertes":40,"ultima":"2026-07-17","z":1}},{"type":"Feature","geometry":{"type":"Polygon","coordinates":[[[3.0,14.0],[4.0,14.0],[4.0,15.0],[3.0,15.0],[3.0,14.0]]]},"properties":{"id":"ucdp:3_14","n":"IS","st":"conflicto_dominio","p":"Niger","x":"7 eventos · 75 muertes estimadas","color":"#2471A3","actores":"[[\"IS\", 99], [\"XXX436\", 1]]","eventos":7,"muertes":75,"ultima":"2026-05-09","z":1}},{"type":"Feature","geometry":{"type":"Polygon","coordinates":[[[93.0,24.0],[94.0,24.0],[94.0,25.0],[93.0,25.0],[93.0,24.0]]]},"properties":{"id":"ucdp:93_24","n":"Disputa: XXX750, NSCN-IM","st":"conflicto_disputa","p":"India","x":"10 eventos · 18 muertes estimadas","color":"#4D4D4D","actores":"[[\"XXX750\", 21], [\"NSCN-IM\", 14], [\"Kuki\", 14], [\"Arambai Tenggol\", 14]]","eventos":10,"muertes":18,"ultima":"2026-08-29","z":1}},{"type":"Feature","geometry":{"type":"Polygon","coordinates":[[[24.0,11.0],[25.0,11.0],[25.0,12.0],[24.0,12.0],[24.0,11.0]]]},"properties":{"id":"ucdp:24_11","n":"SFA","st":"conflicto_dominio","p":"Sudan","x":"6 eventos · 116 muertes estimadas","color":"#C0392B","actores":"[[\"SFA\", 83], [\"Beni Halba Baggara\", 9], [\"Tarjam\", 7], [\"Salamat Baggara\", 1]]","eventos":6,"muertes":116,"ultima":"2026-07-02","z":1}},{"type":"Feature","geometry":{"type":"Polygon","coordinates":[[[38.0,-14.0],[39.0,-14.0],[39.0,-13.0],[38.0,-13.0],[38.0,-14.0]]]},"properties":{"id":"ucdp:38_-14","n":"IS","st":"conflicto_dominio","p":"Mozambique","x":"5 eventos · 11 muertes estimadas","color":"#2471A3","actores":"[[\"IS\", 100]]","eventos":5,"muertes":11,"ultima":"2025-10-02","z":1}},{"type":"Feature","geometry":{"type":"Polygon","coordinates":[[[139.0,-6.0],[140.0,-6.0],[140.0,-5.0],[139.0,-5.0],[139.0,-6.0]]]},"properties":{"id":"ucdp:139_-6","n":"OPM","st":"conflicto_dominio","p":"Indonesia","x":"3 eventos · 7 muertes estimadas","color":"#7f8c8d","actores":"[[\"OPM\", 100]]","eventos":3,"muertes":7,"ultima":"2025-09-22","z":1}},{"type":"Feature","geometry":{"type":"Polygon","coordinates":[[[6.0,9.0],[7.0,9.0],[7.0,10.0],[6.0,10.0],[6.0,9.0]]]},"properties":{"id":"ucdp:6_9","n":"Disputa: XXX475, Fulani","st":"conflicto_disputa","p":"Nigeria","x":"6 eventos · 9 muertes estimadas","color":"#4D4D4D","actores":"[[\"XXX475\", 60], [\"Fulani\", 13], [\"Black Axe\", 7], [\"SVC\", 7]]","eventos":6,"muertes":9,"ultima":"2026-07-07","z":1}},{"type":"Feature","geometry":{"type":"Polygon","coordinates":[[[30.0,5.0],[31.0,5.0],[31.0,6.0],[30.0,6.0],[30.0,5.0]]]},"properties":{"id":"ucdp:30_5","n":"SPLM/A - IO","st":"conflicto_dominio","p":"South Sudan","x":"3 eventos · 7 muertes estimadas","color":"#7f8c8d","actores":"[[\"SPLM/A - IO\", 70], [\"Mundari\", 15], [\"Moru\", 15]]","eventos":3,"muertes":7,"ultima":"2026-04-28","z":1}},{"type":"Feature","geometry":{"type":"Polygon","coordinates":[[[47.0,14.0],[48.0,14.0],[48.0,15.0],[47.0,15.0],[47.0,14.0]]]},"properties":{"id":"ucdp:47_14","n":"XXX678","st":"conflicto_dominio","p":"Yemen (North Yemen)","x":"4 eventos · 4 muertes estimadas","color":"#7f8c8d","actores":"[[\"XXX678\", 75], [\"Forces of the Presidential Leadership Council\", 25]]","eventos":4,"muertes":4,"ultima":"2026-05-28","z":1}},{"type":"Feature","geometry":{"type":"Polygon","coordinates":[[[-80.0,0.0],[-79.0,0.0],[-79.0,1.0],[-80.0,1.0],[-80.0,0.0]]]},"properties":{"id":"ucdp:-80_0","n":"Disputa: Los Lobos, Los Tiguerones","st":"conflicto_disputa","p":"Ecuador","x":"3 eventos · 19 muertes estimadas","color":"#4D4D4D","actores":"[[\"Los Lobos\", 41], [\"Los Tiguerones\", 41], [\"XXX130\", 18]]","eventos":3,"muertes":19,"ultima":"2026-03-26","z":1}},{"type":"Feature","geometry":{"type":"Polygon","coordinates":[[[42.0,1.0],[43.0,1.0],[43.0,2.0],[42.0,2.0],[42.0,1.0]]]},"properties":{"id":"ucdp:42_1","n":"Al-Shabaab","st":"conflicto_dominio","p":"Somalia","x":"8 eventos · 59 muertes estimadas","color":"#1F618D","actores":"[[\"Al-Shabaab\", 100]]","eventos":8,"muertes":59,"ultima":"2026-06-07","z":1}},{"type":"Feature","geometry":{"type":"Polygon","coordinates":[[[-8.0,11.0],[-7.0,11.0],[-7.0,12.0],[-8.0,12.0],[-8.0,11.0]]]},"properties":{"id":"ucdp:-8_11","n":"JNIM","st":"conflicto_dominio","p":"Mali","x":"16 eventos · 20 muertes estimadas","color":"#D35400","actores":"[[\"JNIM\", 99], [\"Dozos (Mali)\", 1]]","eventos":16,"muertes":20,"ultima":"2026-07-14","z":1}},{"type":"Feature","geometry":{"type":"Polygon","coordinates":[[[-71.0,6.0],[-70.0,6.0],[-70.0,7.0],[-71.0,7.0],[-71.0,6.0]]]},"properties":{"id":"ucdp:-71_6","n":"ELN","st":"conflicto_dominio","p":"Colombia","x":"6 eventos · 6 muertes estimadas","color":"#7f8c8d","actores":"[[\"ELN\", 92], [\"FARC - Segunda Marquetalia\", 8]]","eventos":6,"muertes":6,"ultima":"2026-07-03","z":1}},{"type":"Feature","geometry":{"type":"Polygon","coordinates":[[[27.0,12.0],[28.0,12.0],[28.0,13.0],[27.0,13.0],[27.0,12.0]]]},"properties":{"id":"ucdp:27_12","n":"SFA","st":"conflicto_dominio","p":"Sudan","x":"3 eventos · 32 muertes estimadas","color":"#C0392B","actores":"[[\"SFA\", 100]]","eventos":3,"muertes":32,"ultima":"2026-08-12","z":1}},{"type":"Feature","geometry":{"type":"Polygon","coordinates":[[[23.0,15.0],[24.0,15.0],[24.0,16.0],[23.0,16.0],[23.0,15.0]]]},"properties":{"id":"ucdp:23_15","n":"SFA","st":"conflicto_dominio","p":"Sudan","x":"19 eventos · 244 muertes estimadas","color":"#C0392B","actores":"[[\"SFA\", 100]]","eventos":19,"muertes":244,"ultima":"2026-07-13","z":1}},{"type":"Feature","geometry":{"type":"Polygon","coordinates":[[[-7.0,10.0],[-6.0,10.0],[-6.0,11.0],[-7.0,11.0],[-7.0,10.0]]]},"properties":{"id":"ucdp:-7_10","n":"JNIM","st":"conflicto_dominio","p":"Mali","x":"13 eventos · 64 muertes estimadas","color":"#D35400","actores":"[[\"JNIM\", 100]]","eventos":13,"muertes":64,"ultima":"2026-07-23","z":1}},{"type":"Feature","geometry":{"type":"Polygon","coordinates":[[[77.0,28.0],[78.0,28.0],[78.0,29.0],[77.0,29.0],[77.0,28.0]]]},"properties":{"id":"ucdp:77_28","n":"Disputa: Kashmir insurgents, XXX750","st":"conflicto_disputa","p":"India","x":"6 eventos · 18 muertes estimadas","color":"#4D4D4D","actores":"[[\"Kashmir insurgents\", 58], [\"XXX750\", 17], [\"Bishnoi gang\", 12], [\"CPI-Maoist\", 8]]","eventos":6,"muertes":18,"ultima":"2026-03-19","z":1}},{"type":"Feature","geometry":{"type":"Polygon","coordinates":[[[135.0,-4.0],[136.0,-4.0],[136.0,-3.0],[135.0,-3.0],[135.0,-4.0]]]},"properties":{"id":"ucdp:135_-4","n":"OPM","st":"conflicto_dominio","p":"Indonesia","x":"3 eventos · 5 muertes estimadas","color":"#7f8c8d","actores":"[[\"OPM\", 100]]","eventos":3,"muertes":5,"ultima":"2026-02-21","z":1}},{"type":"Feature","geometry":{"type":"Polygon","coordinates":[[[41.0,0.0],[42.0,0.0],[42.0,1.0],[41.0,1.0],[41.0,0.0]]]},"properties":{"id":"ucdp:41_0","n":"Al-Shabaab","st":"conflicto_dominio","p":"Somalia","x":"3 eventos · 11 muertes estimadas","color":"#1F618D","actores":"[[\"Al-Shabaab\", 100]]","eventos":3,"muertes":11,"ultima":"2026-08-20","z":1}},{"type":"Feature","geometry":{"type":"Polygon","coordinates":[[[10.0,12.0],[11.0,12.0],[11.0,13.0],[10.0,13.0],[10.0,12.0]]]},"properties":{"id":"ucdp:10_12","n":"Disputa: Farmers (Nigeria), Herders (Nigeria)","st":"conflicto_disputa","p":"Nigeria","x":"5 eventos · 7 muertes estimadas","color":"#4D4D4D","actores":"[[\"Farmers (Nigeria)\", 50], [\"Herders (Nigeria)\", 50]]","eventos":5,"muertes":7,"ultima":"2026-02-11","z":1}},{"type":"Feature","geometry":{"type":"Polygon","coordinates":[[[30.0,8.0],[31.0,8.0],[31.0,9.0],[30.0,9.0],[30.0,8.0]]]},"properties":{"id":"ucdp:30_8","n":"Disputa: XXX626, SPLM/A - IO","st":"conflicto_disputa","p":"South Sudan","x":"5 eventos · 54 muertes estimadas","color":"#4D4D4D","actores":"[[\"XXX626\", 58], [\"SPLM/A - IO\", 42]]","eventos":5,"muertes":54,"ultima":"2026-07-17","z":1}},{"type":"Feature","geometry":{"type":"Polygon","coordinates":[[[-72.0,-1.0],[-71.0,-1.0],[-71.0,0.0],[-72.0,0.0],[-72.0,-1.0]]]},"properties":{"id":"ucdp:-72_-1","n":"Disputa: FARC-EMC, ELN","st":"conflicto_disputa","p":"Colombia","x":"3 eventos · 12 muertes estimadas","color":"#4D4D4D","actores":"[[\"FARC-EMC\", 60], [\"ELN\", 40]]","eventos":3,"muertes":12,"ultima":"2026-01-02","z":1}},{"type":"Feature","geometry":{"type":"Polygon","coordinates":[[[-107.0,27.0],[-106.0,27.0],[-106.0,28.0],[-107.0,28.0],[-107.0,27.0]]]},"properties":{"id":"ucdp:-107_27","n":"Disputa: Juarez Cartel, Sinaloa Cartel","st":"conflicto_disputa","p":"Mexico","x":"4 eventos · 8 muertes estimadas","color":"#4D4D4D","actores":"[[\"Juarez Cartel\", 38], [\"Sinaloa Cartel\", 38], [\"XXX70\", 25]]","eventos":4,"muertes":8,"ultima":"2026-06-29","z":1}},{"type":"Feature","geometry":{"type":"Polygon","coordinates":[[[64.0,28.0],[65.0,28.0],[65.0,29.0],[64.0,29.0],[64.0,28.0]]]},"properties":{"id":"ucdp:64_28","n":"BRAS","st":"conflicto_dominio","p":"Pakistan","x":"15 eventos · 61 muertes estimadas","color":"#9A7D0A","actores":"[[\"BRAS\", 100]]","eventos":15,"muertes":61,"ultima":"2026-08-31","z":1}},{"type":"Feature","geometry":{"type":"Polygon","coordinates":[[[64.0,25.0],[65.0,25.0],[65.0,26.0],[64.0,26.0],[64.0,25.0]]]},"properties":{"id":"ucdp:64_25","n":"BRAS","st":"conflicto_dominio","p":"Pakistan","x":"4 eventos · 0 muertes estimadas","color":"#9A7D0A","actores":"[[\"BRAS\", 100]]","eventos":4,"muertes":0,"ultima":"2026-06-25","z":1}},{"type":"Feature","geometry":{"type":"Polygon","coordinates":[[[26.0,17.0],[27.0,17.0],[27.0,18.0],[26.0,18.0],[26.0,17.0]]]},"properties":{"id":"ucdp:26_17","n":"SFA","st":"conflicto_dominio","p":"Sudan","x":"5 eventos · 59 muertes estimadas","color":"#C0392B","actores":"[[\"SFA\", 100]]","eventos":5,"muertes":59,"ultima":"2026-08-21","z":1}},{"type":"Feature","geometry":{"type":"Polygon","coordinates":[[[95.0,19.0],[96.0,19.0],[96.0,20.0],[95.0,20.0],[95.0,19.0]]]},"properties":{"id":"ucdp:95_19","n":"NUG","st":"conflicto_dominio","p":"Myanmar (Burma)","x":"4 eventos · 14 muertes estimadas","color":"#784212","actores":"[[\"NUG\", 100]]","eventos":4,"muertes":14,"ultima":"2026-01-22","z":1}},{"type":"Feature","geometry":{"type":"Polygon","coordinates":[[[27.0,2.0],[28.0,2.0],[28.0,3.0],[27.0,3.0],[27.0,2.0]]]},"properties":{"id":"ucdp:27_2","n":"IS","st":"conflicto_dominio","p":"DR Congo (Zaire)","x":"3 eventos · 321 muertes estimadas","color":"#2471A3","actores":"[[\"IS\", 100]]","eventos":3,"muertes":321,"ultima":"2026-08-24","z":1}},{"type":"Feature","geometry":{"type":"Polygon","coordinates":[[[28.0,7.0],[29.0,7.0],[29.0,8.0],[28.0,8.0],[28.0,7.0]]]},"properties":{"id":"ucdp:28_7","n":"XXX626","st":"conflicto_dominio","p":"South Sudan","x":"3 eventos · 22 muertes estimadas","color":"#7f8c8d","actores":"[[\"XXX626\", 80], [\"SPLM/A - IO\", 12], [\"Apuk Giir\", 4], [\"Marial Wau\", 4]]","eventos":3,"muertes":22,"ultima":"2026-07-20","z":1}},{"type":"Feature","geometry":{"type":"Polygon","coordinates":[[[32.0,8.0],[33.0,8.0],[33.0,9.0],[32.0,9.0],[32.0,8.0]]]},"properties":{"id":"ucdp:32_8","n":"Disputa: SPLM/A - IO, Gawaar Nuer","st":"conflicto_disputa","p":"South Sudan","x":"6 eventos · 59 muertes estimadas","color":"#4D4D4D","actores":"[[\"SPLM/A - IO\", 52], [\"Gawaar Nuer\", 24], [\"Lou Nuer\", 24]]","eventos":6,"muertes":59,"ultima":"2026-07-05","z":1}},{"type":"Feature","geometry":{"type":"Polygon","coordinates":[[[43.0,2.0],[44.0,2.0],[44.0,3.0],[43.0,3.0],[43.0,2.0]]]},"properties":{"id":"ucdp:43_2","n":"Al-Shabaab","st":"conflicto_dominio","p":"Somalia","x":"6 eventos · 56 muertes estimadas","color":"#1F618D","actores":"[[\"Al-Shabaab\", 92], [\"XXX520\", 8]]","eventos":6,"muertes":56,"ultima":"2026-04-10","z":1}},{"type":"Feature","geometry":{"type":"Polygon","coordinates":[[[34.0,7.0],[35.0,7.0],[35.0,8.0],[34.0,8.0],[34.0,7.0]]]},"properties":{"id":"ucdp:34_7","n":"Disputa: Anuak, Nuer","st":"conflicto_disputa","p":"Ethiopia","x":"3 eventos · 90 muertes estimadas","color":"#4D4D4D","actores":"[[\"Anuak\", 50], [\"Nuer\", 50]]","eventos":3,"muertes":90,"ultima":"2025-12-22","z":1}},{"type":"Feature","geometry":{"type":"Polygon","coordinates":[[[27.0,-3.0],[28.0,-3.0],[28.0,-2.0],[27.0,-2.0],[27.0,-3.0]]]},"properties":{"id":"ucdp:27_-3","n":"Disputa: AFC, VDP","st":"conflicto_disputa","p":"DR Congo (Zaire)","x":"3 eventos · 0 muertes estimadas","color":"#4D4D4D","actores":"[[\"AFC\", 67], [\"VDP\", 33]]","eventos":3,"muertes":0,"ultima":"2025-12-07","z":1}},{"type":"Feature","geometry":{"type":"Polygon","coordinates":[[[143.0,-6.0],[144.0,-6.0],[144.0,-5.0],[143.0,-5.0],[143.0,-6.0]]]},"properties":{"id":"ucdp:143_-6","n":"Disputa: Yakuman tribe, Yangukim tribe","st":"conflicto_disputa","p":"Papua New Guinea","x":"7 eventos · 36 muertes estimadas","color":"#4D4D4D","actores":"[[\"Yakuman tribe\", 41], [\"Yangukim tribe\", 41], [\"XXX910\", 9], [\"Waipilini\", 5]]","eventos":7,"muertes":36,"ultima":"2026-08-01","z":1}},{"type":"Feature","geometry":{"type":"Polygon","coordinates":[[[42.0,2.0],[43.0,2.0],[43.0,3.0],[42.0,3.0],[42.0,2.0]]]},"properties":{"id":"ucdp:42_2","n":"Al-Shabaab","st":"conflicto_dominio","p":"Somalia","x":"6 eventos · 10 muertes estimadas","color":"#1F618D","actores":"[[\"Al-Shabaab\", 100]]","eventos":6,"muertes":10,"ultima":"2026-06-21","z":1}},{"type":"Feature","geometry":{"type":"Polygon","coordinates":[[[48.0,15.0],[49.0,15.0],[49.0,16.0],[48.0,16.0],[48.0,15.0]]]},"properties":{"id":"ucdp:48_15","n":"Disputa: Forces of the Presidential Leadership Council, STC","st":"conflicto_disputa","p":"Yemen (North Yemen)","x":"12 eventos · 130 muertes estimadas","color":"#4D4D4D","actores":"[[\"Forces of the Presidential Leadership Council\", 46], [\"STC\", 44], [\"HTA\", 6], [\"XXX678\", 2]]","eventos":12,"muertes":130,"ultima":"2026-08-31","z":1}},{"type":"Feature","geometry":{"type":"Polygon","coordinates":[[[49.0,14.0],[50.0,14.0],[50.0,15.0],[49.0,15.0],[49.0,14.0]]]},"properties":{"id":"ucdp:49_14","n":"Disputa: STC, Forces of the Presidential Leadership Council","st":"conflicto_disputa","p":"Yemen (North Yemen)","x":"10 eventos · 21 muertes estimadas","color":"#4D4D4D","actores":"[[\"STC\", 53], [\"Forces of the Presidential Leadership Council\", 29], [\"HTA\", 18]]","eventos":10,"muertes":21,"ultima":"2026-06-24","z":1}},{"type":"Feature","geometry":{"type":"Polygon","coordinates":[[[123.0,13.0],[124.0,13.0],[124.0,14.0],[123.0,14.0],[123.0,13.0]]]},"properties":{"id":"ucdp:123_13","n":"CPP","st":"conflicto_dominio","p":"Philippines","x":"4 eventos · 10 muertes estimadas","color":"#7f8c8d","actores":"[[\"CPP\", 100]]","eventos":4,"muertes":10,"ultima":"2026-06-06","z":1}},{"type":"Feature","geometry":{"type":"Polygon","coordinates":[[[49.0,15.0],[50.0,15.0],[50.0,16.0],[49.0,16.0],[49.0,15.0]]]},"properties":{"id":"ucdp:49_15","n":"Disputa: STC, HTA","st":"conflicto_disputa","p":"Yemen (North Yemen)","x":"4 eventos · 20 muertes estimadas","color":"#4D4D4D","actores":"[[\"STC\", 50], [\"HTA\", 40], [\"AQAP\", 10]]","eventos":4,"muertes":20,"ultima":"2025-12-29","z":1}},{"type":"Feature","geometry":{"type":"Polygon","coordinates":[[[44.0,12.0],[45.0,12.0],[45.0,13.0],[44.0,13.0],[44.0,12.0]]]},"properties":{"id":"ucdp:44_12","n":"Disputa: STC, XXX678","st":"conflicto_disputa","p":"Yemen (North Yemen)","x":"4 eventos · 14 muertes estimadas","color":"#4D4D4D","actores":"[[\"STC\", 39], [\"XXX678\", 33], [\"Giants Brigades\", 17], [\"Forces of the Presidential Leadership Council\", 11]]","eventos":4,"muertes":14,"ultima":"2026-06-11","z":1}},{"type":"Feature","geometry":{"type":"Polygon","coordinates":[[[49.0,16.0],[50.0,16.0],[50.0,17.0],[49.0,17.0],[49.0,16.0]]]},"properties":{"id":"ucdp:49_16","n":"Disputa: Forces of the Presidential Leadership Council, STC","st":"conflicto_disputa","p":"Yemen (North Yemen)","x":"4 eventos · 23 muertes estimadas","color":"#4D4D4D","actores":"[[\"Forces of the Presidential Leadership Council\", 50], [\"STC\", 50]]","eventos":4,"muertes":23,"ultima":"2026-01-02","z":1}},{"type":"Feature","geometry":{"type":"Polygon","coordinates":[[[4.0,10.0],[5.0,10.0],[5.0,11.0],[4.0,11.0],[4.0,10.0]]]},"properties":{"id":"ucdp:4_10","n":"Disputa: JAS, XXX475","st":"conflicto_disputa","p":"Nigeria","x":"29 eventos · 279 muertes estimadas","color":"#4D4D4D","actores":"[[\"JAS\", 47], [\"XXX475\", 39], [\"IS\", 7], [\"Fulani\", 3]]","eventos":29,"muertes":279,"ultima":"2026-08-24","z":1}},{"type":"Feature","geometry":{"type":"Polygon","coordinates":[[[21.0,9.0],[22.0,9.0],[22.0,10.0],[21.0,10.0],[21.0,9.0]]]},"properties":{"id":"ucdp:21_9","n":"XXX482","st":"conflicto_dominio","p":"Central African Republic","x":"3 eventos · 4 muertes estimadas","color":"#7f8c8d","actores":"[[\"XXX482\", 71], [\"CPC-F\", 29]]","eventos":3,"muertes":4,"ultima":"2026-02-15","z":1}},{"type":"Feature","geometry":{"type":"Polygon","coordinates":[[[-105.0,24.0],[-104.0,24.0],[-104.0,25.0],[-105.0,25.0],[-105.0,24.0]]]},"properties":{"id":"ucdp:-105_24","n":"Disputa: Jalisco Cartel New Generation, Sinaloa Cartel - Los Chapitos, Sinaloa Cartel - Los Mayos","st":"conflicto_disputa","p":"Mexico","x":"7 eventos · 11 muertes estimadas","color":"#4D4D4D","actores":"[[\"Jalisco Cartel New Generation, Sinaloa Cartel - Los Chapitos\", 44], [\"Sinaloa Cartel - Los Mayos\", 44], [\"Sinaloa Cartel\", 11]]","eventos":7,"muertes":11,"ultima":"2026-08-08","z":1}},{"type":"Feature","geometry":{"type":"Polygon","coordinates":[[[-101.0,22.0],[-100.0,22.0],[-100.0,23.0],[-101.0,23.0],[-101.0,22.0]]]},"properties":{"id":"ucdp:-101_22","n":"Disputa: XXX70, Gulf Cartel","st":"conflicto_disputa","p":"Mexico","x":"3 eventos · 5 muertes estimadas","color":"#4D4D4D","actores":"[[\"XXX70\", 62], [\"Gulf Cartel\", 19], [\"Los Zetas - Cártel del Noreste faction\", 19]]","eventos":3,"muertes":5,"ultima":"2026-08-12","z":1}},{"type":"Feature","geometry":{"type":"Polygon","coordinates":[[[-112.0,25.0],[-111.0,25.0],[-111.0,26.0],[-112.0,26.0],[-112.0,25.0]]]},"properties":{"id":"ucdp:-112_25","n":"Disputa: Sinaloa Cartel - Los Chapitos, Sinaloa Cartel - Los Mayos","st":"conflicto_disputa","p":"Mexico","x":"3 eventos · 3 muertes estimadas","color":"#4D4D4D","actores":"[[\"Sinaloa Cartel - Los Chapitos\", 50], [\"Sinaloa Cartel - Los Mayos\", 50]]","eventos":3,"muertes":3,"ultima":"2025-09-28","z":1}},{"type":"Feature","geometry":{"type":"Polygon","coordinates":[[[-103.0,18.0],[-102.0,18.0],[-102.0,19.0],[-103.0,19.0],[-103.0,18.0]]]},"properties":{"id":"ucdp:-103_18","n":"Disputa: Carteles Unidos, Jalisco Cartel New Generation, Los Blancos de Troya, Los de la Virgen, Los Viagras","st":"conflicto_disputa","p":"Mexico","x":"4 eventos · 19 muertes estimadas","color":"#4D4D4D","actores":"[[\"Carteles Unidos\", 35], [\"Jalisco Cartel New Generation, Los Blancos de Troya, Los de la Virgen, Los Viagras\", 35], [\"XXX70\", 30]]","eventos":4,"muertes":19,"ultima":"2026-01-12","z":1}},{"type":"Feature","geometry":{"type":"Polygon","coordinates":[[[-92.0,15.0],[-91.0,15.0],[-91.0,16.0],[-92.0,16.0],[-92.0,15.0]]]},"properties":{"id":"ucdp:-92_15","n":"Disputa: Jalisco Cartel New Generation, Sinaloa Cartel","st":"conflicto_disputa","p":"Guatemala","x":"3 eventos · 3 muertes estimadas","color":"#4D4D4D","actores":"[[\"Jalisco Cartel New Generation\", 50], [\"Sinaloa Cartel\", 50]]","eventos":3,"muertes":3,"ultima":"2025-12-08","z":1}},{"type":"Feature","geometry":{"type":"Polygon","coordinates":[[[-115.0,30.0],[-114.0,30.0],[-114.0,31.0],[-115.0,31.0],[-115.0,30.0]]]},"properties":{"id":"ucdp:-115_30","n":"Disputa: Jalisco Cartel New Generation, Sinaloa Cartel","st":"conflicto_disputa","p":"Mexico","x":"3 eventos · 805 muertes estimadas","color":"#4D4D4D","actores":"[[\"Jalisco Cartel New Generation\", 50], [\"Sinaloa Cartel\", 50]]","eventos":3,"muertes":805,"ultima":"2025-11-01","z":1}},{"type":"Feature","geometry":{"type":"Polygon","coordinates":[[[91.0,22.0],[92.0,22.0],[92.0,23.0],[91.0,23.0],[91.0,22.0]]]},"properties":{"id":"ucdp:91_22","n":"XXX771","st":"conflicto_dominio","p":"Bangladesh","x":"8 eventos · 8 muertes estimadas","color":"#7f8c8d","actores":"[[\"XXX771\", 75], [\"UPDF\", 12], [\"Supporters of Giasuddin Chowdhury\", 6], [\"Supporters of Golam Khondokar\", 6]]","eventos":8,"muertes":8,"ultima":"2026-06-24","z":1}},{"type":"Feature","geometry":{"type":"Polygon","coordinates":[[[89.0,22.0],[90.0,22.0],[90.0,23.0],[89.0,23.0],[89.0,22.0]]]},"properties":{"id":"ucdp:89_22","n":"XXX771","st":"conflicto_dominio","p":"Bangladesh","x":"6 eventos · 7 muertes estimadas","color":"#7f8c8d","actores":"[[\"XXX771\", 85], [\"Supporters of BNP\", 8], [\"Supporters of Jamaat-e-Islami\", 8]]","eventos":6,"muertes":7,"ultima":"2026-06-12","z":1}},{"type":"Feature","geometry":{"type":"Polygon","coordinates":[[[91.0,23.0],[92.0,23.0],[92.0,24.0],[91.0,24.0],[91.0,23.0]]]},"properties":{"id":"ucdp:91_23","n":"Disputa: XXX771, PCJSS","st":"conflicto_disputa","p":"Bangladesh","x":"5 eventos · 7 muertes estimadas","color":"#4D4D4D","actores":"[[\"XXX771\", 33], [\"PCJSS\", 33], [\"UPDF\", 25], [\"UPDF-Democratic\", 8]]","eventos":5,"muertes":7,"ultima":"2026-07-06","z":1}},{"type":"Feature","geometry":{"type":"Polygon","coordinates":[[[89.0,24.0],[90.0,24.0],[90.0,25.0],[89.0,25.0],[89.0,24.0]]]},"properties":{"id":"ucdp:89_24","n":"Disputa: XXX771, Supporters of BNP","st":"conflicto_disputa","p":"Bangladesh","x":"7 eventos · 8 muertes estimadas","color":"#4D4D4D","actores":"[[\"XXX771\", 40], [\"Supporters of BNP\", 30], [\"Supporters of Awami League\", 23], [\"Supporters of Jamaat-e-Islami\", 7]]","eventos":7,"muertes":8,"ultima":"2026-07-18","z":1}},{"type":"Feature","geometry":{"type":"Polygon","coordinates":[[[88.0,23.0],[89.0,23.0],[89.0,24.0],[88.0,24.0],[88.0,23.0]]]},"properties":{"id":"ucdp:88_23","n":"Disputa: XXX771, Supporters of BNP","st":"conflicto_disputa","p":"Bangladesh","x":"3 eventos · 3 muertes estimadas","color":"#4D4D4D","actores":"[[\"XXX771\", 67], [\"Supporters of BNP\", 17], [\"Supporters of Jamaat-e-Islami\", 17]]","eventos":3,"muertes":3,"ultima":"2026-04-11","z":1}},{"type":"Feature","geometry":{"type":"Polygon","coordinates":[[[89.0,23.0],[90.0,23.0],[90.0,24.0],[89.0,24.0],[89.0,23.0]]]},"properties":{"id":"ucdp:89_23","n":"XXX771","st":"conflicto_dominio","p":"Bangladesh","x":"3 eventos · 3 muertes estimadas","color":"#7f8c8d","actores":"[[\"XXX771\", 100]]","eventos":3,"muertes":3,"ultima":"2026-07-13","z":1}},{"type":"Feature","geometry":{"type":"Polygon","coordinates":[[[-89.0,17.0],[-88.0,17.0],[-88.0,18.0],[-89.0,18.0],[-89.0,17.0]]]},"properties":{"id":"ucdp:-89_17","n":"XXX80","st":"conflicto_dominio","p":"Belize","x":"5 eventos · 6 muertes estimadas","color":"#7f8c8d","actores":"[[\"XXX80\", 100]]","eventos":5,"muertes":6,"ultima":"2026-04-21","z":1}},{"type":"Feature","geometry":{"type":"Polygon","coordinates":[[[-89.0,16.0],[-88.0,16.0],[-88.0,17.0],[-89.0,17.0],[-89.0,16.0]]]},"properties":{"id":"ucdp:-89_16","n":"XXX80","st":"conflicto_dominio","p":"Belize","x":"4 eventos · 5 muertes estimadas","color":"#7f8c8d","actores":"[[\"XXX80\", 100]]","eventos":4,"muertes":5,"ultima":"2026-03-05","z":1}},{"type":"Feature","geometry":{"type":"Polygon","coordinates":[[[-52.0,1.0],[-51.0,1.0],[-51.0,2.0],[-52.0,2.0],[-52.0,1.0]]]},"properties":{"id":"ucdp:-52_1","n":"XXX140","st":"conflicto_dominio","p":"Brazil","x":"4 eventos · 4 muertes estimadas","color":"#7f8c8d","actores":"[[\"XXX140\", 75], [\"Comando Vermelho\", 12], [\"Família Terror Amapá\", 12]]","eventos":4,"muertes":4,"ultima":"2026-07-27","z":1}},{"type":"Feature","geometry":{"type":"Polygon","coordinates":[[[-63.0,-5.0],[-62.0,-5.0],[-62.0,-4.0],[-63.0,-4.0],[-63.0,-5.0]]]},"properties":{"id":"ucdp:-63_-5","n":"XXX140","st":"conflicto_dominio","p":"Brazil","x":"7 eventos · 8 muertes estimadas","color":"#7f8c8d","actores":"[[\"XXX140\", 100]]","eventos":7,"muertes":8,"ultima":"2026-07-27","z":1}},{"type":"Feature","geometry":{"type":"Polygon","coordinates":[[[-59.0,-4.0],[-58.0,-4.0],[-58.0,-3.0],[-59.0,-3.0],[-59.0,-4.0]]]},"properties":{"id":"ucdp:-59_-4","n":"XXX140","st":"conflicto_dominio","p":"Brazil","x":"3 eventos · 3 muertes estimadas","color":"#7f8c8d","actores":"[[\"XXX140\", 100]]","eventos":3,"muertes":3,"ultima":"2026-07-05","z":1}},{"type":"Feature","geometry":{"type":"Polygon","coordinates":[[[-70.0,-5.0],[-69.0,-5.0],[-69.0,-4.0],[-70.0,-4.0],[-70.0,-5.0]]]},"properties":{"id":"ucdp:-70_-5","n":"XXX140","st":"conflicto_dominio","p":"Brazil","x":"3 eventos · 4 muertes estimadas","color":"#7f8c8d","actores":"[[\"XXX140\", 100]]","eventos":3,"muertes":4,"ultima":"2026-08-19","z":1}},{"type":"Feature","geometry":{"type":"Polygon","coordinates":[[[12.0,6.0],[13.0,6.0],[13.0,7.0],[12.0,7.0],[12.0,6.0]]]},"properties":{"id":"ucdp:12_6","n":"Disputa: JAS, Ambazonia insurgents","st":"conflicto_disputa","p":"Cameroon","x":"3 eventos · 4 muertes estimadas","color":"#4D4D4D","actores":"[[\"JAS\", 43], [\"Ambazonia insurgents\", 43], [\"IS\", 14]]","eventos":3,"muertes":4,"ultima":"2026-04-17","z":1}},{"type":"Feature","geometry":{"type":"Polygon","coordinates":[[[23.0,10.0],[24.0,10.0],[24.0,11.0],[23.0,11.0],[23.0,10.0]]]},"properties":{"id":"ucdp:23_10","n":"Disputa: ASP, XXX482","st":"conflicto_disputa","p":"Central African Republic","x":"4 eventos · 46 muertes estimadas","color":"#4D4D4D","actores":"[[\"ASP\", 58], [\"XXX482\", 36], [\"Farmers (CAR)\", 3], [\"Herders (CAR)\", 3]]","eventos":4,"muertes":46,"ultima":"2026-06-30","z":1}},{"type":"Feature","geometry":{"type":"Polygon","coordinates":[[[18.0,4.0],[19.0,4.0],[19.0,5.0],[18.0,5.0],[18.0,4.0]]]},"properties":{"id":"ucdp:18_4","n":"XXX482","st":"conflicto_dominio","p":"Central African Republic","x":"3 eventos · 4 muertes estimadas","color":"#7f8c8d","actores":"[[\"XXX482\", 100]]","eventos":3,"muertes":4,"ultima":"2026-07-30","z":1}},{"type":"Feature","geometry":{"type":"Polygon","coordinates":[[[15.0,5.0],[16.0,5.0],[16.0,6.0],[15.0,6.0],[15.0,5.0]]]},"properties":{"id":"ucdp:15_5","n":"Disputa: XXX482, Farmers (CAR)","st":"conflicto_disputa","p":"Central African Republic","x":"3 eventos · 3 muertes estimadas","color":"#4D4D4D","actores":"[[\"XXX482\", 67], [\"Farmers (CAR)\", 17], [\"Herders (CAR)\", 17]]","eventos":3,"muertes":3,"ultima":"2026-08-20","z":1}},{"type":"Feature","geometry":{"type":"Polygon","coordinates":[[[-72.0,4.0],[-71.0,4.0],[-71.0,5.0],[-72.0,5.0],[-72.0,4.0]]]},"properties":{"id":"ucdp:-72_4","n":"Disputa: XXX2, FARC-EMC","st":"conflicto_disputa","p":"Colombia","x":"4 eventos · 6 muertes estimadas","color":"#4D4D4D","actores":"[[\"XXX2\", 60], [\"FARC-EMC\", 20], [\"XXX100\", 20]]","eventos":4,"muertes":6,"ultima":"2026-07-01","z":1}},{"type":"Feature","geometry":{"type":"Polygon","coordinates":[[[-70.0,18.0],[-69.0,18.0],[-69.0,19.0],[-70.0,19.0],[-70.0,18.0]]]},"properties":{"id":"ucdp:-70_18","n":"XXX42","st":"conflicto_dominio","p":"Dominican Republic","x":"5 eventos · 5 muertes estimadas","color":"#7f8c8d","actores":"[[\"XXX42\", 100]]","eventos":5,"muertes":5,"ultima":"2026-03-12","z":1}},{"type":"Feature","geometry":{"type":"Polygon","coordinates":[[[-71.0,19.0],[-70.0,19.0],[-70.0,20.0],[-71.0,20.0],[-71.0,19.0]]]},"properties":{"id":"ucdp:-71_19","n":"XXX42","st":"conflicto_dominio","p":"Dominican Republic","x":"4 eventos · 4 muertes estimadas","color":"#7f8c8d","actores":"[[\"XXX42\", 75], [\"XXX41\", 25]]","eventos":4,"muertes":4,"ultima":"2026-05-19","z":1}},{"type":"Feature","geometry":{"type":"Polygon","coordinates":[[[28.0,1.0],[29.0,1.0],[29.0,2.0],[28.0,2.0],[28.0,1.0]]]},"properties":{"id":"ucdp:28_1","n":"IS","st":"conflicto_dominio","p":"DR Congo (Zaire)","x":"9 eventos · 115 muertes estimadas","color":"#2471A3","actores":"[[\"IS\", 100]]","eventos":9,"muertes":115,"ultima":"2026-08-15","z":1}},{"type":"Feature","geometry":{"type":"Polygon","coordinates":[[[28.0,2.0],[29.0,2.0],[29.0,3.0],[28.0,3.0],[28.0,2.0]]]},"properties":{"id":"ucdp:28_2","n":"IS","st":"conflicto_dominio","p":"DR Congo (Zaire)","x":"4 eventos · 13 muertes estimadas","color":"#2471A3","actores":"[[\"IS\", 100]]","eventos":4,"muertes":13,"ultima":"2026-07-02","z":1}},{"type":"Feature","geometry":{"type":"Polygon","coordinates":[[[15.0,-5.0],[16.0,-5.0],[16.0,-4.0],[15.0,-4.0],[15.0,-5.0]]]},"properties":{"id":"ucdp:15_-5","n":"Disputa: Mobondo - B52, Kuluna (Kinshasa)","st":"conflicto_disputa","p":"DR Congo (Zaire)","x":"3 eventos · 4 muertes estimadas","color":"#4D4D4D","actores":"[[\"Mobondo - B52\", 43], [\"Kuluna (Kinshasa)\", 29], [\"XXX490\", 29]]","eventos":3,"muertes":4,"ultima":"2026-07-25","z":1}},{"type":"Feature","geometry":{"type":"Polygon","coordinates":[[[39.0,13.0],[40.0,13.0],[40.0,14.0],[39.0,14.0],[39.0,13.0]]]},"properties":{"id":"ucdp:39_13","n":"Disputa: TPLF, XXX530","st":"conflicto_disputa","p":"Ethiopia","x":"12 eventos · 6 muertes estimadas","color":"#4D4D4D","actores":"[[\"TPLF\", 61], [\"XXX530\", 39]]","eventos":12,"muertes":6,"ultima":"2026-08-27","z":1}},{"type":"Feature","geometry":{"type":"Polygon","coordinates":[[[39.0,14.0],[40.0,14.0],[40.0,15.0],[39.0,15.0],[39.0,14.0]]]},"properties":{"id":"ucdp:39_14","n":"TPLF","st":"conflicto_dominio","p":"Ethiopia","x":"3 eventos · 2 muertes estimadas","color":"#7f8c8d","actores":"[[\"TPLF\", 100]]","eventos":3,"muertes":2,"ultima":"2026-03-27","z":1}},{"type":"Feature","geometry":{"type":"Polygon","coordinates":[[[37.0,14.0],[38.0,14.0],[38.0,15.0],[37.0,15.0],[37.0,14.0]]]},"properties":{"id":"ucdp:37_14","n":"TPLF","st":"conflicto_dominio","p":"Ethiopia","x":"3 eventos · 5 muertes estimadas","color":"#7f8c8d","actores":"[[\"TPLF\", 100]]","eventos":3,"muertes":5,"ultima":"2026-06-19","z":1}},{"type":"Feature","geometry":{"type":"Polygon","coordinates":[[[34.0,10.0],[35.0,10.0],[35.0,11.0],[34.0,11.0],[34.0,10.0]]]},"properties":{"id":"ucdp:34_10","n":"SFA","st":"conflicto_dominio","p":"Sudan","x":"17 eventos · 281 muertes estimadas","color":"#C0392B","actores":"[[\"SFA\", 99], [\"BDF\", 1]]","eventos":17,"muertes":281,"ultima":"2026-08-27","z":1}},{"type":"Feature","geometry":{"type":"Polygon","coordinates":[[[0.0,8.0],[1.0,8.0],[1.0,9.0],[0.0,9.0],[0.0,8.0]]]},"properties":{"id":"ucdp:0_8","n":"Disputa: Adele, Challa, Akyode","st":"conflicto_disputa","p":"Ghana","x":"3 eventos · 10 muertes estimadas","color":"#4D4D4D","actores":"[[\"Adele, Challa\", 38], [\"Akyode\", 38], [\"XXX452\", 23]]","eventos":3,"muertes":10,"ultima":"2026-06-18","z":1}},{"type":"Feature","geometry":{"type":"Polygon","coordinates":[[[76.0,30.0],[77.0,30.0],[77.0,31.0],[76.0,31.0],[76.0,30.0]]]},"properties":{"id":"ucdp:76_30","n":"Disputa: XXX750, Bambhia gang","st":"conflicto_disputa","p":"India","x":"3 eventos · 3 muertes estimadas","color":"#4D4D4D","actores":"[[\"XXX750\", 67], [\"Bambhia gang\", 33]]","eventos":3,"muertes":3,"ultima":"2026-03-19","z":1}},{"type":"Feature","geometry":{"type":"Polygon","coordinates":[[[96.0,27.0],[97.0,27.0],[97.0,28.0],[96.0,28.0],[96.0,27.0]]]},"properties":{"id":"ucdp:96_27","n":"NSCN-K","st":"conflicto_dominio","p":"India","x":"3 eventos · 5 muertes estimadas","color":"#7f8c8d","actores":"[[\"NSCN-K\", 100]]","eventos":3,"muertes":5,"ultima":"2026-08-14","z":1}},{"type":"Feature","geometry":{"type":"Polygon","coordinates":[[[94.0,25.0],[95.0,25.0],[95.0,26.0],[94.0,26.0],[94.0,25.0]]]},"properties":{"id":"ucdp:94_25","n":"Disputa: Kuki, Naga","st":"conflicto_disputa","p":"India","x":"4 eventos · 6 muertes estimadas","color":"#4D4D4D","actores":"[[\"Kuki\", 35], [\"Naga\", 35], [\"NSCN-IM-E\", 30]]","eventos":4,"muertes":6,"ultima":"2026-07-06","z":1}},{"type":"Feature","geometry":{"type":"Polygon","coordinates":[[[88.0,22.0],[89.0,22.0],[89.0,23.0],[88.0,23.0],[88.0,22.0]]]},"properties":{"id":"ucdp:88_22","n":"Disputa: Supporters of BJP, Supporters of TMC","st":"conflicto_disputa","p":"India","x":"3 eventos · 3 muertes estimadas","color":"#4D4D4D","actores":"[[\"Supporters of BJP\", 50], [\"Supporters of TMC\", 50]]","eventos":3,"muertes":3,"ultima":"2026-08-23","z":1}},{"type":"Feature","geometry":{"type":"Polygon","coordinates":[[[61.0,29.0],[62.0,29.0],[62.0,30.0],[61.0,30.0],[61.0,29.0]]]},"properties":{"id":"ucdp:61_29","n":"Jaish al-Adl","st":"conflicto_dominio","p":"Iran","x":"3 eventos · 4 muertes estimadas","color":"#7f8c8d","actores":"[[\"Jaish al-Adl\", 71], [\"XXX630\", 29]]","eventos":3,"muertes":4,"ultima":"2026-08-27","z":1}},{"type":"Feature","geometry":{"type":"Polygon","coordinates":[[[38.0,-1.0],[39.0,-1.0],[39.0,0.0],[38.0,0.0],[38.0,-1.0]]]},"properties":{"id":"ucdp:38_-1","n":"Disputa: Kamba, Somali","st":"conflicto_disputa","p":"Kenya","x":"4 eventos · 17 muertes estimadas","color":"#4D4D4D","actores":"[[\"Kamba\", 36], [\"Somali\", 36], [\"XXX501\", 29]]","eventos":4,"muertes":17,"ultima":"2026-06-21","z":1}},{"type":"Feature","geometry":{"type":"Polygon","coordinates":[[[12.0,32.0],[13.0,32.0],[13.0,33.0],[12.0,33.0],[12.0,32.0]]]},"properties":{"id":"ucdp:12_32","n":"XXX620","st":"conflicto_dominio","p":"Libya","x":"7 eventos · 23 muertes estimadas","color":"#7f8c8d","actores":"[[\"XXX620\", 100]]","eventos":7,"muertes":23,"ultima":"2026-08-03","z":1}},{"type":"Feature","geometry":{"type":"Polygon","coordinates":[[[1.0,16.0],[2.0,16.0],[2.0,17.0],[1.0,17.0],[1.0,16.0]]]},"properties":{"id":"ucdp:1_16","n":"IS","st":"conflicto_dominio","p":"Mali","x":"3 eventos · 7 muertes estimadas","color":"#2471A3","actores":"[[\"IS\", 70], [\"JNIM\", 30]]","eventos":3,"muertes":7,"ultima":"2026-07-01","z":1}},{"type":"Feature","geometry":{"type":"Polygon","coordinates":[[[-95.0,17.0],[-94.0,17.0],[-94.0,18.0],[-95.0,18.0],[-95.0,17.0]]]},"properties":{"id":"ucdp:-95_17","n":"XXX70","st":"conflicto_dominio","p":"Mexico","x":"3 eventos · 4 muertes estimadas","color":"#7f8c8d","actores":"[[\"XXX70\", 100]]","eventos":3,"muertes":4,"ultima":"2026-05-20","z":1}},{"type":"Feature","geometry":{"type":"Polygon","coordinates":[[[-100.0,20.0],[-99.0,20.0],[-99.0,21.0],[-100.0,21.0],[-100.0,20.0]]]},"properties":{"id":"ucdp:-100_20","n":"XXX70","st":"conflicto_dominio","p":"Mexico","x":"6 eventos · 8 muertes estimadas","color":"#7f8c8d","actores":"[[\"XXX70\", 100]]","eventos":6,"muertes":8,"ultima":"2026-05-05","z":1}},{"type":"Feature","geometry":{"type":"Polygon","coordinates":[[[-99.0,20.0],[-98.0,20.0],[-98.0,21.0],[-99.0,21.0],[-99.0,20.0]]]},"properties":{"id":"ucdp:-99_20","n":"XXX70","st":"conflicto_dominio","p":"Mexico","x":"3 eventos · 3 muertes estimadas","color":"#7f8c8d","actores":"[[\"XXX70\", 100]]","eventos":3,"muertes":3,"ultima":"2026-05-05","z":1}},{"type":"Feature","geometry":{"type":"Polygon","coordinates":[[[-97.0,18.0],[-96.0,18.0],[-96.0,19.0],[-97.0,19.0],[-97.0,18.0]]]},"properties":{"id":"ucdp:-97_18","n":"XXX70","st":"conflicto_dominio","p":"Mexico","x":"4 eventos · 4 muertes estimadas","color":"#7f8c8d","actores":"[[\"XXX70\", 100]]","eventos":4,"muertes":4,"ultima":"2026-07-03","z":1}},{"type":"Feature","geometry":{"type":"Polygon","coordinates":[[[-96.0,16.0],[-95.0,16.0],[-95.0,17.0],[-96.0,17.0],[-96.0,16.0]]]},"properties":{"id":"ucdp:-96_16","n":"XXX70","st":"conflicto_dominio","p":"Mexico","x":"7 eventos · 17 muertes estimadas","color":"#7f8c8d","actores":"[[\"XXX70\", 100]]","eventos":7,"muertes":17,"ultima":"2026-07-26","z":1}},{"type":"Feature","geometry":{"type":"Polygon","coordinates":[[[-97.0,17.0],[-96.0,17.0],[-96.0,18.0],[-97.0,18.0],[-97.0,17.0]]]},"properties":{"id":"ucdp:-97_17","n":"XXX70","st":"conflicto_dominio","p":"Mexico","x":"6 eventos · 11 muertes estimadas","color":"#7f8c8d","actores":"[[\"XXX70\", 100]]","eventos":6,"muertes":11,"ultima":"2026-07-22","z":1}},{"type":"Feature","geometry":{"type":"Polygon","coordinates":[[[-101.0,17.0],[-100.0,17.0],[-100.0,18.0],[-101.0,18.0],[-101.0,17.0]]]},"properties":{"id":"ucdp:-101_17","n":"XXX70","st":"conflicto_dominio","p":"Mexico","x":"5 eventos · 6 muertes estimadas","color":"#7f8c8d","actores":"[[\"XXX70\", 100]]","eventos":5,"muertes":6,"ultima":"2026-06-10","z":1}},{"type":"Feature","geometry":{"type":"Polygon","coordinates":[[[-99.0,17.0],[-98.0,17.0],[-98.0,18.0],[-99.0,18.0],[-99.0,17.0]]]},"properties":{"id":"ucdp:-99_17","n":"XXX70","st":"conflicto_dominio","p":"Mexico","x":"7 eventos · 22 muertes estimadas","color":"#7f8c8d","actores":"[[\"XXX70\", 100]]","eventos":7,"muertes":22,"ultima":"2026-08-26","z":1}},{"type":"Feature","geometry":{"type":"Polygon","coordinates":[[[-91.0,19.0],[-90.0,19.0],[-90.0,20.0],[-91.0,20.0],[-91.0,19.0]]]},"properties":{"id":"ucdp:-91_19","n":"XXX70","st":"conflicto_dominio","p":"Mexico","x":"4 eventos · 9 muertes estimadas","color":"#7f8c8d","actores":"[[\"XXX70\", 100]]","eventos":4,"muertes":9,"ultima":"2026-05-09","z":1}},{"type":"Feature","geometry":{"type":"Polygon","coordinates":[[[8.0,16.0],[9.0,16.0],[9.0,17.0],[8.0,17.0],[8.0,16.0]]]},"properties":{"id":"ucdp:8_16","n":"XXX436","st":"conflicto_dominio","p":"Niger","x":"9 eventos · 3 muertes estimadas","color":"#7f8c8d","actores":"[[\"XXX436\", 92], [\"IS\", 8]]","eventos":9,"muertes":3,"ultima":"2026-04-11","z":1}},{"type":"Feature","geometry":{"type":"Polygon","coordinates":[[[10.0,9.0],[11.0,9.0],[11.0,10.0],[10.0,10.0],[10.0,9.0]]]},"properties":{"id":"ucdp:10_9","n":"XXX475","st":"conflicto_dominio","p":"Nigeria","x":"7 eventos · 19 muertes estimadas","color":"#922B21","actores":"[[\"XXX475\", 77], [\"Karimjo\", 12], [\"Wurukum\", 12]]","eventos":7,"muertes":19,"ultima":"2026-08-29","z":1}},{"type":"Feature","geometry":{"type":"Polygon","coordinates":[[[6.0,11.0],[7.0,11.0],[7.0,12.0],[6.0,12.0],[6.0,11.0]]]},"properties":{"id":"ucdp:6_11","n":"Disputa: XXX475, Forces of Ado Alero","st":"conflicto_disputa","p":"Nigeria","x":"25 eventos · 182 muertes estimadas","color":"#4D4D4D","actores":"[[\"XXX475\", 51], [\"Forces of Ado Alero\", 38], [\"Forces of Gwaska Dankarami\", 11]]","eventos":25,"muertes":182,"ultima":"2026-08-25","z":1}},{"type":"Feature","geometry":{"type":"Polygon","coordinates":[[[7.0,12.0],[8.0,12.0],[8.0,13.0],[7.0,13.0],[7.0,12.0]]]},"properties":{"id":"ucdp:7_12","n":"XXX475","st":"conflicto_dominio","p":"Nigeria","x":"27 eventos · 132 muertes estimadas","color":"#922B21","actores":"[[\"XXX475\", 74], [\"Forces of Muhammadu\", 19], [\"Forces of Ado Alero\", 6]]","eventos":27,"muertes":132,"ultima":"2026-08-31","z":1}},{"type":"Feature","geometry":{"type":"Polygon","coordinates":[[[5.0,8.0],[6.0,8.0],[6.0,9.0],[5.0,9.0],[5.0,8.0]]]},"properties":{"id":"ucdp:5_8","n":"XXX475","st":"conflicto_dominio","p":"Nigeria","x":"23 eventos · 45 muertes estimadas","color":"#922B21","actores":"[[\"XXX475\", 100]]","eventos":23,"muertes":45,"ultima":"2026-08-27","z":1}},{"type":"Feature","geometry":{"type":"Polygon","coordinates":[[[5.0,10.0],[6.0,10.0],[6.0,11.0],[5.0,11.0],[5.0,10.0]]]},"properties":{"id":"ucdp:5_10","n":"XXX475","st":"conflicto_dominio","p":"Nigeria","x":"14 eventos · 234 muertes estimadas","color":"#922B21","actores":"[[\"XXX475\", 100]]","eventos":14,"muertes":234,"ultima":"2026-08-13","z":1}},{"type":"Feature","geometry":{"type":"Polygon","coordinates":[[[6.0,8.0],[7.0,8.0],[7.0,9.0],[6.0,9.0],[6.0,8.0]]]},"properties":{"id":"ucdp:6_8","n":"XXX475","st":"conflicto_dominio","p":"Nigeria","x":"8 eventos · 23 muertes estimadas","color":"#922B21","actores":"[[\"XXX475\", 77], [\"Forces of Ibrahim Batijo\", 13], [\"Farmers (Nigeria)\", 5], [\"Herders (Nigeria)\", 5]]","eventos":8,"muertes":23,"ultima":"2026-08-06","z":1}},{"type":"Feature","geometry":{"type":"Polygon","coordinates":[[[5.0,11.0],[6.0,11.0],[6.0,12.0],[5.0,12.0],[5.0,11.0]]]},"properties":{"id":"ucdp:5_11","n":"XXX475","st":"conflicto_dominio","p":"Nigeria","x":"31 eventos · 256 muertes estimadas","color":"#922B21","actores":"[[\"XXX475\", 92], [\"Forces of Gwaska Dankarami\", 5], [\"Forces of Muhammad Gwaska\", 2], [\"Forces of Dogo Gide\", 1]]","eventos":31,"muertes":256,"ultima":"2026-08-26","z":1}},{"type":"Feature","geometry":{"type":"Polygon","coordinates":[[[8.0,11.0],[9.0,11.0],[9.0,12.0],[8.0,12.0],[8.0,11.0]]]},"properties":{"id":"ucdp:8_11","n":"XXX475","st":"conflicto_dominio","p":"Nigeria","x":"4 eventos · 12 muertes estimadas","color":"#922B21","actores":"[[\"XXX475\", 100]]","eventos":4,"muertes":12,"ultima":"2026-08-30","z":1}},{"type":"Feature","geometry":{"type":"Polygon","coordinates":[[[4.0,11.0],[5.0,11.0],[5.0,12.0],[4.0,12.0],[4.0,11.0]]]},"properties":{"id":"ucdp:4_11","n":"Disputa: Mahmuda, IS","st":"conflicto_disputa","p":"Nigeria","x":"12 eventos · 93 muertes estimadas","color":"#4D4D4D","actores":"[[\"Mahmuda\", 46], [\"IS\", 37], [\"XXX475\", 15], [\"JNIM\", 2]]","eventos":12,"muertes":93,"ultima":"2026-08-03","z":1}},{"type":"Feature","geometry":{"type":"Polygon","coordinates":[[[4.0,9.0],[5.0,9.0],[5.0,10.0],[4.0,10.0],[4.0,9.0]]]},"properties":{"id":"ucdp:4_9","n":"JAS","st":"conflicto_dominio","p":"Nigeria","x":"11 eventos · 194 muertes estimadas","color":"#7f8c8d","actores":"[[\"JAS\", 84], [\"XXX475\", 16]]","eventos":11,"muertes":194,"ultima":"2026-08-03","z":1}},{"type":"Feature","geometry":{"type":"Polygon","coordinates":[[[5.0,12.0],[6.0,12.0],[6.0,13.0],[5.0,13.0],[5.0,12.0]]]},"properties":{"id":"ucdp:5_12","n":"XXX475","st":"conflicto_dominio","p":"Nigeria","x":"18 eventos · 139 muertes estimadas","color":"#922B21","actores":"[[\"XXX475\", 100]]","eventos":18,"muertes":139,"ultima":"2026-08-30","z":1}},{"type":"Feature","geometry":{"type":"Polygon","coordinates":[[[5.0,9.0],[6.0,9.0],[6.0,10.0],[5.0,10.0],[5.0,9.0]]]},"properties":{"id":"ucdp:5_9","n":"XXX475","st":"conflicto_dominio","p":"Nigeria","x":"4 eventos · 7 muertes estimadas","color":"#922B21","actores":"[[\"XXX475\", 100]]","eventos":4,"muertes":7,"ultima":"2026-06-29","z":1}},{"type":"Feature","geometry":{"type":"Polygon","coordinates":[[[10.0,7.0],[11.0,7.0],[11.0,8.0],[10.0,8.0],[10.0,7.0]]]},"properties":{"id":"ucdp:10_7","n":"XXX475","st":"conflicto_dominio","p":"Nigeria","x":"3 eventos · 43 muertes estimadas","color":"#922B21","actores":"[[\"XXX475\", 76], [\"Farmers (Nigeria)\", 12], [\"Herders (Nigeria)\", 12]]","eventos":3,"muertes":43,"ultima":"2026-03-18","z":1}},{"type":"Feature","geometry":{"type":"Polygon","coordinates":[[[11.0,13.0],[12.0,13.0],[12.0,14.0],[11.0,14.0],[11.0,13.0]]]},"properties":{"id":"ucdp:11_13","n":"IS","st":"conflicto_dominio","p":"Nigeria","x":"3 eventos · 10 muertes estimadas","color":"#2471A3","actores":"[[\"IS\", 100]]","eventos":3,"muertes":10,"ultima":"2026-07-19","z":1}},{"type":"Feature","geometry":{"type":"Polygon","coordinates":[[[63.0,28.0],[64.0,28.0],[64.0,29.0],[63.0,29.0],[63.0,28.0]]]},"properties":{"id":"ucdp:63_28","n":"BRAS","st":"conflicto_dominio","p":"Pakistan","x":"3 eventos · 4 muertes estimadas","color":"#9A7D0A","actores":"[[\"BRAS\", 100]]","eventos":3,"muertes":4,"ultima":"2026-08-23","z":1}},{"type":"Feature","geometry":{"type":"Polygon","coordinates":[[[28.0,-27.0],[29.0,-27.0],[29.0,-26.0],[28.0,-26.0],[28.0,-27.0]]]},"properties":{"id":"ucdp:28_-27","n":"XXX560","st":"conflicto_dominio","p":"South Africa","x":"8 eventos · 19 muertes estimadas","color":"#7f8c8d","actores":"[[\"XXX560\", 85], [\"March and March, Operation Dudula\", 15]]","eventos":8,"muertes":19,"ultima":"2026-08-15","z":1}},{"type":"Feature","geometry":{"type":"Polygon","coordinates":[[[31.0,4.0],[32.0,4.0],[32.0,5.0],[31.0,5.0],[31.0,4.0]]]},"properties":{"id":"ucdp:31_4","n":"XXX626","st":"conflicto_dominio","p":"South Sudan","x":"3 eventos · 162 muertes estimadas","color":"#7f8c8d","actores":"[[\"XXX626\", 100]]","eventos":3,"muertes":162,"ultima":"2026-04-02","z":1}},{"type":"Feature","geometry":{"type":"Polygon","coordinates":[[[32.0,7.0],[33.0,7.0],[33.0,8.0],[32.0,8.0],[32.0,7.0]]]},"properties":{"id":"ucdp:32_7","n":"SPLM/A - IO","st":"conflicto_dominio","p":"South Sudan","x":"3 eventos · 12 muertes estimadas","color":"#7f8c8d","actores":"[[\"SPLM/A - IO\", 87], [\"Abang\", 7], [\"Malual Dinka\", 7]]","eventos":3,"muertes":12,"ultima":"2026-07-15","z":1}},{"type":"Feature","geometry":{"type":"Polygon","coordinates":[[[34.0,11.0],[35.0,11.0],[35.0,12.0],[34.0,12.0],[34.0,11.0]]]},"properties":{"id":"ucdp:34_11","n":"SFA","st":"conflicto_dominio","p":"Sudan","x":"8 eventos · 189 muertes estimadas","color":"#C0392B","actores":"[[\"SFA\", 100]]","eventos":8,"muertes":189,"ultima":"2026-08-28","z":1}},{"type":"Feature","geometry":{"type":"Polygon","coordinates":[[[27.0,15.0],[28.0,15.0],[28.0,16.0],[27.0,16.0],[27.0,15.0]]]},"properties":{"id":"ucdp:27_15","n":"SFA","st":"conflicto_dominio","p":"Sudan","x":"6 eventos · 21 muertes estimadas","color":"#C0392B","actores":"[[\"SFA\", 100]]","eventos":6,"muertes":21,"ultima":"2026-07-19","z":1}},{"type":"Feature","geometry":{"type":"Polygon","coordinates":[[[28.0,14.0],[29.0,14.0],[29.0,15.0],[28.0,15.0],[28.0,14.0]]]},"properties":{"id":"ucdp:28_14","n":"SFA","st":"conflicto_dominio","p":"Sudan","x":"3 eventos · 14 muertes estimadas","color":"#C0392B","actores":"[[\"SFA\", 100]]","eventos":3,"muertes":14,"ultima":"2026-06-11","z":1}},{"type":"Feature","geometry":{"type":"Polygon","coordinates":[[[-69.0,10.0],[-68.0,10.0],[-68.0,11.0],[-69.0,11.0],[-69.0,10.0]]]},"properties":{"id":"ucdp:-69_10","n":"XXX101","st":"conflicto_dominio","p":"Venezuela","x":"7 eventos · 7 muertes estimadas","color":"#7f8c8d","actores":"[[\"XXX101\", 100]]","eventos":7,"muertes":7,"ultima":"2026-04-21","z":1}},{"type":"Feature","geometry":{"type":"Polygon","coordinates":[[[43.0,15.0],[44.0,15.0],[44.0,16.0],[43.0,16.0],[43.0,15.0]]]},"properties":{"id":"ucdp:43_15","n":"Forces of the Presidential Leadership Council","st":"conflicto_dominio","p":"Yemen (North Yemen)","x":"3 eventos · 31 muertes estimadas","color":"#5B2C6F","actores":"[[\"Forces of the Presidential Leadership Council\", 91], [\"XXX678\", 9]]","eventos":3,"muertes":31,"ultima":"2026-08-05","z":1}},{"type":"Feature","geometry":{"type":"Polygon","coordinates":[[[45.0,12.0],[46.0,12.0],[46.0,13.0],[45.0,13.0],[45.0,12.0]]]},"properties":{"id":"ucdp:45_12","n":"Disputa: Forces of the Presidential Leadership Council, STC","st":"conflicto_disputa","p":"Yemen (North Yemen)","x":"3 eventos · 3 muertes estimadas","color":"#4D4D4D","actores":"[[\"Forces of the Presidential Leadership Council\", 67], [\"STC\", 33]]","eventos":3,"muertes":3,"ultima":"2026-06-08","z":1}},{"type":"Feature","geometry":{"type":"Polygon","coordinates":[[[71.0,36.0],[72.0,36.0],[72.0,37.0],[71.0,37.0],[71.0,36.0]]]},"properties":{"id":"ucdp:71_36","n":"AFF","st":"conflicto_dominio","p":"Afghanistan","x":"4 eventos · 6 muertes estimadas","color":"#7f8c8d","actores":"[[\"AFF\", 100]]","eventos":4,"muertes":6,"ultima":"2026-08-25","z":1}}]}