{"type":"FeatureCollection","features":[{"type":"Feature","geometry":{"type":"MultiPolygon","coordinates":[[[[-132.75,56.52],[-132.93,56.52],[-132.84,56.79],[-132.57,56.58],[-132.75,56.52]]],[[[-132.78,56.25],[-133.03,56.34],[-132.65,56.43],[-132.78,56.25]]],[[[-134.31,58.23],[-134.31,58.23],[-134.31,58.23],[-134.31,58.23]]],[[[-145.12,60.34],[-145.12,60.34],[-145.12,60.34],[-145.12,60.34]]],[[[-144.56,59.82],[-144.56,59.82],[-144.56,59.82],[-144.56,59.82]]],[[[-148.02,60.06],[-148.02,60.06],[-148.02,60.06],[-148.02,60.06]]],[[[-152.02,60.36],[-152.02,60.36],[-152.02,60.36],[-152.02,60.36]]],[[[-160.33,55.34],[-160.33,55.34],[-160.33,55.34],[-160.33,55.34]]],[[[-159.36,54.97],[-159.36,54.97],[-159.36,54.97],[-159.36,54.97]]],[[[-159.52,55.15],[-159.52,55.15],[-159.52,55.15],[-159.52,55.15]]],[[[-166.21,53.72],[-166.21,53.72],[-166.21,53.72],[-166.21,53.72]]],[[[-176.01,51.81],[-176.01,51.81],[-176.01,51.81],[-176.01,51.81]]],[[[-166.11,66.23],[-166.11,66.23],[-166.11,66.23],[-166.11,66.23]]],[[[-171.46,63.64],[-170.87,63.59],[-170.43,63.7],[-170.02,63.49],[-169.43,63.35],[-168.72,63.31],[-168.85,63.17],[-169.37,63.17],[-169.68,62.96],[-169.78,63.09],[-170.85,63.44],[-171.4,63.34],[-171.82,63.48],[-171.75,63.7],[-171.46,63.64]]],[[[-166.14,60.38],[-165.73,60.31],[-165.59,59.91],[-166.11,59.77],[-167.14,60.01],[-167.44,60.21],[-166.83,60.22],[-166.47,60.38],[-166.14,60.38]]],[[[-152.9,57.82],[-152.43,57.83],[-152.21,57.58],[-152.41,57.46],[-152.91,57.51],[-152.68,57.34],[-153.27,57.23],[-153.79,56.99],[-154.25,57.14],[-154.26,56.91],[-154.5,57.04],[-154.71,57.34],[-154.54,57.56],[-154.03,57.63],[-153.81,57.36],[-153.9,57.82],[-153.53,57.73],[-153.22,57.8],[-153.16,57.97],[-152.9,57.82]]],[[[-130.02,55.89],[-130.14,55.72],[-130.04,55.3],[-130.22,55.03],[-130.58,54.77],[-130.85,54.81],[-131.05,55.16],[-130.86,55.35],[-130.92,55.74],[-131.14,56],[-131.03,56.09],[-131.78,55.88],[-131.98,55.54],[-132.22,55.72],[-131.84,56.16],[-132.49,56.77],[-132.92,57.05],[-133.47,57.17],[-133.56,57.69],[-133.12,57.57],[-133.74,57.85],[-134.21,58.23],[-134.66,58.38],[-135.13,58.84],[-135.36,59.42],[-135.5,59.2],[-135.05,58.31],[-135.3,58.26],[-135.57,58.41],[-135.87,58.39],[-135.86,58.58],[-136.15,59.05],[-136.23,58.77],[-136.99,59.04],[-136.88,58.88],[-136.22,58.6],[-136.05,58.38],[-136.58,58.25],[-137.54,58.58],[-138.03,58.94],[-138.35,59.09],[-139.8,59.55],[-139.51,59.7],[-139.58,59.88],[-139.18,59.84],[-139.52,60.02],[-140.22,59.73],[-140.84,59.75],[-141.41,59.9],[-141.33,60.08],[-141.67,59.97],[-142.94,60.1],[-144.15,60.02],[-144.33,60.19],[-144.9,60.34],[-144.79,60.59],[-145.38,60.39],[-145.9,60.48],[-145.67,60.65],[-146.5,60.7],[-146.58,61.13],[-147.39,60.92],[-148.01,60.97],[-147.75,61.22],[-148.56,60.8],[-148.27,60.7],[-148.44,60.53],[-148.05,60.57],[-148.2,60.17],[-148.43,59.99],[-148.84,59.95],[-149.4,60.11],[-149.6,59.77],[-150.2,59.57],[-150.58,59.56],[-150.93,59.25],[-151.18,59.3],[-151.74,59.19],[-151.85,59.41],[-151.26,59.59],[-151.85,59.78],[-151.45,60.2],[-151.31,60.47],[-151.36,60.72],[-150.44,61.02],[-150.11,60.93],[-149.59,60.99],[-150.05,61.17],[-149.95,61.29],[-150.61,61.3],[-151.59,60.98],[-151.75,60.76],[-152.27,60.53],[-152.26,60.41],[-152.65,60.24],[-153.03,60.29],[-152.63,60.08],[-152.76,59.92],[-153.21,59.84],[-154.09,59.36],[-154.18,59.15],[-153.42,58.96],[-153.33,58.86],[-154.02,58.49],[-154.25,58.16],[-155.01,58.02],[-156.48,57.33],[-156.63,57.01],[-157.61,56.63],[-158.41,56.44],[-158.28,56.2],[-158.59,56.18],[-158.79,55.99],[-159.52,55.81],[-160.05,55.76],[-160.5,55.54],[-161.1,55.41],[-161.48,55.4],[-161.46,55.63],[-162.08,55.14],[-162.33,55.05],[-162.54,55.24],[-162.86,54.95],[-163.28,55.12],[-162.91,55.2],[-162.16,55.72],[-161.22,56.02],[-161.01,55.89],[-160.27,55.83],[-160.54,56.01],[-160.3,56.31],[-159.79,56.56],[-159.28,56.69],[-158.92,56.88],[-158.67,56.83],[-158.66,57.04],[-158.32,57.3],[-157.74,57.55],[-157.52,58.42],[-157.04,58.77],[-156.81,59.13],[-157.14,58.88],[-158.02,58.64],[-158.3,58.64],[-158.5,58.85],[-158.42,59.09],[-158.77,58.9],[-158.79,58.44],[-159.08,58.47],[-159.67,58.91],[-159.92,58.82],[-160.36,59.05],[-161.22,58.8],[-161.36,58.67],[-162.14,58.64],[-161.72,58.79],[-162.03,59.28],[-161.83,59.59],[-162.24,60.18],[-162.42,60.28],[-162.14,60.69],[-162.68,60.27],[-162.57,59.99],[-163.22,59.85],[-163.91,59.81],[-164.66,60.3],[-165.36,60.54],[-164.8,60.89],[-164.26,60.72],[-164,60.77],[-163.73,60.59],[-163.42,60.76],[-163.99,60.86],[-165.18,60.97],[-164.88,61.09],[-165.39,61.21],[-165.57,61.1],[-165.69,61.3],[-166.17,61.65],[-165.81,61.7],[-165.99,61.83],[-165.61,61.87],[-165.71,62.1],[-165.19,62.47],[-164.78,62.48],[-164.84,62.8],[-164.52,63.13],[-164.11,63.26],[-163.36,63.05],[-162.62,63.27],[-162.28,63.53],[-161.97,63.45],[-161.27,63.5],[-160.78,63.82],[-160.99,64.25],[-161.41,64.53],[-160.93,64.58],[-160.89,64.8],[-161.19,64.92],[-161.76,64.82],[-162.81,64.37],[-162.87,64.52],[-163.14,64.42],[-163.71,64.59],[-164.3,64.58],[-164.9,64.46],[-166.14,64.58],[-166.48,64.73],[-166.41,64.93],[-166.93,65.16],[-166.53,65.15],[-166.2,65.31],[-167.4,65.42],[-168.09,65.66],[-167.08,65.88],[-166.75,66.05],[-166.22,66.17],[-165.72,66.11],[-165.84,66.24],[-165.45,66.41],[-164.46,66.59],[-163.73,66.62],[-164.03,66.22],[-163.7,66.08],[-162.89,66.1],[-161.82,66.05],[-161.46,66.28],[-161.04,66.19],[-161.12,66.34],[-161.83,66.37],[-162.19,66.69],[-162.61,66.89],[-162.36,66.95],[-162.02,66.78],[-161.91,66.56],[-161.59,66.46],[-161.05,66.47],[-160.65,66.37],[-160.23,66.42],[-160.26,66.57],[-160.87,66.67],[-161.4,66.55],[-161.86,66.7],[-161.62,66.98],[-161.96,67.05],[-163,67.03],[-163.72,67.2],[-164.12,67.61],[-165.39,68.05],[-166.24,68.28],[-166.79,68.36],[-166.38,68.43],[-166.21,68.89],[-165.51,68.87],[-164.3,68.94],[-163.87,69.04],[-163.16,69.39],[-162.95,69.76],[-161.88,70.33],[-162.04,70.18],[-161,70.31],[-160.12,70.59],[-160.1,70.33],[-159.86,70.28],[-159.75,70.53],[-160.08,70.64],[-159.31,70.88],[-159,70.8],[-158,70.85],[-157.19,71.09],[-156.47,71.41],[-156.47,71.29],[-155.58,71.12],[-156.15,70.93],[-155.87,70.83],[-155.17,71.1],[-154.67,70.99],[-154.79,70.89],[-154.19,70.8],[-153.23,70.93],[-152.23,70.81],[-152.47,70.65],[-151.77,70.56],[-151.94,70.45],[-151.22,70.42],[-150.66,70.51],[-150.4,70.44],[-149.87,70.51],[-149.27,70.5],[-148.25,70.36],[-147.7,70.22],[-145.82,70.16],[-145.2,70.01],[-143.22,70.12],[-142.71,70.03],[-142.3,69.87],[-141.41,69.65],[-141,69.65],[-141,60.3],[-140.45,60.3],[-139.97,60.18],[-139.68,60.33],[-139.08,60.34],[-139.19,60.08],[-138.7,59.9],[-138.63,59.78],[-137.59,59.23],[-137.44,58.9],[-136.81,59.15],[-136.58,59.15],[-136.32,59.6],[-135.47,59.79],[-135.05,59.58],[-134.95,59.29],[-134.44,59.09],[-134.3,58.9],[-133.82,58.71],[-132.03,57.03],[-132.11,56.86],[-131.87,56.79],[-131.82,56.59],[-131.58,56.6],[-130.74,56.34],[-130.41,56.12],[-130.1,56.11],[-130.02,55.89]]],[[[-163.48,54.98],[-163.36,54.74],[-163.58,54.63],[-164.07,54.62],[-164.59,54.4],[-164.89,54.61],[-164.53,54.88],[-163.87,55.04],[-163.48,54.98]]],[[[-133.3,55.54],[-133.65,55.27],[-133.64,55.54],[-133.3,55.54]]],[[[-131.34,55.08],[-131.41,54.89],[-131.57,55.26],[-131.34,55.08]]],[[[-132.11,56.11],[-132.13,55.94],[-132.66,56.08],[-132.38,56.5],[-132.07,56.24],[-132.11,56.11]]],[[[-130.98,55.49],[-131.19,55.21],[-131.45,55.41],[-131.76,55.17],[-131.85,55.42],[-131.65,55.59],[-131.63,55.83],[-131.27,55.96],[-130.97,55.67],[-130.98,55.49]]],[[[-133.37,57],[-132.95,56.88],[-133.21,56.46],[-133.6,56.46],[-133.68,56.8],[-133.98,57.01],[-133.37,57]]],[[[-132.86,54.89],[-132.62,54.89],[-132.71,54.68],[-133.12,54.97],[-133.3,55.33],[-132.86,54.89]]],[[[-146.39,60.45],[-146.1,60.41],[-146.62,60.27],[-146.7,60.41],[-146.39,60.45]]],[[[-147.74,59.81],[-147.82,59.9],[-147.18,60.36],[-146.99,60.25],[-147.74,59.81]]],[[[-147.66,60.45],[-147.66,60.45],[-147.66,60.45],[-147.66,60.45]]],[[[-147.93,60.83],[-147.93,60.83],[-147.93,60.83],[-147.93,60.83]]],[[[-153.01,57.13],[-153.29,57],[-153.28,57.18],[-153.01,57.13]]],[[[-152.48,58.48],[-152.48,58.48],[-152.48,58.48],[-152.48,58.48]]],[[[-153.24,57.85],[-153.24,57.85],[-153.24,57.85],[-153.24,57.85]]],[[[-155.57,55.82],[-155.57,55.82],[-155.57,55.82],[-155.57,55.82]]],[[[-154.68,56.44],[-154.68,56.44],[-154.68,56.44],[-154.68,56.44]]],[[[-154.21,56.51],[-154.21,56.51],[-154.21,56.51],[-154.21,56.51]]],[[[-160.69,55.31],[-160.49,55.18],[-160.79,55.14],[-160.69,55.31]]],[[[-162.3,54.85],[-162.3,54.85],[-162.3,54.85],[-162.3,54.85]]],[[[-162.55,54.4],[-162.55,54.4],[-162.55,54.4],[-162.55,54.4]]],[[[-159.87,55.13],[-160.23,54.92],[-160.17,55.12],[-159.87,55.13]]],[[[-165.84,54.07],[-165.84,54.07],[-165.84,54.07],[-165.84,54.07]]],[[[-165.56,54.14],[-165.56,54.14],[-165.56,54.14],[-165.56,54.14]]],[[[-160.92,58.58],[-161.13,58.67],[-160.71,58.8],[-160.92,58.58]]],[[[-172.74,60.46],[-172.23,60.3],[-172.63,60.33],[-172.74,60.46]]],[[[-170.16,57.18],[-170.16,57.18],[-170.16,57.18],[-170.16,57.18]]],[[[-169.69,52.85],[-169.69,52.85],[-169.69,52.85],[-169.69,52.85]]],[[[-170.73,52.58],[-170.73,52.58],[-170.73,52.58],[-170.73,52.58]]],[[[-172.47,52.27],[-172.47,52.27],[-172.47,52.27],[-172.47,52.27]]],[[[-169.75,56.63],[-169.75,56.63],[-169.75,56.63],[-169.75,56.63]]],[[[-176.29,51.79],[-176.29,51.79],[-176.29,51.79],[-176.29,51.79]]],[[[-176.02,52],[-176.02,52],[-176.02,52],[-176.02,52]]],[[[-177.15,51.72],[-177.66,51.68],[-177.06,51.9],[-177.15,51.72]]],[[[178.57,51.92],[178.57,51.92],[178.57,51.92],[178.57,51.92]]],[[[179.45,51.37],[179.28,51.37],[178.69,51.66],[179.45,51.37]]],[[[173.72,52.36],[173.4,52.41],[173.78,52.5],[173.72,52.36]]],[[[-134.97,57.35],[-134.63,56.76],[-134.65,56.23],[-134.98,56.52],[-134.87,56.67],[-135.33,56.82],[-135.2,57.03],[-135.5,57.24],[-135.81,57.01],[-135.79,57.32],[-135.35,57.53],[-134.97,57.35]]],[[[-134.68,58.16],[-134.24,58.14],[-133.91,57.79],[-133.93,57.67],[-134.25,58.05],[-134.27,57.88],[-133.94,57.58],[-133.93,57.34],[-134.52,57.04],[-134.62,57.19],[-134.49,57.48],[-134.66,57.64],[-134.78,58.08],[-134.68,58.16]]],[[[-135.73,58.24],[-135.61,57.99],[-135.35,58.12],[-135,58.05],[-134.93,57.48],[-135.5,57.66],[-135.69,57.42],[-135.91,57.45],[-136.08,57.67],[-136.57,57.97],[-136.32,58.22],[-135.73,58.24]]],[[[-133.57,56.34],[-133.2,56.32],[-133.1,56.09],[-132.76,56],[-132.17,55.48],[-132.51,55.59],[-131.98,55.21],[-131.98,54.8],[-132.13,54.71],[-132.78,55.05],[-133.1,55.36],[-133.03,55.59],[-133.68,55.79],[-133.24,55.92],[-133.37,56.04],[-133.69,55.94],[-133.57,56.34]]],[[[-133.99,56.84],[-133.85,56.58],[-133.95,56.13],[-134.19,56.08],[-134.2,56.41],[-134.37,56.84],[-133.99,56.84]]],[[[-152.42,58.36],[-151.97,58.31],[-152.11,58.16],[-152.57,58.17],[-152.78,58.02],[-153.38,58.09],[-152.84,58.42],[-152.42,58.36]]],[[[-167.97,53.34],[-168.51,53.04],[-169.07,52.83],[-168.64,53.26],[-168.36,53.3],[-168.29,53.5],[-167.8,53.49],[-167.97,53.34]]],[[[-166.62,53.9],[-166.23,53.93],[-166.55,53.7],[-166.31,53.7],[-166.77,53.48],[-167.52,53.28],[-167.81,53.32],[-167.14,53.53],[-166.98,53.96],[-166.62,53.9]]],[[[-173.55,52.14],[-173.02,52.08],[-173.46,52.04],[-173.99,52.1],[-173.55,52.14]]],[[[-174.68,52.04],[-175.29,52.02],[-174.3,52.22],[-174.17,52.42],[-174.12,52.13],[-174.68,52.04]]],[[[-176.59,51.87],[-176.44,51.75],[-176.96,51.6],[-176.7,51.99],[-176.59,51.87]]],[[[-177.88,51.65],[-178.19,51.88],[-177.96,51.92],[-177.88,51.65]]],[[[179.73,51.91],[179.73,51.91],[179.73,51.91],[179.73,51.91]]],[[[177.42,51.88],[177.42,51.88],[177.42,51.88],[177.42,51.88]]],[[[172.81,53.01],[173.44,52.85],[172.94,52.75],[172.49,52.94],[172.81,53.01]]],[[[-155.58,19.01],[-155.88,19.07],[-155.89,19.38],[-156.05,19.75],[-155.82,20.02],[-155.83,20.28],[-155.2,19.99],[-154.8,19.52],[-155.31,19.26],[-155.58,19.01]]],[[[-157.22,21.21],[-156.71,21.16],[-156.86,21.06],[-157.29,21.11],[-157.22,21.21]]],[[[-156.49,20.93],[-156.02,20.79],[-156.11,20.65],[-156.44,20.62],[-156.49,20.93]]],[[[-157.8,21.46],[-157.64,21.31],[-158.11,21.32],[-158.27,21.59],[-157.96,21.7],[-157.8,21.46]]],[[[-159.37,21.93],[-159.79,22.04],[-159.35,22.22],[-159.37,21.93]]],[[[-160.18,21.84],[-160.18,21.84],[-160.18,21.84],[-160.18,21.84]]],[[[-156.85,20.77],[-156.85,20.77],[-156.85,20.77],[-156.85,20.77]]],[[[-74.71,45],[-71.52,45.01],[-71.33,45.29],[-70.9,45.26],[-70.7,45.55],[-70.3,45.91],[-70.25,46.25],[-70.01,46.71],[-69.24,47.46],[-68.83,47.2],[-68.24,47.35],[-67.81,47.08],[-67.78,45.7],[-67.43,45.6],[-67.47,45.28],[-67.12,45.17],[-67.19,44.67],[-67.84,44.58],[-68.06,44.39],[-68.45,44.51],[-68.53,44.26],[-68.96,44.43],[-69.07,44.1],[-69.81,43.77],[-69.96,43.86],[-70.52,43.35],[-70.83,42.83],[-70.61,42.62],[-71.04,42.33],[-70.74,42.23],[-70.52,41.8],[-70,41.83],[-69.95,41.68],[-70.66,41.53],[-70.7,41.72],[-71.17,41.49],[-71.39,41.79],[-71.52,41.38],[-72.27,41.29],[-72.92,41.28],[-73.58,41.02],[-74.23,40.61],[-74.24,40.46],[-73.96,40.33],[-74.18,39.73],[-74.8,39],[-75.52,39.49],[-75.39,39.09],[-75.04,38.5],[-75.6,37.63],[-76,37.26],[-75.66,37.95],[-75.85,37.97],[-75.89,38.36],[-76.21,38.36],[-76.26,38.6],[-76,38.6],[-76.24,39.19],[-75.87,39.51],[-76.42,39.23],[-76.5,38.53],[-76.46,38.17],[-77.05,38.36],[-76.91,38.2],[-76.26,37.89],[-76.26,37.36],[-76.61,37.32],[-76.33,37.15],[-76.4,36.89],[-76,36.91],[-75.99,36.47],[-75.88,36.18],[-76.73,35.96],[-76.07,35.97],[-75.77,35.9],[-75.78,35.65],[-76.17,35.35],[-76.53,35.51],[-76.97,35.46],[-76.51,35.27],[-76.78,34.99],[-76.36,34.94],[-76.73,34.71],[-77.13,34.71],[-77.75,34.28],[-77.93,33.94],[-78.41,33.92],[-78.84,33.72],[-79.23,33.18],[-80.02,32.62],[-80.47,32.42],[-80.92,31.94],[-81.11,31.88],[-81.29,31.26],[-81.44,31.2],[-81.52,30.88],[-81.25,29.79],[-80.9,29.05],[-80.52,28.49],[-80.84,28.76],[-80.75,28.38],[-80.23,27.21],[-80.04,26.57],[-80.16,25.88],[-80.37,25.33],[-80.74,25.16],[-81.11,25.14],[-81.1,25.32],[-81.37,25.83],[-81.72,25.98],[-81.87,26.43],[-82.04,26.55],[-82.07,26.89],[-82.29,26.87],[-82.64,27.52],[-82.4,27.84],[-82.58,27.96],[-82.66,27.72],[-82.84,27.85],[-82.66,28.49],[-82.65,28.89],[-83.29,29.45],[-83.7,29.93],[-84.04,30.1],[-84.38,29.91],[-85.32,29.68],[-85.36,29.88],[-85.75,30.17],[-86.45,30.4],[-87.79,30.29],[-88.01,30.69],[-88.13,30.37],[-88.9,30.42],[-89.32,30.35],[-89.59,30.17],[-90.23,30.38],[-90.41,30.14],[-90.18,30.03],[-89.74,30.17],[-89.82,30.01],[-89.59,29.92],[-89.4,30.05],[-89.35,29.82],[-89.72,29.62],[-89.51,29.42],[-89.02,29.2],[-89.16,29.02],[-89.35,29.07],[-89.88,29.46],[-90.05,29.43],[-90.21,29.1],[-90.38,29.3],[-90.75,29.13],[-91.15,29.32],[-91.89,29.84],[-92.26,29.56],[-92.67,29.6],[-93.17,29.78],[-93.94,29.81],[-94.1,29.67],[-94.78,29.55],[-94.74,29.75],[-95.02,29.7],[-94.89,29.37],[-95.27,28.96],[-95.85,28.64],[-96.64,28.71],[-96.42,28.46],[-97.03,28.09],[-97.17,27.88],[-97.43,27.84],[-97.29,27.67],[-97.52,27.31],[-97.56,26.97],[-97.44,26.49],[-97.15,25.96],[-97.36,25.87],[-97.8,26.04],[-98.28,26.11],[-99.11,26.45],[-99.44,27.04],[-99.51,27.55],[-99.76,27.73],[-100.3,28.33],[-100.66,29.07],[-101.57,29.81],[-102.27,29.87],[-102.73,29.64],[-102.89,29.22],[-103.26,29],[-104.11,29.39],[-104.5,29.68],[-104.68,30.13],[-104.98,30.65],[-105.52,30.98],[-106.45,31.77],[-108.21,31.78],[-108.22,31.33],[-111.04,31.33],[-114.84,32.51],[-114.72,32.72],[-117.13,32.53],[-117.47,33.3],[-118.08,33.72],[-118.41,33.74],[-118.51,34.02],[-119.14,34.11],[-119.61,34.42],[-120.48,34.47],[-120.65,34.58],[-120.63,35.08],[-120.86,35.36],[-121.88,36.33],[-121.79,36.73],[-121.88,36.94],[-122.17,36.99],[-122.4,37.21],[-122.51,37.77],[-122.07,37.48],[-122.39,37.96],[-121.72,38.03],[-122.48,38.11],[-122.52,37.83],[-122.93,38.06],[-123.12,38.45],[-123.7,38.91],[-123.89,39.86],[-124.33,40.25],[-124.37,40.49],[-124.13,40.97],[-124.07,41.38],[-124.35,42.12],[-124.4,42.58],[-124.54,42.81],[-124.15,43.69],[-124.06,44.78],[-123.93,45.58],[-123.91,46.18],[-123.52,46.22],[-124.07,46.28],[-124.11,46.86],[-123.84,46.96],[-124.11,47.04],[-124.38,47.66],[-124.62,47.9],[-124.71,48.38],[-123.98,48.17],[-123.03,48.08],[-122.78,48.14],[-122.66,47.88],[-122.58,47.29],[-122.83,47.34],[-123.03,47.14],[-122.63,47.14],[-122.35,47.37],[-122.39,47.82],[-122.24,48.01],[-122.67,48.46],[-122.5,48.51],[-122.54,48.76],[-122.79,48.99],[-95.16,48.99],[-95.15,49.37],[-94.86,49.3],[-94.62,48.74],[-94.06,48.66],[-93.71,48.53],[-93,48.61],[-92.17,48.34],[-91.52,48.06],[-90.84,48.2],[-90.74,48.11],[-90.09,48.12],[-89.99,48.02],[-89.27,48.02],[-88.38,48.3],[-86.43,47.54],[-84.88,46.9],[-84.56,46.46],[-84.19,46.55],[-83.98,46.08],[-83.62,46.12],[-83.59,45.82],[-82.55,45.35],[-82.14,43.57],[-82.41,43.07],[-82.55,42.62],[-83.07,42.3],[-83.14,41.98],[-82.69,41.68],[-82.44,41.68],[-81.28,42.21],[-80.25,42.37],[-79.04,42.8],[-78.91,42.91],[-79.17,43.47],[-78.72,43.62],[-76.82,43.63],[-76.46,44.06],[-75.18,44.9],[-74.71,45]]],[[[-72.51,40.99],[-71.9,41.06],[-73.19,40.65],[-73.9,40.57],[-74.03,40.64],[-73.57,40.92],[-72.51,40.99]]],[[[-68.19,44.33],[-68.19,44.33],[-68.19,44.33],[-68.19,44.33]]],[[[-74.19,40.52],[-74.19,40.52],[-74.19,40.52],[-74.19,40.52]]],[[[-70.51,41.38],[-70.51,41.38],[-70.51,41.38],[-70.51,41.38]]],[[[-71.24,41.49],[-71.24,41.49],[-71.24,41.49],[-71.24,41.49]]],[[[-69.98,41.27],[-69.98,41.27],[-69.98,41.27],[-69.98,41.27]]],[[[-75.63,35.86],[-75.63,35.86],[-75.63,35.86],[-75.63,35.86]]],[[[-75.54,35.24],[-75.54,35.24],[-75.54,35.24],[-75.54,35.24]]],[[[-75.78,35.19],[-75.78,35.19],[-75.78,35.19],[-75.78,35.19]]],[[[-76.5,34.64],[-76.5,34.64],[-76.5,34.64],[-76.5,34.64]]],[[[-82.04,26.45],[-82.04,26.45],[-82.04,26.45],[-82.04,26.45]]],[[[-82.08,26.55],[-82.08,26.55],[-82.08,26.55],[-82.08,26.55]]],[[[-80.38,25.14],[-80.38,25.14],[-80.38,25.14],[-80.38,25.14]]],[[[-91.79,29.5],[-91.79,29.5],[-91.79,29.5],[-91.79,29.5]]],[[[-97.02,27.9],[-97.02,27.9],[-97.02,27.9],[-97.02,27.9]]],[[[-96.76,28.15],[-96.76,28.15],[-96.76,28.15],[-96.76,28.15]]],[[[-97.35,27.3],[-97.35,27.3],[-97.35,27.3],[-97.35,27.3]]],[[[-95.04,29.15],[-95.04,29.15],[-95.04,29.15],[-95.04,29.15]]],[[[-97.17,26.16],[-97.17,26.16],[-97.17,26.16],[-97.17,26.16]]],[[[-120.31,34.02],[-120.31,34.02],[-120.31,34.02],[-120.31,34.02]]],[[[-119.44,33.22],[-119.44,33.22],[-119.44,33.22],[-119.44,33.22]]],[[[-118.35,32.83],[-118.35,32.83],[-118.35,32.83],[-118.35,32.83]]],[[[-120.05,33.92],[-120.05,33.92],[-120.05,33.92],[-120.05,33.92]]],[[[-119.88,34.08],[-119.88,34.08],[-119.88,34.08],[-119.88,34.08]]],[[[-118.35,33.39],[-118.35,33.39],[-118.35,33.39],[-118.35,33.39]]],[[[-122.78,48.67],[-122.78,48.67],[-122.78,48.67],[-122.78,48.67]]],[[[-123.01,48.5],[-123.01,48.5],[-123.01,48.5],[-123.01,48.5]]],[[[-122.57,48.16],[-122.57,48.16],[-122.57,48.16],[-122.57,48.16]]],[[[-71.37,41.49],[-71.37,41.49],[-71.37,41.49],[-71.37,41.49]]],[[[-74.13,39.68],[-74.13,39.68],[-74.13,39.68],[-74.13,39.68]]],[[[-75.33,37.89],[-75.33,37.89],[-75.33,37.89],[-75.33,37.89]]],[[[-76.55,34.65],[-76.55,34.65],[-76.55,34.65],[-76.55,34.65]]],[[[-81.33,24.65],[-81.33,24.65],[-81.33,24.65],[-81.33,24.65]]],[[[-80.83,24.8],[-80.83,24.8],[-80.83,24.8],[-80.83,24.8]]],[[[-80.64,24.9],[-80.64,24.9],[-80.64,24.9],[-80.64,24.9]]],[[[-81.05,24.72],[-81.05,24.72],[-81.05,24.72],[-81.05,24.72]]],[[[-81.42,30.97],[-81.42,30.97],[-81.42,30.97],[-81.42,30.97]]],[[[-81.57,24.6],[-81.57,24.6],[-81.57,24.6],[-81.57,24.6]]],[[[-80.19,27.28],[-80.19,27.28],[-80.19,27.28],[-80.19,27.28]]],[[[-81.78,24.54],[-81.78,24.54],[-81.78,24.54],[-81.78,24.54]]],[[[-88.89,29.71],[-88.89,29.71],[-88.89,29.71],[-88.89,29.71]]],[[[-88.56,30.22],[-88.56,30.22],[-88.56,30.22],[-88.56,30.22]]],[[[-88.07,30.25],[-88.07,30.25],[-88.07,30.25],[-88.07,30.25]]],[[[-89.23,30.08],[-89.23,30.08],[-89.23,30.08],[-89.23,30.08]]],[[[-88.83,29.81],[-88.83,29.81],[-88.83,29.81],[-88.83,29.81]]],[[[-84.91,29.64],[-84.91,29.64],[-84.91,29.64],[-84.91,29.64]]],[[[-122.85,47.2],[-122.85,47.2],[-122.85,47.2],[-122.85,47.2]]],[[[-122.4,47.4],[-122.4,47.4],[-122.4,47.4],[-122.4,47.4]]],[[[-122.5,47.59],[-122.5,47.59],[-122.5,47.59],[-122.5,47.59]]],[[[-122.82,48.43],[-122.82,48.43],[-122.82,48.43],[-122.82,48.43]]],[[[-68.62,44.2],[-68.62,44.2],[-68.62,44.2],[-68.62,44.2]]]]},"properties":{"id":"tasa:USA","n":"Estados Unidos","st":"tasa_3","p":"USA","color":"#f6e08a","rango":"3 % a 5 %","z":0,"x":"3.875 % al cierre de 2026-09 · bajó 0.25 puntos en 12 meses · US Federal Reserve System"}},{"type":"Feature","geometry":{"type":"MultiPolygon","coordinates":[[[[-2.67,51.62],[-3.29,51.39],[-3.56,51.41],[-4.09,51.66],[-4.6,51.74],[-4.9,51.63],[-5.26,51.88],[-5.09,52],[-4.38,52.2],[-3.98,52.54],[-4.1,52.92],[-4.68,52.81],[-4.11,53.22],[-3.17,53.39],[-2.93,53.73],[-3.03,53.91],[-2.87,54.18],[-3.17,54.13],[-3.57,54.47],[-3.43,54.96],[-3.96,54.78],[-4.52,54.76],[-4.82,54.85],[-4.91,54.69],[-5.14,54.86],[-4.68,55.5],[-4.89,55.7],[-4.84,56.05],[-5.37,55.83],[-5.56,55.39],[-5.77,55.39],[-5.61,56.05],[-5.19,56.76],[-5.65,56.53],[-6.13,56.72],[-5.56,57.23],[-5.79,57.38],[-5.58,57.55],[-5.74,57.67],[-5.61,57.88],[-5.16,57.88],[-5.39,58.04],[-5.34,58.24],[-5.01,58.26],[-5.07,58.52],[-4.71,58.51],[-3.05,58.63],[-3.21,58.32],[-3.99,57.96],[-3.86,57.82],[-4.13,57.58],[-3.4,57.71],[-2.08,57.7],[-1.78,57.49],[-2.26,56.86],[-2.59,56.56],[-3.21,56.38],[-2.65,56.32],[-3.36,56.03],[-3.05,55.95],[-2.6,56.03],[-2.15,55.9],[-1.65,55.57],[-1.29,54.77],[-0.67,54.5],[-0.08,54.12],[-0.21,54.02],[0.12,53.61],[-0.29,53.69],[0.13,53.47],[0.35,53.16],[0.05,52.91],[0.28,52.81],[0.56,52.97],[1.06,52.96],[1.66,52.75],[1.75,52.47],[1.56,52.09],[1.28,51.84],[0.75,51.73],[0.89,51.57],[0.59,51.52],[0.69,51.39],[1.42,51.36],[1.4,51.18],[0.2,50.76],[-0.2,50.82],[-0.79,50.76],[-1.42,50.9],[-1.52,50.75],[-2.03,50.72],[-2.04,50.6],[-2.55,50.62],[-3,50.72],[-3.4,50.63],[-3.58,50.32],[-3.79,50.23],[-4.17,50.39],[-4.73,50.29],[-5.23,50.02],[-5.57,50.2],[-5.34,50.25],[-4.58,50.78],[-4.52,50.98],[-4.19,51.19],[-3.14,51.21],[-2.67,51.62]]],[[[-4.2,53.32],[-4.37,53.13],[-4.57,53.39],[-4.2,53.32]]],[[[-2.55,59.23],[-2.55,59.23],[-2.55,59.23],[-2.55,59.23]]],[[[-1.04,60.51],[-1.04,60.51],[-1.04,60.51],[-1.04,60.51]]],[[[-1.31,60.54],[-1.05,60.44],[-1.2,60.01],[-1.67,60.28],[-1.37,60.33],[-1.55,60.48],[-1.31,60.54]]],[[[-0.78,60.81],[-0.78,60.81],[-0.78,60.81],[-0.78,60.81]]],[[[-3.17,58.79],[-3.17,58.79],[-3.17,58.79],[-3.17,58.79]]],[[[-2.93,58.74],[-2.93,58.74],[-2.93,58.74],[-2.93,58.74]]],[[[-3.06,59.03],[-2.86,58.89],[-3.33,58.97],[-3.06,59.03]]],[[[-2.73,59.19],[-2.73,59.19],[-2.73,59.19],[-2.73,59.19]]],[[[-6.61,56.59],[-6.61,56.59],[-6.61,56.59],[-6.61,56.59]]],[[[-5.11,55.45],[-5.33,55.48],[-5.32,55.71],[-5.11,55.45]]],[[[-5.78,56.34],[-6.18,56.29],[-6.1,56.65],[-5.76,56.49],[-5.78,56.34]]],[[[-6.13,55.93],[-6.09,55.66],[-6.31,55.61],[-6.45,55.83],[-6.13,55.93]]],[[[-5.97,55.81],[-5.94,56.05],[-5.73,56.12],[-5.97,55.81]]],[[[-6.2,58.36],[-6.55,58.09],[-6.42,58.02],[-6.96,57.75],[-7.01,58.23],[-6.24,58.5],[-6.2,58.36]]],[[[-6.28,56.96],[-6.28,56.96],[-6.28,56.96],[-6.28,56.96]]],[[[-6.14,57.51],[-6.14,57.31],[-5.67,57.23],[-5.95,57.05],[-6.04,57.2],[-6.32,57.2],[-6.76,57.44],[-6.25,57.65],[-6.14,57.51]]],[[[-7.21,57.68],[-7.21,57.68],[-7.21,57.68],[-7.21,57.68]]],[[[-7.25,57.12],[-7.25,57.12],[-7.25,57.12],[-7.25,57.12]]],[[[-7.42,56.97],[-7.42,56.97],[-7.42,56.97],[-7.42,56.97]]],[[[-6.22,54.09],[-6.65,54.06],[-7.05,54.41],[-7.36,54.12],[-7.85,54.22],[-8.12,54.41],[-7.75,54.62],[-7.22,55.09],[-6.47,55.24],[-6.13,55.22],[-5.58,54.66],[-5.61,54.27],[-6.02,54.05],[-6.22,54.09]]],[[[-1.06,50.69],[-1.31,50.59],[-1.52,50.7],[-1.06,50.69]]]]},"properties":{"id":"tasa:GBR","n":"Reino Unido","st":"tasa_3","p":"GBR","color":"#f6e08a","rango":"3 % a 5 %","z":0,"x":"3.75 % al cierre de 2026-09 · bajó 0.25 puntos en 12 meses · Bank of England"}},{"type":"Feature","geometry":{"type":"MultiPolygon","coordinates":[[[[25.97,40.14],[25.97,40.14],[25.97,40.14],[25.97,40.14]]],[[[41.51,41.52],[42.47,41.44],[42.79,41.56],[43.44,41.11],[43.72,40.72],[43.57,40.48],[43.71,40.17],[44.01,40.01],[44.29,40.04],[44.77,39.7],[44.82,39.65],[44.59,39.77],[44.39,39.42],[44.02,39.38],[44.27,38.84],[44.32,38.37],[44.43,38.36],[44.21,37.91],[44.56,37.74],[44.57,37.44],[44.76,37.14],[44.28,36.98],[44.16,37.28],[43.52,37.24],[42.77,37.37],[42.36,37.11],[42.27,37.28],[41.51,37.09],[40.71,37.1],[40.02,36.83],[39.36,36.68],[38.77,36.69],[38.19,36.9],[37.43,36.64],[37.07,36.65],[36.66,36.8],[36.54,36.46],[36.64,36.23],[36.38,36.17],[36.15,35.83],[35.89,35.92],[35.81,36.31],[36.19,36.66],[36.05,36.91],[35.39,36.57],[34.81,36.8],[34.6,36.78],[34.02,36.34],[33.69,36.18],[32.79,36.04],[32.38,36.18],[32.02,36.53],[31.35,36.8],[30.65,36.87],[30.39,36.24],[30.23,36.31],[29.69,36.16],[29.14,36.4],[29.04,36.69],[28.31,36.81],[27.66,36.68],[28.24,37.03],[27.35,37.02],[27.53,37.16],[27.22,37.39],[27.08,37.69],[27.23,37.98],[26.29,38.28],[26.51,38.63],[26.6,38.42],[27.1,38.41],[26.76,38.71],[27.01,38.89],[26.68,39.29],[26.83,39.56],[26.11,39.47],[26.18,39.99],[26.74,40.4],[27.28,40.46],[27.48,40.32],[27.85,40.38],[29.05,40.42],[28.96,40.63],[29.85,40.74],[29.36,40.81],[29.05,41.01],[29.32,41.23],[29.92,41.15],[30.35,41.2],[30.81,41.08],[31.25,41.11],[31.46,41.32],[32.3,41.73],[33.38,42.02],[34.75,41.96],[35,42.06],[35.3,41.73],[35.56,41.63],[36.05,41.68],[36.18,41.43],[36.51,41.26],[36.78,41.36],[37.07,41.18],[38.38,40.93],[39.43,41.11],[39.81,40.98],[40.26,40.96],[40.96,41.21],[41.51,41.52]]],[[[28.01,41.97],[27.99,41.86],[28.34,41.47],[29.06,41.23],[28.78,40.97],[28.17,41.08],[27.5,40.97],[27.26,40.69],[26.77,40.5],[26.2,40.07],[26.25,40.31],[26.79,40.63],[26.11,40.61],[26.04,40.73],[26.33,40.95],[26.33,41.24],[26.62,41.4],[26.58,41.6],[26.32,41.72],[26.58,41.95],[27.29,42.08],[27.53,41.92],[28.01,41.97]]]]},"properties":{"id":"tasa:TUR","n":"Turquía","st":"tasa_7","p":"TUR","color":"#6e1423","rango":"20 % o más","z":0,"x":"37 % al cierre de 2026-09 · bajó 3.5 puntos en 12 meses · Central Bank of the Republic of Turkey"}},{"type":"Feature","geometry":{"type":"MultiPolygon","coordinates":[[[[102.61,11.68],[102.61,11.68],[102.61,11.68],[102.61,11.68]]],[[[102.43,11.99],[102.43,11.99],[102.43,11.99],[102.43,11.99]]],[[[98.41,7.9],[98.41,7.9],[98.41,7.9],[98.41,7.9]]],[[[100.12,20.32],[100.37,20.34],[100.54,20.09],[100.4,19.76],[100.63,19.5],[100.96,19.61],[101.21,19.55],[101.29,18.98],[101.05,18.41],[101.11,18.03],[100.91,17.58],[101.11,17.48],[102.15,18.2],[102.72,17.89],[103.05,18.03],[103.29,18.41],[103.49,18.42],[104.05,18.22],[104.43,17.7],[104.82,17.3],[104.75,16.65],[105.05,16.16],[105.41,15.99],[105.62,15.7],[105.51,15.36],[105.55,14.93],[105.48,14.53],[105.18,14.35],[105.07,14.23],[104.78,14.43],[103.2,14.33],[102.91,14.14],[102.55,13.58],[102.32,13.54],[102.5,12.67],[102.75,12.43],[102.74,12.09],[102.93,11.71],[102.6,12.2],[102.54,12.11],[102.03,12.53],[101.72,12.69],[101.44,12.62],[100.86,12.72],[100.96,13.43],[100.66,13.52],[100.23,13.48],[100.02,13.35],[100.09,13.04],[99.96,12.69],[99.99,12.17],[99.63,11.46],[99.49,10.89],[99.16,10.32],[99.16,9.73],[99.4,9.21],[99.72,9.31],[99.91,9.11],[99.96,8.67],[100.28,8.27],[100.45,7.44],[100.16,7.73],[100.42,7.19],[100.59,7.18],[101.02,6.86],[101.5,6.86],[101.8,6.47],[102.1,6.24],[101.87,5.82],[101.56,5.91],[101.11,5.64],[100.98,5.77],[101.05,6.24],[100.79,6.43],[100.18,6.67],[100.12,6.44],[99.7,6.88],[99.6,7.36],[99.36,7.37],[99.05,7.89],[98.58,8.34],[98.3,8.23],[98.23,8.54],[98.37,9.29],[98.7,10.19],[98.76,10.66],[99.19,11.11],[99.61,11.78],[99.41,12.55],[99.22,12.74],[99.11,13.1],[99.14,13.72],[98.93,14.05],[98.57,14.36],[98.25,14.81],[98.19,15.2],[98.56,15.4],[98.59,16.05],[98.82,16.18],[98.48,16.73],[98.44,16.98],[97.79,17.68],[97.63,18.29],[97.48,18.49],[97.75,18.62],[97.71,18.93],[97.82,19.46],[98.02,19.75],[98.24,19.69],[98.92,19.77],[99.02,20.04],[99.5,20.19],[99.46,20.36],[99.89,20.42],[100.12,20.32]]],[[[100.08,9.7],[100.08,9.7],[100.08,9.7],[100.08,9.7]]],[[[100.07,9.59],[100.07,9.59],[100.07,9.59],[100.07,9.59]]],[[[99.66,6.52],[99.66,6.52],[99.66,6.52],[99.66,6.52]]],[[[98.59,7.93],[98.59,7.93],[98.59,7.93],[98.59,7.93]]],[[[98.31,9.05],[98.31,9.05],[98.31,9.05],[98.31,9.05]]],[[[99.08,7.59],[99.08,7.59],[99.08,7.59],[99.08,7.59]]]]},"properties":{"id":"tasa:THA","n":"Tailandia","st":"tasa_2","p":"THA","color":"#bfe0c3","rango":"1 % a 3 %","z":0,"x":"1 % al cierre de 2026-09 · bajó 0.5 puntos en 12 meses · Bank of Thailand"}},{"type":"Feature","geometry":{"type":"Polygon","coordinates":[[[9.52,47.52],[9.53,47.27],[9.58,47.06],[10.18,46.86],[10.45,46.87],[10.43,46.55],[10.2,46.62],[9.94,46.36],[9.53,46.31],[9.26,46.48],[9.25,46.29],[8.96,45.83],[8.46,46.25],[8.37,46.45],[7.79,45.92],[7.02,45.93],[6.77,46.16],[6.76,46.42],[6.43,46.43],[6.09,46.15],[6.06,46.43],[7,47.32],[7.05,47.49],[7.42,47.46],[7.62,47.59],[8.42,47.59],[8.62,47.77],[9.18,47.67],[9.52,47.52]]]},"properties":{"id":"tasa:CHE","n":"Suiza","st":"tasa_1","p":"CHE","color":"#e8f3ea","rango":"Menos de 1 %","z":0,"x":"0 % al cierre de 2026-09 · sin cambio en 12 meses · Swiss National Bank"}},{"type":"Feature","geometry":{"type":"MultiPolygon","coordinates":[[[[19.07,57.84],[18.82,57.71],[18.91,57.4],[18.15,56.92],[18.29,57.08],[18.11,57.27],[18.14,57.56],[18.54,57.83],[19.07,57.84]]],[[[16.53,56.29],[16.41,56.57],[17.03,57.34],[17.12,57.32],[16.78,56.8],[16.53,56.29]]],[[[11.39,59.04],[11.64,58.93],[11.8,59.29],[11.68,59.59],[11.93,59.86],[12.49,60.11],[12.59,60.45],[12.3,61],[12.68,61.05],[12.88,61.35],[12.16,61.72],[12.3,62.28],[12.12,62.59],[12.22,63],[12,63.29],[12.17,63.6],[12.66,63.94],[13.3,64.07],[13.96,64.01],[14.14,64.17],[14.08,64.46],[13.65,64.58],[14.48,65.3],[14.64,65.85],[14.54,66.13],[15.04,66.17],[15.49,66.31],[15.42,66.49],[16.4,67.06],[16.13,67.43],[16.59,67.63],[16.79,67.9],[17.33,68.1],[17.92,67.97],[18.18,68.2],[18.16,68.53],[18.38,68.56],[19.97,68.36],[20.24,68.48],[19.97,68.54],[20.32,68.75],[20.12,69.02],[20.62,69.04],[22,68.52],[22.78,68.39],[23.64,67.95],[23.5,67.87],[23.47,67.45],[23.73,67.42],[23.62,67.18],[23.99,66.81],[23.7,66.48],[23.75,66.19],[24.15,65.81],[23.69,65.83],[23.1,65.74],[22.75,65.87],[22.37,65.84],[22.25,65.6],[21.57,65.41],[21.58,65.16],[21.14,64.81],[21.52,64.46],[21.02,64.18],[20.76,63.87],[19.91,63.61],[19.72,63.46],[19.36,63.48],[19.04,63.24],[18.61,63.18],[18.46,62.9],[17.89,62.83],[18.04,62.6],[17.57,62.45],[17.41,62.51],[17.51,62.17],[17.38,61.87],[17.47,61.68],[17.2,61.72],[17.25,60.7],[17.66,60.54],[17.96,60.59],[18.79,60.08],[18.97,59.76],[18.22,59.42],[18.51,59.41],[18.29,59.11],[17.46,58.86],[16.98,58.65],[16.21,58.64],[16.79,58.59],[16.65,58.43],[16.77,58.21],[16.55,57.81],[16.65,57.5],[16.48,57.26],[16.53,57.07],[16,56.22],[14.72,56.13],[14.21,55.83],[14.34,55.53],[14.18,55.4],[13.81,55.43],[13.32,55.35],[12.89,55.41],[12.94,55.81],[12.51,56.29],[12.8,56.26],[12.66,56.44],[12.88,56.62],[12.42,56.91],[11.73,57.72],[11.7,57.97],[11.45,58.12],[11.27,58.48],[11.19,59.08],[11.39,59.04]]],[[[19.16,57.92],[19.16,57.92],[19.16,57.92],[19.16,57.92]]],[[[18.42,59.03],[18.42,59.03],[18.42,59.03],[18.42,59.03]]],[[[18.6,59.47],[18.6,59.47],[18.6,59.47],[18.6,59.47]]]]},"properties":{"id":"tasa:SWE","n":"Suecia","st":"tasa_2","p":"SWE","color":"#bfe0c3","rango":"1 % a 3 %","z":0,"x":"1.75 % al cierre de 2026-09 · bajó 0.25 puntos en 12 meses · Sveriges Riksbank"}},{"type":"Feature","geometry":{"type":"MultiPolygon","coordinates":[[[[1.59,38.67],[1.59,38.67],[1.59,38.67],[1.59,38.67]]],[[[3.14,39.79],[3.45,39.76],[3.25,39.39],[3.07,39.3],[2.37,39.61],[3.16,39.97],[3.14,39.79]]],[[[4.29,39.84],[3.84,39.98],[4.22,40.03],[4.29,39.84]]],[[[1.45,38.92],[1.45,38.92],[1.45,38.92],[1.45,38.92]]],[[[-1.79,43.41],[-1.41,43.24],[-1.48,43.07],[-0.76,42.94],[-0.59,42.8],[-0.3,42.83],[-0.04,42.69],[0.63,42.69],[0.7,42.85],[1.35,42.69],[1.43,42.6],[1.7,42.5],[2.03,42.35],[2.65,42.34],[3.21,42.43],[3.25,41.94],[3,41.77],[2.31,41.47],[2.08,41.29],[1.03,41.06],[0.71,40.82],[0.89,40.72],[0.6,40.61],[-0.07,39.88],[-0.33,39.52],[-0.2,39.06],[0.2,38.76],[-0.38,38.44],[-0.65,38.15],[-0.82,37.58],[-1.33,37.56],[-1.8,37.23],[-2.19,36.74],[-2.6,36.81],[-2.79,36.72],[-3.26,36.76],[-4.37,36.72],[-4.67,36.51],[-5.17,36.42],[-5.36,36.14],[-5.63,36.03],[-6.04,36.19],[-6.49,36.95],[-6.89,37.19],[-7.41,37.18],[-7.5,37.59],[-7.18,38.01],[-7.02,38.05],[-7.34,38.46],[-7.28,38.72],[-7,39.06],[-7.17,39.14],[-7.54,39.66],[-7.04,39.71],[-6.9,40.02],[-7.01,40.21],[-6.81,40.34],[-6.93,41.01],[-6.21,41.53],[-6.54,41.67],[-6.62,41.94],[-7.15,41.98],[-7.4,41.83],[-8.22,41.9],[-8.21,42.13],[-8.78,41.94],[-8.89,42.11],[-8.69,42.27],[-8.93,42.8],[-9.24,42.98],[-9.18,43.17],[-8.87,43.33],[-8.25,43.44],[-8.26,43.58],[-7.7,43.77],[-7.26,43.6],[-5.66,43.58],[-4.52,43.42],[-3.61,43.52],[-3.04,43.37],[-2.87,43.45],[-2.34,43.33],[-1.79,43.41]]],[[[-16.34,28.38],[-16.66,28.01],[-16.9,28.34],[-16.12,28.53],[-16.34,28.38]]],[[[-13.71,28.91],[-13.71,28.91],[-13.71,28.91],[-13.71,28.91]]],[[[-14.2,28.17],[-13.96,28.74],[-13.83,28.59],[-13.93,28.25],[-14.2,28.17]]],[[[-15.4,28.15],[-15.39,27.87],[-15.71,27.78],[-15.68,28.15],[-15.4,28.15]]],[[[-17.18,28.02],[-17.18,28.02],[-17.18,28.02],[-17.18,28.02]]],[[[-17.89,27.81],[-17.89,27.81],[-17.89,27.81],[-17.89,27.81]]],[[[-17.83,28.49],[-18,28.76],[-17.74,28.79],[-17.83,28.49]]]]},"properties":{"id":"tasa:ESP","n":"España","st":"tasa_2","p":"ESP","color":"#bfe0c3","rango":"1 % a 3 %","z":0,"x":"2.5 % al cierre de 2026-09 · subió 0.5 puntos en 12 meses · Banco Central Europeo (zona euro)"}},{"type":"Feature","geometry":{"type":"MultiPolygon","coordinates":[[[[126.63,37.78],[127.01,38.24],[127.3,38.31],[128.04,38.31],[128.38,38.62],[128.62,38.18],[129.34,37.27],[129.47,36.74],[129.41,36.05],[129.57,36.05],[129.42,35.5],[129.21,35.18],[128.51,35.1],[128.44,34.87],[128.04,35.02],[127.71,34.96],[127.63,34.69],[127.32,34.46],[127.25,34.76],[126.9,34.44],[126.51,34.35],[126.27,34.67],[126.53,34.7],[126.29,35.15],[126.49,35.65],[126.72,35.77],[126.54,36.17],[126.49,36.69],[126.18,36.69],[126.22,36.87],[126.58,37.02],[126.96,36.91],[126.74,37.19],[126.56,37.72],[126.63,37.78]]],[[[128.74,34.8],[128.49,34.86],[128.72,35.01],[128.74,34.8]]],[[[128.07,34.81],[128.07,34.81],[128.07,34.81],[128.07,34.81]]],[[[126.23,34.37],[126.23,34.37],[126.23,34.37],[126.23,34.37]]],[[[126.52,37.74],[126.52,37.74],[126.52,37.74],[126.52,37.74]]],[[[126.75,34.34],[126.75,34.34],[126.75,34.34],[126.75,34.34]]],[[[127.8,34.61],[127.8,34.61],[127.8,34.61],[127.8,34.61]]],[[[126.42,36.49],[126.42,36.49],[126.42,36.49],[126.42,36.49]]],[[[126.17,34.73],[126.17,34.73],[126.17,34.73],[126.17,34.73]]],[[[130.92,37.48],[130.92,37.48],[130.92,37.48],[130.92,37.48]]],[[[126.33,33.22],[126.34,33.46],[126.9,33.52],[126.87,33.34],[126.33,33.22]]]]},"properties":{"id":"tasa:KOR","n":"República de Corea","st":"tasa_2","p":"KOR","color":"#bfe0c3","rango":"1 % a 3 %","z":0,"x":"2.75 % al cierre de 2026-07 · Bank of Korea"}},{"type":"Feature","geometry":{"type":"MultiPolygon","coordinates":[[[[29.36,-22.19],[29.66,-22.15],[30.46,-22.33],[31.07,-22.31],[31.29,-22.4],[31.55,-23.48],[31.8,-23.89],[31.98,-24.46],[31.95,-25.96],[31.42,-25.75],[31.21,-25.84],[30.8,-26.41],[30.79,-26.77],[31.06,-27.11],[31.47,-27.3],[31.96,-27.31],[32,-26.82],[32.11,-26.84],[32.88,-26.85],[32.54,-28.2],[32.29,-28.62],[31.78,-28.94],[31.34,-29.38],[31.02,-29.9],[30.29,-30.97],[28.86,-32.29],[27.86,-33.05],[27.08,-33.52],[26.43,-33.76],[25.99,-33.71],[25.65,-33.85],[25.64,-34.01],[25,-33.97],[24.83,-34.17],[23.59,-33.99],[23.27,-34.08],[22.55,-34.01],[22.25,-34.07],[21.79,-34.37],[21.06,-34.37],[20.53,-34.46],[20.02,-34.79],[19.64,-34.75],[19.1,-34.35],[18.83,-34.36],[18.81,-34.11],[18.35,-34.19],[18.47,-33.89],[18.26,-33.42],[17.85,-32.83],[18.25,-32.65],[18.31,-32.12],[18.21,-31.74],[17.68,-31.02],[17.19,-30.1],[16.95,-29.4],[16.45,-28.62],[16.72,-28.48],[17.06,-28.03],[17.39,-28.35],[17.45,-28.7],[18.31,-28.89],[19.25,-28.9],[19.67,-28.5],[19.98,-28.45],[19.98,-24.78],[20.35,-25.03],[20.79,-25.92],[20.81,-26.16],[20.63,-26.44],[20.74,-26.85],[21.65,-26.85],[22.09,-26.58],[22.64,-26.07],[22.88,-25.46],[23.27,-25.27],[23.9,-25.6],[24.75,-25.82],[25.44,-25.71],[25.58,-25.61],[25.91,-24.75],[26.4,-24.61],[26.84,-24.24],[26.99,-23.7],[27.31,-23.43],[27.76,-23.2],[28.21,-22.69],[28.69,-22.54],[29.13,-22.21],[29.36,-22.19]],[[28.74,-30.1],[29.1,-29.92],[29.39,-29.27],[29.3,-29.09],[28.63,-28.58],[27.74,-28.94],[27.29,-29.52],[27.05,-29.66],[27.39,-30.32],[27.75,-30.6],[28.02,-30.64],[28.39,-30.15],[28.74,-30.1]]],[[[37.86,-46.94],[37.86,-46.94],[37.86,-46.94],[37.86,-46.94]]]]},"properties":{"id":"tasa:ZAF","n":"Sudáfrica","st":"tasa_4","p":"ZAF","color":"#f3b25d","rango":"5 % a 8 %","z":0,"x":"7.25 % al cierre de 2026-09 · subió 0.25 puntos en 12 meses · South African Reserve Bank"}},{"type":"Feature","geometry":{"type":"Polygon","coordinates":[[[22.54,49.07],[22.13,48.41],[21.77,48.34],[21.45,48.55],[20.49,48.53],[20.33,48.3],[19.9,48.13],[19.63,48.22],[19.47,48.11],[18.79,48],[18.73,47.79],[17.76,47.77],[17.15,48.01],[16.86,48.39],[16.95,48.6],[17.19,48.86],[17.76,48.89],[18.08,49.07],[18.16,49.26],[18.6,49.49],[18.83,49.51],[19.15,49.4],[19.44,49.6],[19.77,49.37],[19.76,49.2],[20.62,49.39],[21.64,49.41],[22.02,49.21],[22.54,49.07]]]},"properties":{"id":"tasa:SVK","n":"Eslovaquia","st":"tasa_2","p":"SVK","color":"#bfe0c3","rango":"1 % a 3 %","z":0,"x":"2.5 % al cierre de 2026-09 · subió 0.5 puntos en 12 meses · Banco Central Europeo (zona euro)"}},{"type":"Feature","geometry":{"type":"Polygon","coordinates":[[[16.52,46.5],[15.64,46.2],[15.63,45.83],[15.28,45.73],[15.34,45.47],[14.85,45.47],[14.54,45.65],[14.37,45.48],[13.88,45.43],[13.58,45.52],[13.72,45.59],[13.57,45.83],[13.63,46.18],[13.38,46.26],[13.7,46.52],[14.5,46.42],[15,46.63],[15.96,46.68],[16.09,46.86],[16.28,46.86],[16.52,46.5]]]},"properties":{"id":"tasa:SVN","n":"Eslovenia","st":"tasa_2","p":"SVN","color":"#bfe0c3","rango":"1 % a 3 %","z":0,"x":"2.5 % al cierre de 2026-09 · subió 0.5 puntos en 12 meses · Banco Central Europeo (zona euro)"}},{"type":"Feature","geometry":{"type":"Polygon","coordinates":[[[22.7,44.24],[22.42,44.01],[22.39,43.71],[22.56,43.45],[22.98,43.19],[22.71,42.88],[22.47,42.84],[22.52,42.44],[22.34,42.31],[21.56,42.25],[21.75,42.67],[21.39,42.75],[21.06,43.09],[20.76,43.26],[20.35,42.83],[20.34,42.89],[19.55,43.21],[19.19,43.53],[19.49,43.7],[19.24,43.96],[19.58,44.04],[19.15,44.3],[19.15,44.53],[19.35,44.88],[19.01,44.87],[19.14,45.2],[19.33,45.27],[19.01,45.4],[18.91,45.93],[19.53,46.16],[20.24,46.11],[20.77,45.75],[20.77,45.48],[21.43,45.19],[21.36,44.86],[22.09,44.54],[22.5,44.71],[22.72,44.61],[22.49,44.44],[22.7,44.24]]]},"properties":{"id":"tasa:SRB","n":"Serbia","st":"tasa_4","p":"SRB","color":"#f3b25d","rango":"5 % a 8 %","z":0,"x":"5.75 % al cierre de 2026-09 · sin cambio en 12 meses · National Bank of Serbia"}},{"type":"Feature","geometry":{"type":"MultiPolygon","coordinates":[[[[36.9,25.38],[36.9,25.38],[36.9,25.38],[36.9,25.38]]],[[[41.99,16.71],[41.8,16.78],[41.86,17],[41.99,16.71]]],[[[51.98,19],[49.19,18.62],[48.17,18.16],[47.58,17.45],[47.44,17.11],[46.98,16.95],[46.68,17.27],[46.31,17.23],[45.41,17.32],[45.15,17.43],[44.16,17.4],[43.92,17.32],[43.42,17.52],[43.19,17.36],[43.17,16.69],[42.8,16.37],[42.7,16.74],[42.39,17.12],[42.3,17.44],[41.75,17.88],[41.23,18.68],[41.12,19.08],[40.76,19.75],[40.08,20.27],[39.61,20.52],[39.09,21.31],[39.15,21.52],[38.99,21.88],[39.09,22.39],[39.01,22.77],[38.29,23.91],[37.92,24.18],[37.54,24.29],[37.18,24.82],[37.27,24.96],[37.15,25.29],[36.52,26.1],[36.25,26.59],[35.58,27.43],[35.18,28.04],[34.62,28.15],[34.78,28.51],[34.95,29.35],[36.02,29.19],[36.48,29.5],[36.75,29.87],[37.47,30],[37.63,30.31],[37.98,30.5],[36.96,31.49],[39,32.01],[39.14,32.13],[40.37,31.94],[42.08,31.08],[42.86,30.5],[44.69,29.2],[46.36,29.06],[46.53,29.1],[47.43,28.99],[47.67,28.53],[48.44,28.54],[48.78,27.96],[48.8,27.72],[49.24,27.49],[49.41,27.18],[49.98,26.83],[50.03,26.53],[50.22,26.31],[50.03,26.11],[50.28,25.57],[50.46,25.42],[50.56,25.09],[50.81,24.79],[50.97,24.57],[51.27,24.61],[51.31,24.34],[51.57,24.29],[51.57,24.13],[52.56,22.93],[55.12,22.62],[55.19,22.7],[55.64,22],[54.98,20],[51.98,19]]],[[[36.6,25.71],[36.6,25.71],[36.6,25.71],[36.6,25.71]]]]},"properties":{"id":"tasa:SAU","n":"Arabia Saudita","st":"tasa_3","p":"SAU","color":"#f6e08a","rango":"3 % a 5 %","z":0,"x":"4.5 % al cierre de 2026-09 · bajó 0.25 puntos en 12 meses · Saudi Arabian Monetary Authority"}},{"type":"Feature","geometry":{"type":"MultiPolygon","coordinates":[[[[145.88,43.46],[145.88,43.46],[145.88,43.46],[145.88,43.46]]],[[[146.36,43.62],[146.36,43.62],[146.36,43.62],[146.36,43.62]]],[[[146.04,43.41],[146.04,43.41],[146.04,43.41],[146.04,43.41]]],[[[137.18,55.1],[137.06,54.93],[136.71,54.96],[137.18,55.1]]],[[[150.59,59.02],[150.59,59.02],[150.59,59.02],[150.59,59.02]]],[[[120.26,73.09],[120.26,73.09],[120.26,73.09],[120.26,73.09]]],[[[124.54,73.85],[124.54,73.85],[124.54,73.85],[124.54,73.85]]],[[[106.27,78.21],[106.46,78.34],[106.72,78.26],[106.27,78.21]]],[[[107.42,77.24],[107.42,77.24],[107.42,77.24],[107.42,77.24]]],[[[97.59,76.6],[97.59,76.6],[97.59,76.6],[97.59,76.6]]],[[[96.85,76.2],[96.85,76.2],[96.85,76.2],[96.85,76.2]]],[[[100.14,79.61],[100.14,79.61],[100.14,79.61],[100.14,79.61]]],[[[76.75,73.45],[76.75,73.45],[76.75,73.45],[76.75,73.45]]],[[[82.71,74.09],[82.71,74.09],[82.71,74.09],[82.71,74.09]]],[[[84.76,74.46],[84.76,74.46],[84.76,74.46],[84.76,74.46]]],[[[86.65,74.98],[87.12,74.94],[86.93,74.83],[86.39,74.85],[86.65,74.98]]],[[[59.31,81.3],[58.72,81.31],[59.07,81.4],[59.31,81.3]]],[[[130.69,42.3],[130.53,42.54],[130.42,42.73],[131.07,42.9],[131.26,43.38],[131.17,43.7],[131.26,44.07],[131.06,44.66],[131.08,44.91],[131.45,44.98],[131.85,45.33],[131.98,45.24],[132.94,45.03],[133.11,45.13],[133.19,45.49],[133.44,45.61],[133.51,45.88],[133.86,46.25],[133.87,46.5],[134.2,47.13],[134.17,47.3],[134.48,47.45],[134.75,47.71],[134.57,48.02],[134.56,48.32],[134.29,48.37],[133.47,48.1],[133.15,48.11],[132.71,47.95],[132.56,47.77],[131.78,47.68],[131,47.69],[130.73,48.02],[130.81,48.34],[130.55,48.6],[130.55,48.86],[130.2,48.89],[129.5,49.39],[129.12,49.36],[128.77,49.58],[128,49.57],[127.5,49.87],[127.59,50.21],[127.4,50.3],[127.35,50.62],[126.92,51.1],[126.81,51.51],[126.51,51.93],[126.31,52.4],[126.02,52.61],[126.05,52.74],[125.65,53.04],[125.07,53.2],[124.81,53.13],[123.61,53.55],[122.09,53.45],[120.98,53.28],[120.1,52.79],[120.07,52.63],[120.66,52.57],[120.68,51.97],[120.07,51.6],[119.16,50.41],[119.35,50.28],[119.26,50.07],[118.45,49.84],[117.87,49.51],[117.24,49.62],[116.68,49.82],[116.14,50.01],[115.72,49.88],[115.27,49.95],[114.74,50.23],[114.3,50.27],[113.17,49.8],[113.06,49.62],[112.08,49.42],[111.34,49.36],[110.83,49.17],[110.2,49.17],[109.24,49.33],[108.61,49.32],[108.04,49.59],[107.95,49.92],[107.23,49.99],[106.71,50.31],[106.22,50.3],[105.38,50.47],[104.47,50.31],[104.18,50.17],[103.63,50.14],[102.68,50.39],[102.29,50.58],[102.11,51.35],[101.38,51.45],[100.47,51.73],[99.92,51.76],[98.89,52.12],[98.64,51.8],[98.35,51.72],[97.95,51.35],[97.83,50.99],[98.03,50.65],[98.28,50.53],[98.1,50.08],[97.21,49.73],[96.99,49.88],[96.31,49.9],[95.85,50.01],[95.11,49.94],[94.61,50.02],[94.36,50.22],[94.25,50.56],[93.1,50.6],[92.94,50.78],[92.63,50.69],[92.35,50.86],[92.19,50.7],[91.8,50.69],[90.65,50.22],[90.01,50.07],[89.64,49.9],[89.65,49.72],[89.01,49.47],[88.19,49.45],[88.12,49.26],[87.81,49.16],[87.32,49.09],[86.62,49.61],[86.61,49.77],[86.18,49.5],[85.21,49.66],[84.99,50.06],[84.32,50.24],[83.94,50.78],[83.36,50.99],[82.76,50.89],[82.49,50.73],[81.47,50.74],[81.39,50.96],[81.07,50.97],[81.13,51.19],[80.88,51.28],[80.45,51.18],[80.42,50.95],[79.99,50.78],[79.47,51.49],[78.48,52.64],[77.7,53.38],[76.57,53.94],[76.42,54.15],[76.65,54.14],[76.84,54.44],[75.66,54.11],[75.05,53.83],[74.45,53.65],[74.35,53.49],[73.86,53.62],[73.37,53.45],[73.4,53.81],[73.68,53.93],[72.62,54.13],[72.41,53.96],[72.27,54.27],[71.34,54.16],[71.09,54.21],[71.19,54.6],[70.74,55.3],[70.18,55.16],[69.49,55.36],[68.98,55.39],[68.24,55.05],[67.69,54.87],[66.22,54.67],[65.48,54.62],[65.16,54.36],[64.46,54.38],[63.07,54.1],[61.93,53.95],[61.33,54.05],[61.14,53.96],[60.98,53.62],[61.53,53.52],[61.23,53.45],[61.2,53.29],[62.02,53.11],[61.97,52.94],[61.05,52.97],[60.8,52.74],[60.98,52.39],[60.67,52.15],[60.06,51.98],[60.46,51.65],[61.36,51.44],[61.58,51.23],[61.39,50.86],[60.94,50.7],[60.29,50.7],[60,50.84],[59.81,50.58],[58.88,50.69],[58.36,51.06],[57.84,51.09],[57.44,50.89],[57.01,51.07],[56.49,51.02],[55.8,50.6],[55.54,50.6],[54.64,51.01],[54.65,50.66],[54.04,51.12],[53.34,51.48],[52.57,51.48],[52.33,51.68],[52.01,51.67],[51.61,51.48],[51.35,51.47],[51.16,51.65],[50.79,51.73],[50.25,51.29],[49.5,51.08],[49.32,50.85],[48.81,50.6],[48.62,50.61],[48.84,50.01],[48.43,49.83],[47.71,50.38],[47.33,50.27],[47.3,50.06],[46.99,49.85],[46.8,49.37],[47.01,49.1],[46.7,48.8],[46.66,48.41],[47,48.28],[47.09,47.95],[47.29,47.74],[47.48,47.8],[48.11,47.75],[48.55,47.32],[48.96,46.77],[48.56,46.76],[48.61,46.57],[49.23,46.34],[48.69,46.09],[48.26,45.78],[47.53,45.6],[47.08,44.82],[46.76,44.66],[46.75,44.42],[47.02,44.34],[47.36,43.99],[47.51,43.51],[47.46,43.03],[48.57,41.85],[48.39,41.6],[48.06,41.46],[47.86,41.21],[47.26,41.32],[47.21,41.46],[46.75,41.81],[46.43,41.89],[45.64,42.2],[45.73,42.48],[45.34,42.53],[44.87,42.76],[44.77,42.62],[44.51,42.75],[43.96,42.57],[43.78,42.75],[43.09,42.99],[42.99,43.09],[42.42,43.22],[41.58,43.22],[40.65,43.53],[40.15,43.57],[39.98,43.42],[38.72,44.29],[38.18,44.42],[37.85,44.7],[37.41,44.74],[37.2,44.97],[36.65,45.13],[36.94,45.29],[37.65,45.38],[37.67,45.65],[37.93,46],[38.49,46.09],[37.77,46.64],[38.5,46.66],[38.44,46.81],[39.29,47.11],[39.2,47.27],[38.21,47.09],[38.29,47.56],[38.9,47.86],[39.74,47.84],[39.96,48.27],[39.84,48.54],[39.65,48.59],[39.99,48.85],[39.68,49.01],[40.11,49.25],[40.03,49.6],[39.78,49.57],[39.17,49.86],[38.92,49.82],[38.26,50.05],[38.05,49.92],[37.7,50.11],[37.42,50.41],[36.62,50.21],[35.89,50.44],[35.67,50.35],[35.41,50.54],[35.31,51.04],[35.06,51.2],[34.23,51.24],[34.12,51.68],[34.4,51.78],[33.73,52.34],[33.15,52.34],[32.9,52.26],[32.51,52.31],[32.28,52.11],[31.76,52.1],[31.58,52.31],[31.53,52.8],[31.26,53.02],[31.42,53.2],[32.14,53.09],[32.7,53.34],[32.45,53.69],[31.75,53.81],[31.79,54.06],[31.4,54.2],[31.16,54.61],[30.8,54.78],[30.98,55.05],[30.81,55.28],[30.91,55.57],[30.45,55.79],[29.94,55.85],[29.48,55.68],[29.37,55.94],[29.09,56.02],[28.74,55.96],[28.56,56.09],[28.15,56.14],[28.1,56.55],[27.8,56.87],[27.64,56.85],[27.84,57.25],[27.35,57.53],[27.54,57.8],[27.75,57.84],[27.49,58.27],[27.46,58.84],[28.01,59.48],[28.01,59.72],[28.33,59.69],[28.52,59.85],[28.95,59.83],[29.15,60],[30.12,59.87],[30.17,59.96],[29.72,60.19],[29.07,60.19],[28.64,60.38],[28.51,60.68],[27.8,60.54],[28.41,60.9],[29.25,61.29],[31.29,62.57],[31.53,62.89],[31.18,63.21],[30.42,63.5],[30,63.75],[30.5,64.02],[30.51,64.2],[30.11,64.37],[30.07,64.77],[29.6,64.97],[29.81,65.11],[29.63,65.22],[29.82,65.57],[30.09,65.68],[29.9,66.09],[29.09,66.85],[29.09,66.97],[29.94,67.55],[29.98,67.69],[29.34,68.06],[28.69,68.19],[28.47,68.49],[28.75,68.77],[28.41,68.9],[28.96,69.02],[29.39,69.3],[29.99,69.39],[30.23,69.63],[30.86,69.54],[30.87,69.78],[31.45,69.69],[32.03,69.83],[31.98,69.95],[32.94,69.75],[33,69.63],[32.18,69.67],[32.38,69.48],[33.38,69.44],[33.33,69.15],[33.68,69.31],[34.23,69.31],[34.86,69.23],[35.29,69.28],[35.86,69.19],[37.73,68.69],[38.43,68.36],[38.83,68.32],[39.57,68.07],[39.75,68.16],[40.38,67.83],[40.97,67.71],[41.13,67.27],[41.36,67.21],[41.19,66.83],[40.52,66.45],[40.1,66.3],[39.29,66.13],[38.4,66.06],[37.63,66.13],[37.29,66.23],[35.51,66.4],[34.82,66.61],[33.48,66.76],[32.85,67.02],[32.93,67.09],[31.89,67.16],[32.5,67],[32.46,66.92],[33.22,66.53],[33.65,66.44],[33.36,66.33],[34.11,66.23],[34.79,65.86],[34.62,65.51],[34.41,65.4],[34.8,64.99],[34.87,64.56],[35.43,64.35],[35.65,64.38],[36.15,64.19],[36.37,64],[37.44,63.81],[38.07,64.03],[37.95,64.32],[37.18,64.41],[36.53,64.85],[36.88,65.17],[37.53,65.11],[38.01,64.88],[39.76,64.58],[40.06,64.77],[40.44,64.78],[40.28,65],[39.8,65.35],[39.82,65.6],[40.33,65.75],[40.69,65.96],[41.47,66.12],[42.21,66.52],[42.6,66.42],[43.23,66.41],[44.11,66.01],[44.1,66.23],[44.49,66.67],[44.29,67.1],[43.85,67.19],[43.86,67.44],[44.22,68],[44.17,68.33],[43.4,68.61],[43.47,68.68],[44.05,68.55],[45.08,68.58],[45.89,68.48],[46.68,67.97],[46.69,67.85],[45.53,67.76],[44.94,67.48],[44.94,67.35],[45.56,67.19],[45.99,66.85],[46.49,66.8],[47.66,66.98],[47.91,67.45],[47.88,67.58],[48.88,67.73],[48.7,67.87],[49.16,67.87],[50.84,68.35],[51.99,68.54],[52.32,68.34],[52.72,68.48],[52.34,68.61],[52.68,68.73],[53.8,69],[54.49,68.99],[53.87,68.93],[53.76,68.63],[53.93,68.44],[53.26,68.27],[53.97,68.23],[54.56,68.27],[54.86,68.2],[54.92,68.37],[55.42,68.57],[56.04,68.65],[57.13,68.55],[58.17,68.89],[59.06,69.01],[59.37,68.74],[59.1,68.44],[59.6,68.35],[59.9,68.42],[59.9,68.71],[60.49,68.73],[60.93,68.99],[60.67,69.11],[60.17,69.59],[61.02,69.85],[61.77,69.76],[63.36,69.68],[64.19,69.53],[65.03,69.27],[66.42,68.95],[67,68.87],[67.73,68.51],[68.37,68.31],[68.83,68.57],[69.14,68.95],[68.54,68.97],[68.12,69.24],[68.01,69.48],[67.06,69.69],[66.8,69.66],[66.93,70.01],[67.15,70.22],[67.29,70.74],[66.82,70.8],[66.64,71.08],[66.92,71.28],[67.54,71.41],[68.27,71.68],[68.61,72.01],[69.04,72.67],[69.39,72.96],[69.64,72.9],[71.5,72.91],[72.45,72.79],[72.81,72.69],[72.63,72.08],[72.28,71.7],[71.87,71.46],[72.58,71.15],[72.73,70.82],[72.7,70.46],[72.47,70.28],[72.6,69.79],[72.53,69.08],[72.68,68.87],[73.55,68.57],[73.14,68.18],[73.15,67.86],[72.59,67.59],[71.85,67.01],[71.37,66.96],[71.55,66.76],[70.72,66.52],[69.88,66.85],[69.01,66.79],[69.19,66.58],[70.34,66.34],[71.15,66.37],[71.92,66.25],[72.32,66.33],[72.42,66.56],[73.51,66.86],[73.79,66.99],[74.08,67.41],[74.77,67.77],[74.74,68.07],[74.39,68.42],[74.58,68.75],[75.12,68.86],[76.46,68.98],[77.24,68.47],[77.18,67.78],[77.68,67.59],[78.92,67.59],[77.59,67.75],[77.67,68.19],[78,68.26],[77.65,68.9],[76,69.24],[75.42,69.24],[74.81,69.09],[73.98,69.11],[73.78,69.2],[73.89,69.42],[73.56,69.71],[73.83,70.18],[74.34,70.58],[73.51,71.26],[73.09,71.44],[73.67,71.85],[74.99,72.15],[75.1,72.42],[74.79,72.81],[75.37,72.8],[75.74,72.3],[75.25,71.81],[75.5,71.65],[75.33,71.34],[76.11,71.22],[77.59,71.17],[78.07,70.99],[78.59,70.99],[78.21,71.27],[77.48,71.31],[76.31,71.6],[76.03,71.91],[76.42,72.01],[77.06,72],[77.55,71.84],[78.23,71.95],[78.02,72.09],[77.49,72.07],[77.47,72.19],[78.48,72.4],[79.42,72.38],[79.95,72.22],[80.76,72.09],[80.86,71.97],[81.51,71.75],[82.08,71.71],[82.99,71.75],[83.23,71.67],[82.92,71.42],[82.32,71.26],[82.24,71],[82.26,70.54],[82.59,70.89],[83.01,70.9],[82.92,70.41],[82.68,70.22],[83.08,70.09],[83.07,70.28],[83.5,70.35],[83.74,70.55],[83.15,71.1],[83.57,71.6],[83.2,71.87],[82.64,71.92],[82.18,72.24],[81.28,72.36],[80.83,72.49],[80.66,72.71],[80.84,72.95],[80.51,73.09],[80.4,73.36],[80.58,73.57],[81.82,73.66],[83.54,73.67],[84.74,73.76],[85.45,73.73],[85.61,73.82],[86.59,73.89],[87.03,73.82],[85.83,73.49],[85.82,73.33],[86.68,73.11],[85.97,73.35],[85.94,73.46],[86.38,73.57],[87.12,73.62],[87.57,73.81],[87.21,73.88],[86.57,74.24],[86,74.32],[86.18,74.42],[87.23,74.36],[86.42,74.59],[85.79,74.65],[86.2,74.82],[86.65,74.68],[87.42,74.94],[86.94,75.07],[87.17,75.19],[87.67,75.13],[89.31,75.47],[89.6,75.46],[90.19,75.59],[91.48,75.65],[91.85,75.72],[93.55,75.85],[94.16,75.96],[92.89,75.91],[92.97,76.08],[93.65,76.05],[94.57,76.15],[96.08,76.08],[95.65,75.89],[96.51,76.01],[96.5,75.89],[98.66,76.24],[99.56,76.11],[99.85,75.93],[99.82,76.14],[98.8,76.48],[100.32,76.48],[100.84,76.53],[101.1,76.7],[100.99,76.99],[101.52,77.2],[103.13,77.63],[104.01,77.73],[105.71,77.53],[106.06,77.39],[105.39,77.24],[104.2,77.1],[105.64,77.1],[105.71,77],[106.94,77.03],[107.43,76.93],[106.42,76.51],[107.62,76.51],[108.03,76.72],[109.37,76.75],[109.98,76.71],[110.47,76.76],[111.11,76.72],[111.79,76.6],[112.62,76.38],[112.8,76.13],[113.27,76.25],[113.56,75.89],[113.87,75.86],[113.62,75.59],[112.63,75.84],[112.96,75.57],[113.16,75.62],[113.73,75.45],[113.62,75.29],[112.92,75.02],[111.87,74.74],[111.3,74.66],[109.84,74.32],[109.81,74.17],[109.08,74.03],[108.2,73.69],[107.27,73.62],[106.68,73.33],[106.19,73.31],[105.68,72.96],[105.14,72.78],[105.71,72.84],[106.48,73.14],[107.75,73.17],[108.35,73.31],[109.09,73.38],[109.33,73.49],[109.86,73.47],[110.87,73.73],[109.75,73.72],[109.87,73.93],[110.26,74.02],[111.06,73.94],[111.13,74.05],[111.4,73.83],[112.15,73.71],[112.79,73.75],[112.84,73.96],[113.42,73.65],[113.16,73.46],[113.49,73.35],[113.47,73.05],[113.13,72.83],[113.31,72.66],[113.71,72.65],[113.22,72.81],[113.54,73.06],[113.56,73.23],[113.89,73.35],[113.51,73.5],[114.06,73.58],[114.82,73.61],[115.34,73.7],[116.5,73.68],[117.31,73.6],[118.45,73.59],[118.94,73.48],[118.46,73.46],[118.43,73.25],[119.75,72.98],[121,72.94],[121.88,72.96],[122.03,72.9],[122.75,72.91],[122.62,73.03],[123.16,72.95],[123.62,73.19],[123.31,73.53],[123.49,73.67],[123.8,73.63],[124.39,73.75],[125.62,73.52],[125.6,73.45],[126.26,73.55],[126.55,73.33],[127.03,73.55],[127.74,73.48],[128.89,73.19],[129.05,73.04],[128.6,72.9],[129.02,72.87],[129.25,72.7],[128.42,72.53],[129.12,72.49],[129.41,72.32],[129.28,72.09],[128.93,72.08],[127.8,72.43],[127.84,72.31],[128.36,72.09],[128.91,71.75],[129.21,71.92],[129.46,71.74],[128.84,71.66],[129.14,71.59],[129.76,71.12],[130.28,70.95],[131.16,70.74],[131.56,70.9],[131.91,71.2],[132.23,71.64],[132.65,71.93],[132.77,71.8],[133.43,71.49],[134.1,71.38],[134.7,71.39],[135.02,71.52],[135.89,71.63],[136.41,71.57],[137.84,71.23],[138.32,71.33],[137.92,71.38],[138.12,71.57],[138.67,71.64],[139.21,71.44],[139.99,71.49],[139.69,71.7],[139.64,72],[140.13,72.21],[139.18,72.16],[139.14,72.33],[139.6,72.5],[140.45,72.49],[141.08,72.59],[140.71,72.89],[141.31,72.86],[142.06,72.72],[143.52,72.7],[145.2,72.57],[146.25,72.44],[146.24,72.35],[144.78,72.38],[144.17,72.26],[144.47,72.17],[145.04,72.26],[146.6,72.3],[146.81,72.24],[146,71.95],[146.23,72.14],[145.71,72.21],[145.76,71.94],[145.13,71.93],[145.19,71.7],[145.8,71.75],[146.37,71.92],[146.89,72.2],[147.43,72.34],[148.4,72.31],[149.5,72.16],[149.96,71.99],[149.88,71.84],[149.05,71.8],[148.97,71.69],[149.5,71.66],[150.06,71.51],[150.67,71.45],[150.24,71.27],[150.97,71.38],[151.58,71.29],[152.09,71.02],[151.76,70.98],[152.51,70.83],[153.8,70.88],[155.03,71.03],[155.89,71.1],[158.04,71.04],[159.35,70.79],[159.73,70.65],[160.01,70.31],[159.73,69.87],[159.83,69.78],[160.91,69.61],[161.04,69.1],[161.56,68.9],[161.54,69.38],[162.37,69.65],[163.2,69.72],[164.16,69.72],[164.51,69.61],[165.76,69.58],[166.89,69.5],[167.63,69.74],[168.15,69.58],[168.3,69.27],[169.31,69.08],[169.61,68.79],[170.54,68.83],[171,69.04],[170.58,69.58],[170.16,69.63],[170.5,69.86],[170.49,70.11],[172.56,69.97],[173.28,69.82],[173.44,69.95],[173.73,69.89],[174.79,69.86],[175.75,69.9],[176.93,69.65],[178.85,69.39],[179.87,69.01],[180,68.98],[181.13,68.75],[181.31,68.55],[181.9,68.43],[181.94,68.27],[182.2,68.34],[184.65,67.68],[184.77,67.45],[185.15,67.35],[185.06,67.09],[185.23,66.78],[185.08,66.62],[185.5,66.54],[185.63,66.35],[185.91,66.47],[185.98,66.23],[186.22,66.43],[185.77,66.63],[185.99,66.78],[185.91,66.94],[185.55,67.1],[186.32,67.14],[186.84,67.07],[186.77,66.97],[188.2,66.93],[188.64,66.68],[189.07,66.53],[189.76,66.17],[190.22,66.14],[189.6,65.93],[189.33,65.62],[188.55,65.79],[188.95,65.55],[188.09,65.5],[187.56,65.67],[187.22,65.68],[187.77,65.45],[187.79,65.05],[187.41,64.91],[187,64.88],[187.1,64.63],[187.51,64.54],[187.6,64.41],[187.05,64.51],[186.99,64.3],[186,64.45],[185.68,64.64],[184.96,64.81],[184.6,64.8],[184.15,65.01],[184.14,65.23],[183.91,65.47],[182.94,65.61],[182.51,65.5],[181.69,65.48],[181.5,65.74],[181.06,66.03],[181.25,66.01],[181.47,66.4],[181.08,66.18],[180.89,66.35],[180.67,66.16],[180.22,66.02],[180.27,65.8],[180.65,65.52],[180.3,65.19],[180,65.07],[179.83,65.03],[179.45,64.82],[178.52,64.6],[177.75,64.72],[177.18,65.01],[177.07,64.79],[176.06,64.96],[176.35,64.7],[176.73,64.63],[177.39,64.77],[177.43,64.44],[177.95,64.22],[178.23,64.36],[178.65,63.97],[178.79,63.54],[179.03,63.28],[179.33,63.19],[179.26,63.01],[179.57,62.69],[179.18,62.47],[179.12,62.32],[178.02,62.55],[177.29,62.6],[177.34,62.78],[177.02,62.78],[177.16,62.56],[176.7,62.51],[176.33,62.35],[174.72,61.95],[174.51,61.82],[173.62,61.72],[173.13,61.41],[172.4,61.17],[172.39,61.06],[170.95,60.52],[170.61,60.43],[170.35,59.97],[169.98,60.07],[169.62,60.44],[169.23,60.6],[168.14,60.57],[167.23,60.41],[166.96,60.31],[166.33,59.87],[166.14,59.98],[166.35,60.48],[165.09,60.1],[165.02,59.86],[164.38,60.06],[163.78,60.04],[163.41,59.84],[163.27,59.3],[163,59.02],[162.45,58.71],[162.14,58.45],[161.96,58.08],[162.04,57.92],[162.47,57.77],[162.72,57.95],[163.23,57.79],[163.19,57.64],[162.78,57.36],[162.8,56.81],[163.26,56.69],[163.34,56.23],[163.05,56.04],[162.63,56.23],[162.98,56.45],[162.67,56.49],[162.53,56.26],[162.09,56.09],[161.78,55.66],[161.73,55.36],[162.1,54.75],[161.73,54.53],[161.13,54.6],[160.77,54.54],[160.07,54.19],[159.84,53.78],[160.02,53.13],[159.58,53.24],[158.95,53.05],[158.61,52.87],[158.46,52.3],[158.1,51.81],[156.75,50.97],[156.54,51.31],[156.37,52.51],[156.1,53.01],[155.9,53.93],[155.62,54.87],[155.56,55.35],[155.72,56.07],[155.98,56.7],[156.73,57.15],[156.98,57.47],[156.79,57.75],[157.45,57.8],[157.67,58.02],[158.21,58.02],[159.04,58.42],[159.59,58.8],[159.85,59.13],[160.55,59.55],[160.86,59.63],[161.45,60.03],[161.76,60.15],[162,60.42],[162.97,60.78],[163.71,60.92],[163.56,61.03],[164.01,61.34],[163.8,61.46],[164.02,61.71],[164.21,62.29],[164.6,62.47],[165.12,62.41],[165.4,62.49],[164.26,62.7],[163.33,62.55],[163.01,61.79],[163.26,61.7],[162.99,61.54],[162.86,61.71],[162.39,61.66],[161.04,60.96],[160.77,60.75],[160.17,60.64],[160.38,61.02],[159.79,60.96],[159.88,61.29],[160.32,61.79],[160.18,61.9],[159.55,61.72],[159.08,61.92],[158.07,61.75],[157.47,61.8],[156.68,61.48],[156.63,61.27],[156.06,61],[155.72,60.68],[154.97,60.38],[154.29,59.83],[154.15,59.53],[154.58,59.54],[155.17,59.36],[155.16,59.19],[154.7,59.14],[154.46,59.22],[154.01,59.08],[153.69,59.22],[153.36,59.21],[152.88,58.94],[152.4,59.03],[152.09,58.91],[151.33,58.88],[151.12,59.08],[152.26,59.22],[151.8,59.32],[151.48,59.52],[150.67,59.56],[149.64,59.77],[149.06,59.63],[149.21,59.49],[148.8,59.53],[148.91,59.28],[148.49,59.26],[148.26,59.41],[147.51,59.27],[146.44,59.43],[146.27,59.22],[145.93,59.2],[145.55,59.41],[144.48,59.38],[143.87,59.41],[143.19,59.37],[142.58,59.24],[142.03,59],[141.75,58.75],[140.99,58.42],[140.68,58.21],[140.45,57.81],[140,57.69],[139.45,57.33],[138.66,56.97],[137.69,56.14],[136.18,55.35],[135.26,54.94],[135.26,54.73],[135.85,54.58],[136.8,54.62],[136.72,53.8],[137.16,53.82],[137.09,54.13],[137.67,54.28],[137.34,54.1],[137.84,53.95],[137.22,53.58],[137.74,53.56],[138.25,53.73],[138.38,53.91],[138.57,53.82],[138.25,53.52],[138.66,53.75],[138.7,54.32],[139.32,54.19],[139.71,54.28],[140.18,54.05],[140.35,53.81],[141,53.49],[141.4,53.18],[141.18,53.01],[140.87,53.04],[141.26,52.84],[141.17,52.37],[141.49,52.18],[141.37,51.92],[140.93,51.62],[140.69,51.23],[140.48,50.55],[140.52,49.6],[140.17,48.52],[140,48.32],[139.37,47.89],[139,47.38],[138.59,47.06],[138.34,46.54],[137.69,45.82],[136.8,45.17],[135.87,44.37],[135.48,43.83],[135.13,43.53],[133.71,42.83],[133.16,42.7],[132.71,42.88],[132.3,42.88],[132.31,43.31],[131.87,43.1],[131.8,43.25],[131.16,42.63],[130.71,42.66],[130.83,42.52],[130.69,42.3]]],[[[47.44,80.85],[48.45,80.81],[48.69,80.63],[47.6,80.74],[47.3,80.61],[46.68,80.56],[46.14,80.45],[45.97,80.57],[45.64,80.54],[44.91,80.61],[46.8,80.76],[47.44,80.85]]],[[[50.28,80.93],[50.8,80.91],[51.7,80.69],[50.96,80.54],[49.84,80.5],[49.59,80.38],[48.9,80.37],[48.98,80.16],[48.58,80.2],[48.39,80.1],[47.63,80.11],[47.98,80.21],[46.99,80.18],[46.64,80.3],[47.66,80.5],[48.4,80.57],[49.09,80.52],[49.24,80.82],[50.28,80.93]]],[[[67.77,76.24],[66.28,75.98],[64.26,75.72],[63.66,75.67],[61.36,75.32],[60.66,75.06],[60.24,74.97],[60.5,74.9],[59.6,74.61],[59.24,74.69],[59.1,74.51],[58.53,74.5],[58.66,74.29],[58.44,74.13],[57.77,74.01],[57.84,73.81],[57.29,73.81],[57.54,73.66],[56.97,73.37],[56.43,73.3],[55.55,73.36],[55.01,73.45],[54.3,73.35],[54.2,73.54],[53.76,73.77],[54.64,73.96],[55.34,74.42],[56.08,74.48],[55.58,74.63],[55.91,74.8],[56.5,74.96],[56,75],[56.04,75.19],[56.57,75.1],[56.84,75.35],[57.61,75.34],[58.06,75.66],[58.88,75.86],[60.04,75.98],[60.28,76.1],[60.94,76.07],[61.2,76.28],[62.97,76.24],[64.46,76.38],[65.86,76.61],[66.06,76.75],[66.83,76.92],[67.53,77.01],[68.49,76.93],[68.87,76.79],[68.9,76.57],[68.16,76.28],[67.77,76.24]]],[[[55.32,73.31],[56.43,73.2],[56.08,72.79],[55.72,72.77],[55.36,72.46],[55.52,72.22],[55.3,71.94],[56.04,71.35],[56.89,70.93],[57.62,70.73],[57.15,70.59],[56.26,70.71],[56.56,70.59],[55.69,70.69],[54.6,70.68],[53.38,70.87],[53.59,71.05],[54.16,71.12],[53.32,71.4],[53.37,71.54],[51.81,71.49],[51.44,71.78],[51.58,72.07],[52.25,72.13],[52.66,72.34],[52.92,72.67],[52.53,72.74],[52.81,72.87],[53.37,72.92],[53.19,73.1],[53.36,73.23],[54.09,73.28],[54.81,73.39],[55.32,73.31]]],[[[96.53,81.08],[96.76,80.96],[97.83,80.8],[97.86,80.7],[97.22,80.65],[97.03,80.54],[97.29,80.34],[97.17,80.24],[94.56,80.13],[93.87,80.01],[92.2,80.18],[91.53,80.36],[91.9,80.48],[92.58,80.53],[93.26,80.79],[92.59,80.78],[93.07,80.99],[94.84,81.14],[95.16,81.27],[95.8,81.28],[96.53,81.08]]],[[[97.67,80.16],[98.02,80.02],[97.65,79.76],[98.27,79.87],[98.6,80.05],[99.29,80.02],[100.06,79.78],[99.78,79.63],[99.68,79.32],[99.04,79.29],[99.82,79.1],[99.93,78.96],[99.44,78.83],[98.41,78.79],[97.56,78.83],[96.81,78.99],[95.8,79],[95.53,79.1],[94.79,79.09],[94.22,79.4],[93.07,79.5],[93.4,79.63],[94.26,79.83],[94.35,79.94],[94.99,80.1],[96.42,80.11],[97.67,80.16]]],[[[102.88,79.25],[102.41,78.84],[102.95,79.06],[103.67,79.15],[104.4,78.98],[104.63,78.84],[105.14,78.82],[105.31,78.5],[104.83,78.35],[103.72,78.26],[101.2,78.19],[100.08,77.97],[99.29,78.04],[100.02,78.34],[100.28,78.68],[100.87,78.78],[100.9,78.98],[101.2,79.2],[101.83,79.37],[102.25,79.26],[102.28,79.43],[102.79,79.39],[102.88,79.25]]],[[[140.05,75.83],[140.39,75.8],[140.6,75.64],[140.94,75.7],[141.03,75.99],[141.49,76.14],[142.46,75.9],[143.19,75.81],[143.69,75.86],[145.26,75.59],[144.73,75.37],[144.89,75.27],[144.02,75.04],[143.17,75.12],[142.73,75.34],[142.74,75.54],[143,75.66],[142.55,75.72],[142.09,75.66],[142.15,75.46],[142.62,75.13],[143.13,74.97],[142.47,74.82],[141.99,74.99],[140.27,74.85],[139.61,74.95],[139.33,74.69],[139.1,74.66],[138.09,74.8],[137.68,75.01],[137.22,75.12],[136.98,75.37],[137.29,75.35],[137.27,75.75],[137.71,75.76],[137.5,75.91],[138.21,76.12],[138.92,76.2],[140.05,75.83]]],[[[146.8,75.37],[147.44,75.44],[148.43,75.41],[148.47,75.27],[150.11,75.22],[150.53,75.1],[150.82,75.16],[150.65,74.94],[149.6,74.77],[148.09,74.83],[147.63,74.96],[147.14,75],[146.15,75.2],[146.44,75.56],[146.8,75.37]]],[[[142.76,54.39],[142.98,54.14],[142.92,53.79],[143.26,53.22],[143.32,52.61],[143.16,52.08],[143.32,51.58],[143.46,51.47],[143.82,50.28],[144.05,49.9],[144.27,49.31],[144.62,48.82],[144.13,49.21],[143.73,49.31],[143.1,49.2],[142.57,48.07],[142.56,47.74],[143.01,47.22],[143.22,46.79],[143.48,46.75],[143.58,46.36],[143.43,46.03],[143.28,46.56],[142.58,46.7],[142.4,46.56],[142.08,45.92],[141.83,46.45],[142.04,47.14],[141.97,47.59],[142.18,48.01],[142.13,48.29],[141.86,48.75],[142.14,49.57],[142.15,50.22],[142.07,50.51],[142.21,51],[142.09,51.43],[141.72,51.74],[141.66,52.27],[141.8,52.56],[141.83,53.34],[142.14,53.5],[142.53,53.45],[142.71,53.89],[142.34,54.28],[142.76,54.39]]],[[[180,71.54],[180.89,71.6],[181.65,71.53],[182.47,71.26],[182.18,71.07],[180.49,70.92],[180,70.99],[179.88,70.98],[179.65,70.9],[178.79,70.82],[178.63,71.05],[178.89,71.23],[179.88,71.52],[180,71.54]]],[[[35.81,65.18],[35.78,64.98],[35.53,65.15],[35.81,65.18]]],[[[42.71,66.7],[42.71,66.7],[42.71,66.7],[42.71,66.7]]],[[[52.9,71.36],[53.21,71.16],[53.05,71.03],[52.55,71.25],[52.51,71.39],[52.9,71.36]]],[[[168.04,54.56],[168.04,54.56],[168.04,54.56],[168.04,54.56]]],[[[160.72,70.82],[160.72,70.82],[160.72,70.82],[160.72,70.82]]],[[[161.47,68.9],[161.14,69.11],[161.11,69.47],[161.51,69.64],[161.35,69.37],[161.47,68.9]]],[[[152.88,76.12],[152.88,76.12],[152.88,76.12],[152.88,76.12]]],[[[149.15,76.66],[148.4,76.65],[148.72,76.75],[149.41,76.78],[149.15,76.66]]],[[[137.96,71.51],[137.71,71.42],[137.08,71.5],[137.82,71.59],[137.96,71.51]]],[[[107.7,78.13],[107.48,78.06],[106.42,78.14],[107.51,78.19],[107.7,78.13]]],[[[112.48,76.62],[112.53,76.45],[112.01,76.63],[112.48,76.62]]],[[[96.53,76.28],[96.3,76.12],[95.31,76.21],[95.38,76.29],[96.53,76.28]]],[[[96.28,77.03],[95.86,76.98],[95.27,77.02],[96.53,77.21],[96.28,77.03]]],[[[89.51,77.19],[89.14,77.23],[89.62,77.31],[89.51,77.19]]],[[[74.66,72.87],[74.18,72.98],[74.2,73.11],[74.96,73.06],[74.66,72.87]]],[[[75.51,73.46],[75.51,73.46],[75.51,73.46],[75.51,73.46]]],[[[83.55,74.07],[82.82,74.09],[83.15,74.15],[83.55,74.07]]],[[[67.34,69.53],[67.34,69.53],[67.34,69.53],[67.34,69.53]]],[[[66.56,70.54],[66.56,70.54],[66.56,70.54],[66.56,70.54]]],[[[70.02,66.5],[69.65,66.57],[69.5,66.75],[70.08,66.7],[70.02,66.5]]],[[[50.05,80.07],[49.56,80.16],[49.88,80.23],[50.32,80.17],[50.05,80.07]]],[[[51.41,79.94],[50.45,79.92],[50.09,79.98],[50.94,80.09],[51.41,79.94]]],[[[50.76,81.05],[50.37,81.12],[50.72,81.17],[50.76,81.05]]],[[[55.48,80.27],[55.48,80.27],[55.48,80.27],[55.48,80.27]]],[[[54.42,80.47],[53.81,80.48],[53.88,80.61],[54.42,80.47]]],[[[59.69,79.96],[59.33,79.92],[58.95,80.04],[59.54,80.12],[59.69,79.96]]],[[[58.62,81.04],[58.86,80.78],[57.94,80.79],[57.21,81.02],[58.05,81.12],[58.62,81.04]]],[[[47.98,45.49],[47.98,45.49],[47.98,45.49],[47.98,45.49]]],[[[50.27,69.19],[49.62,68.86],[48.67,68.73],[48.28,69.04],[48.42,69.35],[48.84,69.49],[49.23,69.51],[50.27,69.19]]],[[[63.37,80.7],[62.52,80.82],[63.11,80.97],[64.1,81],[64.31,81.17],[65.17,81.14],[65.44,80.93],[64.55,80.76],[63.37,80.7]]],[[[57.96,80.12],[57.39,80.14],[57.08,80.49],[58.48,80.46],[59.25,80.34],[58.4,80.32],[57.96,80.12]]],[[[62.17,80.83],[62.08,80.62],[61.77,80.6],[61.05,80.42],[60.28,80.49],[59.65,80.43],[59.34,80.5],[59.59,80.82],[60.28,80.8],[61.6,80.89],[62.17,80.83]]],[[[61.14,80.95],[60.06,80.99],[60.59,81.09],[61.46,81.1],[61.14,80.95]]],[[[53.52,80.18],[52.86,80.17],[52.21,80.26],[52.85,80.4],[53.33,80.4],[53.85,80.27],[53.52,80.18]]],[[[57.08,80.35],[57.08,80.09],[55.72,80.11],[56.03,80.34],[57.08,80.35]]],[[[57.81,81.55],[58.44,81.46],[57.86,81.37],[58.02,81.25],[57.45,81.14],[56.82,81.24],[56.51,81.17],[55.72,81.19],[55.47,81.31],[56.16,81.3],[57.09,81.54],[57.81,81.55]]],[[[54.72,81.12],[55.47,81.02],[56.17,81.03],[57.69,80.79],[56.81,80.66],[55.71,80.64],[55.12,80.75],[54.07,80.81],[54.72,81.12]]],[[[63.65,81.61],[62.88,81.61],[62.11,81.68],[62.79,81.72],[63.71,81.69],[63.65,81.61]]],[[[58.3,81.72],[58.14,81.83],[59.26,81.85],[59.36,81.76],[58.3,81.72]]],[[[92.68,79.68],[92.15,79.68],[91.13,79.91],[91.42,80.05],[92.17,80.05],[93.8,79.91],[93.6,79.82],[92.68,79.68]]],[[[91.57,81.14],[91.22,81.06],[89.98,81.11],[90.07,81.21],[91.48,81.18],[91.57,81.14]]],[[[141.01,74],[140.51,73.92],[140.18,74],[140.1,74.18],[140.85,74.27],[141.1,74.17],[141.01,74]]],[[[142.19,73.9],[143.34,73.57],[143.49,73.25],[143.19,73.22],[141.6,73.31],[140.66,73.45],[140.03,73.36],[139.69,73.42],[140.38,73.48],[141.08,73.87],[142.19,73.9]]],[[[135.95,75.41],[135.45,75.39],[135.7,75.84],[136.17,75.61],[135.95,75.41]]],[[[136.2,73.91],[136.12,73.88],[135.4,74.2],[135.63,74.22],[136.26,73.99],[136.2,73.91]]],[[[137.94,55.09],[138.21,55.03],[137.66,54.65],[137.46,54.87],[137.23,54.79],[137.58,55.2],[137.94,55.09]]],[[[169.2,69.58],[168.35,69.66],[167.79,69.84],[168.36,70.02],[169.38,69.88],[169.2,69.58]]],[[[163.63,58.6],[163.76,59.01],[164.57,59.22],[164.62,58.89],[164.28,58.84],[163.63,58.6]]],[[[166.65,54.84],[166.64,54.69],[166.07,55.14],[165.75,55.29],[166.28,55.31],[166.25,55.17],[166.65,54.84]]],[[[154.81,49.31],[154.61,49.38],[154.82,49.65],[154.81,49.31]]],[[[156.41,50.66],[156.17,50.73],[156.49,50.84],[156.41,50.66]]],[[[155.92,50.3],[155.24,50.09],[155.22,50.3],[155.68,50.4],[156.1,50.77],[155.92,50.3]]],[[[154.08,48.79],[154.08,48.79],[154.08,48.79],[154.08,48.79]]],[[[155.65,50.82],[155.65,50.82],[155.65,50.82],[155.65,50.82]]],[[[153.1,47.76],[153.1,47.76],[153.1,47.76],[153.1,47.76]]],[[[152,46.9],[152,46.9],[152,46.9],[152,46.9]]],[[[149.69,45.64],[149.45,45.59],[149.67,45.84],[150.31,46.2],[150.55,46.21],[149.69,45.64]]],[[[148.6,45.32],[147.91,44.99],[147.66,44.98],[147.21,44.55],[146.9,44.4],[147.15,44.77],[147.88,45.23],[148.32,45.28],[148.61,45.48],[148.6,45.32]]],[[[146.71,43.74],[146.71,43.74],[146.71,43.74],[146.71,43.74]]],[[[146.21,44.5],[146.57,44.44],[146.11,44.25],[145.59,43.85],[146.11,44.5],[146.21,44.5]]],[[[113.39,74.4],[112.78,74.09],[112.2,74.15],[111.5,74.35],[111.88,74.36],[112.09,74.55],[113.39,74.4]]],[[[76.25,79.65],[77.59,79.5],[76.65,79.49],[76.15,79.58],[76.25,79.65]]],[[[80.03,80.85],[79.1,80.81],[79.22,80.96],[80.43,80.93],[80.03,80.85]]],[[[70.67,73.1],[69.92,73.08],[70.15,73.44],[70.94,73.52],[71.59,73.28],[71.62,73.17],[70.67,73.1]]],[[[77.63,72.29],[76.91,72.3],[76.9,72.37],[77.58,72.63],[78.36,72.48],[77.63,72.29]]],[[[79.5,72.72],[78.88,72.75],[78.66,72.89],[79.16,73.1],[79.54,72.92],[79.5,72.72]]],[[[82.17,75.42],[81.98,75.25],[81.5,75.37],[81.91,75.5],[82.17,75.42]]],[[[60.45,69.94],[60.44,69.73],[59.58,69.74],[59.5,69.87],[58.95,69.89],[58.47,70.27],[59.01,70.47],[59.64,70.2],[60.45,69.94]]],[[[20.96,55.28],[20.59,54.98],[21.19,54.93],[21.23,55.26],[22.07,55.06],[22.57,55.06],[22.83,54.84],[22.68,54.49],[22.76,54.36],[20.21,54.42],[19.6,54.46],[19.94,54.75],[19.97,54.92],[20.52,55],[20.9,55.29],[20.96,55.28]]],[[[33.59,46.1],[33.66,46.22],[34.69,45.98],[35,45.73],[35.37,45.35],[35.56,45.31],[36.29,45.46],[36.57,45.39],[36.39,45.07],[35.87,45],[35.57,45.12],[35.09,44.8],[34.72,44.81],[33.91,44.39],[33.45,44.55],[33.61,44.91],[33.55,45.1],[32.92,45.35],[32.51,45.4],[33.14,45.75],[33.67,45.95],[33.59,46.1]]]]},"properties":{"id":"tasa:RUS","n":"Rusia","st":"tasa_6","p":"RUS","color":"#c0392b","rango":"12 % a 20 %","z":0,"x":"14 % al cierre de 2026-09 · bajó 3 puntos en 12 meses · Bank of Russia"}},{"type":"Feature","geometry":{"type":"Polygon","coordinates":[[[28.21,45.45],[28.76,45.23],[29.22,45.4],[29.71,45.26],[29.56,44.84],[29.05,44.76],[28.98,44.99],[28.64,44.3],[28.59,43.74],[28.05,43.82],[27.88,43.99],[27.43,44.02],[27.09,44.17],[26.22,44.01],[25.5,43.67],[24.43,43.79],[24.23,43.76],[23.23,43.87],[22.92,43.83],[23.02,44.05],[22.7,44.24],[22.49,44.44],[22.72,44.61],[22.5,44.71],[22.09,44.54],[21.36,44.86],[21.43,45.19],[20.77,45.48],[20.77,45.75],[20.24,46.11],[21.04,46.24],[21.79,47.14],[22,47.5],[22.29,47.73],[22.88,47.95],[23.14,48.09],[23.41,47.99],[24.18,47.91],[24.58,47.93],[24.89,47.72],[25.46,47.91],[26.16,47.99],[26.31,48.2],[26.62,48.26],[26.98,48.16],[27.34,47.64],[28.07,46.98],[28.24,46.64],[28.1,45.97],[28.21,45.45]]]},"properties":{"id":"tasa:ROU","n":"Rumanía","st":"tasa_4","p":"ROU","color":"#f3b25d","rango":"5 % a 8 %","z":0,"x":"6.5 % al cierre de 2026-09 · sin cambio en 12 meses · National Bank of Romania"}},{"type":"Feature","geometry":{"type":"MultiPolygon","coordinates":[[[[-17.19,32.87],[-16.69,32.76],[-16.84,32.65],[-17.17,32.72],[-17.19,32.87]]],[[[-8.78,41.94],[-8.21,42.13],[-8.22,41.9],[-7.4,41.83],[-7.15,41.98],[-6.62,41.94],[-6.54,41.67],[-6.21,41.53],[-6.93,41.01],[-6.81,40.34],[-7.01,40.21],[-6.9,40.02],[-7.04,39.71],[-7.54,39.66],[-7.17,39.14],[-7,39.06],[-7.28,38.72],[-7.34,38.46],[-7.02,38.05],[-7.18,38.01],[-7.5,37.59],[-7.41,37.18],[-7.84,37.01],[-8.6,37.12],[-9,37.03],[-8.81,37.43],[-8.88,38.45],[-9.21,38.45],[-9.14,38.74],[-9.47,38.73],[-9.38,39.34],[-9.15,39.54],[-8.84,40.12],[-8.89,40.18],[-8.66,41.03],[-8.88,41.83],[-8.78,41.94]]],[[[-25.03,36.96],[-25.03,36.96],[-25.03,36.96],[-25.03,36.96]]],[[[-31.14,39.41],[-31.14,39.41],[-31.14,39.41],[-31.14,39.41]]],[[[-27.07,38.64],[-27.07,38.64],[-27.07,38.64],[-27.07,38.64]]],[[[-27.78,38.56],[-27.78,38.56],[-27.78,38.56],[-27.78,38.56]]],[[[-28.64,38.52],[-28.64,38.52],[-28.64,38.52],[-28.64,38.52]]],[[[-28.15,38.45],[-28.45,38.41],[-28.51,38.55],[-28.15,38.45]]],[[[-25.65,37.84],[-25.18,37.84],[-25.25,37.73],[-25.65,37.84]]]]},"properties":{"id":"tasa:PRT","n":"Portugal","st":"tasa_2","p":"PRT","color":"#bfe0c3","rango":"1 % a 3 %","z":0,"x":"2.5 % al cierre de 2026-09 · subió 0.5 puntos en 12 meses · Banco Central Europeo (zona euro)"}},{"type":"Feature","geometry":{"type":"Polygon","coordinates":[[[23.6,51.52],[23.66,51.31],[24.1,50.84],[23.97,50.41],[23.71,50.38],[23.03,49.9],[22.65,49.54],[22.81,49.02],[22.54,49.07],[22.02,49.21],[21.64,49.41],[20.62,49.39],[19.76,49.2],[19.77,49.37],[19.44,49.6],[19.15,49.4],[18.83,49.51],[18.56,49.88],[18.03,50.04],[17.88,49.97],[17.42,50.25],[16.88,50.43],[16.99,50.24],[16.68,50.1],[16.21,50.42],[16.42,50.57],[16.01,50.61],[15.36,50.81],[14.99,51.01],[14.81,50.86],[15.02,51.25],[14.73,51.52],[14.6,51.83],[14.75,52.08],[14.55,52.36],[14.62,52.53],[14.13,52.88],[14.42,53.28],[14.26,53.73],[14.58,53.64],[14.56,53.82],[14.21,53.87],[14.21,53.95],[16.19,54.29],[16.56,54.55],[17.26,54.73],[18.32,54.84],[18.67,54.43],[18.98,54.35],[19.6,54.46],[20.21,54.42],[22.76,54.36],[23.37,54.2],[23.48,53.94],[23.89,53.03],[23.84,52.66],[23.41,52.52],[23.2,52.26],[23.65,52.04],[23.6,51.52]]]},"properties":{"id":"tasa:POL","n":"Polonia","st":"tasa_3","p":"POL","color":"#f6e08a","rango":"3 % a 5 %","z":0,"x":"3.75 % al cierre de 2026-09 · bajó 1 punto en 12 meses · National Bank of Poland"}},{"type":"Feature","geometry":{"type":"MultiPolygon","coordinates":[[[[121.1,18.62],[121.85,18.29],[122.15,18.49],[122.3,18.4],[122.15,17.66],[122.52,17.12],[122.14,16.19],[121.6,15.93],[121.61,15.67],[121.39,15.32],[121.69,14.74],[121.65,14.48],[121.77,14.17],[122.08,13.95],[122.49,14.32],[122.86,14.25],[123.23,13.75],[123.32,14.06],[123.86,13.8],[123.55,13.65],[123.82,13.27],[123.79,13.11],[124.14,13.04],[124.06,12.57],[123.88,12.69],[123.92,12.94],[123.63,12.91],[123.31,13.04],[123.16,13.44],[122.59,13.91],[122.47,13.89],[122.68,13.25],[122.07,13.79],[121.78,13.94],[121.2,13.64],[120.84,13.89],[120.64,13.81],[120.62,14.19],[120.94,14.65],[120.59,14.88],[120.59,14.48],[120.44,14.45],[120.25,14.79],[120.08,14.85],[119.89,15.84],[119.77,16.01],[119.83,16.33],[120.16,16.05],[120.39,16.22],[120.3,16.53],[120.41,16.96],[120.36,17.64],[120.6,18.51],[121.1,18.62]]],[[[117.31,8.44],[117.35,8.71],[117.88,9.24],[118.03,9.27],[119.02,10.35],[119.22,10.48],[119.26,10.85],[119.5,11.35],[119.53,10.95],[119.68,10.55],[119.37,10.33],[119.19,10.06],[118.78,9.92],[118.77,9.77],[118.44,9.26],[118.13,9.1],[117.99,8.88],[117.31,8.44]]],[[[122.5,11.61],[123.16,11.54],[123.08,11.2],[122.77,10.82],[122.2,10.62],[121.99,10.46],[121.96,10.87],[122.1,11.64],[121.96,11.9],[122.5,11.61]]],[[[123.13,9.06],[122.56,9.48],[122.41,9.69],[122.47,9.96],[122.86,10.09],[122.82,10.5],[122.98,10.89],[123.26,10.99],[123.57,10.78],[123.16,9.86],[123.15,9.61],[123.32,9.27],[123.13,9.06]]],[[[124.57,11.34],[124.93,11.37],[125.05,11.14],[125.01,10.79],[125.25,10.26],[124.99,10.37],[125.03,10.03],[124.78,10.17],[124.8,10.68],[124.66,10.96],[124.44,10.92],[124.33,11.53],[124.57,11.34]]],[[[125.24,12.53],[125.54,12.19],[125.49,11.59],[125.7,11.16],[125.23,11.15],[124.92,11.56],[124.88,11.78],[124.44,12.15],[124.29,12.57],[125.24,12.53]]],[[[120.7,13.48],[121.2,13.43],[121.52,13.13],[121.54,12.64],[121.24,12.22],[120.96,12.45],[120.77,12.97],[120.4,13.52],[120.7,13.48]]],[[[126.01,9.32],[126.19,9.28],[126.32,8.85],[126.14,8.63],[126.37,8.48],[126.44,7.83],[126.57,7.68],[126.58,7.25],[126.19,6.85],[126.19,6.31],[125.82,7.33],[125.4,6.8],[125.59,6.47],[125.67,5.98],[125.46,5.66],[125.29,5.63],[125.27,6.03],[125.03,5.87],[124.21,6.23],[124.08,6.4],[123.99,6.86],[124.21,7.4],[123.97,7.67],[123.49,7.81],[123.39,7.41],[123.1,7.7],[122.84,7.53],[122.79,7.72],[122.5,7.67],[122.14,6.95],[121.96,6.97],[122.13,7.81],[122.34,8.03],[122.91,8.16],[123.15,8.52],[123.44,8.7],[123.85,8.43],[123.75,8.06],[124.2,8.23],[124.45,8.61],[124.73,8.56],[124.87,8.97],[125.14,8.87],[125.21,9.03],[125.5,9.01],[125.41,9.67],[125.52,9.76],[126.01,9.32]]],[[[123.37,9.45],[123.39,9.97],[123.71,10.47],[124.04,11.27],[124.05,10.59],[123.95,10.32],[123.7,10.13],[123.37,9.45]]],[[[121.92,18.9],[121.92,18.9],[121.92,18.9],[121.92,18.9]]],[[[121.52,19.36],[121.52,19.36],[121.52,19.36],[121.52,19.36]]],[[[121.96,20.37],[121.96,20.37],[121.96,20.37],[121.96,20.37]]],[[[121.88,20.78],[121.88,20.78],[121.88,20.78],[121.88,20.78]]],[[[121.16,6.07],[121.39,6],[120.93,5.9],[121.16,6.07]]],[[[117.08,7.88],[117.08,7.88],[117.08,7.88],[117.08,7.88]]],[[[119.92,10.49],[119.92,10.49],[119.92,10.49],[119.92,10.49]]],[[[120.1,12.17],[120.32,12.01],[120.01,12.01],[119.9,12.31],[120.1,12.17]]],[[[120.04,11.7],[120.04,11.7],[120.04,11.7],[120.04,11.7]]],[[[122.65,10.47],[122.65,10.47],[122.65,10.47],[122.65,10.47]]],[[[124.6,9.79],[124.36,9.63],[123.94,9.62],[123.82,9.82],[124.17,10.14],[124.58,10.03],[124.6,9.79]]],[[[120.25,5.26],[120.25,5.26],[120.25,5.26],[120.25,5.26]]],[[[122.09,6.43],[121.81,6.61],[122.06,6.74],[122.29,6.64],[122.09,6.43]]],[[[126.06,9.77],[126.06,9.77],[126.06,9.77],[126.06,9.77]]],[[[125.69,9.91],[125.5,10.12],[125.67,10.44],[125.69,9.91]]],[[[120.27,13.75],[120.27,13.75],[120.27,13.75],[120.27,13.75]]],[[[121.91,13.54],[122.12,13.46],[122,13.2],[121.83,13.33],[121.91,13.54]]],[[[122.09,12.35],[121.94,12.39],[122.14,12.65],[122.09,12.35]]],[[[122.66,12.31],[122.66,12.31],[122.66,12.31],[122.66,12.31]]],[[[123.28,12.85],[123.28,12.85],[123.28,12.85],[123.28,12.85]]],[[[123.77,12.45],[123.77,12.45],[123.77,12.45],[123.77,12.45]]],[[[123.72,12.29],[124.04,11.97],[124.04,11.75],[123.53,12.2],[123.16,11.93],[123.23,12.58],[123.72,12.29]]],[[[124.35,13.63],[124.04,13.66],[124.22,14.08],[124.42,13.87],[124.35,13.63]]],[[[122.18,14.05],[122.18,14.05],[122.18,14.05],[122.18,14.05]]],[[[122.03,15],[122.03,15],[122.03,15],[122.03,15]]],[[[124.31,10.61],[124.31,10.61],[124.31,10.61],[124.31,10.61]]],[[[125.28,9.98],[125.28,9.98],[125.28,9.98],[125.28,9.98]]],[[[122.94,7.41],[122.94,7.41],[122.94,7.41],[122.94,7.41]]],[[[125.78,6.96],[125.78,6.96],[125.78,6.96],[125.78,6.96]]],[[[124.61,11.49],[124.61,11.49],[124.61,11.49],[124.61,11.49]]],[[[124.81,9.14],[124.81,9.14],[124.81,9.14],[124.81,9.14]]],[[[121.25,19.08],[121.25,19.08],[121.25,19.08],[121.25,19.08]]],[[[119.86,11.53],[119.86,11.53],[119.86,11.53],[119.86,11.53]]],[[[123.76,11.28],[123.76,11.28],[123.76,11.28],[123.76,11.28]]],[[[122.31,12.53],[122.31,12.53],[122.31,12.53],[122.31,12.53]]],[[[125.97,9.59],[125.97,9.59],[125.97,9.59],[125.97,9.59]]],[[[124.85,11.6],[124.85,11.6],[124.85,11.6],[124.85,11.6]]],[[[117.36,8.22],[117.36,8.22],[117.36,8.22],[117.36,8.22]]],[[[123.7,9.24],[123.7,9.24],[123.7,9.24],[123.7,9.24]]]]},"properties":{"id":"tasa:PHL","n":"Filipinas","st":"tasa_4","p":"PHL","color":"#f3b25d","rango":"5 % a 8 %","z":0,"x":"5 % al cierre de 2026-09 · sin cambio en 12 meses · Bangko Sentral ng Pilipinas"}},{"type":"Feature","geometry":{"type":"Polygon","coordinates":[[[-69.96,-4.24],[-70.24,-4.3],[-70.4,-4.15],[-70.8,-4.17],[-70.97,-4.35],[-71.84,-4.5],[-72.7,-5.07],[-72.89,-5.12],[-72.98,-5.63],[-73.24,-6.1],[-73.14,-6.47],[-73.76,-6.91],[-73.75,-7.34],[-74,-7.56],[-73.72,-7.78],[-73.78,-7.94],[-73.55,-8.35],[-72.97,-8.99],[-73.21,-9.41],[-72.38,-9.51],[-72.18,-10],[-71.24,-9.97],[-70.54,-9.44],[-70.64,-9.82],[-70.64,-11.01],[-70.39,-11.06],[-69.96,-10.93],[-69.58,-10.95],[-68.69,-12.5],[-68.98,-12.88],[-68.98,-13.5],[-69.08,-13.68],[-68.88,-14.2],[-69.23,-14.6],[-69.37,-14.96],[-69.17,-15.24],[-69.42,-15.6],[-69.22,-16.15],[-68.91,-16.26],[-69.02,-16.64],[-69.63,-17.2],[-69.51,-17.51],[-69.85,-17.7],[-69.93,-18.21],[-70.42,-18.35],[-71.34,-17.68],[-71.53,-17.3],[-72.11,-17],[-72.47,-16.71],[-72.79,-16.61],[-73.82,-16.15],[-74.15,-15.91],[-75.11,-15.41],[-75.53,-14.9],[-75.93,-14.63],[-76.38,-13.86],[-76.18,-13.52],[-76.83,-12.35],[-77.15,-12.06],[-77.22,-11.66],[-77.63,-11.29],[-77.74,-10.84],[-78.19,-10.09],[-78.45,-9.37],[-79.01,-8.21],[-79.38,-7.84],[-79.76,-7.07],[-80.11,-6.65],[-81.14,-6.06],[-81.09,-5.81],[-80.88,-5.76],[-80.94,-5.47],[-81.17,-5.17],[-81.11,-5.03],[-81.34,-4.67],[-81.28,-4.32],[-80.8,-3.73],[-80.33,-3.39],[-80.18,-3.88],[-80.51,-4.07],[-80.38,-4.46],[-80.14,-4.3],[-79.64,-4.46],[-79.33,-4.93],[-79.08,-4.99],[-78.69,-4.56],[-78.68,-4.33],[-78.42,-3.78],[-78.35,-3.4],[-78.18,-3.35],[-77.86,-2.98],[-76.68,-2.56],[-76.09,-2.13],[-75.57,-1.53],[-75.41,-0.92],[-75.25,-0.95],[-75.26,-0.55],[-75.63,-0.16],[-75.29,-0.11],[-74.8,-0.2],[-74.42,-0.58],[-74.25,-0.97],[-73.67,-1.25],[-73.5,-1.69],[-73.2,-1.83],[-73.15,-2.28],[-72.89,-2.41],[-72.39,-2.43],[-71.98,-2.33],[-71.75,-2.15],[-71.4,-2.33],[-70.92,-2.22],[-70.09,-2.66],[-70.07,-2.75],[-70.74,-3.78],[-70.34,-3.82],[-69.96,-4.24]]]},"properties":{"id":"tasa:PER","n":"Perú","st":"tasa_3","p":"PER","color":"#f6e08a","rango":"3 % a 5 %","z":0,"x":"4.25 % al cierre de 2026-09 · sin cambio en 12 meses · Central Reserve Bank of Peru"}},{"type":"Feature","geometry":{"type":"MultiPolygon","coordinates":[[[[20.62,69.04],[20.12,69.02],[20.32,68.75],[19.97,68.54],[20.24,68.48],[19.97,68.36],[18.38,68.56],[18.16,68.53],[18.18,68.2],[17.92,67.97],[17.33,68.1],[16.79,67.9],[16.59,67.63],[16.13,67.43],[16.4,67.06],[15.42,66.49],[15.49,66.31],[15.04,66.17],[14.54,66.13],[14.64,65.85],[14.48,65.3],[13.65,64.58],[14.08,64.46],[14.14,64.17],[13.96,64.01],[13.3,64.07],[12.66,63.94],[12.17,63.6],[12,63.29],[12.22,63],[12.12,62.59],[12.3,62.28],[12.16,61.72],[12.88,61.35],[12.68,61.05],[12.3,61],[12.59,60.45],[12.49,60.11],[11.93,59.86],[11.68,59.59],[11.8,59.29],[11.64,58.93],[11.39,59.04],[10.83,59.18],[10.57,59.59],[10.18,59.01],[9.7,59.01],[8.52,58.3],[8.17,58.14],[7.46,58.02],[6.55,58.12],[6.39,58.27],[5.71,58.52],[5.52,58.73],[5.61,59.01],[6.1,58.87],[5.89,59.06],[5.95,59.3],[6.28,59.54],[5.36,59.17],[5.13,59.23],[5.3,59.64],[5.77,59.66],[6.21,59.83],[5.73,59.86],[6.14,60.23],[6.52,60.41],[6.53,60.15],[6.81,60.5],[6.15,60.35],[5.5,59.83],[5.11,59.67],[5.21,60.09],[5.42,60.15],[5.18,60.31],[5.24,60.57],[5.05,60.71],[5.01,61.04],[5.99,61.12],[7.04,61.09],[7.54,61.18],[6.66,61.21],[5.33,61.11],[5.02,61.25],[5,61.43],[5.34,61.48],[4.93,61.71],[4.98,61.9],[5.47,61.9],[6.02,61.79],[6.13,61.85],[5.16,61.96],[5.14,62.16],[5.91,62.42],[6.08,62.35],[6.27,62.58],[6.74,62.64],[7.69,62.59],[7.54,62.67],[8.04,62.77],[6.78,62.7],[7.01,62.96],[7.57,63.1],[8.1,63.09],[8.62,62.85],[8.16,63.16],[8.58,63.31],[8.4,63.53],[8.84,63.65],[9.32,63.57],[9.7,63.63],[9.98,63.4],[10.76,63.46],[10.73,63.63],[11.37,63.81],[11.31,64.05],[10.91,63.92],[10.94,63.77],[10.34,63.57],[9.92,63.52],[9.61,63.8],[10.56,64.42],[11.53,64.74],[11.3,64.76],[11.49,64.98],[12.16,65.18],[12.35,65.63],[12.82,65.95],[12.79,66.1],[13.67,66.18],[13.97,66.32],[13.12,66.23],[13.21,66.64],[14.11,67.12],[15.44,67.25],[14.45,67.3],[14.96,67.57],[15.46,67.45],[15.31,67.77],[14.78,67.68],[15.05,67.96],[15.6,67.99],[15.32,68.07],[16.01,68.23],[16.26,67.89],[16.39,68.09],[16.17,68.28],[16.39,68.39],[16.86,68.36],[17.55,68.43],[16.58,68.47],[16.65,68.63],[17.39,68.8],[17.7,69.1],[18.1,69.16],[18.29,69.48],[18.62,69.43],[19.2,69.75],[19.72,69.78],[19.64,69.42],[20.07,69.88],[20.39,69.87],[20.28,69.54],[20.49,69.54],[20.62,69.91],[21.16,69.89],[21.43,70.01],[21.93,69.81],[21.89,70],[21.36,70.23],[21.78,70.23],[22.69,70.37],[22.94,70.31],[23.26,69.99],[23.38,70.25],[24.04,70.49],[24.42,70.7],[24.26,70.83],[24.77,71.01],[25.26,70.84],[25.77,70.85],[25.27,70.55],[24.99,70.22],[25.04,70.11],[26.51,70.91],[26.74,70.85],[26.56,70.67],[26.58,70.41],[26.99,70.51],[27.18,70.74],[27.56,70.83],[27.24,70.95],[27.6,71.09],[28.39,70.98],[28.22,70.7],[28.16,70.29],[28.61,70.76],[29.1,70.86],[29.8,70.64],[30.07,70.7],[30.21,70.54],[30.59,70.52],[30.94,70.27],[29.93,70.1],[28.78,70.15],[29.6,69.98],[29.64,69.78],[30.16,69.75],[30.18,69.84],[30.87,69.78],[30.86,69.54],[30.23,69.63],[29.99,69.39],[29.39,69.3],[28.96,69.02],[28.85,69.18],[29.33,69.47],[29.14,69.67],[28.41,69.82],[27.89,70.06],[27.11,69.9],[26.53,69.91],[26.01,69.65],[25.75,69.23],[25.75,68.99],[25.36,68.86],[24.94,68.59],[23.86,68.81],[23.32,68.65],[22.41,68.72],[22.3,68.86],[21.62,69.27],[21.05,69.19],[21.07,69.04],[20.62,69.04]]],[[[4.96,61.09],[4.96,61.09],[4.96,61.09],[4.96,61.09]]],[[[5.09,60.31],[5.09,60.31],[5.09,60.31],[5.09,60.31]]],[[[29.96,69.8],[29.96,69.8],[29.96,69.8],[29.96,69.8]]],[[[11.97,65.63],[11.97,65.63],[11.97,65.63],[11.97,65.63]]],[[[8.47,63.67],[8.47,63.67],[8.47,63.67],[8.47,63.67]]],[[[8.1,63.34],[8.1,63.34],[8.1,63.34],[8.1,63.34]]],[[[23.44,70.82],[23.07,70.59],[22.36,70.52],[21.99,70.66],[22.96,70.71],[23.44,70.82]]],[[[25.59,71.14],[26.13,71],[25.58,70.96],[25.31,71.03],[25.59,71.14]]],[[[23.61,70.55],[23.55,70.41],[23.16,70.28],[22.94,70.44],[23.55,70.62],[23.61,70.55]]],[[[24.02,70.57],[23.67,70.6],[23.78,70.75],[24.02,70.57]]],[[[13.87,68.27],[13.78,68.11],[13.23,67.99],[13.54,68.25],[13.87,68.27]]],[[[12.97,67.87],[12.97,67.87],[12.97,67.87],[12.97,67.87]]],[[[15.21,68.94],[15.4,68.78],[15.22,68.62],[14.52,68.63],[14.55,68.82],[14.8,68.79],[15.04,69],[15.21,68.94]]],[[[19.77,70.22],[19.77,70.22],[19.77,70.22],[19.77,70.22]]],[[[20.78,70.09],[20.41,70.15],[20.82,70.2],[20.78,70.09]]],[[[19.25,70.07],[19.59,69.97],[19.13,69.81],[18.78,69.58],[18.28,69.54],[18.35,69.77],[18.69,69.89],[19.21,70.25],[19.25,70.07]]],[[[12.51,65.9],[12.51,65.9],[12.51,65.9],[12.51,65.9]]],[[[12.42,66.04],[12.42,66.04],[12.42,66.04],[12.42,66.04]]],[[[11.23,64.87],[10.83,64.84],[11.13,64.98],[11.23,64.87]]],[[[17.5,69.6],[18.01,69.5],[17.95,69.2],[17.49,69.2],[17.16,69.03],[16.97,69.14],[17,69.36],[17.5,69.6]]],[[[15.76,68.56],[16.33,68.88],[16.52,68.63],[15.91,68.39],[15.34,68.38],[14.63,68.2],[14.26,68.19],[14.59,68.4],[15.1,68.44],[15.41,68.62],[15.56,68.87],[15.48,69.04],[15.89,69.28],[16.12,69.22],[15.81,69.02],[15.93,68.73],[15.76,68.56]]],[[[-8.96,70.84],[-8.97,70.92],[-8.34,71.14],[-8,71.18],[-8,71.04],[-8.96,70.84]]],[[[19.22,74.39],[18.8,74.49],[19.18,74.52],[19.22,74.39]]],[[[26.88,78.65],[26.46,78.72],[26.58,78.81],[26.88,78.65]]],[[[32.52,80.12],[31.48,80.11],[33.38,80.24],[33.56,80.2],[32.52,80.12]]],[[[21.61,78.6],[22.04,78.58],[22.3,78.23],[22.99,78.25],[23.45,78.15],[23.12,77.99],[23.68,77.88],[24.24,77.9],[24.9,77.76],[24.13,77.66],[23.84,77.5],[22.8,77.28],[22.43,77.32],[22.73,77.54],[21.05,77.44],[20.87,77.57],[21.2,77.62],[21.65,77.92],[21.21,78.01],[20.53,78.33],[20.36,78.51],[21.61,78.6]]],[[[20.9,80.25],[21.55,80.24],[22.29,80.05],[22.45,80.4],[23.01,80.47],[23.32,80.42],[23.11,80.19],[23.69,80.21],[24.3,80.36],[24.62,80.29],[25.84,80.17],[26.86,80.16],[27.2,79.91],[26,79.62],[25.64,79.4],[24.75,79.36],[23.95,79.19],[22.91,79.23],[22.87,79.41],[21.91,79.38],[20.86,79.4],[19.68,79.59],[20.49,79.63],[20.78,79.75],[18.94,79.74],[18.25,79.93],[18.86,80.04],[17.92,80.14],[18.78,80.19],[19.34,80.12],[19.33,80.32],[19.75,80.23],[19.61,80.46],[20.36,80.4],[20.9,80.25]]],[[[16.79,79.91],[16.97,79.96],[17.58,79.88],[17.96,79.7],[17.67,79.39],[18.27,79.6],[18.79,79.46],[18.68,79.26],[19.09,79.16],[20.16,79.15],[20.77,79.06],[20.5,78.98],[21.39,78.74],[21.1,78.68],[19.77,78.62],[19.06,78.32],[19,78.08],[18.44,78.03],[18.23,77.52],[17.85,77.5],[17.15,77.05],[16.98,76.81],[17.06,76.66],[16.7,76.58],[15.55,76.89],[15.13,77.08],[14.37,77.23],[14.01,77.45],[14.07,77.56],[14.69,77.53],[14.92,77.69],[16.21,77.78],[17.03,77.8],[16.85,77.91],[16.06,77.85],[15.59,77.87],[14.6,77.77],[13.79,77.85],[13.68,78.03],[15.7,78.23],[15.66,78.3],[16.78,78.35],[16.45,78.5],[16.78,78.66],[15.94,78.49],[15.42,78.47],[15.32,78.78],[14.89,78.64],[14.47,78.67],[14.64,78.41],[14.11,78.27],[13.15,78.24],[12.26,78.59],[11.77,78.72],[11.86,78.83],[11.55,78.98],[12.27,78.9],[11.89,79.15],[12.08,79.27],[11.58,79.28],[11.21,79.13],[10.74,79.52],[10.87,79.8],[11.7,79.82],[12.29,79.71],[12.28,79.82],[12.75,79.78],[13.69,79.86],[13.78,79.71],[13.04,79.68],[12.56,79.57],[13.33,79.58],[13.38,79.48],[13.96,79.34],[14.04,79.59],[14.59,79.8],[15.05,79.67],[15.66,79.24],[16.3,78.98],[15.82,79.68],[16.09,80.01],[16.52,80.02],[16.79,79.91]]],[[[11.25,78.61],[11.82,78.44],[12.12,78.23],[11.12,78.46],[10.63,78.75],[10.56,78.9],[10.96,78.85],[11.25,78.61]]],[[[18.74,80.3],[18.74,80.3],[18.74,80.3],[18.74,80.3]]],[[[29.05,78.91],[27.89,78.85],[28.41,78.96],[29.05,78.91]]]]},"properties":{"id":"tasa:NOR","n":"Noruega","st":"tasa_3","p":"NOR","color":"#f6e08a","rango":"3 % a 5 %","z":0,"x":"4.5 % al cierre de 2026-09 · subió 0.5 puntos en 12 meses · Norges Bank"}},{"type":"Feature","geometry":{"type":"MultiPolygon","coordinates":[[[[173.12,-41.28],[173.74,-40.99],[174.3,-41.02],[174.09,-41.51],[174.28,-41.74],[173.55,-42.52],[173.22,-42.98],[172.89,-43.12],[172.74,-43.35],[172.81,-43.62],[173.07,-43.68],[173.07,-43.88],[172.75,-43.81],[172.18,-43.9],[171.44,-44.14],[171.23,-44.52],[171.13,-44.98],[170.7,-45.68],[170.78,-45.87],[170.42,-45.94],[169.69,-46.55],[169.1,-46.63],[168.38,-46.61],[168.19,-46.36],[167.84,-46.37],[167.68,-46.19],[167.37,-46.24],[166.73,-46.2],[166.92,-45.96],[166.65,-46.04],[166.51,-45.81],[166.95,-45.75],[166.73,-45.54],[166.91,-45.31],[167.23,-45.29],[167.03,-45.12],[168.37,-44.08],[168.81,-43.99],[169.86,-43.43],[171.03,-42.7],[171.25,-42.4],[171.49,-41.8],[171.83,-41.65],[172.01,-41.44],[172.14,-40.95],[172.64,-40.52],[172.77,-40.77],[172.99,-40.85],[173.12,-41.28]]],[[[173.92,-40.86],[173.92,-40.86],[173.92,-40.86],[173.92,-40.86]]],[[[166.74,-45.66],[166.74,-45.66],[166.74,-45.66],[166.74,-45.66]]],[[[166.98,-45.18],[166.98,-45.18],[166.98,-45.18],[166.98,-45.18]]],[[[168.15,-46.86],[168.24,-47.07],[167.52,-47.26],[167.8,-46.91],[167.79,-46.7],[168.15,-46.86]]],[[[175.54,-36.28],[175.54,-36.28],[175.54,-36.28],[175.54,-36.28]]],[[[173.27,-34.93],[173.84,-35.03],[174.32,-35.25],[174.58,-35.79],[174.39,-35.77],[174.8,-36.31],[174.72,-36.84],[175.3,-36.99],[175.57,-37.16],[175.46,-36.48],[175.88,-36.96],[176.04,-37.6],[176.77,-37.89],[177.34,-37.99],[178.01,-37.55],[178.53,-37.69],[178.39,-37.96],[178.27,-38.55],[177.98,-38.72],[177.91,-39.24],[177.79,-39.11],[177.41,-39.08],[176.95,-39.37],[177.11,-39.67],[176.84,-40.16],[176.39,-40.67],[175.98,-41.21],[175.31,-41.61],[175.17,-41.42],[174.64,-41.29],[175.16,-40.62],[175.26,-40.29],[175.01,-39.95],[174.57,-39.81],[173.93,-39.51],[173.8,-39.17],[174.4,-38.96],[174.6,-38.79],[174.72,-38.23],[174.93,-37.8],[174.59,-37.1],[174.93,-37.09],[174.47,-36.94],[174.19,-36.49],[174.4,-36.6],[174.39,-36.24],[173.92,-36.02],[173.94,-36.18],[173.12,-35.21],[173.19,-35.02],[172.71,-34.46],[172.97,-34.54],[173.27,-34.93]]],[[[169.18,-52.5],[169.18,-52.5],[169.18,-52.5],[169.18,-52.5]]],[[[166.22,-50.76],[165.97,-50.82],[166.1,-50.54],[166.22,-50.76]]],[[[-176.18,-43.74],[-176.34,-44.05],[-176.6,-44.11],[-176.52,-43.9],[-176.85,-43.82],[-176.57,-43.72],[-176.18,-43.74]]],[[[-176.18,-44.32],[-176.18,-44.32],[-176.18,-44.32],[-176.18,-44.32]]],[[[-172.48,-8.58],[-172.48,-8.58],[-172.48,-8.58],[-172.48,-8.58]]],[[[-171.19,-9.35],[-171.19,-9.35],[-171.19,-9.35],[-171.19,-9.35]]]]},"properties":{"id":"tasa:NZL","n":"Nueva Zelanda","st":"tasa_2","p":"NZL","color":"#bfe0c3","rango":"1 % a 3 %","z":0,"x":"2.75 % al cierre de 2026-09 · bajó 0.25 puntos en 12 meses · Reserve Bank of New Zealand"}},{"type":"Feature","geometry":{"type":"MultiPolygon","coordinates":[[[[5.99,50.75],[5.64,50.84],[5.83,51.13],[4.76,51.49],[4.22,51.39],[3.82,51.41],[3.45,51.54],[4.18,51.61],[3.95,51.81],[4.48,52.31],[4.68,52.81],[5.36,53.1],[5.53,53.27],[6.06,53.41],[6.82,53.44],[7.2,53.28],[7.19,53],[7.01,52.63],[6.75,52.63],[6.75,52.46],[7.04,52.38],[6.72,52.08],[6.74,51.91],[5.95,51.76],[6.19,51.49],[6.13,51.15],[5.9,50.98],[5.99,50.75]]],[[[4.22,51.39],[3.9,51.21],[3.35,51.38],[4.22,51.39]]],[[[6.33,53.51],[6.33,53.51],[6.33,53.51],[6.33,53.51]]],[[[5.93,53.46],[5.93,53.46],[5.93,53.46],[5.93,53.46]]],[[[5.11,53.31],[5.11,53.31],[5.11,53.31],[5.11,53.31]]],[[[5.33,53.39],[5.33,53.39],[5.33,53.39],[5.33,53.39]]],[[[4.89,53.07],[4.89,53.07],[4.89,53.07],[4.89,53.07]]],[[[3.95,51.74],[3.95,51.74],[3.95,51.74],[3.95,51.74]]],[[[6.73,53.58],[6.73,53.58],[6.73,53.58],[6.73,53.58]]],[[[-68.2,12.14],[-68.2,12.14],[-68.2,12.14],[-68.2,12.14]]],[[[-62.94,17.5],[-62.94,17.5],[-62.94,17.5],[-62.94,17.5]]],[[[-63.23,17.62],[-63.23,17.62],[-63.23,17.62],[-63.23,17.62]]]]},"properties":{"id":"tasa:NLD","n":"Países Bajos","st":"tasa_2","p":"NLD","color":"#bfe0c3","rango":"1 % a 3 %","z":0,"x":"2.5 % al cierre de 2026-09 · subió 0.5 puntos en 12 meses · Banco Central Europeo (zona euro)"}},{"type":"Feature","geometry":{"type":"Polygon","coordinates":[[[-2.22,35.1],[-1.79,34.75],[-1.73,34.47],[-1.68,33.32],[-1.51,32.88],[-1.06,32.47],[-1.28,32.09],[-2.45,32.13],[-2.93,32.04],[-3.02,31.83],[-3.83,31.66],[-3.83,31.2],[-3.62,31.07],[-4.32,30.7],[-4.97,30.47],[-5.45,29.96],[-5.78,29.87],[-6.5,29.81],[-6.64,29.57],[-7.09,29.63],[-7.68,29.35],[-8.66,28.72],[-8.69,27.66],[-8.82,27.66],[-8.79,27.12],[-9.41,27.09],[-9.74,26.86],[-10.25,26.86],[-10.92,27.01],[-11.39,26.88],[-11.34,26.63],[-11.72,26.1],[-12.03,26.03],[-12.43,24.83],[-13.06,24.4],[-13.31,23.98],[-13.89,23.69],[-14.04,23.34],[-14.22,22.31],[-14.63,21.86],[-14.84,21.45],[-15.75,21.49],[-17,21.42],[-16.93,21.9],[-16.36,22.59],[-16.21,23.1],[-15.81,23.75],[-15.9,23.84],[-15.04,24.55],[-14.86,24.87],[-14.79,25.4],[-14.41,26.25],[-13.58,26.74],[-13.18,27.65],[-12.95,27.91],[-11.99,28.13],[-11.43,28.38],[-11.08,28.71],[-10.49,29.06],[-9.85,29.81],[-9.67,30.11],[-9.65,30.45],[-9.88,30.72],[-9.81,31.42],[-9.35,32.09],[-9.25,32.57],[-8.6,33.19],[-8.3,33.37],[-7.56,33.64],[-6.9,33.97],[-6.35,34.78],[-5.92,35.79],[-5.28,35.9],[-5.34,35.74],[-4.84,35.28],[-4.33,35.16],[-3.69,35.28],[-3.21,35.24],[-2.97,35.41],[-2.84,35.13],[-2.22,35.1]]]},"properties":{"id":"tasa:MAR","n":"Marruecos","st":"tasa_2","p":"MAR","color":"#bfe0c3","rango":"1 % a 3 %","z":0,"x":"2.25 % al cierre de 2026-08 · sin cambio en 12 meses · Bank Al-Maghrib (Central Bank of Morocco)"}},{"type":"Feature","geometry":{"type":"MultiPolygon","coordinates":[[[[-117.13,32.53],[-114.72,32.72],[-114.84,32.51],[-111.04,31.33],[-108.22,31.33],[-108.21,31.78],[-106.45,31.77],[-105.52,30.98],[-104.98,30.65],[-104.68,30.13],[-104.5,29.68],[-104.11,29.39],[-103.26,29],[-102.89,29.22],[-102.73,29.64],[-102.27,29.87],[-101.57,29.81],[-100.66,29.07],[-100.3,28.33],[-99.76,27.73],[-99.51,27.55],[-99.44,27.04],[-99.11,26.45],[-98.28,26.11],[-97.8,26.04],[-97.36,25.87],[-97.15,25.96],[-97.22,25.59],[-97.51,25.01],[-97.67,24.39],[-97.76,23.31],[-97.75,22.94],[-97.86,22.62],[-97.64,21.6],[-97.12,20.62],[-96.46,19.87],[-96.29,19.34],[-95.82,18.75],[-95.18,18.7],[-94.8,18.52],[-94.55,18.17],[-94.19,18.2],[-93.55,18.43],[-92.89,18.47],[-92.71,18.61],[-91.98,18.72],[-91.8,18.47],[-91.53,18.46],[-91.27,18.62],[-91.44,18.89],[-90.74,19.35],[-90.69,19.73],[-90.51,19.91],[-90.49,20.56],[-90.35,21.01],[-89.82,21.28],[-88.88,21.41],[-88.13,21.62],[-87.25,21.45],[-87.13,21.62],[-86.82,21.42],[-86.86,20.88],[-87.22,20.51],[-87.47,20.1],[-87.43,19.9],[-87.69,19.64],[-87.43,19.58],[-87.85,18.27],[-88.06,18.52],[-88.03,18.84],[-88.3,18.47],[-88.52,18.45],[-88.81,17.96],[-89.14,17.97],[-89.16,17.82],[-90.99,17.82],[-90.99,17.25],[-91.41,17.26],[-90.71,16.71],[-90.42,16.39],[-90.45,16.07],[-91.74,16.07],[-92.19,15.32],[-92.08,15.07],[-92.23,14.54],[-92.81,15.14],[-93.92,16.05],[-94.66,16.2],[-94.9,16.42],[-95.46,15.98],[-96.21,15.69],[-96.51,15.65],[-97.18,15.91],[-97.75,15.97],[-98.14,16.21],[-98.52,16.31],[-98.76,16.53],[-99.69,16.72],[-100.03,16.92],[-100.85,17.2],[-101.6,17.65],[-101.85,17.92],[-102.7,18.06],[-103.44,18.33],[-103.91,18.83],[-104.94,19.31],[-105.48,19.98],[-105.67,20.38],[-105.26,20.58],[-105.49,20.78],[-105.24,21.12],[-105.21,21.49],[-105.43,21.62],[-105.65,21.99],[-105.64,22.33],[-105.79,22.63],[-106.4,23.2],[-107.08,24.02],[-107.95,24.62],[-108.21,24.97],[-108.04,25.04],[-108.75,25.42],[-109.03,25.48],[-108.88,25.73],[-109.2,25.59],[-109.39,25.73],[-109.42,26.03],[-109.2,26.3],[-109.48,26.71],[-109.76,26.7],[-109.94,27.08],[-110.48,27.32],[-110.62,27.65],[-110.53,27.86],[-111.12,27.97],[-111.47,28.38],[-111.68,28.47],[-112.16,29.02],[-112.22,29.27],[-112.74,29.98],[-112.82,30.3],[-113.11,30.79],[-113.05,31.18],[-113.62,31.35],[-113.95,31.63],[-114.15,31.51],[-114.93,31.9],[-114.79,31.65],[-114.88,31.16],[-114.76,30.96],[-114.55,30.02],[-113.83,29.44],[-113.5,28.93],[-113.2,28.8],[-113.09,28.51],[-112.87,28.42],[-112.73,27.83],[-112.33,27.52],[-112.19,27.19],[-112,27.08],[-111.86,26.68],[-111.79,26.88],[-111.57,26.71],[-111.33,26.13],[-111.29,25.79],[-111.03,25.53],[-110.68,24.79],[-110.66,24.34],[-110.37,24.1],[-110.26,24.34],[-110.02,24.17],[-109.42,23.48],[-109.46,23.21],[-109.92,22.89],[-110.09,23.01],[-110.36,23.61],[-110.63,23.74],[-111.04,24.11],[-111.42,24.33],[-112.07,24.84],[-112.06,25.49],[-112.18,25.91],[-112.38,26.21],[-113.02,26.58],[-113.15,26.95],[-113.6,26.72],[-113.84,26.97],[-114.45,27.22],[-114.54,27.43],[-115.04,27.84],[-114.57,27.78],[-114.3,27.87],[-114.14,27.67],[-114.18,28.01],[-114.05,28.43],[-114.14,28.6],[-114.99,29.38],[-115.67,29.76],[-115.81,29.96],[-115.81,30.3],[-115.99,30.41],[-116.06,30.8],[-116.3,30.97],[-116.33,31.2],[-116.66,31.56],[-116.62,31.85],[-116.85,32],[-117.13,32.53]]],[[[-86.94,20.3],[-86.94,20.3],[-86.94,20.3],[-86.94,20.3]]],[[[-106.5,21.61],[-106.5,21.61],[-106.5,21.61],[-106.5,21.61]]],[[[-110.92,18.74],[-110.92,18.74],[-110.92,18.74],[-110.92,18.74]]],[[[-110.57,25],[-110.57,25],[-110.57,25],[-110.57,25]]],[[[-113.15,29.05],[-113.58,29.41],[-113.59,29.57],[-113.2,29.3],[-113.15,29.05]]],[[[-115.17,28.07],[-115.35,28.1],[-115.2,28.33],[-115.17,28.07]]],[[[-112.2,29.01],[-112.28,28.77],[-112.51,28.85],[-112.47,29.17],[-112.28,29.24],[-112.2,29.01]]],[[[-118.24,28.94],[-118.24,28.94],[-118.24,28.94],[-118.24,28.94]]],[[[-86.71,21.24],[-86.71,21.24],[-86.71,21.24],[-86.71,21.24]]],[[[-91.68,18.68],[-91.68,18.68],[-91.68,18.68],[-91.68,18.68]]],[[[-109.81,24.15],[-109.81,24.15],[-109.81,24.15],[-109.81,24.15]]],[[[-114.7,31.71],[-114.7,31.71],[-114.7,31.71],[-114.7,31.71]]],[[[-111.1,26.02],[-111.1,26.02],[-111.1,26.02],[-111.1,26.02]]],[[[-111.7,24.39],[-111.7,24.39],[-111.7,24.39],[-111.7,24.39]]],[[[-112.06,24.55],[-112.3,24.79],[-112.2,24.89],[-112.06,24.55]]]]},"properties":{"id":"tasa:MEX","n":"México","st":"tasa_4","p":"MEX","color":"#f3b25d","rango":"5 % a 8 %","z":0,"x":"6.5 % al cierre de 2026-09 · bajó 1 punto en 12 meses · Bank of Mexico"}},{"type":"Feature","geometry":{"type":"MultiPolygon","coordinates":[[[[14.57,35.85],[14.57,35.85],[14.57,35.85],[14.57,35.85]]],[[[14.31,36.03],[14.31,36.03],[14.31,36.03],[14.31,36.03]]]]},"properties":{"id":"tasa:MLT","n":"Malta","st":"tasa_2","p":"MLT","color":"#bfe0c3","rango":"1 % a 3 %","z":0,"x":"2.5 % al cierre de 2026-09 · subió 0.5 puntos en 12 meses · Banco Central Europeo (zona euro)"}},{"type":"Feature","geometry":{"type":"MultiPolygon","coordinates":[[[[100.12,6.44],[100.18,6.67],[100.79,6.43],[101.05,6.24],[100.98,5.77],[101.11,5.64],[101.56,5.91],[101.87,5.82],[102.1,6.24],[102.34,6.17],[102.53,5.86],[102.98,5.52],[103.42,4.85],[103.47,4.39],[103.36,3.77],[103.45,3.52],[103.44,2.93],[103.81,2.58],[104.22,1.72],[104.28,1.42],[103.69,1.45],[103.48,1.33],[103.36,1.55],[102.73,1.86],[101.3,2.89],[101.3,3.25],[100.72,3.97],[100.62,4.65],[100.35,5.59],[100.34,5.98],[100.12,6.44]]],[[[117.58,4.17],[117.1,4.34],[115.9,4.35],[115.57,3.94],[115.57,3.45],[115.45,3.04],[115.09,2.84],[115.15,2.49],[114.79,2.25],[114.83,1.98],[114.54,1.47],[113.9,1.43],[113.62,1.24],[113.01,1.43],[112.94,1.57],[112.48,1.56],[112.19,1.44],[112.08,1.14],[111.77,1],[110.94,1.02],[110.5,0.86],[109.66,1.62],[109.63,2.03],[109.98,1.72],[110.35,1.72],[111.1,1.4],[111.27,2.14],[111.24,2.44],[111.44,2.38],[111.44,2.63],[111.73,2.85],[112.74,3.07],[113.04,3.21],[113.45,3.74],[113.92,4.24],[114.07,4.59],[114.61,4.02],[114.84,4.39],[114.75,4.72],[115.03,4.9],[115.11,4.39],[115.33,4.38],[115.14,4.9],[115.56,5.09],[115.42,5.41],[115.6,5.6],[115.8,5.54],[116.14,6.13],[116.5,6.52],[116.75,6.98],[116.79,6.61],[117.13,6.97],[117.29,6.68],[117.65,6.47],[117.62,5.94],[118,6.05],[118.12,5.86],[118.46,5.76],[118.59,5.59],[119.22,5.41],[119.13,5.1],[118.67,4.96],[118.26,4.99],[118.18,4.83],[118.59,4.46],[118.01,4.25],[117.74,4.34],[117.58,4.17]]],[[[104.22,2.73],[104.22,2.73],[104.22,2.73],[104.22,2.73]]],[[[100.29,5.3],[100.29,5.3],[100.29,5.3],[100.29,5.3]]],[[[99.85,6.47],[99.85,6.47],[99.85,6.47],[99.85,6.47]]],[[[117.14,7.17],[117.14,7.17],[117.14,7.17],[117.14,7.17]]],[[[101.32,2.99],[101.32,2.99],[101.32,2.99],[101.32,2.99]]],[[[111.39,2.42],[111.39,2.42],[111.39,2.42],[111.39,2.42]]],[[[117.88,4.19],[117.65,4.17],[117.88,4.19],[117.88,4.19]]]]},"properties":{"id":"tasa:MYS","n":"Malasia","st":"tasa_2","p":"MYS","color":"#bfe0c3","rango":"1 % a 3 %","z":0,"x":"2.75 % al cierre de 2026-09 · sin cambio en 12 meses · Bank Negara Malaysia"}},{"type":"Feature","geometry":{"type":"Polygon","coordinates":[[[21.56,42.25],[22.34,42.31],[22.84,41.99],[23.01,41.72],[22.92,41.34],[22.49,41.12],[21.93,41.11],[21.58,40.87],[20.96,40.85],[20.74,40.91],[20.49,41.27],[20.57,41.87],[21.06,42.17],[21.29,42.1],[21.56,42.25]]]},"properties":{"id":"tasa:MKD","n":"Macedonia del Norte","st":"tasa_3","p":"MKD","color":"#f6e08a","rango":"3 % a 5 %","z":0,"x":"4.25 % al cierre de 2026-09 · bajó 1.1 puntos en 12 meses · National Bank of the Republic of Macedonia"}},{"type":"Feature","geometry":{"type":"Polygon","coordinates":[[[6.12,50.12],[6.14,49.97],[6.49,49.8],[6.35,49.45],[5.79,49.54],[5.74,49.92],[5.98,50.17],[6.12,50.12]]]},"properties":{"id":"tasa:LUX","n":"Luxemburgo","st":"tasa_2","p":"LUX","color":"#bfe0c3","rango":"1 % a 3 %","z":0,"x":"2.5 % al cierre de 2026-09 · subió 0.5 puntos en 12 meses · Banco Central Europeo (zona euro)"}},{"type":"Feature","geometry":{"type":"MultiPolygon","coordinates":[[[[20.96,55.28],[20.9,55.29],[20.96,55.28],[20.96,55.28]]],[[[22.76,54.36],[22.68,54.49],[22.83,54.84],[22.57,55.06],[22.07,55.06],[21.23,55.26],[21.05,56.07],[21.65,56.31],[22.08,56.41],[22.88,56.4],[24.12,56.26],[24.9,56.4],[25.07,56.2],[25.59,56.13],[26.28,55.75],[26.6,55.67],[26.46,55.34],[26.76,55.29],[26.6,55.13],[26.29,55.14],[25.86,54.92],[25.55,54.33],[24.77,53.97],[23.48,53.94],[23.37,54.2],[22.76,54.36]]]]},"properties":{"id":"tasa:LTU","n":"Lituania","st":"tasa_2","p":"LTU","color":"#bfe0c3","rango":"1 % a 3 %","z":0,"x":"2.5 % al cierre de 2026-09 · subió 0.5 puntos en 12 meses · Banco Central Europeo (zona euro)"}},{"type":"Feature","geometry":{"type":"Polygon","coordinates":[[[26.6,55.67],[26.28,55.75],[25.59,56.13],[25.07,56.2],[24.9,56.4],[24.12,56.26],[22.88,56.4],[22.08,56.41],[21.65,56.31],[21.05,56.07],[21.07,56.82],[21.35,57.02],[21.46,57.32],[21.73,57.57],[22.56,57.72],[23.14,57.32],[23.29,57.09],[23.65,56.97],[24.28,57.17],[24.4,57.33],[24.32,57.87],[25.11,58.06],[25.99,57.84],[26.53,57.53],[26.97,57.61],[27.35,57.53],[27.84,57.25],[27.64,56.85],[27.8,56.87],[28.1,56.55],[28.15,56.14],[27.89,56.08],[27.58,55.8],[27.05,55.83],[26.6,55.67]]]},"properties":{"id":"tasa:LVA","n":"Letonia","st":"tasa_2","p":"LVA","color":"#bfe0c3","rango":"1 % a 3 %","z":0,"x":"2.5 % al cierre de 2026-09 · subió 0.5 puntos en 12 meses · Banco Central Europeo (zona euro)"}},{"type":"Feature","geometry":{"type":"MultiPolygon","coordinates":[[[[48.27,29.62],[48.08,29.8],[48.18,29.98],[48.27,29.62]]],[[[48.44,28.54],[47.67,28.53],[47.43,28.99],[46.53,29.1],[46.91,29.54],[47.15,30],[47.67,30.1],[47.98,29.98],[48.15,29.57],[47.97,29.62],[47.72,29.42],[48.05,29.35],[48.44,28.54]]]]},"properties":{"id":"tasa:KWT","n":"Kuwait","st":"tasa_3","p":"KWT","color":"#f6e08a","rango":"3 % a 5 %","z":0,"x":"3.5 % al cierre de 2026-09 · bajó 0.25 puntos en 12 meses · Central Bank of Kuwait"}},{"type":"Feature","geometry":{"type":"MultiPolygon","coordinates":[[[[133.37,36.2],[133.37,36.2],[133.37,36.2],[133.37,36.2]]],[[[138.34,37.82],[138.25,37.99],[138.5,38.32],[138.57,38.07],[138.34,37.82]]],[[[134.93,34.29],[134.67,34.29],[135,34.54],[134.93,34.29]]],[[[130.62,30.26],[130.62,30.26],[130.62,30.26],[130.62,30.26]]],[[[130.96,30.4],[130.96,30.4],[130.96,30.4],[130.96,30.4]]],[[[130.08,32.23],[130.01,32.52],[130.17,32.54],[130.08,32.23]]],[[[129.28,34.12],[129.28,34.12],[129.28,34.12],[129.28,34.12]]],[[[129.39,34.35],[129.39,34.35],[129.39,34.35],[129.39,34.35]]],[[[128.67,32.78],[128.67,32.78],[128.67,32.78],[128.67,32.78]]],[[[130.38,32.42],[130.38,32.42],[130.38,32.42],[130.38,32.42]]],[[[141.07,45.33],[141.07,45.33],[141.07,45.33],[141.07,45.33]]],[[[141.3,45.12],[141.3,45.12],[141.3,45.12],[141.3,45.12]]],[[[139.48,42.08],[139.48,42.08],[139.48,42.08],[139.48,42.08]]],[[[134.35,34.48],[134.35,34.48],[134.35,34.48],[134.35,34.48]]],[[[139.46,34.73],[139.46,34.73],[139.46,34.73],[139.46,34.73]]],[[[129.08,32.84],[129.08,32.84],[129.08,32.84],[129.08,32.84]]],[[[129.49,33.22],[129.49,33.22],[129.49,33.22],[129.49,33.22]]],[[[129.8,33.75],[129.8,33.75],[129.8,33.75],[129.8,33.75]]],[[[132.58,34.11],[132.58,34.11],[132.58,34.11],[132.58,34.11]]],[[[132.27,33.94],[132.27,33.94],[132.27,33.94],[132.27,33.94]]],[[[129.72,31.66],[129.72,31.66],[129.72,31.66],[129.72,31.66]]],[[[142.19,26.62],[142.19,26.62],[142.19,26.62],[142.19,26.62]]],[[[143.82,44.12],[144.48,43.95],[144.8,43.94],[145.34,44.33],[145.1,43.77],[145.34,43.3],[145.83,43.39],[145.5,43.18],[144.63,42.95],[144.2,42.97],[143.58,42.6],[143.24,42],[142.51,42.26],[141.85,42.58],[141.41,42.55],[140.99,42.34],[140.71,42.56],[140.48,42.56],[140.32,42.33],[141.15,41.81],[140.66,41.82],[140.39,41.52],[140.15,41.42],[140,41.58],[140.11,41.91],[139.82,42.39],[139.89,42.65],[140.49,43.05],[140.39,43.3],[141.3,43.2],[141.4,43.64],[141.65,44.02],[141.78,44.72],[141.58,45.16],[141.67,45.4],[141.94,45.51],[142.7,44.82],[143.29,44.4],[143.82,44.12]]],[[[131.18,33.6],[131.58,33.65],[131.71,33.5],[131.54,33.27],[131.9,33.25],[131.98,32.84],[131.73,32.59],[131.34,31.4],[131.07,31.44],[131.1,31.26],[130.69,31.01],[130.79,31.27],[130.65,31.72],[130.53,31.46],[130.59,31.18],[130.2,31.29],[130.32,31.6],[130.19,31.77],[130.19,32.09],[130.46,32.3],[130.64,32.62],[130.38,33.09],[130.13,33.1],[130.18,32.85],[129.77,32.57],[129.83,32.73],[129.58,33.24],[129.66,33.36],[130.37,33.63],[130.49,33.84],[130.95,33.87],[131.18,33.6]]],[[[134.36,34.26],[134.64,34.23],[134.74,33.82],[134.38,33.61],[134.18,33.25],[133.96,33.45],[133.63,33.51],[133.29,33.36],[132.98,32.84],[132.64,32.76],[132.49,32.92],[132.41,33.43],[132.09,33.34],[132.64,33.69],[132.79,33.99],[132.99,34.09],[133.13,33.93],[133.58,34.02],[133.71,34.24],[134.07,34.36],[134.36,34.26]]],[[[141.23,41.37],[141.45,41.4],[141.4,41.1],[141.46,40.61],[141.8,40.29],[141.99,39.79],[141.9,39.11],[141.66,38.98],[141.47,38.4],[141.11,38.34],[140.93,37.95],[141.04,37.47],[140.97,37],[140.63,36.5],[140.62,36.06],[140.87,35.72],[140.46,35.51],[140.36,35.18],[139.92,34.9],[139.83,35.3],[140.09,35.54],[139.83,35.66],[139.65,35.41],[139.64,35.14],[139.25,35.28],[138.9,34.63],[138.8,34.97],[138.58,35.09],[138.19,34.6],[137.54,34.66],[137.06,34.58],[137.27,34.77],[136.89,34.81],[136.85,35.06],[136.53,34.68],[136.85,34.32],[136.33,34.18],[135.92,33.56],[135.45,33.55],[135.18,33.9],[135.1,34.29],[135.38,34.5],[135.36,34.65],[135.04,34.63],[134.74,34.77],[134.21,34.7],[133.97,34.53],[133.14,34.3],[132.66,34.25],[132.42,34.35],[132.24,34.23],[132.14,33.84],[131.74,34.05],[131.23,33.95],[130.92,33.98],[131,34.39],[131.35,34.41],[131.86,34.73],[132.92,35.51],[133.38,35.46],[134.21,35.54],[135.18,35.75],[135.33,35.53],[135.68,35.5],[136.09,35.77],[136.01,35.99],[136.7,36.74],[136.72,37.2],[136.84,37.38],[137.32,37.52],[136.93,37.17],[137.02,36.84],[137.34,36.77],[137.51,36.95],[138.32,37.22],[138.71,37.56],[138.88,37.84],[139.4,38.14],[139.58,38.6],[139.8,38.88],[140.04,39.41],[140.05,39.75],[139.74,39.92],[140.01,40.31],[139.92,40.6],[140.28,40.85],[140.39,41.23],[140.63,41.2],[140.68,40.89],[141.12,40.88],[141.2,41.24],[140.8,41.14],[140.94,41.5],[141.23,41.37]]],[[[124.29,24.52],[124.29,24.52],[124.29,24.52],[124.29,24.52]]],[[[123.89,24.28],[123.89,24.28],[123.89,24.28],[123.89,24.28]]],[[[125.45,24.74],[125.45,24.74],[125.45,24.74],[125.45,24.74]]],[[[128.26,26.65],[127.87,26.44],[127.65,26.09],[127.73,26.43],[128.26,26.88],[128.26,26.65]]],[[[129,27.72],[129,27.72],[129,27.72],[129,27.72]]],[[[129.45,28.21],[129.16,28.25],[129.69,28.52],[129.45,28.21]]],[[[129.32,28.1],[129.32,28.1],[129.32,28.1],[129.32,28.1]]],[[[139.84,33.06],[139.84,33.06],[139.84,33.06],[139.84,33.06]]]]},"properties":{"id":"tasa:JPN","n":"Japón","st":"tasa_2","p":"JPN","color":"#bfe0c3","rango":"1 % a 3 %","z":0,"x":"1.25 % al cierre de 2026-09 · subió 0.75 puntos en 12 meses · Bank of Japan"}},{"type":"Feature","geometry":{"type":"MultiPolygon","coordinates":[[[[7.02,45.93],[7.79,45.92],[8.37,46.45],[8.46,46.25],[8.96,45.83],[9.25,46.29],[9.26,46.48],[9.53,46.31],[9.94,46.36],[10.2,46.62],[10.43,46.55],[10.45,46.87],[11.03,46.8],[11.13,46.94],[12.17,47.08],[12.39,46.7],[13.7,46.52],[13.38,46.26],[13.63,46.18],[13.57,45.83],[13.72,45.59],[13.63,45.77],[13.21,45.77],[13.03,45.64],[12.27,45.45],[12.22,45.24],[12.52,44.97],[12.25,44.72],[12.4,44.22],[12.69,43.99],[13.51,43.61],[13.69,43.39],[14.01,42.69],[14.18,42.51],[14.87,42.05],[15.17,41.93],[15.96,41.94],[16.15,41.76],[15.91,41.62],[16.01,41.44],[17.1,41.06],[17.96,40.65],[18.33,40.37],[18.48,40.1],[18.34,39.82],[18.08,39.94],[17.87,40.28],[17.48,40.31],[17.18,40.5],[16.93,40.46],[16.53,39.86],[16.6,39.64],[17.11,39.38],[17.17,39],[16.76,38.89],[16.56,38.72],[16.54,38.41],[16.28,38.25],[16.06,37.94],[15.72,37.94],[15.64,38.18],[15.82,38.3],[15.97,38.71],[16.2,38.76],[16.02,39.35],[15.69,39.99],[14.95,40.24],[14.77,40.67],[14.34,40.6],[14.46,40.73],[14.1,40.83],[13.73,41.24],[13.09,41.24],[12.63,41.47],[11.64,42.29],[11.3,42.42],[10.71,42.94],[10.32,43.51],[10.25,43.85],[10.05,44.02],[9.29,44.32],[8.76,44.42],[8.55,44.35],[8.08,43.92],[7.49,43.77],[7.68,44.08],[6.9,44.34],[6.84,44.51],[7.03,44.72],[6.63,45.12],[7.08,45.24],[7.16,45.4],[6.81,45.71],[7.02,45.93]],[[12.44,41.9],[12.44,41.9],[12.44,41.9],[12.44,41.9]],[[12.49,43.9],[12.49,43.9],[12.49,43.9],[12.49,43.9]]],[[[10.4,42.86],[10.4,42.86],[10.4,42.86],[10.4,42.86]]],[[[13.94,40.71],[13.94,40.71],[13.94,40.71],[13.94,40.71]]],[[[12.05,36.76],[12.05,36.76],[12.05,36.76],[12.05,36.76]]],[[[15.58,38.22],[15.23,37.78],[15.1,37.46],[15.29,37.01],[15.11,36.69],[14.5,36.8],[14.14,37.1],[13.91,37.1],[12.92,37.57],[12.7,37.57],[12.44,37.82],[12.74,38.18],[12.9,38.03],[13.16,38.19],[13.68,38],[14.51,38.05],[14.84,38.17],[15.58,38.22]]],[[[9.63,40.88],[9.79,40.56],[9.62,39.35],[9.49,39.14],[9.06,39.24],[8.88,38.91],[8.65,38.93],[8.42,39.21],[8.4,39.48],[8.55,39.84],[8.41,39.92],[8.47,40.29],[8.19,40.65],[8.22,40.91],[8.57,40.85],[9.23,41.26],[9.62,41.01],[9.63,40.88]]],[[[8.48,39.07],[8.48,39.07],[8.48,39.07],[8.48,39.07]]],[[[8.29,41.04],[8.29,41.04],[8.29,41.04],[8.29,41.04]]]]},"properties":{"id":"tasa:ITA","n":"Italia","st":"tasa_2","p":"ITA","color":"#bfe0c3","rango":"1 % a 3 %","z":0,"x":"2.5 % al cierre de 2026-09 · subió 0.5 puntos en 12 meses · Banco Central Europeo (zona euro)"}},{"type":"Feature","geometry":{"type":"Polygon","coordinates":[[[35.87,33.43],[35.91,32.95],[35.79,32.73],[35.57,32.64],[35.55,32.4],[35.19,32.54],[34.95,32.16],[34.99,31.91],[35.2,31.75],[34.87,31.4],[35.45,31.48],[35.44,31.13],[35.14,30.42],[35.14,30.14],[34.97,29.55],[34.9,29.48],[34.66,30.19],[34.25,31.21],[34.48,31.59],[34.68,31.9],[35.11,33.08],[35.41,33.07],[35.87,33.43]]]},"properties":{"id":"tasa:ISR","n":"Israel","st":"tasa_3","p":"ISR","color":"#f6e08a","rango":"3 % a 5 %","z":0,"x":"3.25 % al cierre de 2026-09 · bajó 1.25 puntos en 12 meses · Bank of Israel"}},{"type":"Feature","geometry":{"type":"MultiPolygon","coordinates":[[[[-9.95,53.91],[-9.95,53.91],[-9.95,53.91],[-9.95,53.91]]],[[[-7.22,55.09],[-7.75,54.62],[-8.12,54.41],[-7.85,54.22],[-7.36,54.12],[-7.05,54.41],[-6.65,54.06],[-6.22,54.09],[-6.35,53.99],[-6.14,53.58],[-6.03,52.93],[-6.22,52.54],[-6.46,52.34],[-6.32,52.25],[-7.53,52.1],[-7.67,51.98],[-8.81,51.58],[-9.84,51.48],[-9.58,51.69],[-10.12,51.6],[-9.75,51.82],[-10.09,51.77],[-10.38,51.87],[-9.96,52.14],[-10.39,52.13],[-10.13,52.28],[-9.77,52.25],[-9.91,52.4],[-9.63,52.55],[-8.78,52.68],[-9.92,52.57],[-9.52,52.78],[-9.3,53.1],[-8.93,53.21],[-9.47,53.24],[-10.12,53.55],[-9.72,53.6],[-9.9,53.73],[-9.58,53.88],[-9.91,53.86],[-9.86,54.09],[-10.06,54.26],[-9.32,54.3],[-8.54,54.24],[-8.62,54.35],[-8.13,54.64],[-8.76,54.68],[-8.38,54.89],[-8.27,55.15],[-7.53,55.19],[-7.25,55.35],[-6.96,55.24],[-7.22,55.09]]]]},"properties":{"id":"tasa:IRL","n":"Irlanda","st":"tasa_2","p":"IRL","color":"#bfe0c3","rango":"1 % a 3 %","z":0,"x":"2.5 % al cierre de 2026-09 · subió 0.5 puntos en 12 meses · Banco Central Europeo (zona euro)"}},{"type":"Feature","geometry":{"type":"MultiPolygon","coordinates":[[[[97.48,1.47],[97.93,0.97],[97.88,0.63],[97.69,0.6],[97.08,1.43],[97.48,1.47]]],[[[99.16,-1.78],[98.87,-1.66],[98.6,-1.2],[98.87,-0.92],[99.27,-1.63],[99.16,-1.78]]],[[[116.64,-8.61],[116.38,-8.93],[115.88,-8.83],[116.08,-8.75],[116.06,-8.44],[116.4,-8.2],[116.73,-8.39],[116.64,-8.61]]],[[[115.45,-8.16],[115.7,-8.41],[115.33,-8.62],[115.22,-8.82],[114.84,-8.43],[114.61,-8.38],[114.48,-8.12],[115,-8.17],[115.15,-8.07],[115.45,-8.16]]],[[[106.04,-1.67],[106.36,-2.46],[106.82,-2.57],[106.61,-2.9],[106.67,-3.07],[106,-2.83],[105.79,-2.18],[105.13,-2.04],[105.58,-1.53],[105.91,-1.5],[106.04,-1.67]]],[[[123.18,-4.55],[122.98,-5.19],[123.2,-5.27],[122.81,-5.67],[122.59,-5.54],[122.77,-5.21],[122.95,-4.44],[123.18,-4.55]]],[[[122.64,-5.27],[122.28,-5.32],[122.37,-4.77],[122.7,-4.62],[122.76,-4.93],[122.64,-5.27]]],[[[108.32,3.69],[108.1,3.71],[108,4.04],[108.2,4.2],[108.39,3.99],[108.32,3.69]]],[[[108.21,-3],[107.98,-3.22],[107.61,-3.21],[107.67,-2.57],[108.07,-2.6],[108.29,-2.83],[108.21,-3]]],[[[135.38,-0.65],[135.89,-0.73],[136.37,-1.09],[136.11,-1.22],[135.84,-1.12],[135.38,-0.65]]],[[[135.47,-1.59],[136.2,-1.66],[136.89,-1.8],[136.46,-1.89],[135.49,-1.67],[135.47,-1.59]]],[[[130.81,0],[131.28,-0.15],[131.34,-0.29],[131.01,-0.36],[130.62,-0.09],[130.69,-0.3],[130.24,-0.21],[130.29,-0.1],[130.81,0]]],[[[128.45,2.05],[128.22,2.3],[128.6,2.6],[128.62,2.22],[128.45,2.05]]],[[[128.15,-1.66],[127.56,-1.73],[127.39,-1.65],[127.65,-1.33],[128.15,-1.66]]],[[[126.05,-2.45],[125.86,-2.08],[125.99,-2.01],[126.05,-2.45]]],[[[126.02,-1.79],[126.33,-1.82],[125.43,-1.94],[125.52,-1.8],[126.02,-1.79]]],[[[124.97,-1.71],[125.32,-1.81],[124.42,-2],[124.38,-1.69],[124.97,-1.71]]],[[[131.32,-8],[131.09,-7.87],[131.26,-7.47],[131.64,-7.11],[131.69,-7.44],[131.32,-8]]],[[[126.8,-7.67],[126.47,-7.95],[126.11,-7.88],[125.8,-7.98],[125.97,-7.66],[126.22,-7.71],[126.61,-7.57],[126.8,-7.67]]],[[[124.57,-8.14],[125.12,-8.21],[125.1,-8.35],[124.44,-8.45],[124.57,-8.14]]],[[[131,-1.32],[130.78,-1.26],[130.67,-0.96],[131.08,-0.97],[131,-1.32]]],[[[96.49,5.23],[97.45,5.24],[97.91,4.88],[98.25,4.42],[98.31,4.09],[99.73,3.18],[100.46,2.26],[100.89,1.95],[100.83,2.24],[101.05,2.26],[101.48,1.69],[101.79,1.62],[102.16,1.26],[102.24,0.99],[102.47,0.78],[102.85,0.72],[103.07,0.49],[102.78,0.24],[103.34,0.51],[103.67,0.29],[103.79,0.05],[103.43,-0.19],[103.43,-0.53],[103.72,-0.89],[104.36,-1.04],[104.51,-1.82],[104.85,-2.09],[104.67,-2.39],[104.73,-2.57],[105.03,-2.36],[105.58,-2.49],[106.04,-3.11],[105.84,-3.61],[105.93,-3.88],[105.83,-4.16],[105.89,-5.01],[105.82,-5.68],[105.62,-5.8],[105.35,-5.55],[105.08,-5.75],[104.64,-5.52],[104.6,-5.91],[103.83,-5.08],[102.92,-4.47],[102.54,-4.15],[102.13,-3.6],[101.58,-3.17],[101.12,-2.59],[100.85,-2.14],[100.86,-1.94],[100.49,-1.3],[100.31,-0.83],[99.86,-0.31],[99.6,0.1],[99.16,0.35],[98.8,1.5],[98.56,1.9],[97.7,2.36],[97.59,2.85],[97.39,2.98],[96.97,3.58],[96.44,3.82],[95.5,4.76],[95.21,5.28],[95.23,5.56],[95.63,5.61],[96.13,5.29],[96.49,5.23]]],[[[122.78,-8.61],[122.09,-8.75],[121.65,-8.9],[121.41,-8.81],[121.04,-8.93],[120.55,-8.8],[119.91,-8.86],[119.92,-8.45],[120.61,-8.24],[121.5,-8.59],[121.97,-8.46],[122.26,-8.63],[122.85,-8.3],[123,-8.33],[122.78,-8.61]]],[[[120.01,-9.38],[120.29,-9.65],[120.56,-9.72],[120.83,-10.04],[120.44,-10.29],[120.15,-10.2],[119.6,-9.77],[119.08,-9.71],[118.96,-9.52],[119.18,-9.38],[120.01,-9.38]]],[[[118.24,-8.32],[118.61,-8.28],[118.71,-8.42],[118.99,-8.34],[119.13,-8.67],[118.48,-8.86],[118.38,-8.67],[118.19,-8.84],[117.06,-9.1],[116.79,-9.01],[116.83,-8.53],[117.16,-8.37],[117.57,-8.43],[117.81,-8.71],[118.23,-8.59],[117.82,-8.34],[117.76,-8.15],[118.12,-8.12],[118.24,-8.32]]],[[[124.89,1],[124.43,0.47],[123.75,0.31],[123.27,0.33],[123.08,0.48],[121.84,0.44],[121.43,0.5],[121.01,0.44],[120.46,0.51],[120.19,0.27],[120.01,-0.2],[120.1,-0.65],[120.52,-1.04],[120.67,-1.37],[121.04,-1.41],[121.52,-0.86],[121.97,-0.93],[122.28,-0.76],[122.89,-0.75],[123.17,-0.57],[123.38,-0.65],[123.38,-1],[123.05,-0.87],[122.81,-0.97],[122.51,-1.35],[121.72,-1.86],[121.35,-1.95],[121.85,-2.33],[122.4,-3.2],[122.25,-3.62],[122.88,-4.11],[122.9,-4.35],[122.21,-4.5],[121.92,-4.85],[121.59,-4.76],[121.49,-4.58],[121.62,-4.09],[120.91,-3.56],[121.04,-3.21],[121.05,-2.75],[120.65,-2.67],[120.25,-3.05],[120.44,-3.71],[120.36,-4.09],[120.41,-4.73],[120.28,-5.15],[120.43,-5.59],[119.95,-5.58],[119.72,-5.69],[119.38,-5.42],[119.61,-4.42],[119.62,-4.03],[119.42,-3.47],[118.99,-3.54],[118.87,-3.4],[118.78,-2.76],[119.09,-2.48],[119.32,-1.93],[119.31,-1.41],[119.51,-0.91],[119.71,-0.68],[119.84,-0.86],[119.72,-0.09],[120.06,0.69],[120.32,0.98],[120.6,0.85],[120.91,1.29],[121.41,1.24],[121.59,1.07],[122.44,1.02],[122.89,0.85],[123.28,0.93],[123.85,0.84],[124.28,1.02],[124.99,1.7],[125.23,1.5],[124.89,1]]],[[[107.37,-6.01],[107.67,-6.22],[108.29,-6.26],[108.68,-6.79],[110.43,-6.95],[110.74,-6.47],[110.97,-6.44],[111.15,-6.67],[111.54,-6.65],[112.09,-6.89],[112.54,-6.93],[112.79,-7.3],[112.79,-7.55],[113.25,-7.72],[114.07,-7.63],[114.44,-7.9],[114.39,-8.41],[114.58,-8.77],[113.25,-8.29],[112.68,-8.41],[111.51,-8.3],[110.61,-8.15],[109.85,-7.83],[109.28,-7.71],[108.74,-7.67],[108.45,-7.8],[107.92,-7.72],[107.29,-7.47],[106.45,-7.37],[106.52,-7.05],[105.94,-6.86],[105.48,-6.78],[105.79,-6.46],[105.87,-6.12],[106.07,-5.91],[106.83,-6.1],[107.05,-5.9],[107.37,-6.01]]],[[[109.63,2.03],[109.66,1.62],[110.5,0.86],[110.94,1.02],[111.77,1],[112.08,1.14],[112.19,1.44],[112.48,1.56],[112.94,1.57],[113.01,1.43],[113.62,1.24],[113.9,1.43],[114.54,1.47],[114.83,1.98],[114.79,2.25],[115.15,2.49],[115.09,2.84],[115.45,3.04],[115.57,3.45],[115.57,3.94],[115.9,4.35],[117.1,4.34],[117.58,4.17],[117.46,4.08],[117.78,3.69],[117.17,3.64],[117.38,3.37],[117.35,3.19],[117.61,3.06],[118.06,2.32],[117.79,2.03],[118.08,1.7],[118.64,1.32],[118.99,0.98],[118.53,0.81],[118.19,0.87],[117.91,1.1],[117.92,0.83],[117.74,0.73],[117.52,0.24],[117.46,-0.32],[117.58,-0.73],[117.24,-0.93],[116.28,-1.79],[116.42,-1.79],[116.53,-2.51],[116.35,-2.52],[116.35,-2.83],[116.17,-2.93],[116.26,-3.13],[115.96,-3.59],[114.7,-4.17],[114.63,-4.11],[114.53,-3.38],[114.45,-3.48],[114.08,-3.28],[113.8,-3.46],[113.56,-3.18],[113.34,-3.25],[113.04,-2.93],[112.97,-3.19],[112.6,-3.4],[112.28,-3.32],[111.82,-3.53],[111.82,-3.06],[111.37,-2.93],[110.93,-3.07],[110.57,-2.89],[110.3,-2.99],[110.08,-1.95],[109.96,-1.86],[110.02,-1.4],[109.79,-1.01],[109.27,-0.73],[109.13,-0.45],[109.26,0.03],[108.95,0.36],[108.91,0.79],[109.08,1.5],[109.38,1.92],[109.63,2.03]]],[[[127.73,0.85],[127.88,0.83],[128.16,1.16],[128.22,1.4],[128.69,1.57],[128.7,1.11],[128.3,0.88],[128.26,0.73],[128.66,0.51],[128.9,0.22],[128.45,0.39],[127.98,0.47],[127.89,0.3],[127.98,-0.25],[128.25,-0.73],[128.05,-0.71],[127.69,-0.24],[127.71,0.29],[127.55,0.49],[127.61,0.85],[127.42,1.25],[127.63,1.84],[128.04,2.2],[127.89,1.83],[128.01,1.7],[128.01,1.33],[127.65,1.01],[127.73,0.85]]],[[[129.75,-2.87],[130.38,-2.99],[130.86,-3.57],[130.81,-3.86],[130.02,-3.47],[129.84,-3.33],[129.47,-3.45],[128.75,-3.3],[128.42,-3.42],[128.08,-3.18],[127.92,-3.51],[127.88,-3.22],[128.2,-2.87],[129.43,-2.79],[129.75,-2.87]]],[[[126.86,-3.09],[127.23,-3.39],[127.23,-3.63],[126.69,-3.82],[126.22,-3.61],[126.03,-3.17],[126.86,-3.09]]],[[[124.92,-8.94],[125.15,-9.12],[124.98,-9.19],[125.07,-9.51],[124.43,-10.15],[123.86,-10.34],[123.65,-10.31],[123.59,-9.97],[123.71,-9.62],[124.04,-9.34],[124.28,-9.43],[124.44,-9.19],[124.92,-8.94]]],[[[134.75,-5.71],[134.75,-6.17],[134.44,-6.33],[134.15,-6.06],[134.34,-5.71],[134.62,-5.44],[134.75,-5.71]]],[[[134.54,-6.44],[134.36,-6.81],[134.06,-6.77],[134.11,-6.19],[134.54,-6.44]]],[[[138.53,-8.27],[138.3,-8.41],[137.69,-8.41],[137.69,-8.26],[138.01,-7.64],[138.3,-7.44],[138.77,-7.39],[138.99,-7.7],[138.79,-8.06],[138.53,-8.27]]],[[[140.97,-2.61],[140.98,-6.35],[140.86,-6.74],[140.98,-6.91],[140.98,-9.12],[139.94,-8.1],[139.38,-8.19],[139.19,-8.09],[138.93,-8.26],[138.86,-8.14],[139.09,-7.59],[138.75,-7.25],[139.05,-7.2],[138.6,-6.94],[138.87,-6.86],[138.44,-6.34],[138.3,-5.95],[138.38,-5.84],[138.07,-5.68],[138.06,-5.47],[137.09,-4.92],[136.62,-4.82],[135.98,-4.53],[135.19,-4.45],[134.75,-4.2],[134.71,-3.95],[134.27,-3.95],[133.97,-3.82],[133.65,-3.36],[133.25,-4.06],[132.97,-4.09],[132.75,-3.7],[132.87,-3.55],[132.75,-3.29],[132.35,-2.97],[131.97,-2.79],[132.23,-2.68],[132.72,-2.79],[133.19,-2.44],[133.61,-2.55],[133.91,-2.39],[133.92,-2.1],[133.49,-2.22],[132.96,-2.27],[132.31,-2.24],[132.02,-1.99],[131.93,-1.56],[131.3,-1.39],[131,-1.42],[131.26,-0.86],[131.8,-0.7],[132.13,-0.45],[132.62,-0.36],[133.47,-0.73],[133.97,-0.74],[134.26,-1.36],[134.11,-1.72],[134.16,-2.2],[134.46,-2.83],[134.63,-2.54],[134.7,-2.93],[134.84,-2.91],[135.04,-3.33],[135.49,-3.34],[136.24,-2.58],[136.39,-2.27],[136.84,-2.2],[137.17,-2.03],[137.12,-1.84],[137.81,-1.48],[138.65,-1.79],[139.79,-2.35],[140.62,-2.45],[140.97,-2.61]]],[[[138.89,-8.39],[138.6,-8.37],[138.8,-8.17],[138.89,-8.39]]],[[[101.71,2.08],[101.6,1.72],[101.45,2.07],[101.71,2.08]]],[[[102.43,0.99],[102.23,1.35],[102.44,1.23],[102.43,0.99]]],[[[102.49,1.46],[102.5,1.33],[102.08,1.5],[102.04,1.63],[102.49,1.46]]],[[[103.03,0.75],[102.46,0.89],[102.55,1.13],[103,0.86],[103.03,0.75]]],[[[103.17,0.87],[102.7,1.05],[102.79,1.17],[103.17,0.87]]],[[[103.28,0.54],[103.28,0.54],[103.28,0.54],[103.28,0.54]]],[[[103.45,0.66],[103.45,0.66],[103.45,0.66],[103.45,0.66]]],[[[104.02,1.18],[104.02,1.18],[104.02,1.18],[104.02,1.18]]],[[[104.59,1.22],[104.65,0.96],[104.5,0.85],[104.36,1.18],[104.59,1.22]]],[[[104.78,-0.18],[104.45,-0.19],[104.54,0.02],[104.78,-0.18]]],[[[104.47,-0.33],[104.59,-0.47],[104.36,-0.66],[104.26,-0.46],[104.47,-0.33]]],[[[103.74,-0.35],[103.74,-0.35],[103.74,-0.35],[103.74,-0.35]]],[[[109.71,-1.18],[109.43,-1.24],[109.48,-0.99],[109.71,-1.18]]],[[[113.85,-7.1],[113.47,-7.22],[112.76,-7.14],[112.87,-6.9],[113.98,-6.87],[113.85,-7.1]]],[[[134.96,-1.12],[134.96,-1.12],[134.96,-1.12],[134.96,-1.12]]],[[[127.25,-0.5],[127.25,-0.5],[127.25,-0.5],[127.25,-0.5]]],[[[127.57,-0.32],[127.61,-0.61],[127.88,-0.81],[127.46,-0.81],[127.32,-0.34],[127.57,-0.32]]],[[[132.93,-5.9],[133.11,-5.31],[133.12,-5.58],[132.93,-5.9]]],[[[132.81,-5.85],[132.81,-5.85],[132.81,-5.85],[132.81,-5.85]]],[[[128.27,-3.67],[127.98,-3.77],[128.02,-3.6],[128.33,-3.52],[128.27,-3.67]]],[[[126.82,4.03],[126.76,4.55],[126.92,4.29],[126.82,4.03]]],[[[125.66,3.44],[125.66,3.44],[125.66,3.44],[125.66,3.44]]],[[[130.86,-8.32],[130.86,-8.32],[130.86,-8.32],[130.86,-8.32]]],[[[129.84,-7.95],[129.84,-7.95],[129.84,-7.95],[129.84,-7.95]]],[[[127.82,-8.1],[127.82,-8.1],[127.82,-8.1],[127.82,-8.1]]],[[[130.35,-1.69],[130.42,-1.97],[130.25,-2.05],[129.74,-1.87],[130.35,-1.69]]],[[[102.37,-5.48],[102.37,-5.48],[102.37,-5.48],[102.37,-5.48]]],[[[100.42,-3.18],[100.21,-2.99],[100.24,-2.78],[100.42,-3.18]]],[[[100.21,-2.74],[100.01,-2.82],[100.01,-2.51],[100.21,-2.74]]],[[[99.84,-2.34],[99.61,-2.26],[99.69,-2.06],[99.84,-2.34]]],[[[98.46,-0.53],[98.31,-0.53],[98.43,-0.23],[98.46,-0.53]]],[[[96.46,2.36],[95.81,2.65],[95.81,2.92],[96.42,2.51],[96.46,2.36]]],[[[122.04,-5.44],[121.81,-5.26],[121.97,-5.08],[122.04,-5.44]]],[[[123.21,-1.17],[123.24,-1.39],[123.55,-1.34],[123.24,-1.58],[123.15,-1.3],[122.89,-1.59],[122.91,-1.18],[123.21,-1.17]]],[[[121.86,-0.41],[121.86,-0.41],[121.86,-0.41],[121.86,-0.41]]],[[[120.53,-6.3],[120.53,-6.3],[120.53,-6.3],[120.53,-6.3]]],[[[115.38,-6.97],[115.38,-6.97],[115.38,-6.97],[115.38,-6.97]]],[[[116.3,-3.87],[116.09,-4.05],[116.02,-3.7],[116.12,-3.34],[116.27,-3.25],[116.3,-3.87]]],[[[122.95,-10.91],[122.85,-10.76],[123.37,-10.47],[123.42,-10.65],[122.95,-10.91]]],[[[124.29,-8.33],[124.07,-8.55],[123.97,-8.35],[124.29,-8.33]]],[[[123.93,-8.27],[123.55,-8.57],[123.23,-8.53],[123.77,-8.19],[123.93,-8.27]]],[[[123.32,-8.35],[123.32,-8.35],[123.32,-8.35],[123.32,-8.35]]],[[[134.72,-6.55],[134.72,-6.55],[134.72,-6.55],[134.72,-6.55]]],[[[103.42,1.05],[103.42,1.05],[103.42,1.05],[103.42,1.05]]],[[[103.83,0.8],[103.83,0.8],[103.83,0.8],[103.83,0.8]]],[[[104.24,0.83],[104.24,0.83],[104.24,0.83],[104.24,0.83]]],[[[104.69,0.06],[104.69,0.06],[104.69,0.06],[104.69,0.06]]],[[[106.29,3.16],[106.29,3.16],[106.29,3.16],[106.29,3.16]]],[[[105.76,2.86],[105.76,2.86],[105.76,2.86],[105.76,2.86]]],[[[108.89,2.9],[108.89,2.9],[108.89,2.9],[108.89,2.9]]],[[[108.95,-1.62],[108.95,-1.62],[108.95,-1.62],[108.95,-1.62]]],[[[107.47,-2.9],[107.47,-2.9],[107.47,-2.9],[107.47,-2.9]]],[[[106.89,-3.01],[106.89,-3.01],[106.89,-3.01],[106.89,-3.01]]],[[[114.41,-7.13],[114.41,-7.13],[114.41,-7.13],[114.41,-7.13]]],[[[112.72,-5.81],[112.72,-5.81],[112.72,-5.81],[112.72,-5.81]]],[[[105.25,-6.64],[105.25,-6.64],[105.25,-6.64],[105.25,-6.64]]],[[[97.34,2.08],[97.34,2.08],[97.34,2.08],[97.34,2.08]]],[[[95.36,5.81],[95.36,5.81],[95.36,5.81],[95.36,5.81]]],[[[123.6,-1.7],[123.6,-1.7],[123.6,-1.7],[123.6,-1.7]]],[[[123.24,-4.11],[123.24,-4.11],[123.24,-4.11],[123.24,-4.11]]],[[[123.85,-1.96],[123.85,-1.96],[123.85,-1.96],[123.85,-1.96]]],[[[123.15,-1.82],[123.15,-1.82],[123.15,-1.82],[123.15,-1.82]]],[[[119.47,-8.74],[119.47,-8.74],[119.47,-8.74],[119.47,-8.74]]],[[[119.07,-8.24],[119.07,-8.24],[119.07,-8.24],[119.07,-8.24]]],[[[115.61,-8.77],[115.61,-8.77],[115.61,-8.77],[115.61,-8.77]]],[[[117.65,4.17],[117.88,4.19],[117.65,4.17],[117.65,4.17]]],[[[117.66,3.28],[117.66,3.28],[117.66,3.28],[117.66,3.28]]],[[[124.05,-5.97],[124.05,-5.97],[124.05,-5.97],[124.05,-5.97]]],[[[123.63,-5.27],[123.63,-5.27],[123.63,-5.27],[123.63,-5.27]]],[[[120.78,-7.12],[120.78,-7.12],[120.78,-7.12],[120.78,-7.12]]],[[[117.56,-8.37],[117.56,-8.37],[117.56,-8.37],[117.56,-8.37]]],[[[116.42,-3.46],[116.42,-3.46],[116.42,-3.46],[116.42,-3.46]]],[[[127.37,0.79],[127.37,0.79],[127.37,0.79],[127.37,0.79]]],[[[134.37,-2.12],[134.37,-2.12],[134.37,-2.12],[134.37,-2.12]]],[[[133.57,-4.25],[133.57,-4.25],[133.57,-4.25],[133.57,-4.25]]],[[[130.91,-0.78],[130.91,-0.78],[130.91,-0.78],[130.91,-0.78]]],[[[130.63,-0.53],[130.63,-0.53],[130.63,-0.53],[130.63,-0.53]]],[[[129.55,-0.19],[129.55,-0.19],[129.55,-0.19],[129.55,-0.19]]],[[[127.45,-0.01],[127.45,-0.01],[127.45,-0.01],[127.45,-0.01]]],[[[127.42,0.64],[127.42,0.64],[127.42,0.64],[127.42,0.64]]],[[[127.3,-0.78],[127.3,-0.78],[127.3,-0.78],[127.3,-0.78]]],[[[128.72,-3.55],[128.72,-3.55],[128.72,-3.55],[128.72,-3.55]]],[[[128.56,-3.59],[128.56,-3.59],[128.56,-3.59],[128.56,-3.59]]],[[[126.72,3.88],[126.72,3.88],[126.72,3.88],[126.72,3.88]]],[[[126.85,3.77],[126.85,3.77],[126.85,3.77],[126.85,3.77]]],[[[125.41,2.65],[125.41,2.65],[125.41,2.65],[125.41,2.65]]],[[[131.98,-7.2],[131.98,-7.2],[131.98,-7.2],[131.98,-7.2]]],[[[128.67,-7.18],[128.67,-7.18],[128.67,-7.18],[128.67,-7.18]]],[[[127.42,-7.62],[127.42,-7.62],[127.42,-7.62],[127.42,-7.62]]],[[[123.41,-10.3],[123.41,-10.3],[123.41,-10.3],[123.41,-10.3]]],[[[121.88,-10.59],[121.88,-10.59],[121.88,-10.59],[121.88,-10.59]]],[[[134.82,-6.43],[134.82,-6.43],[134.82,-6.43],[134.82,-6.43]]],[[[134.68,-6.75],[134.68,-6.75],[134.68,-6.75],[134.68,-6.75]]],[[[127.99,-2.94],[127.99,-2.94],[127.99,-2.94],[127.99,-2.94]]],[[[127.61,-3.32],[127.61,-3.32],[127.61,-3.32],[127.61,-3.32]]],[[[122.98,-8.55],[122.98,-8.55],[122.98,-8.55],[122.98,-8.55]]]]},"properties":{"id":"tasa:IDN","n":"Indonesia","st":"tasa_4","p":"IDN","color":"#f3b25d","rango":"5 % a 8 %","z":0,"x":"5.75 % al cierre de 2026-09 · subió 1 punto en 12 meses · Bank Indonesia"}},{"type":"Feature","geometry":{"type":"MultiPolygon","coordinates":[[[[68.16,23.86],[68.72,23.96],[68.73,24.27],[69.56,24.27],[69.72,24.17],[70.55,24.42],[70.72,24.24],[71.04,24.4],[71.05,24.69],[70.65,25.42],[70.65,25.67],[70.26,25.71],[70.08,26.07],[70.16,26.47],[69.47,26.8],[69.57,27.17],[69.9,27.47],[70.14,27.85],[70.4,28.02],[70.88,27.71],[71.87,27.96],[72.34,28.75],[72.9,29.03],[73.13,29.36],[73.38,29.93],[73.81,30.09],[73.9,30.43],[74.34,30.89],[74.63,31.04],[74.52,31.19],[74.51,31.71],[74.74,31.95],[75.25,32.14],[75.33,32.28],[74.66,32.52],[74.66,32.76],[74.35,32.77],[74.3,32.99],[73.99,33.24],[74.15,33.51],[74,33.79],[74.25,33.99],[73.95,34.02],[73.81,34.32],[73.96,34.65],[74.3,34.77],[75.19,34.64],[75.71,34.5],[76.04,34.67],[76.6,34.74],[77.05,35.11],[77.8,35.5],[78.05,35.45],[78.01,35.25],[78.28,34.65],[78.67,34.52],[78.97,34.23],[78.75,34.09],[78.8,33.5],[79.11,33.23],[79.22,32.5],[78.92,32.36],[78.7,32.6],[78.39,32.52],[78.5,32.22],[78.73,31.96],[78.74,31.32],[79.11,31.4],[79.57,30.95],[79.79,30.97],[80.19,30.76],[80.19,30.57],[80.68,30.42],[81.01,30.16],[80.55,29.9],[80.25,29.42],[80.07,28.83],[81.17,28.34],[81.85,27.87],[81.99,27.91],[82.73,27.52],[83.29,27.37],[83.45,27.47],[83.83,27.38],[84.09,27.49],[84.61,27.3],[84.69,27.04],[85.29,26.74],[85.57,26.84],[85.74,26.64],[86.37,26.57],[86.7,26.43],[87.01,26.56],[87.29,26.36],[88.06,26.43],[88.16,26.72],[87.98,27.13],[88.15,27.75],[88.11,27.87],[88.62,28.09],[88.85,27.87],[88.75,27.52],[88.89,27.32],[88.74,27.18],[88.86,26.96],[89.77,26.7],[90.34,26.89],[90.74,26.77],[91.67,26.8],[92.05,26.88],[91.99,27.45],[91.59,27.56],[91.63,27.76],[91.98,27.73],[92.66,27.95],[92.7,28.15],[93.12,28.4],[93.21,28.59],[93.9,28.8],[94.29,29.14],[94.62,29.31],[94.77,29.18],[95.42,29.05],[95.51,29.21],[96.04,29.45],[96.34,29.21],[96.16,28.91],[96.44,29.05],[96.58,28.76],[96.28,28.41],[96.6,28.46],[97.08,28.37],[97.32,28.22],[97.34,27.94],[96.96,27.7],[96.9,27.44],[97.04,27.1],[96.67,27.34],[96.06,27.22],[95.91,27.05],[95.13,26.6],[95.13,26.04],[94.99,25.77],[94.55,25.24],[94.71,25.05],[94.29,24.32],[94.13,23.88],[93.31,24.02],[93.42,23.68],[93.37,23.13],[93.16,23.03],[93.08,22.72],[93.16,22.36],[92.97,22],[92.69,22.13],[92.57,21.98],[92.49,22.68],[92.36,22.93],[92.25,23.68],[91.93,23.69],[91.94,23.5],[91.62,22.98],[91.32,23.11],[91.17,23.58],[91.37,24.09],[91.88,24.2],[92.07,24.37],[92.38,25.01],[92.05,25.17],[90.44,25.16],[89.83,25.29],[89.82,25.94],[89.62,26.22],[89.55,26.01],[89.29,26.04],[89.02,26.41],[88.97,26.25],[88.68,26.29],[88.52,26.52],[88.08,25.89],[88.45,25.57],[88.77,25.49],[88.89,25.2],[88.45,25.19],[88.31,24.88],[88.15,24.91],[88.02,24.63],[88.15,24.49],[88.72,24.28],[88.57,23.67],[88.85,23.04],[89.05,22.09],[89.05,21.65],[88.75,21.58],[88.64,22.12],[88.58,21.66],[88.06,21.69],[88.16,22.12],[87.68,21.65],[87.1,21.5],[86.86,21.24],[86.98,20.7],[86.75,20.31],[86.28,19.92],[85.57,19.69],[85.46,19.9],[85.16,19.62],[85.23,19.51],[84.75,19.05],[84.11,18.29],[83.66,18.07],[83.2,17.61],[82.59,17.27],[82.28,16.94],[82.26,16.56],[81.76,16.33],[81.29,16.34],[80.98,15.76],[80.65,15.9],[80.29,15.71],[80.05,15.07],[80.16,14.58],[80.11,14.21],[80.34,13.36],[80.23,12.69],[79.86,11.99],[79.75,11.57],[79.85,11.2],[79.84,10.32],[79.39,10.31],[79,9.68],[78.98,9.27],[78.42,9.1],[78.19,8.89],[78.06,8.38],[77.52,8.08],[76.97,8.41],[76.55,8.9],[76.33,9.45],[76.24,9.93],[76.35,9.92],[75.92,10.78],[75.72,11.36],[75.2,12.06],[74.77,13.08],[74.61,13.85],[74.38,14.49],[73.95,15.07],[73.93,15.4],[73.47,16.05],[73.34,16.46],[73.15,17.62],[72.87,18.68],[73.01,19.02],[72.83,18.98],[72.8,19.52],[72.67,19.83],[72.88,20.56],[72.81,21.12],[72.61,21.46],[73.02,21.7],[72.54,21.7],[72.7,21.97],[72.55,22.16],[72.81,22.23],[72.18,22.27],[72.3,22.19],[72.04,21.82],[72.25,21.53],[72.02,21.16],[71.02,20.74],[70.48,20.84],[70.03,21.18],[69.75,21.51],[69.01,22.2],[68.98,22.38],[69.28,22.29],[70.18,22.57],[70.44,22.97],[69.67,22.76],[69.24,22.85],[68.64,23.19],[68.42,23.57],[68.78,23.85],[68.23,23.6],[68.16,23.86]]],[[[93.89,6.83],[93.69,7.18],[93.86,7.21],[93.89,6.83]]],[[[93.73,7.36],[93.73,7.36],[93.73,7.36],[93.73,7.36]]],[[[93.14,8.25],[93.14,8.25],[93.14,8.25],[93.14,8.25]]],[[[93.44,7.88],[93.44,7.88],[93.44,7.88],[93.44,7.88]]],[[[93.54,8.06],[93.54,8.06],[93.54,8.06],[93.54,8.06]]],[[[92.79,9.14],[92.79,9.14],[92.79,9.14],[92.79,9.14]]],[[[92.5,10.56],[92.35,10.75],[92.51,10.9],[92.5,10.56]]],[[[92.69,11.38],[92.69,11.38],[92.69,11.38],[92.69,11.38]]],[[[92.72,11.54],[92.53,11.87],[92.72,12.36],[92.86,13.36],[93.06,13.54],[93.07,13.25],[92.89,12.94],[92.99,12.54],[92.72,11.54]]],[[[93.02,12.04],[93.02,12.04],[93.02,12.04],[93.02,12.04]]],[[[92.72,12.86],[92.72,12.86],[92.72,12.86],[92.72,12.86]]],[[[72.78,11.2],[72.78,11.2],[72.78,11.2],[72.78,11.2]]],[[[73.07,8.27],[73.07,8.27],[73.07,8.27],[73.07,8.27]]]]},"properties":{"id":"tasa:IND","n":"India","st":"tasa_4","p":"IND","color":"#f3b25d","rango":"5 % a 8 %","z":0,"x":"5.25 % al cierre de 2026-06 · Reserve Bank of India"}},{"type":"Feature","geometry":{"type":"Polygon","coordinates":[[[-15.54,66.23],[-14.86,66.38],[-15.12,66.12],[-14.7,66.02],[-14.84,65.78],[-14.39,65.79],[-14.32,65.68],[-13.62,65.52],[-13.8,65.35],[-13.6,65.04],[-14.14,64.72],[-14.38,64.74],[-14.47,64.49],[-15.02,64.3],[-15.5,64.26],[-16.06,64.11],[-16.64,63.86],[-17.81,63.71],[-18.08,63.5],[-18.65,63.41],[-20.2,63.56],[-21.25,63.94],[-21.45,63.86],[-22.65,63.83],[-22.7,64.08],[-22.51,63.99],[-22.06,64.07],[-21.65,64.4],[-21.95,64.31],[-21.95,64.52],[-22.33,64.63],[-22.47,64.8],[-23.35,64.82],[-23.88,64.75],[-24.02,64.86],[-22.83,65.02],[-21.89,65.05],[-22.47,65.23],[-21.84,65.45],[-22.9,65.58],[-23.9,65.41],[-24.45,65.5],[-24.01,65.62],[-24.11,65.76],[-23.61,65.68],[-23.29,65.75],[-23.83,65.85],[-23.52,65.88],[-23.74,66.07],[-23.38,66.18],[-23.02,65.98],[-22.44,66.07],[-22.95,66.21],[-22.51,66.26],[-23.12,66.34],[-22.89,66.44],[-22.43,66.43],[-21.41,66.03],[-21.42,65.46],[-21.13,65.27],[-20.74,65.66],[-20.45,65.57],[-20.36,66.03],[-20.03,66.05],[-19.59,65.78],[-19.38,66.08],[-18.78,66.17],[-18.1,65.83],[-18.3,66.16],[-17.91,66.14],[-17.55,65.96],[-17.15,66.2],[-16.84,66.12],[-16.49,66.2],[-16.54,66.45],[-15.99,66.51],[-15.54,66.23]]]},"properties":{"id":"tasa:ISL","n":"Islandia","st":"tasa_5","p":"ISL","color":"#e07b3c","rango":"8 % a 12 %","z":0,"x":"8 % al cierre de 2026-09 · subió 0.5 puntos en 12 meses · Central Bank of Iceland"}},{"type":"Feature","geometry":{"type":"Polygon","coordinates":[[[22.13,48.41],[22.77,48.11],[22.88,47.95],[22.29,47.73],[22,47.5],[21.79,47.14],[21.04,46.24],[20.24,46.11],[19.53,46.16],[18.91,45.93],[18.44,45.77],[17.81,45.79],[17.41,45.95],[16.75,46.42],[16.52,46.5],[16.28,46.86],[16.09,46.86],[16.45,47.01],[16.44,47.4],[16.62,47.45],[16.55,47.75],[17.07,47.71],[17.15,48.01],[17.76,47.77],[18.73,47.79],[18.79,48],[19.47,48.11],[19.63,48.22],[19.9,48.13],[20.33,48.3],[20.49,48.53],[21.45,48.55],[21.77,48.34],[22.13,48.41]]]},"properties":{"id":"tasa:HUN","n":"Hungría","st":"tasa_4","p":"HUN","color":"#f3b25d","rango":"5 % a 8 %","z":0,"x":"5.5 % al cierre de 2026-09 · bajó 1 punto en 12 meses · Hungarian National Bank"}},{"type":"Feature","geometry":{"type":"MultiPolygon","coordinates":[[[[27.86,36.55],[27.86,36.55],[27.86,36.55],[27.86,36.55]]],[[[20.61,38.38],[20.76,38.07],[20.52,38.11],[20.44,38.36],[20.61,38.38]]],[[[20.89,37.81],[20.89,37.81],[20.89,37.81],[20.89,37.81]]],[[[20.69,38.61],[20.69,38.61],[20.69,38.61],[20.69,38.61]]],[[[20.76,38.33],[20.76,38.33],[20.76,38.33],[20.76,38.33]]],[[[20.08,39.43],[19.65,39.73],[19.84,39.82],[20.08,39.43]]],[[[23.42,38.96],[23.47,38.85],[24.1,38.67],[24.28,38.22],[24.56,38.15],[24.5,37.97],[24.21,38.12],[24.04,38.39],[23.76,38.4],[23.25,38.8],[22.87,38.87],[23.31,39.03],[23.42,38.96]]],[[[23.78,39.11],[23.78,39.11],[23.78,39.11],[23.78,39.11]]],[[[23.89,39.16],[23.89,39.16],[23.89,39.16],[23.89,39.16]]],[[[24.68,38.81],[24.68,38.81],[24.68,38.81],[24.68,38.81]]],[[[24.77,40.61],[24.77,40.61],[24.77,40.61],[24.77,40.61]]],[[[23.55,37.93],[23.55,37.93],[23.55,37.93],[23.55,37.93]]],[[[23.05,36.19],[23.05,36.19],[23.05,36.19],[23.05,36.19]]],[[[27.17,35.47],[27.17,35.47],[27.17,35.47],[27.17,35.47]]],[[[27.02,36.96],[27.02,36.96],[27.02,36.96],[27.02,36.96]]],[[[26.95,36.73],[26.95,36.73],[26.95,36.73],[26.95,36.73]]],[[[25.55,36.97],[25.55,36.97],[25.55,36.97],[25.55,36.97]]],[[[25.28,37.07],[25.28,37.07],[25.28,37.07],[25.28,37.07]]],[[[25.48,36.39],[25.48,36.39],[25.48,36.39],[25.48,36.39]]],[[[25.38,36.67],[25.38,36.67],[25.38,36.67],[25.38,36.67]]],[[[26.83,37.81],[27.06,37.71],[26.58,37.72],[26.83,37.81]]],[[[26.03,37.53],[26.03,37.53],[26.03,37.53],[26.03,37.53]]],[[[25.86,36.79],[25.86,36.79],[25.86,36.79],[25.86,36.79]]],[[[26.46,36.59],[26.46,36.59],[26.46,36.59],[26.46,36.59]]],[[[24.36,37.58],[24.36,37.58],[24.36,37.58],[24.36,37.58]]],[[[24.44,37.34],[24.44,37.34],[24.44,37.34],[24.44,37.34]]],[[[24.54,36.76],[24.54,36.76],[24.54,36.76],[24.54,36.76]]],[[[24.94,37.49],[24.94,37.49],[24.94,37.49],[24.94,37.49]]],[[[24.99,37.76],[24.99,37.76],[24.99,37.76],[24.99,37.76]]],[[[25.26,37.6],[25.26,37.6],[25.26,37.6],[25.26,37.6]]],[[[24.72,36.92],[24.72,36.92],[24.72,36.92],[24.72,36.92]]],[[[26.09,38.22],[25.85,38.57],[26.16,38.54],[26.09,38.22]]],[[[26.41,39.33],[26.58,39.03],[26.16,39.03],[25.84,39.2],[26.17,39.37],[26.41,39.33]]],[[[25.68,40.43],[25.68,40.43],[25.68,40.43],[25.68,40.43]]],[[[25.44,39.98],[25.36,39.81],[25.06,40],[25.44,39.98]]],[[[25.4,37.42],[25.4,37.42],[25.4,37.42],[25.4,37.42]]],[[[24.53,37.13],[24.53,37.13],[24.53,37.13],[24.53,37.13]]],[[[27.84,35.93],[27.71,36.17],[28.23,36.43],[28.09,36.07],[27.84,35.93]]],[[[23.85,35.53],[24.31,35.36],[24.72,35.43],[25.48,35.31],[25.73,35.35],[25.75,35.14],[26.17,35.22],[26.25,35.05],[24.8,34.93],[24.71,35.09],[23.88,35.25],[23.64,35.23],[23.55,35.42],[23.74,35.65],[23.85,35.53]]],[[[26.32,41.72],[26.58,41.6],[26.62,41.4],[26.33,41.24],[26.33,40.95],[26.04,40.73],[25.86,40.84],[25.1,40.99],[24.79,40.86],[24.48,40.95],[24.08,40.72],[23.76,40.75],[23.87,40.42],[23.66,40.22],[23.31,40.22],[22.9,40.4],[22.92,40.59],[22.63,40.5],[22.59,40.04],[23.29,39.29],[22.84,39.26],[22.97,39.03],[22.6,38.89],[23.25,38.66],[23.68,38.35],[23.97,38.27],[24.05,37.71],[23.58,38.01],[23.03,37.88],[23.2,37.62],[23.49,37.44],[23.16,37.33],[22.73,37.54],[23,37.02],[22.98,36.53],[22.78,36.79],[22.38,36.51],[22.38,36.7],[22.08,37.03],[21.89,36.74],[21.58,37.08],[21.69,37.31],[21.57,37.54],[21.14,37.85],[21.4,38.2],[21.83,38.33],[22.92,37.96],[23.15,38.18],[22.42,38.44],[21.47,38.32],[21.11,38.39],[20.78,38.93],[21.07,38.89],[21.12,39.03],[20.78,39.01],[20.3,39.33],[20,39.71],[20.38,39.8],[20.31,39.98],[20.66,40.12],[20.81,40.45],[21.03,40.62],[20.96,40.85],[21.58,40.87],[21.93,41.11],[22.49,41.12],[22.92,41.34],[23.64,41.39],[24.06,41.53],[24.52,41.55],[25.25,41.24],[26.13,41.39],[26.07,41.67],[26.32,41.72]]]]},"properties":{"id":"tasa:GRC","n":"Grecia","st":"tasa_2","p":"GRC","color":"#bfe0c3","rango":"1 % a 3 %","z":0,"x":"2.5 % al cierre de 2026-09 · subió 0.5 puntos en 12 meses · Banco Central Europeo (zona euro)"}},{"type":"Feature","geometry":{"type":"MultiPolygon","coordinates":[[[[9.52,47.52],[9.18,47.67],[8.62,47.77],[8.42,47.59],[7.62,47.59],[7.58,48.06],[7.84,48.64],[8.13,48.97],[7.45,49.15],[6.73,49.16],[6.35,49.45],[6.49,49.8],[6.14,49.97],[6.12,50.12],[6.36,50.32],[6.24,50.6],[5.99,50.75],[5.9,50.98],[6.13,51.15],[6.19,51.49],[5.95,51.76],[6.74,51.91],[6.72,52.08],[7.04,52.38],[6.75,52.46],[6.75,52.63],[7.01,52.63],[7.19,53],[7.2,53.28],[7.05,53.38],[7.28,53.68],[8.01,53.69],[8.25,53.45],[8.49,53.51],[8.62,53.88],[8.98,53.93],[8.91,54.26],[8.65,54.4],[8.96,54.54],[8.67,54.9],[9.34,54.81],[9.74,54.83],[10.02,54.67],[9.87,54.47],[10.14,54.49],[10.73,54.32],[11.01,54.38],[10.92,54],[11.4,53.95],[11.8,54.14],[12.11,54.17],[12.58,54.47],[13.03,54.41],[13.45,54.14],[13.73,54.15],[13.87,53.85],[14.26,53.73],[14.42,53.28],[14.13,52.88],[14.62,52.53],[14.55,52.36],[14.75,52.08],[14.6,51.83],[14.73,51.52],[15.02,51.25],[14.81,50.86],[14.51,51.01],[14.37,50.9],[13.53,50.69],[13.47,50.62],[12.45,50.35],[12.21,50.1],[12.51,49.9],[12.39,49.74],[12.63,49.46],[13.82,48.77],[13.67,48.52],[12.81,48.16],[13.06,47.66],[13.02,47.48],[12.68,47.67],[12.21,47.72],[12.18,47.62],[11.72,47.58],[10.98,47.4],[10.87,47.52],[10.43,47.54],[10.31,47.31],[9.75,47.58],[9.52,47.52]]],[[[13.71,54.38],[13.37,54.25],[13.18,54.54],[13.42,54.7],[13.71,54.38]]],[[[14.21,53.95],[14.21,53.87],[13.93,53.88],[13.83,54.13],[14.21,53.95]]],[[[11.28,54.42],[11.28,54.42],[11.28,54.42],[11.28,54.42]]],[[[8.31,54.79],[8.31,54.79],[8.31,54.79],[8.31,54.79]]],[[[8.59,54.71],[8.59,54.71],[8.59,54.71],[8.59,54.71]]]]},"properties":{"id":"tasa:DEU","n":"Alemania","st":"tasa_2","p":"DEU","color":"#bfe0c3","rango":"1 % a 3 %","z":0,"x":"2.5 % al cierre de 2026-09 · subió 0.5 puntos en 12 meses · Banco Central Europeo (zona euro)"}},{"type":"Feature","geometry":{"type":"MultiPolygon","coordinates":[[[[9.48,42.81],[9.56,42.16],[9.19,41.39],[8.81,41.59],[8.89,41.7],[8.62,41.93],[8.57,42.36],[8.71,42.55],[9.29,42.69],[9.36,43.02],[9.48,42.81]]],[[[7.62,47.59],[7.42,47.46],[7.05,47.49],[7,47.32],[6.06,46.43],[6.09,46.15],[6.43,46.43],[6.76,46.42],[6.77,46.16],[7.02,45.93],[6.81,45.71],[7.16,45.4],[7.08,45.24],[6.63,45.12],[7.03,44.72],[6.84,44.51],[6.9,44.34],[7.68,44.08],[7.49,43.77],[7.44,43.75],[7.38,43.73],[6.72,43.37],[6.49,43.17],[6.11,43.07],[5.41,43.23],[5.06,43.44],[4.63,43.39],[4.05,43.59],[3.26,43.19],[3.05,42.91],[3.21,42.43],[2.65,42.34],[2.03,42.35],[1.7,42.5],[1.43,42.6],[1.35,42.69],[0.7,42.85],[0.63,42.69],[-0.04,42.69],[-0.3,42.83],[-0.59,42.8],[-0.76,42.94],[-1.48,43.07],[-1.41,43.24],[-1.79,43.41],[-1.49,43.56],[-1.24,44.56],[-1.19,45.16],[-1.08,45.53],[-0.77,45.31],[-1.03,45.74],[-1.15,46.31],[-1.79,46.52],[-2.06,46.81],[-2.02,47.04],[-2.2,47.16],[-1.97,47.31],[-2.5,47.31],[-2.43,47.47],[-2.77,47.51],[-3.16,47.69],[-3.9,47.84],[-4.31,47.82],[-4.68,48.04],[-4.33,48.17],[-4.72,48.36],[-4.72,48.54],[-4.06,48.71],[-3.23,48.84],[-2.69,48.54],[-2.45,48.65],[-1.38,48.65],[-1.56,48.8],[-1.58,49.2],[-1.86,49.68],[-1.26,49.68],[-1.14,49.39],[-0.16,49.3],[0.42,49.45],[0.13,49.51],[0.19,49.7],[1.24,50],[1.59,50.25],[1.58,50.74],[1.91,50.99],[2.53,51.1],[2.84,50.71],[3.11,50.78],[3.27,50.53],[3.67,50.33],[4.17,50.25],[4.14,49.98],[4.66,50],[4.86,50.14],[4.87,49.79],[5.51,49.51],[5.79,49.54],[6.35,49.45],[6.73,49.16],[7.45,49.15],[8.13,48.97],[7.84,48.64],[7.58,48.06],[7.62,47.59]]],[[[-1.18,45.9],[-1.18,45.9],[-1.18,45.9],[-1.18,45.9]]],[[[45.18,-12.98],[45.18,-12.98],[45.18,-12.98],[45.18,-12.98]]],[[[55.8,-21.34],[55.36,-21.27],[55.31,-20.9],[55.66,-20.91],[55.84,-21.14],[55.8,-21.34]]],[[[-60.83,14.49],[-61.22,14.8],[-60.92,14.74],[-60.83,14.49]]],[[[-61.33,16.23],[-61.52,16.23],[-61.47,16.51],[-61.17,16.26],[-61.33,16.23]]],[[[-61.59,16.01],[-61.76,16.06],[-61.75,16.36],[-61.55,16.27],[-61.59,16.01]]],[[[-61.23,15.89],[-61.23,15.89],[-61.23,15.89],[-61.23,15.89]]],[[[-54.62,2.33],[-54.4,2.46],[-54.2,2.82],[-54.19,3.18],[-53.99,3.59],[-54.35,4.05],[-54.45,4.48],[-54.45,5.01],[-54.16,5.36],[-53.85,5.78],[-53.46,5.56],[-52.9,5.43],[-52.06,4.72],[-51.93,4.44],[-51.78,4.57],[-51.65,4.06],[-51.99,3.7],[-52.7,2.36],[-52.97,2.18],[-53.77,2.35],[-54.13,2.12],[-54.62,2.33]]]]},"properties":{"id":"tasa:FRA","n":"Francia","st":"tasa_2","p":"FRA","color":"#bfe0c3","rango":"1 % a 3 %","z":0,"x":"2.5 % al cierre de 2026-09 · subió 0.5 puntos en 12 meses · Banco Central Europeo (zona euro)"}},{"type":"Feature","geometry":{"type":"MultiPolygon","coordinates":[[[[24.15,65.81],[23.75,66.19],[23.7,66.48],[23.99,66.81],[23.62,67.18],[23.73,67.42],[23.47,67.45],[23.5,67.87],[23.64,67.95],[22.78,68.39],[22,68.52],[20.62,69.04],[21.07,69.04],[21.05,69.19],[21.62,69.27],[22.3,68.86],[22.41,68.72],[23.32,68.65],[23.86,68.81],[24.94,68.59],[25.36,68.86],[25.75,68.99],[25.75,69.23],[26.01,69.65],[26.53,69.91],[27.11,69.9],[27.89,70.06],[28.41,69.82],[29.14,69.67],[29.33,69.47],[28.85,69.18],[28.96,69.02],[28.41,68.9],[28.75,68.77],[28.47,68.49],[28.69,68.19],[29.34,68.06],[29.98,67.69],[29.94,67.55],[29.09,66.97],[29.09,66.85],[29.9,66.09],[30.09,65.68],[29.82,65.57],[29.63,65.22],[29.81,65.11],[29.6,64.97],[30.07,64.77],[30.11,64.37],[30.51,64.2],[30.5,64.02],[30,63.75],[30.42,63.5],[31.18,63.21],[31.53,62.89],[31.29,62.57],[29.25,61.29],[28.41,60.9],[27.8,60.54],[27.24,60.54],[25.66,60.33],[25.16,60.19],[23.72,59.97],[23.46,59.99],[22.96,59.83],[23.2,60.02],[22.87,60.22],[22.46,60.03],[22.58,60.38],[22.26,60.4],[21.44,60.6],[21.36,60.97],[21.61,61.59],[21.26,61.99],[21.35,62.22],[21.11,62.62],[21.2,62.79],[21.65,63.04],[21.54,63.21],[22.32,63.31],[22.53,63.65],[23.25,63.9],[24.28,64.52],[24.56,64.8],[25.29,64.86],[25.35,65.48],[24.58,65.76],[24.15,65.81]]],[[[21.99,60.34],[21.99,60.34],[21.99,60.34],[21.99,60.34]]],[[[21.22,63.24],[21.22,63.24],[21.22,63.24],[21.22,63.24]]],[[[22.17,60.37],[22.17,60.37],[22.17,60.37],[22.17,60.37]]],[[[21.45,60.53],[21.45,60.53],[21.45,60.53],[21.45,60.53]]],[[[21.83,60.14],[21.83,60.14],[21.83,60.14],[21.83,60.14]]],[[[21.63,60.11],[21.63,60.11],[21.63,60.11],[21.63,60.11]]],[[[24.85,64.99],[24.85,64.99],[24.85,64.99],[24.85,64.99]]]]},"properties":{"id":"tasa:FIN","n":"Finlandia","st":"tasa_2","p":"FIN","color":"#bfe0c3","rango":"1 % a 3 %","z":0,"x":"2.5 % al cierre de 2026-09 · subió 0.5 puntos en 12 meses · Banco Central Europeo (zona euro)"}},{"type":"Feature","geometry":{"type":"MultiPolygon","coordinates":[[[[27.35,57.53],[26.97,57.61],[26.53,57.53],[25.99,57.84],[25.11,58.06],[24.32,57.87],[24.53,58.35],[24.11,58.27],[23.77,58.36],[23.43,58.92],[23.5,59.19],[24.08,59.29],[24.38,59.47],[25.44,59.52],[25.51,59.64],[26.62,59.55],[26.97,59.45],[27.89,59.41],[28.01,59.48],[27.46,58.84],[27.49,58.27],[27.75,57.84],[27.54,57.8],[27.35,57.53]]],[[[22.62,58.62],[23.29,58.48],[22.73,58.23],[22.19,58.16],[21.88,58.26],[21.86,58.5],[22.62,58.62]]],[[[22.92,58.83],[22.54,58.69],[22.41,58.86],[22.06,58.94],[22.59,59.08],[22.91,58.99],[22.92,58.83]]],[[[23.34,58.55],[23.34,58.55],[23.34,58.55],[23.34,58.55]]]]},"properties":{"id":"tasa:EST","n":"Estonia","st":"tasa_2","p":"EST","color":"#bfe0c3","rango":"1 % a 3 %","z":0,"x":"2.5 % al cierre de 2026-09 · subió 0.5 puntos en 12 meses · Banco Central Europeo (zona euro)"}},{"type":"Feature","geometry":{"type":"MultiPolygon","coordinates":[[[[12.57,55.79],[12.22,55.47],[12.41,55.29],[12.09,55.19],[12.05,54.81],[11.86,54.77],[11.66,55.19],[11.29,55.2],[10.98,55.72],[11.32,55.75],[11.48,55.94],[11.82,55.7],[11.87,55.97],[12.22,56.12],[12.58,56.06],[12.57,55.79]]],[[[9.74,54.83],[9.34,54.81],[8.67,54.9],[8.62,55.42],[8.13,55.6],[8.16,56.61],[8.67,56.5],[9.07,56.79],[9.2,56.7],[9.25,57.01],[8.99,57.02],[8.77,56.72],[8.47,56.66],[8.29,56.85],[8.62,57.11],[9.3,57.15],[9.55,57.23],[9.96,57.58],[10.53,57.73],[10.52,57.24],[10.29,57],[10.28,56.62],[10.85,56.52],[10.86,56.3],[10.32,56.21],[10.18,55.87],[9.59,55.49],[9.67,55.27],[9.46,55.04],[9.74,54.83]]],[[[10.64,55.61],[10.78,55.13],[10.44,55.05],[9.99,55.16],[9.86,55.52],[10.64,55.61]]],[[[11.36,54.89],[11.74,54.81],[11.46,54.63],[11.04,54.77],[11.06,54.94],[11.36,54.89]]],[[[10.73,54.75],[10.62,54.85],[10.92,55.06],[10.73,54.75]]],[[[12.55,54.97],[12.18,54.89],[12.31,55.04],[12.55,54.97]]],[[[12.67,55.6],[12.67,55.6],[12.67,55.6],[12.67,55.6]]],[[[10.49,54.85],[10.49,54.85],[10.49,54.85],[10.49,54.85]]],[[[10.06,54.89],[10.06,54.89],[10.06,54.89],[10.06,54.89]]],[[[10.61,55.78],[10.61,55.78],[10.61,55.78],[10.61,55.78]]],[[[11.05,57.25],[11.05,57.25],[11.05,57.25],[11.05,57.25]]],[[[15.09,55.02],[14.68,55.1],[14.77,55.3],[15.13,55.14],[15.09,55.02]]]]},"properties":{"id":"tasa:DNK","n":"Dinamarca","st":"tasa_2","p":"DNK","color":"#bfe0c3","rango":"1 % a 3 %","z":0,"x":"2.1 % al cierre de 2026-09 · subió 0.5 puntos en 12 meses · Danmarks Nationalbank"}},{"type":"Feature","geometry":{"type":"Polygon","coordinates":[[[18.83,49.51],[18.6,49.49],[18.16,49.26],[18.08,49.07],[17.76,48.89],[17.19,48.86],[16.95,48.6],[16.48,48.8],[16.06,48.75],[15.31,48.97],[14.97,48.98],[14.69,48.6],[14.05,48.6],[13.82,48.77],[12.63,49.46],[12.39,49.74],[12.51,49.9],[12.21,50.1],[12.45,50.35],[13.47,50.62],[13.53,50.69],[14.37,50.9],[14.51,51.01],[14.81,50.86],[14.99,51.01],[15.36,50.81],[16.01,50.61],[16.42,50.57],[16.21,50.42],[16.68,50.1],[16.99,50.24],[16.88,50.43],[17.42,50.25],[17.88,49.97],[18.03,50.04],[18.56,49.88],[18.83,49.51]]]},"properties":{"id":"tasa:CZE","n":"República Checa","st":"tasa_3","p":"CZE","color":"#f6e08a","rango":"3 % a 5 %","z":0,"x":"3.75 % al cierre de 2026-09 · subió 0.25 puntos en 12 meses · Czech National Bank"}},{"type":"Feature","geometry":{"type":"Polygon","coordinates":[[[34,35.06],[33.53,35.04],[33.38,35.16],[32.87,35.09],[32.71,35.17],[32.94,35.39],[33.46,35.34],[34.55,35.66],[33.94,35.29],[34,35.06]]]},"properties":{"id":"tasa:CYP","n":"Chipre","st":"tasa_2","p":"CYP","color":"#bfe0c3","rango":"1 % a 3 %","z":0,"x":"2.5 % al cierre de 2026-09 · subió 0.5 puntos en 12 meses · Banco Central Europeo (zona euro)"}},{"type":"Feature","geometry":{"type":"Polygon","coordinates":[[[32.71,35.17],[32.87,35.09],[33.38,35.16],[33.53,35.04],[34,35.06],[32.94,34.58],[32.45,34.73],[32.32,34.95],[32.71,35.17]]]},"properties":{"id":"tasa:CYP","n":"Chipre","st":"tasa_2","p":"CYP","color":"#bfe0c3","rango":"1 % a 3 %","z":0,"x":"2.5 % al cierre de 2026-09 · subió 0.5 puntos en 12 meses · Banco Central Europeo (zona euro)"}},{"type":"Feature","geometry":{"type":"MultiPolygon","coordinates":[[[[13.58,45.52],[13.88,45.43],[14.37,45.48],[14.54,45.65],[14.85,45.47],[15.34,45.47],[15.28,45.73],[15.63,45.83],[15.64,46.2],[16.52,46.5],[16.75,46.42],[17.41,45.95],[17.81,45.79],[18.44,45.77],[18.91,45.93],[19.01,45.4],[19.33,45.27],[19.14,45.2],[19.01,44.87],[18.66,45.08],[17.99,45.14],[17.81,45.08],[17.13,45.17],[16.92,45.28],[16.53,45.22],[16.29,45.01],[16.03,45.19],[15.79,45.18],[15.74,44.77],[16.13,44.47],[16.21,44.21],[16.71,43.78],[17.27,43.45],[17.62,43.04],[17.58,42.94],[16.9,43.39],[16.39,43.54],[15.99,43.52],[15.94,43.66],[15.5,43.91],[15.12,44.26],[15.47,44.27],[14.9,44.71],[14.86,45.08],[14.31,45.34],[13.97,44.84],[13.63,45.11],[13.58,45.52]]],[[[16.65,43],[16.65,43],[16.65,43],[16.65,43]]],[[[17.2,43.13],[16.68,43.12],[16.37,43.21],[17.2,43.13]]],[[[16.79,43.27],[16.79,43.27],[16.79,43.27],[16.79,43.27]]],[[[15.23,44.06],[15.23,44.06],[15.23,44.06],[15.23,44.06]]],[[[14.81,44.98],[14.44,45.1],[14.57,45.23],[14.81,44.98]]],[[[14.83,44.76],[14.83,44.76],[14.83,44.76],[14.83,44.76]]],[[[15.19,44.34],[15.19,44.34],[15.19,44.34],[15.19,44.34]]],[[[15.19,43.92],[15.19,43.92],[15.19,43.92],[15.19,43.92]]],[[[15.37,43.97],[15.37,43.97],[15.37,43.97],[15.37,43.97]]],[[[14.49,44.66],[14.3,44.94],[14.36,45.17],[14.49,44.66]]],[[[17.61,42.77],[17.61,42.77],[17.61,42.77],[17.61,42.77]]],[[[18.44,42.56],[18.52,42.43],[17.67,42.9],[18.44,42.56]]]]},"properties":{"id":"tasa:HRV","n":"Croacia","st":"tasa_2","p":"HRV","color":"#bfe0c3","rango":"1 % a 3 %","z":0,"x":"2.5 % al cierre de 2026-09 · subió 0.5 puntos en 12 meses · Banco Central Europeo (zona euro)"}},{"type":"Feature","geometry":{"type":"MultiPolygon","coordinates":[[[[-71.32,11.86],[-71.96,11.67],[-72.25,11.2],[-72.45,11.11],[-72.87,10.49],[-73.01,9.79],[-73.36,9.23],[-73.06,9.26],[-72.8,9.11],[-72.66,8.63],[-72.42,8.38],[-72.47,7.52],[-72.21,7.37],[-71.89,6.99],[-71.01,6.99],[-70.66,7.08],[-70.09,6.94],[-69.43,6.12],[-69.09,6.18],[-68.47,6.16],[-67.57,6.24],[-67.44,6.03],[-67.83,5.27],[-67.86,4.51],[-67.66,3.86],[-67.31,3.42],[-67.83,2.89],[-67.21,2.39],[-66.88,1.22],[-67.09,1.21],[-67.09,1.62],[-67.35,2.09],[-67.5,2.11],[-67.99,1.75],[-68.19,1.99],[-68.18,1.72],[-69.85,1.71],[-69.85,1.06],[-69.36,1.06],[-69.15,0.64],[-69.47,0.73],[-70.05,0.58],[-70.07,-0.14],[-69.67,-0.48],[-69.4,-1.2],[-69.96,-4.24],[-70.34,-3.82],[-70.74,-3.78],[-70.07,-2.75],[-70.09,-2.66],[-70.92,-2.22],[-71.4,-2.33],[-71.75,-2.15],[-71.98,-2.33],[-72.39,-2.43],[-72.89,-2.41],[-73.15,-2.28],[-73.2,-1.83],[-73.5,-1.69],[-73.67,-1.25],[-74.25,-0.97],[-74.42,-0.58],[-74.8,-0.2],[-75.29,-0.11],[-75.88,0.15],[-76.31,0.45],[-76.5,0.23],[-76.83,0.25],[-77.42,0.42],[-77.47,0.64],[-78.31,1.05],[-78.86,1.46],[-79.03,1.62],[-78.79,1.85],[-78.58,1.77],[-78.62,2.31],[-78.12,2.49],[-77.67,2.88],[-77.36,3.35],[-77.08,3.91],[-77.36,3.94],[-77.41,4.25],[-77.29,4.72],[-77.4,5.42],[-77.54,5.54],[-77.25,5.78],[-77.47,6.18],[-77.36,6.5],[-77.9,7.23],[-77.7,7.69],[-77.54,7.57],[-77.21,8.03],[-77.48,8.5],[-77.37,8.66],[-76.74,8],[-76.92,8.57],[-76.28,8.99],[-76.14,9.27],[-75.64,9.45],[-75.68,9.73],[-75.45,10.61],[-74.84,11.11],[-74.45,10.99],[-74.4,10.77],[-74.06,11.34],[-73.31,11.3],[-72.72,11.71],[-72.28,11.89],[-72.14,12.19],[-71.71,12.42],[-71.26,12.33],[-71.14,12.05],[-71.32,11.86]]],[[[-78.12,2.54],[-78.12,2.54],[-78.12,2.54],[-78.12,2.54]]]]},"properties":{"id":"tasa:COL","n":"Colombia","st":"tasa_6","p":"COL","color":"#c0392b","rango":"12 % a 20 %","z":0,"x":"12 % al cierre de 2026-09 · subió 2.75 puntos en 12 meses · Central Bank of Colombia"}},{"type":"Feature","geometry":{"type":"MultiPolygon","coordinates":[[[[118.18,24.5],[118.18,24.5],[118.18,24.5],[118.18,24.5]]],[[[121.86,31.49],[121.34,31.64],[121.46,31.76],[121.86,31.49]]],[[[122.3,29.96],[122.3,29.96],[122.3,29.96],[122.3,29.96]]],[[[122.17,29.68],[122.17,29.68],[122.17,29.68],[122.17,29.68]]],[[[122.4,29.89],[122.4,29.89],[122.4,29.89],[122.4,29.89]]],[[[119.82,25.46],[119.82,25.46],[119.82,25.46],[119.82,25.46]]],[[[110.39,21.09],[110.39,21.09],[110.39,21.09],[110.39,21.09]]],[[[121.25,28.09],[121.25,28.09],[121.25,28.09],[121.25,28.09]]],[[[113.55,22.8],[113.55,22.8],[113.55,22.8],[113.55,22.8]]],[[[112.79,21.6],[112.79,21.6],[112.79,21.6],[112.79,21.6]]],[[[112.64,21.64],[112.64,21.64],[112.64,21.64],[112.64,21.64]]],[[[107.97,21.51],[107.8,21.65],[107.35,21.61],[107.01,21.89],[106.66,21.98],[106.54,22.4],[106.78,22.78],[106.54,22.91],[105.84,22.92],[105.27,23.34],[104.86,23.14],[104.8,22.91],[104.37,22.7],[104.05,22.75],[103.91,22.54],[103.62,22.78],[103.47,22.6],[103.3,22.76],[103.01,22.45],[102.43,22.73],[102.13,22.38],[101.67,22.46],[101.52,22.25],[101.74,21.83],[101.73,21.16],[101.22,21.22],[101.14,21.57],[101.08,21.76],[100.53,21.46],[100.22,21.46],[99.98,21.7],[99.92,22.03],[99.19,22.13],[99.38,22.83],[99.34,23.1],[98.86,23.19],[98.83,23.62],[98.68,23.84],[98.83,24.09],[98.02,24.07],[97.63,23.89],[97.67,24.38],[97.53,24.49],[97.92,25.24],[98.17,25.59],[98.62,25.83],[98.74,26.79],[98.65,27.57],[98.3,27.55],[98.1,28.14],[97.66,28.5],[97.32,28.22],[97.08,28.37],[96.6,28.46],[96.28,28.41],[96.58,28.76],[96.44,29.05],[96.16,28.91],[96.34,29.21],[96.04,29.45],[95.51,29.21],[95.42,29.05],[94.77,29.18],[94.62,29.31],[94.29,29.14],[93.9,28.8],[93.21,28.59],[93.12,28.4],[92.7,28.15],[92.66,27.95],[91.98,27.73],[91.63,27.76],[91.6,27.95],[91.23,28.07],[91.08,27.97],[90.35,28.08],[90.35,28.24],[89.98,28.31],[89.54,28.11],[88.95,27.46],[88.89,27.32],[88.75,27.52],[88.85,27.87],[88.62,28.09],[88.11,27.87],[87.14,27.84],[86.55,28.09],[86.41,27.93],[86.08,28.08],[85.95,27.93],[85.68,28.28],[85.12,28.32],[85.16,28.59],[84.71,28.6],[84.23,28.91],[84.1,29.22],[83.58,29.18],[83.16,29.61],[82.85,29.68],[82.16,30.12],[82.04,30.33],[81.42,30.34],[81.25,30.09],[81.01,30.16],[80.68,30.42],[80.19,30.57],[80.19,30.76],[79.79,30.97],[79.57,30.95],[79.11,31.4],[78.74,31.32],[78.73,31.96],[78.5,32.22],[78.39,32.52],[78.7,32.6],[78.92,32.36],[79.22,32.5],[79.11,33.23],[78.8,33.5],[78.75,34.09],[78.97,34.23],[78.67,34.52],[78.28,34.65],[78.01,35.25],[78.05,35.45],[77.8,35.5],[77.45,35.48],[76.77,35.66],[76.55,35.89],[76.15,35.83],[75.9,36.09],[75.97,36.38],[75.84,36.65],[75.42,36.74],[75.35,36.91],[74.54,37.02],[74.37,37.16],[74.89,37.23],[75.12,37.39],[74.89,37.6],[74.94,37.77],[74.75,38.51],[74.28,38.66],[73.8,38.61],[73.8,39],[73.61,39.23],[73.63,39.45],[73.91,39.61],[73.84,39.76],[73.99,40.04],[74.41,40.14],[74.84,40.35],[74.86,40.49],[75.24,40.48],[75.58,40.61],[75.68,40.31],[76.48,40.45],[76.82,40.98],[77.58,40.99],[78.12,41.08],[78.36,41.37],[79.29,41.78],[80.22,42.03],[80.21,42.19],[80.16,42.67],[80.54,42.87],[80.39,43.04],[80.79,43.16],[80.35,44.1],[80.34,44.44],[80.46,44.75],[80,44.8],[80.06,45.01],[80.86,45.13],[81.69,45.35],[81.99,45.16],[82.48,45.12],[82.58,45.44],[82.32,45.6],[83,47.03],[83.19,47.19],[84.02,46.97],[84.67,46.97],[84.79,46.83],[85.48,47.06],[85.66,47.25],[85.52,47.92],[85.75,48.38],[86.55,48.53],[86.72,48.7],[86.75,49.01],[87.32,49.09],[87.81,49.16],[87.74,48.88],[88.03,48.74],[87.98,48.55],[88.52,48.38],[88.58,48.22],[89.05,48],[89.56,48],[89.78,47.83],[90.03,47.88],[90.31,47.68],[90.5,47.29],[90.87,46.95],[91.03,46.53],[90.91,46.27],[91,46.04],[90.71,45.73],[90.66,45.53],[90.88,45.2],[91.58,45.08],[92.43,45.01],[92.79,45.04],[93.66,44.9],[93.96,44.67],[94.2,44.65],[94.71,44.35],[95.35,44.28],[95.36,44.01],[95.53,43.95],[95.91,43.21],[96.3,42.93],[96.39,42.72],[97.21,42.79],[99.47,42.57],[99.98,42.68],[101.71,42.47],[101.97,42.22],[103.07,42.01],[103.71,41.75],[104.5,41.88],[104.5,41.66],[104.98,41.6],[105.2,41.74],[106.77,42.29],[108.17,42.45],[109.44,42.46],[110.4,42.77],[111.01,43.34],[111.55,43.5],[111.93,43.71],[111.84,43.94],[111.4,44.37],[111.62,44.83],[111.9,45.06],[112.41,45.06],[112.6,44.92],[113.59,44.75],[114.03,44.94],[114.52,45.36],[115.68,45.46],[116.24,45.8],[116.56,46.29],[116.86,46.39],[117.33,46.36],[117.41,46.57],[117.67,46.52],[118.31,46.72],[118.84,46.76],[119.16,46.64],[119.71,46.61],[119.9,46.86],[119.71,47.15],[118.5,47.98],[117.77,47.99],[117.35,47.65],[116.76,47.87],[116.23,47.86],[115.9,47.69],[115.56,47.95],[115.52,48.13],[115.79,48.25],[115.96,48.69],[116.68,49.82],[117.24,49.62],[117.87,49.51],[118.45,49.84],[119.26,50.07],[119.35,50.28],[119.16,50.41],[120.07,51.6],[120.68,51.97],[120.66,52.57],[120.07,52.63],[120.1,52.79],[120.98,53.28],[122.09,53.45],[123.61,53.55],[124.81,53.13],[125.07,53.2],[125.65,53.04],[126.05,52.74],[126.02,52.61],[126.31,52.4],[126.51,51.93],[126.81,51.51],[126.92,51.1],[127.35,50.62],[127.4,50.3],[127.59,50.21],[127.5,49.87],[128,49.57],[128.77,49.58],[129.12,49.36],[129.5,49.39],[130.2,48.89],[130.55,48.86],[130.55,48.6],[130.81,48.34],[130.73,48.02],[131,47.69],[131.78,47.68],[132.56,47.77],[132.71,47.95],[133.15,48.11],[133.47,48.1],[134.29,48.37],[134.56,48.32],[134.57,48.02],[134.75,47.71],[134.48,47.45],[134.17,47.3],[134.2,47.13],[133.87,46.5],[133.86,46.25],[133.51,45.88],[133.44,45.61],[133.19,45.49],[133.11,45.13],[132.94,45.03],[131.98,45.24],[131.85,45.33],[131.45,44.98],[131.08,44.91],[131.06,44.66],[131.26,44.07],[131.17,43.7],[131.26,43.38],[131.07,42.9],[130.42,42.73],[130.53,42.54],[130.24,42.89],[129.9,43],[129.72,42.48],[129.32,42.41],[128.92,42.04],[128.04,41.99],[128.29,41.56],[128.15,41.39],[127.18,41.53],[126.9,41.78],[126.6,41.64],[126.49,41.36],[125.99,40.9],[124.89,40.46],[124.36,40],[124.11,39.84],[123.03,39.67],[122.33,39.37],[121.65,38.86],[121.16,38.73],[121.11,38.92],[121.68,39.11],[121.82,39.39],[121.28,39.39],[121.52,39.64],[121.52,39.85],[121.8,39.95],[122.27,40.54],[121.86,40.84],[121.18,40.9],[120.77,40.59],[120.48,40.23],[119.59,39.9],[119.22,39.41],[118.91,39.17],[118.3,39.07],[118.04,39.23],[117.78,39.13],[117.56,38.62],[117.77,38.31],[118.01,38.18],[118.94,38.04],[119.09,37.7],[118.95,37.33],[119.45,37.13],[119.76,37.15],[119.88,37.35],[120.75,37.83],[121.64,37.46],[122.06,37.53],[122.6,37.43],[122.52,36.95],[122.34,36.83],[121.93,36.96],[120.99,36.6],[120.68,36.34],[120.68,36.17],[120.39,36.05],[120.33,36.23],[120.1,36.12],[120.29,35.98],[120.06,35.86],[119.43,35.3],[119.22,35.01],[119.2,34.75],[120.27,34.27],[120.51,33.64],[120.87,33.02],[120.86,32.66],[121.4,32.37],[121.4,32.21],[121.83,31.9],[121.87,31.7],[121.35,31.86],[120.97,31.87],[120.52,32.11],[120.19,31.97],[120.71,31.98],[121.66,31.32],[121.88,30.92],[121.53,30.84],[121,30.56],[120.82,30.35],[120.45,30.39],[120.63,30.13],[121.16,30.3],[121.43,30.23],[121.68,29.98],[122.08,29.87],[121.51,29.48],[121.94,29.61],[121.92,29.13],[121.72,29.26],[121.45,29.13],[121.67,29.01],[121.47,28.64],[121.6,28.37],[121.27,28.22],[121.1,28.29],[120.59,27.58],[120.54,27.32],[120.28,27.1],[120.09,26.67],[119.88,26.61],[119.79,26.83],[119.59,26.79],[119.88,26.33],[119.26,25.97],[119.62,26],[119.59,25.37],[119.14,25.41],[119.29,25.23],[119.03,25.22],[118.91,24.93],[118.64,24.81],[118.56,24.58],[118.09,24.63],[118.06,24.25],[117.63,23.84],[117.47,23.84],[116.63,23.35],[116.47,22.95],[116.25,22.98],[115.5,22.72],[115.2,22.82],[114.85,22.62],[114.65,22.75],[114.55,22.53],[114.27,22.54],[114.01,22.51],[113.62,22.86],[113.62,23.13],[113.33,22.91],[113.55,22.59],[113.53,22.25],[113.48,22.2],[112.3,21.74],[111.94,21.85],[111.6,21.56],[111.02,21.51],[110.57,21.21],[110.41,21.34],[110.18,20.86],[110.51,20.52],[110.45,20.36],[110.12,20.26],[109.79,20.62],[109.68,21.13],[109.93,21.48],[109.54,21.54],[109.08,21.44],[109.03,21.63],[108.77,21.63],[108.48,21.9],[108.52,21.67],[107.97,21.51]]],[[[110.89,19.99],[111.01,19.66],[110.82,19.56],[110.57,19.17],[110.45,18.75],[109.52,18.22],[108.7,18.54],[108.64,18.87],[108.69,19.34],[109.28,19.76],[109.31,19.9],[110.68,20.14],[110.89,19.99]]]]},"properties":{"id":"tasa:CHN","n":"China","st":"tasa_3","p":"CHN","color":"#f6e08a","rango":"3 % a 5 %","z":0,"x":"3 % al cierre de 2026-09 · sin cambio en 12 meses · People's Bank of China"}},{"type":"Feature","geometry":{"type":"MultiPolygon","coordinates":[[[[114.01,22.51],[114.27,22.54],[114.27,22.3],[113.9,22.43],[114.01,22.51]]],[[[114.23,22.21],[114.23,22.21],[114.23,22.21],[114.23,22.21]]],[[[114,22.21],[114,22.21],[114,22.21],[114,22.21]]]]},"properties":{"id":"tasa:HKG","n":"Hong Kong","st":"tasa_3","p":"HKG","color":"#f6e08a","rango":"3 % a 5 %","z":0,"x":"4 % al cierre de 2026-08 · bajó 0.75 puntos en 12 meses · Hong Kong Monetary Authority"}},{"type":"Feature","geometry":{"type":"MultiPolygon","coordinates":[[[[-109.28,-27.14],[-109.28,-27.14],[-109.28,-27.14],[-109.28,-27.14]]],[[[-78.8,-33.65],[-78.8,-33.65],[-78.8,-33.65],[-78.8,-33.65]]],[[[-70.42,-18.35],[-69.93,-18.21],[-69.85,-17.7],[-69.51,-17.51],[-69.31,-17.94],[-69.09,-18.05],[-68.97,-18.97],[-68.46,-19.43],[-68.7,-19.72],[-68.6,-20.05],[-68.76,-20.12],[-68.74,-20.46],[-68.5,-20.61],[-68.56,-20.9],[-68.2,-21.3],[-68.19,-21.62],[-67.99,-22.06],[-67.88,-22.82],[-67.58,-22.89],[-67.2,-22.82],[-67.01,-23],[-67.35,-24.03],[-68.25,-24.39],[-68.56,-24.84],[-68.38,-25.09],[-68.6,-25.49],[-68.41,-26.15],[-68.58,-26.52],[-68.32,-26.88],[-68.34,-27.03],[-68.85,-27.15],[-69.17,-27.92],[-69.66,-28.41],[-69.83,-29.1],[-70.03,-29.32],[-69.93,-29.77],[-69.96,-30.36],[-70.16,-30.44],[-70.52,-31.15],[-70.58,-31.57],[-70.17,-32.47],[-70.02,-33.27],[-69.82,-33.28],[-69.89,-33.73],[-69.85,-34.22],[-70.05,-34.3],[-70.29,-34.73],[-70.47,-35.33],[-70.4,-36.06],[-70.75,-36.39],[-71.06,-36.52],[-71.19,-36.84],[-71.12,-37.12],[-71.17,-37.76],[-71.03,-38.04],[-70.95,-38.74],[-71.43,-38.98],[-71.54,-39.6],[-71.72,-39.64],[-71.64,-39.89],[-71.82,-40.18],[-71.7,-40.34],[-71.93,-40.69],[-71.87,-40.89],[-71.91,-41.65],[-71.76,-42.1],[-72.12,-42.3],[-72.15,-42.99],[-71.78,-43.17],[-71.91,-43.44],[-71.68,-43.93],[-71.82,-44.38],[-71.21,-44.44],[-71.26,-44.76],[-71.96,-44.79],[-72.04,-44.9],[-71.6,-44.98],[-71.35,-45.23],[-71.51,-45.51],[-71.75,-45.58],[-71.63,-45.95],[-71.88,-46.16],[-71.73,-46.71],[-71.94,-46.83],[-71.91,-47.2],[-72.34,-47.49],[-72.52,-47.88],[-72.33,-48.11],[-72.36,-48.37],[-72.61,-48.52],[-72.61,-48.79],[-72.98,-48.98],[-73.14,-49.3],[-73.46,-49.31],[-73.58,-49.58],[-73.5,-50.12],[-73.15,-50.74],[-72.51,-50.61],[-72.28,-50.91],[-72.41,-51.54],[-71.92,-51.99],[-69.96,-52.01],[-68.46,-52.29],[-68.44,-52.36],[-69.24,-52.21],[-69.62,-52.46],[-70.8,-52.77],[-70.95,-53.23],[-70.99,-53.78],[-71.3,-53.88],[-72.18,-53.63],[-72.38,-53.47],[-72.3,-53.25],[-71.94,-53.23],[-71.79,-53.48],[-71.74,-53.23],[-71.4,-53.11],[-71.16,-52.85],[-71.39,-52.76],[-72.46,-53.25],[-72.55,-53.46],[-73.05,-53.24],[-72.91,-52.94],[-72.68,-52.75],[-72.45,-52.81],[-72.12,-52.65],[-71.51,-52.61],[-72.64,-52.53],[-73.12,-53.07],[-73.64,-52.84],[-73.24,-52.71],[-74.01,-52.64],[-74.3,-52.12],[-73.83,-52.23],[-73.68,-52.08],[-73.14,-52.13],[-72.69,-51.99],[-72.49,-51.76],[-72.93,-51.86],[-73.38,-52.07],[-73.65,-51.86],[-74.19,-51.68],[-73.93,-51.62],[-73.9,-51.33],[-74.12,-51.2],[-74.81,-51.06],[-75.09,-50.68],[-74.68,-50.66],[-74.64,-50.36],[-74.36,-50.49],[-74.19,-50.78],[-73.85,-50.94],[-73.75,-50.54],[-73.98,-50.83],[-74.18,-50.49],[-74.63,-50.19],[-74.34,-49.98],[-74.02,-50.02],[-74.32,-49.78],[-74.29,-49.6],[-73.89,-49.62],[-74.09,-49.43],[-74.03,-49.03],[-74.22,-49.5],[-74.37,-49.4],[-74.34,-48.6],[-74.17,-48.43],[-74.48,-48.46],[-74.58,-48],[-73.85,-48.04],[-73.38,-48.18],[-73.61,-47.99],[-73.72,-47.66],[-73.94,-47.93],[-74.35,-47.94],[-74.66,-47.7],[-74.53,-47.57],[-74.13,-47.59],[-74.48,-47.43],[-74.16,-47.18],[-74.31,-46.79],[-74.51,-46.89],[-75,-46.74],[-75.15,-46.6],[-75.48,-46.66],[-75.5,-46.94],[-75.66,-46.61],[-74.93,-46.16],[-75.07,-45.88],[-74.16,-45.77],[-74.04,-45.42],[-73.82,-45.45],[-74.08,-46.13],[-73.88,-45.85],[-73.69,-45.86],[-73.81,-46.38],[-73.66,-46.3],[-73.59,-45.78],[-73.73,-45.48],[-73.2,-45.35],[-73.45,-45.24],[-73.36,-44.98],[-72.74,-44.73],[-72.66,-44.44],[-73.27,-44.17],[-73.22,-43.9],[-73,-43.63],[-73.1,-43.46],[-72.88,-43.05],[-72.78,-42.3],[-72.63,-42.2],[-72.43,-42.43],[-72.5,-41.98],[-72.82,-41.91],[-72.67,-41.66],[-73.01,-41.54],[-73.24,-41.78],[-73.73,-41.74],[-73.96,-41.12],[-73.67,-40.08],[-73.41,-39.79],[-73.23,-39.22],[-73.48,-38.62],[-73.46,-38.04],[-73.66,-37.7],[-73.6,-37.19],[-73.22,-37.17],[-73.12,-36.69],[-72.87,-36.39],[-72.63,-35.59],[-72.22,-35.1],[-72.06,-34.62],[-72,-34.17],[-71.66,-33.65],[-71.74,-33.09],[-71.59,-32.97],[-71.42,-32.39],[-71.71,-30.76],[-71.67,-30.33],[-71.4,-30.14],[-71.31,-29.65],[-71.52,-28.93],[-71.19,-28.38],[-71.05,-27.73],[-70.65,-26.33],[-70.71,-25.78],[-70.44,-25.17],[-70.57,-24.64],[-70.49,-23.78],[-70.39,-23.57],[-70.59,-23.37],[-70.56,-23.06],[-70.33,-22.85],[-70.09,-21.49],[-70.2,-20.73],[-70.16,-19.71],[-70.27,-19.27],[-70.36,-18.4],[-70.42,-18.35]]],[[[-68.63,-52.65],[-68.65,-54.85],[-69.49,-54.86],[-69.72,-54.71],[-70.03,-54.82],[-70.5,-54.81],[-71.44,-54.62],[-71.83,-54.63],[-71.61,-54.5],[-70.7,-54.35],[-70.7,-54.49],[-70.3,-54.49],[-70.76,-54.24],[-70.87,-53.88],[-70.53,-53.63],[-70.38,-53.99],[-70.63,-54],[-70.17,-54.38],[-69.74,-54.31],[-69.25,-54.56],[-69.04,-54.41],[-69.99,-54.11],[-70.15,-53.76],[-69.35,-53.48],[-69.51,-53.34],[-70.09,-53.42],[-70.46,-53.21],[-70.13,-52.94],[-70.38,-52.75],[-69.99,-52.82],[-69.5,-52.49],[-69.17,-52.67],[-68.63,-52.65]]],[[[-67.08,-55.15],[-67.26,-55.28],[-67.53,-55.18],[-68.07,-55.22],[-68.3,-54.98],[-68.11,-54.93],[-67.25,-54.98],[-67.08,-55.15]]],[[[-73.77,-43.35],[-74.12,-43.36],[-74.37,-43.19],[-74.21,-42.88],[-74.16,-42.22],[-74.04,-41.8],[-73.53,-41.9],[-73.47,-42.47],[-73.79,-42.59],[-73.44,-42.94],[-73.75,-43.16],[-73.77,-43.35]]],[[[-74.48,-49.15],[-74.57,-49.99],[-74.76,-50.01],[-74.88,-49.73],[-74.74,-49.42],[-74.96,-49.53],[-75.07,-49.85],[-75.55,-49.79],[-75.31,-49.49],[-75.47,-49.36],[-75.09,-49.27],[-75.18,-49.08],[-74.79,-48.7],[-74.57,-48.76],[-74.48,-49.15]]],[[[-75.51,-48.76],[-75.65,-48.59],[-75.56,-48.07],[-75.39,-48.02],[-75.16,-48.43],[-75.16,-48.62],[-75.51,-48.76]]],[[[-74.39,-52.92],[-73.45,-53.14],[-73.14,-53.34],[-73.58,-53.3],[-73.79,-53.12],[-74.27,-53.08],[-74.39,-52.92]]],[[[-74.57,-48.59],[-74.92,-48.63],[-75.21,-48.14],[-75.2,-47.97],[-74.83,-47.85],[-74.57,-48.59]]],[[[-72.92,-53.48],[-72.48,-53.59],[-72.2,-53.81],[-72.56,-54.07],[-72.96,-54.07],[-72.76,-53.86],[-73.31,-53.94],[-73.31,-53.73],[-73.85,-53.55],[-73.45,-53.41],[-72.92,-53.48]]],[[[-74.82,-51.63],[-74.53,-51.99],[-74.7,-52.28],[-74.85,-52.27],[-75.11,-51.79],[-74.82,-51.63]]],[[[-69.7,-54.92],[-68.9,-55.02],[-68.46,-54.96],[-68.6,-55.13],[-68.28,-55.25],[-68.05,-55.64],[-68.59,-55.45],[-68.87,-55.45],[-68.89,-55.26],[-69.3,-55.17],[-69.41,-55.44],[-69.68,-55.22],[-69.98,-55.15],[-69.89,-54.88],[-69.7,-54.92]]],[[[-71.39,-54.03],[-71.02,-54.11],[-71.14,-54.37],[-71.47,-54.23],[-71.95,-54.3],[-72.21,-54.05],[-72,-53.88],[-71.39,-54.03]]],[[[-73.73,-44.39],[-73.98,-44.49],[-73.73,-45.12],[-73.85,-45.34],[-74.1,-45.32],[-74.62,-44.65],[-74.5,-44.47],[-74.1,-44.39],[-73.9,-44.14],[-73.73,-44.39]]],[[[-72.99,-44.78],[-73.35,-44.83],[-73.45,-44.64],[-73.21,-44.34],[-72.77,-44.55],[-72.99,-44.78]]],[[[-75.04,-44.89],[-75.04,-44.89],[-75.04,-44.89],[-75.04,-44.89]]],[[[-75.3,-50.68],[-75.43,-50.48],[-75.12,-50.51],[-75.3,-50.68]]],[[[-75.11,-48.84],[-75.51,-49.23],[-75.62,-48.89],[-75.11,-48.84]]],[[[-75.11,-47.84],[-75.11,-47.84],[-75.11,-47.84],[-75.11,-47.84]]],[[[-74.67,-43.61],[-74.67,-43.61],[-74.67,-43.61],[-74.67,-43.61]]],[[[-73.63,-44.82],[-73.63,-44.82],[-73.63,-44.82],[-73.63,-44.82]]],[[[-74.56,-51.28],[-74.62,-51.4],[-75.05,-51.4],[-75.29,-51.62],[-75.15,-51.28],[-74.56,-51.28]]],[[[-75.06,-50.3],[-75.45,-50.34],[-75.33,-50.01],[-74.88,-50.11],[-75.06,-50.3]]],[[[-73.81,-43.83],[-73.81,-43.83],[-73.81,-43.83],[-73.81,-43.83]]],[[[-74.14,-51.93],[-74.14,-51.93],[-74.14,-51.93],[-74.14,-51.93]]],[[[-74.31,-45.69],[-74.69,-45.66],[-74.31,-45.17],[-74.31,-45.69]]],[[[-67.57,-55.89],[-67.57,-55.89],[-67.57,-55.89],[-67.57,-55.89]]],[[[-66.47,-55.23],[-66.47,-55.23],[-66.47,-55.23],[-66.47,-55.23]]],[[[-70.99,-54.87],[-70.8,-54.97],[-70.42,-54.91],[-70.4,-55.17],[-70.94,-55.06],[-70.99,-54.87]]],[[[-67.29,-55.78],[-67.56,-55.73],[-67.4,-55.58],[-67.29,-55.78]]]]},"properties":{"id":"tasa:CHL","n":"Chile","st":"tasa_3","p":"CHL","color":"#f6e08a","rango":"3 % a 5 %","z":0,"x":"4.5 % al cierre de 2026-09 · bajó 0.25 puntos en 12 meses · Central Bank of Chile"}},{"type":"Feature","geometry":{"type":"MultiPolygon","coordinates":[[[[-132.66,54.13],[-132.34,54.11],[-132.21,53.81],[-132.57,53.69],[-132.19,53.68],[-132.13,54.03],[-131.67,54.14],[-132.01,53.26],[-132.52,53.19],[-132.75,53.31],[-132.43,53.35],[-132.85,53.51],[-133.05,53.78],[-133.05,54.16],[-132.66,54.13]]],[[[-131.75,53.2],[-131.63,52.92],[-131.9,52.87],[-131.45,52.7],[-131.59,52.58],[-131.22,52.15],[-132.26,52.91],[-132.14,53],[-132.55,53.14],[-131.75,53.2]]],[[[-127.2,50.64],[-126.7,50.51],[-125.48,50.32],[-124.64,49.43],[-123.99,49.22],[-123.5,48.58],[-123.29,48.46],[-123.59,48.33],[-124.69,48.6],[-125.12,48.76],[-124.85,49.03],[-125.46,48.94],[-125.83,49.09],[-125.64,49.19],[-126.24,49.44],[-126.55,49.42],[-126.35,49.66],[-126.9,49.94],[-127.12,49.88],[-127.25,50.14],[-127.86,50.13],[-127.91,50.45],[-127.49,50.41],[-127.46,50.58],[-128.06,50.5],[-128.35,50.74],[-127.92,50.86],[-127.2,50.64]]],[[[-130.02,55.89],[-130.1,56.11],[-130.41,56.12],[-130.74,56.34],[-131.58,56.6],[-131.82,56.59],[-131.87,56.79],[-132.11,56.86],[-132.03,57.03],[-133.82,58.71],[-134.3,58.9],[-134.44,59.09],[-134.95,59.29],[-135.05,59.58],[-135.47,59.79],[-136.32,59.6],[-136.58,59.15],[-136.81,59.15],[-137.44,58.9],[-137.59,59.23],[-138.63,59.78],[-138.7,59.9],[-139.19,60.08],[-139.08,60.34],[-139.68,60.33],[-139.97,60.18],[-140.45,60.3],[-141,60.3],[-141,69.65],[-139.98,69.62],[-139.18,69.52],[-138.13,69.15],[-136.72,68.89],[-136.12,68.88],[-135.36,68.7],[-135.41,68.83],[-135.88,68.92],[-135.59,69.01],[-135.91,69.11],[-135.69,69.31],[-135.29,69.31],[-135.14,69.47],[-134.46,69.48],[-134.41,69.68],[-133.88,69.51],[-134.18,69.25],[-133.16,69.43],[-132.84,69.65],[-132.45,69.65],[-131.44,69.92],[-131.14,69.91],[-130.5,70.14],[-129.95,70.09],[-129.73,70.19],[-129.65,70],[-130.96,69.63],[-131.86,69.55],[-132.33,69.31],[-132.69,69.26],[-133.38,68.89],[-132.71,68.81],[-132.72,69.08],[-131.92,69.29],[-131.79,69.43],[-131.01,69.43],[-130.97,69.21],[-130.35,69.66],[-129.11,69.88],[-128.97,69.71],[-128.39,69.96],[-128.28,70.11],[-127.68,70.26],[-128.17,70.42],[-127.99,70.57],[-127.14,70.24],[-126.61,69.73],[-126.06,69.47],[-125.39,69.35],[-125.17,69.43],[-125.36,69.63],[-125.2,69.83],[-124.44,70.11],[-124.41,69.77],[-124.12,69.69],[-124.48,69.43],[-124.34,69.36],[-123.61,69.38],[-123.21,69.54],[-123.03,69.81],[-122.07,69.82],[-120.96,69.66],[-120.29,69.42],[-118.87,69.26],[-118.09,69.04],[-117.31,68.94],[-116.06,68.84],[-116.25,68.96],[-115.63,68.97],[-114.62,68.75],[-113.96,68.4],[-114.1,68.27],[-114.76,68.27],[-115.43,67.9],[-115.13,67.82],[-113.68,67.7],[-112.43,67.68],[-110.99,67.79],[-110.1,67.99],[-109.63,67.73],[-109.08,67.71],[-108.82,67.44],[-108.59,67.59],[-107.91,67.16],[-108.5,67.09],[-107.28,66.43],[-107.71,66.74],[-107.62,67],[-107.16,66.88],[-107.97,67.73],[-107.8,68.04],[-106.43,68.2],[-106.4,68.32],[-105.78,68.53],[-105.93,68.64],[-106.46,68.52],[-106.61,68.36],[-107.62,68.33],[-107.73,68.17],[-108.26,68.15],[-108.72,68.3],[-108.31,68.61],[-107.44,68.69],[-106.16,68.92],[-105.68,68.83],[-105.43,68.46],[-105.19,68.33],[-104.65,68.23],[-104.19,68.03],[-103.47,68.11],[-102.69,67.81],[-101.56,67.69],[-100.46,67.84],[-99.77,67.81],[-99.03,67.72],[-98.42,67.83],[-98.63,68.07],[-97.93,67.71],[-97.45,67.62],[-97.16,67.73],[-97.21,67.86],[-97.74,67.98],[-98.11,67.9],[-98.65,68.36],[-98.22,68.32],[-97.79,68.39],[-97.93,68.52],[-97.27,68.45],[-96.98,68.26],[-96.43,68.31],[-96.72,68.06],[-95.97,68.25],[-96.37,67.51],[-96.17,67.29],[-95.72,67.32],[-95.42,67.01],[-96.36,66.99],[-95.89,66.74],[-95.97,66.95],[-95.35,66.98],[-95.26,67.26],[-95.65,67.74],[-95.46,68.02],[-94.86,68.04],[-93.64,68.63],[-93.68,68.89],[-93.88,69],[-94.06,68.78],[-94.48,68.74],[-94.56,68.91],[-94.08,69.14],[-94.25,69.31],[-93.62,69.42],[-93.65,69.52],[-94.27,69.45],[-94.63,69.65],[-94.82,69.58],[-96.05,69.83],[-96.49,70.12],[-96.54,70.33],[-96.23,70.54],[-95.88,70.55],[-96.55,70.81],[-96.41,71.27],[-95.99,71.41],[-95.56,71.34],[-95.41,71.49],[-95.84,71.6],[-95.2,71.9],[-94.56,71.98],[-94.31,71.77],[-93.81,71.77],[-93.76,71.64],[-93.26,71.46],[-92.95,71.26],[-92.98,70.85],[-92.39,70.65],[-91.98,70.29],[-91.57,70.18],[-91.99,70.14],[-92.32,70.24],[-92.51,70.1],[-91.98,70.04],[-92.89,69.67],[-92.49,69.68],[-91.91,69.53],[-91.39,69.65],[-91.29,69.54],[-90.55,69.5],[-90.82,69.29],[-91.24,69.29],[-90.74,69.11],[-90.47,68.86],[-90.58,68.48],[-90.2,68.26],[-89.88,68.52],[-89.67,69.02],[-89.35,69.23],[-89.06,69.27],[-88.04,68.81],[-87.81,68.4],[-87.85,68.27],[-88.35,68.29],[-88.2,67.77],[-87.27,67.18],[-86.54,67.52],[-86.37,67.82],[-85.95,68.07],[-85.52,68.77],[-84.87,68.77],[-85.11,68.84],[-84.86,69.07],[-85.39,69.23],[-85.5,69.65],[-85.42,69.85],[-85.02,69.81],[-84.24,69.83],[-83.67,69.7],[-82.62,69.69],[-82.37,69.64],[-82.76,69.49],[-82.31,69.41],[-82.15,69.25],[-81.41,69.2],[-81.33,69.12],[-81.96,68.88],[-81.38,68.85],[-81.28,68.66],[-81.91,68.46],[-82.55,68.45],[-82.22,68.15],[-82.01,68.17],[-81.98,67.86],[-81.27,67.46],[-81.44,67.09],[-81.87,66.99],[-82.64,66.59],[-83.52,66.37],[-83.92,66.68],[-84.21,66.74],[-84.54,66.97],[-84.86,66.94],[-84.18,66.65],[-83.83,66.29],[-84.29,66.29],[-84.48,66.18],[-85.19,66.37],[-85.6,66.57],[-86.63,66.53],[-86.59,66.32],[-86,66.19],[-86.04,66.02],[-87.29,65.35],[-87.97,65.35],[-88.67,65.61],[-89.75,65.94],[-89.85,65.87],[-91.01,65.97],[-90.98,65.92],[-89.79,65.74],[-88.97,65.35],[-87.39,65.26],[-87.03,65.2],[-87.28,64.83],[-88.11,64.18],[-88.82,63.99],[-89.62,64.03],[-89.81,64.18],[-90.08,64.13],[-89.86,63.96],[-90.17,63.98],[-90.01,63.8],[-90.24,63.64],[-90.81,63.58],[-91.54,63.73],[-92.34,63.79],[-93.43,64.03],[-93.7,64.15],[-93.56,63.86],[-93.38,63.95],[-92.2,63.71],[-92.29,63.56],[-91.84,63.7],[-90.75,63.35],[-90.69,63.11],[-90.87,62.95],[-91.45,62.8],[-92.03,62.86],[-92.36,62.82],[-91.96,62.64],[-92.55,62.55],[-92.77,62.38],[-92.53,62.17],[-93.15,62.37],[-92.9,62.22],[-93.02,62.09],[-93.58,61.94],[-93.31,61.77],[-93.71,61.6],[-94.09,61.3],[-94.15,61.02],[-94.65,60.42],[-94.79,59.95],[-94.79,59.27],[-94.72,58.9],[-94.29,58.72],[-94.33,58.3],[-94.06,58.76],[-93.28,58.76],[-92.44,57.27],[-92.72,56.93],[-91.11,57.24],[-90.59,57.22],[-89.79,56.98],[-88.95,56.85],[-88.08,56.47],[-87.56,56.06],[-85.83,55.66],[-85.22,55.35],[-85.37,55.08],[-85.06,55.29],[-83.91,55.31],[-82.58,55.15],[-82.22,54.81],[-82.42,54.36],[-82.14,53.82],[-82.16,53.26],[-82.26,52.96],[-81.57,52.37],[-81.55,52.24],[-80.66,51.76],[-80.48,51.31],[-80.1,51.28],[-79.71,51.12],[-79.69,51.35],[-79.34,51.63],[-79.04,51.46],[-78.9,51.2],[-78.73,51.5],[-78.98,51.73],[-78.49,52.25],[-78.72,52.63],[-79.11,53.72],[-79,54],[-79.24,54.1],[-79.67,54.7],[-78.91,54.88],[-77.89,55.24],[-77.16,55.66],[-76.65,56.11],[-76.55,56.36],[-76.52,56.89],[-76.65,57.38],[-77.16,58.02],[-78.01,58.4],[-78.51,58.68],[-78.43,58.9],[-77.76,59.38],[-77.73,59.68],[-77.33,59.8],[-77.31,60.04],[-77.68,60.43],[-77.51,60.56],[-77.79,60.64],[-77.6,60.82],[-78.18,60.82],[-77.73,61.21],[-77.74,61.44],[-77.51,61.56],[-77.95,61.76],[-78.14,62.11],[-78.07,62.36],[-77.37,62.57],[-76.88,62.52],[-75.82,62.32],[-75.34,62.31],[-74.63,62.11],[-74.64,62.21],[-73.76,62.47],[-72.63,62.05],[-72.77,61.84],[-72.51,61.92],[-72.02,61.61],[-71.64,61.62],[-71.85,61.44],[-71.42,61.16],[-70.72,61.06],[-70.28,61.07],[-70.09,60.88],[-69.47,61.01],[-69.43,60.81],[-69.76,60.44],[-69.67,60.08],[-70.62,59.98],[-69.81,59.94],[-69.58,59.68],[-69.68,59.34],[-69.4,59.34],[-69.53,58.87],[-69.75,58.94],[-70.16,58.76],[-69.79,58.69],[-69.27,58.88],[-68.7,58.9],[-68.41,58.78],[-68.23,58.4],[-67.75,58.4],[-67.68,57.99],[-67.57,58.21],[-66.61,58.55],[-66.3,58.79],[-65.92,58.57],[-66.04,58.82],[-65.61,59.11],[-65.41,59.54],[-65.41,59.8],[-65.17,59.91],[-64.93,60.25],[-64.71,60.34],[-64.42,60.17],[-64.77,60.01],[-64.28,60.06],[-64.23,59.74],[-64.06,59.82],[-63.75,59.51],[-63.97,59.41],[-63.54,59.33],[-63.51,59.12],[-63.05,58.88],[-62.87,58.67],[-63.39,58.45],[-63.13,58.41],[-62.61,58.5],[-62.98,58.09],[-62.49,58.15],[-62.3,57.97],[-61.9,57.86],[-61.97,57.61],[-62.46,57.46],[-61.85,57.38],[-61.98,57.25],[-61.33,57.01],[-61.37,56.68],[-62.06,56.7],[-61.74,56.53],[-62.01,56.45],[-61.43,56.36],[-61.71,56.23],[-61.36,56.22],[-61.45,56],[-61,55.86],[-60.83,55.96],[-60.34,55.79],[-60.19,55.48],[-60.62,55.06],[-60.21,55.24],[-59.76,55.31],[-59.44,55.18],[-59,55.15],[-58.78,54.84],[-58.4,54.77],[-57.96,54.88],[-57.93,54.77],[-57.4,54.57],[-57.7,54.39],[-58.15,54.35],[-58.63,54.05],[-58.92,54.03],[-59.5,53.83],[-59.82,53.83],[-60.14,53.6],[-60.33,53.27],[-59.83,53.5],[-59.32,53.64],[-58.65,53.98],[-58.09,54.09],[-58.19,54.23],[-57.42,54.16],[-57.16,53.76],[-57.49,53.63],[-57.33,53.47],[-56.84,53.74],[-56.46,53.76],[-56.11,53.59],[-55.8,53.21],[-55.89,53],[-55.8,52.64],[-56.32,52.54],[-55.84,52.51],[-55.69,52.14],[-56.02,51.93],[-56.98,51.46],[-57.77,51.43],[-58.44,51.31],[-59.61,50.49],[-60.08,50.25],[-61.29,50.2],[-61.72,50.1],[-61.92,50.23],[-62.71,50.3],[-63.24,50.24],[-63.73,50.3],[-64.87,50.28],[-65.27,50.32],[-66.13,50.2],[-66.49,50.21],[-66.94,49.99],[-67.37,49.35],[-68.06,49.26],[-68.93,48.83],[-69.37,48.39],[-69.67,48.2],[-70.5,48.35],[-69.77,48.1],[-69.91,47.83],[-70.45,47.42],[-70.71,47.14],[-71.27,46.8],[-71.88,46.69],[-72.68,46.29],[-72.98,46.21],[-73.47,45.74],[-74.04,45.5],[-73.98,45.35],[-74.71,45],[-75.18,44.9],[-76.46,44.06],[-76.82,43.63],[-78.72,43.62],[-79.17,43.47],[-78.91,42.91],[-79.04,42.8],[-80.25,42.37],[-81.28,42.21],[-82.44,41.68],[-82.69,41.68],[-83.14,41.98],[-83.07,42.3],[-82.55,42.62],[-82.41,43.07],[-82.14,43.57],[-82.55,45.35],[-83.59,45.82],[-83.62,46.12],[-83.98,46.08],[-84.19,46.55],[-84.56,46.46],[-84.88,46.9],[-86.43,47.54],[-88.38,48.3],[-89.27,48.02],[-89.99,48.02],[-90.09,48.12],[-90.74,48.11],[-90.84,48.2],[-91.52,48.06],[-92.17,48.34],[-93,48.61],[-93.71,48.53],[-94.06,48.66],[-94.62,48.74],[-94.86,49.3],[-95.15,49.37],[-95.16,48.99],[-122.79,48.99],[-123.06,48.98],[-123.34,49.46],[-123.89,49.49],[-124.06,49.66],[-123.76,49.66],[-123.98,49.88],[-124.28,49.77],[-124.78,50.02],[-125.06,50.51],[-125.96,50.49],[-126.45,50.55],[-126.52,51.06],[-126.63,50.92],[-127.06,50.87],[-127.71,51.15],[-127.64,51.48],[-127.85,51.67],[-127.8,52.19],[-127.16,52.39],[-127.19,52.54],[-127.79,52.29],[-128.1,51.79],[-128.36,52.16],[-128.04,52.32],[-128.04,52.53],[-128.27,52.36],[-128.11,52.91],[-128.36,52.83],[-128.65,53.24],[-129.08,53.37],[-129.11,53.64],[-128.54,53.42],[-128.7,53.92],[-129.21,53.64],[-129.28,53.39],[-129.56,53.25],[-129.91,53.55],[-130.33,53.72],[-130.04,54.13],[-130.43,54.42],[-129.89,55.16],[-129.56,55.46],[-129.79,55.56],[-129.98,55.36],[-130.1,55.7],[-130.02,55.89]]],[[[-109.82,78.65],[-109.36,78.49],[-109.39,78.34],[-110.75,78.31],[-111.17,78.39],[-111.43,78.29],[-112.13,78.37],[-113.17,78.28],[-113.15,78.41],[-112.21,78.55],[-111.71,78.57],[-111.07,78.71],[-110.41,78.76],[-109.82,78.65]]],[[[-110.46,78.1],[-109.66,78.08],[-109.77,77.96],[-110.86,77.83],[-110.12,77.72],[-110.2,77.53],[-110.68,77.45],[-111.95,77.34],[-112.37,77.36],[-113.17,77.53],[-113.22,77.9],[-111.21,78.09],[-110.46,78.1]]],[[[-115.55,77.36],[-115.62,77.27],[-116.29,77.1],[-115.86,76.97],[-116.23,76.87],[-115.94,76.74],[-116.22,76.61],[-117,76.53],[-117.15,76.3],[-117.49,76.27],[-118.02,76.45],[-117.78,76.78],[-118.3,76.74],[-118.47,76.55],[-118.79,76.51],[-118.64,76.33],[-119.17,76.13],[-119.52,76.34],[-119.72,76.1],[-119.55,76.05],[-119.91,75.86],[-120.41,75.83],[-120.77,76.17],[-121.02,76.02],[-121.91,76.03],[-122.4,75.94],[-122.62,76.17],[-122.9,76.13],[-122.37,76.4],[-121.61,76.44],[-121,76.69],[-119.09,77.3],[-118,77.38],[-117.28,77.31],[-116.7,77.38],[-116.83,77.53],[-116.21,77.52],[-115.55,77.36]]],[[[-108.29,76.06],[-107.85,76.06],[-107.75,75.94],[-108.02,75.8],[-107.42,75.91],[-107.08,75.86],[-106.91,75.68],[-106.69,75.81],[-106.86,75.93],[-106.4,76.06],[-105.61,75.93],[-105.48,75.75],[-105.86,75.19],[-106.09,75.09],[-107.15,74.93],[-107.82,75],[-108.36,74.94],[-108.83,75.07],[-109.5,74.88],[-110.54,74.78],[-110.94,74.64],[-111.73,74.5],[-113.02,74.4],[-113.67,74.45],[-114.38,74.67],[-114.13,74.77],[-112.84,74.98],[-111.78,75.01],[-111.03,75.23],[-112.25,75.13],[-112.6,75.21],[-112.95,75.11],[-113.71,75.07],[-113.89,75.21],[-113.47,75.42],[-114.01,75.43],[-114.17,75.24],[-114.48,75.29],[-114.45,75.09],[-115.08,74.99],[-115.28,75.1],[-115.73,74.97],[-116.48,75.17],[-117.5,75.2],[-117.6,75.29],[-117.15,75.47],[-116.08,75.49],[-115.12,75.71],[-116.03,75.61],[-117.02,75.6],[-116.97,75.75],[-114.99,75.9],[-116.34,75.88],[-116.65,75.93],[-116.61,76.07],[-116.21,76.19],[-114.94,76.17],[-115.8,76.25],[-115.58,76.44],[-115,76.5],[-114.19,76.45],[-113.82,76.21],[-113.17,76.26],[-112.7,76.2],[-111.87,75.94],[-112.06,75.83],[-111.51,75.81],[-111.05,75.55],[-109.09,75.51],[-108.95,75.7],[-109.8,75.86],[-109.45,76.02],[-109.71,76.21],[-110.29,76.33],[-109.34,76.76],[-108.83,76.82],[-108.47,76.74],[-108.51,76.44],[-108.12,76.23],[-108.29,76.06]]],[[[-114.52,72.59],[-113.5,72.69],[-113.21,72.98],[-112.75,72.99],[-112.05,72.89],[-111.27,72.71],[-111.35,72.57],[-111.89,72.36],[-111.67,72.3],[-111.26,72.46],[-111.14,72.37],[-110.78,72.53],[-110.21,72.66],[-110.66,73.01],[-110.01,72.98],[-109.12,72.73],[-108.7,72.5],[-108.21,71.75],[-107.92,71.64],[-107.3,71.9],[-107.7,72.15],[-108.24,73.11],[-107.93,73.22],[-108.03,73.35],[-107.11,73.19],[-106.95,73.28],[-105.81,73.01],[-105.41,72.79],[-105.23,72.41],[-104.77,71.87],[-104.38,71.58],[-104.56,71.13],[-103.95,70.76],[-103.1,70.51],[-103.05,70.65],[-101.56,70.14],[-101.15,70.15],[-100.97,70.03],[-100.94,69.72],[-101.22,69.68],[-101.51,69.83],[-101.65,69.7],[-102.24,69.84],[-102.6,69.72],[-102.62,69.55],[-103.36,69.69],[-103.06,69.48],[-103.09,69.21],[-102.45,69.48],[-101.98,69.41],[-101.86,69.02],[-102.89,68.82],[-103.47,68.81],[-104.35,68.93],[-105.1,68.92],[-105.02,69.08],[-106.27,69.19],[-106.42,69.41],[-106.66,69.44],[-107.44,69],[-108.37,68.94],[-108.95,68.76],[-109.96,68.63],[-111.31,68.54],[-113.13,68.49],[-113.62,68.84],[-113.69,69.19],[-114.32,69.27],[-115.62,69.28],[-116.54,69.43],[-117.12,69.83],[-117.14,70.1],[-116.55,70.18],[-114.59,70.31],[-112.64,70.23],[-111.63,70.31],[-112.11,70.45],[-113.76,70.69],[-115.99,70.59],[-117.59,70.63],[-118.38,70.97],[-117.94,71.14],[-115.89,71.38],[-115.98,71.47],[-115.34,71.47],[-115.59,71.55],[-117.72,71.39],[-118.19,71.44],[-117.74,71.66],[-118.87,71.69],[-118.94,71.99],[-118.21,72.26],[-118.48,72.43],[-118.13,72.63],[-117.25,72.91],[-116.57,73.06],[-114.64,73.37],[-114.16,73.27],[-114.11,72.86],[-114.52,72.59]]],[[[-119.74,74.11],[-119.21,74.2],[-119.13,74.03],[-118.54,74.24],[-117.96,74.27],[-117.2,74.17],[-115.51,73.62],[-115.45,73.44],[-116.48,73.25],[-118.96,72.68],[-119.41,72.36],[-120.18,72.21],[-120.44,71.63],[-120.62,71.51],[-121.47,71.39],[-121.75,71.44],[-122.16,71.27],[-122.84,71.1],[-123.39,71.22],[-124.01,71.68],[-125.3,71.97],[-125.84,71.98],[-125.38,72.42],[-124.99,72.59],[-124.93,72.86],[-124.58,72.93],[-124.84,73.08],[-124.42,73.42],[-123.8,73.77],[-124.26,73.95],[-124.7,74.35],[-121.75,74.54],[-121.32,74.53],[-120.56,74.35],[-119.56,74.23],[-119.74,74.11]]],[[[-69.49,83.02],[-68.41,83.01],[-68.11,82.96],[-66.42,82.93],[-66.84,82.82],[-68.47,82.65],[-67.4,82.67],[-65.73,82.84],[-65.3,82.8],[-64.9,82.9],[-64.5,82.78],[-63.64,82.81],[-63.09,82.56],[-63.25,82.45],[-62.48,82.52],[-61.48,82.47],[-61.27,82.28],[-62.18,82.04],[-64.58,81.73],[-65.23,81.74],[-65.49,81.67],[-66.62,81.62],[-66.92,81.49],[-68.69,81.29],[-68.32,81.26],[-65.73,81.49],[-64.78,81.49],[-65.48,81.29],[-67.78,80.86],[-68.63,80.68],[-69.73,80.37],[-70.67,80.51],[-70.26,80.23],[-72.06,80.11],[-71.62,80.07],[-70.88,80.12],[-70.76,80],[-71.35,79.91],[-71.39,79.76],[-72.44,79.69],[-74.14,79.88],[-74.66,79.84],[-73.47,79.76],[-73.23,79.64],[-73.36,79.5],[-75.5,79.41],[-76.9,79.51],[-76.12,79.33],[-75.09,79.2],[-74.48,79.23],[-74.53,79.05],[-75.23,79.04],[-75.91,79.12],[-77.4,79.06],[-78.58,79.08],[-77.88,78.94],[-76.83,79.02],[-76.25,79.01],[-75.79,78.89],[-75.1,78.86],[-74.43,78.72],[-74.88,78.54],[-76.37,78.52],[-75.19,78.33],[-75.87,78.01],[-76.71,77.94],[-78.01,77.95],[-78.08,77.52],[-78.71,77.34],[-79.9,77.3],[-80.57,77.32],[-81.65,77.5],[-81.3,77.34],[-82.06,77.3],[-81.84,77.21],[-81.12,77.27],[-80.28,77.15],[-79.34,77.16],[-79.22,76.94],[-78.79,76.88],[-78.29,76.98],[-77.98,76.75],[-78.28,76.57],[-79.51,76.31],[-80.69,76.18],[-81,76.21],[-80.83,76.41],[-81.17,76.51],[-81.82,76.52],[-82.53,76.72],[-82.23,76.47],[-83.89,76.45],[-84.22,76.67],[-84.28,76.36],[-85.14,76.3],[-86.11,76.44],[-86.45,76.58],[-86.68,76.38],[-87.35,76.45],[-87.5,76.39],[-88.4,76.41],[-88.49,76.77],[-88.54,76.42],[-89.57,76.49],[-89.5,76.83],[-88.4,77.1],[-86.85,77.17],[-87.1,77.31],[-87.78,77.49],[-88.09,77.72],[-87.5,77.87],[-87.02,77.89],[-86.17,77.75],[-85.59,77.46],[-84.74,77.36],[-83.72,77.41],[-82.9,77.73],[-82.7,77.96],[-83.43,77.62],[-83.78,77.53],[-84.49,77.56],[-84.86,77.5],[-85.29,77.56],[-85.29,77.76],[-85.55,77.93],[-84.62,78.2],[-85.02,78.31],[-85.42,78.14],[-86.22,78.08],[-85.92,78.34],[-86.91,78.13],[-87.55,78.18],[-87.49,78.42],[-86.81,78.77],[-85.23,78.9],[-83.91,78.84],[-83.27,78.77],[-82.44,78.9],[-84.15,78.96],[-84.53,79.1],[-83.58,79.05],[-84.2,79.22],[-85.09,79.61],[-86.03,79.72],[-86.42,79.84],[-86.62,80.12],[-86.31,80.32],[-83.72,80.23],[-82.38,79.91],[-81.86,79.72],[-81.04,79.61],[-80.12,79.67],[-81.01,79.69],[-82.96,80.28],[-82.54,80.38],[-80.98,80.45],[-80.05,80.53],[-79.63,80.65],[-78.39,80.78],[-76.85,80.88],[-78.55,80.92],[-78.63,81.04],[-78.29,81.17],[-76.88,81.43],[-77.97,81.33],[-78.73,81.15],[-79.31,81.09],[-79.54,80.91],[-80.14,80.76],[-81.01,80.66],[-82.37,80.56],[-82.89,80.58],[-82.22,80.77],[-83.4,80.71],[-84.08,80.56],[-85.31,80.53],[-86.25,80.57],[-86.6,80.66],[-86.25,80.79],[-85.25,80.99],[-83.35,81.1],[-83.29,81.15],[-85.78,81.04],[-87.33,80.67],[-87.71,80.66],[-88.92,80.81],[-89.26,80.91],[-88.41,81],[-87.39,80.99],[-86.48,81.04],[-84.94,81.29],[-85.87,81.24],[-86.62,81.12],[-87.27,81.08],[-89.62,81.03],[-89.95,81.17],[-89.21,81.25],[-89.64,81.3],[-88.89,81.47],[-87.6,81.53],[-88.48,81.57],[-90.31,81.4],[-90.55,81.46],[-89.84,81.61],[-90.63,81.66],[-91.29,81.57],[-91.68,81.64],[-91.22,81.79],[-90.49,81.88],[-89.38,81.92],[-88.57,82.06],[-87.64,82.09],[-87.02,81.96],[-86.63,82.05],[-85.54,81.95],[-85.31,82.04],[-86.58,82.19],[-84.9,82.45],[-83.59,82.33],[-83.01,82.14],[-82.33,82.09],[-82.64,82.25],[-79.43,81.85],[-80.13,82.03],[-82,82.28],[-82.45,82.43],[-81.68,82.52],[-82.12,82.63],[-80.81,82.59],[-81.18,82.75],[-80.66,82.77],[-80.08,82.71],[-78.75,82.68],[-79.83,82.82],[-80.16,82.91],[-79.18,82.93],[-77.62,82.9],[-76.42,82.67],[-76.01,82.54],[-75.57,82.61],[-76.91,82.92],[-77.13,83.01],[-75.75,83.05],[-74.41,83.01],[-73.27,82.77],[-72.66,82.72],[-73.44,82.91],[-72.81,83.08],[-71.98,83.1],[-71.42,83.02],[-70.87,83.1],[-69.97,83.12],[-69.49,83.02]]],[[[-95.49,77.79],[-93.58,77.77],[-93.13,77.66],[-93.52,77.47],[-95.99,77.48],[-96.26,77.59],[-96.14,77.71],[-95.49,77.79]]],[[[-93.54,75.03],[-93.55,74.69],[-94.7,74.64],[-95.29,74.79],[-95.87,74.83],[-96.6,75.06],[-96.13,75.36],[-95.67,75.53],[-95.05,75.62],[-94.43,75.59],[-93.75,75.35],[-93.54,75.03]]],[[[-100,73.95],[-99.16,73.73],[-97.58,73.89],[-97.22,73.84],[-97,73.67],[-97.6,73.54],[-97.27,73.39],[-97.8,73.29],[-98.44,73],[-97.48,72.99],[-97.08,72.76],[-97.13,72.63],[-96.54,72.7],[-96.44,72.49],[-96.8,72.31],[-96.59,72.2],[-96.77,72.05],[-96.61,71.83],[-97.58,71.63],[-98.18,71.66],[-98.46,71.77],[-98.2,71.44],[-98.66,71.3],[-99.17,71.37],[-99.73,71.76],[-100.59,72.15],[-101.25,72.32],[-101.72,72.32],[-101.97,72.49],[-102.4,72.6],[-102.71,72.78],[-102.34,73.06],[-101.92,73.06],[-101.35,72.75],[-100.49,72.77],[-100.4,72.98],[-100.1,72.96],[-100.44,73.25],[-99.97,73.2],[-100.26,73.34],[-100.89,73.28],[-101.45,73.43],[-101.32,73.57],[-100.98,73.6],[-100.91,73.81],[-99.99,73.79],[-100,73.95]]],[[[-84.92,65.26],[-84.61,65.45],[-84.08,65.22],[-83.41,65.1],[-82.67,64.78],[-82.05,64.64],[-81.79,64.43],[-81.68,64.15],[-81.9,64.03],[-80.83,64.09],[-80.3,63.76],[-81.05,63.46],[-81.96,63.67],[-82.38,63.71],[-82.47,63.93],[-83.03,64.02],[-83.07,64.16],[-83.58,64.06],[-83.73,63.81],[-84.31,63.59],[-84.63,63.31],[-85.5,63.14],[-85.81,63.71],[-87.18,63.6],[-86.89,63.92],[-86.25,64.14],[-86.37,64.57],[-85.96,65.7],[-85.55,65.92],[-85.11,65.62],[-85.24,65.51],[-84.92,65.26]]],[[[-97.7,76.47],[-97.53,76.18],[-97.6,75.85],[-97.89,75.76],[-97.41,75.67],[-97.34,75.42],[-97.65,75.51],[-97.88,75.42],[-97.67,75.13],[-98.05,75.2],[-97.95,75.06],[-98.57,75.01],[-99.42,75.04],[-100.23,75.01],[-100.73,75.35],[-99.59,75.66],[-99.91,75.68],[-102.54,75.51],[-102.8,75.6],[-101.94,75.88],[-101.26,75.76],[-101.87,76.08],[-101.53,76.22],[-102.14,76.28],[-101.86,76.44],[-101.34,76.41],[-101.05,76.25],[-100.02,75.94],[-99.69,75.96],[-100.11,76.12],[-99.54,76.15],[-100.41,76.24],[-99.98,76.31],[-100.89,76.48],[-100.39,76.61],[-99.67,76.62],[-99.17,76.45],[-98.71,76.69],[-97.7,76.47]]],[[[-103.43,79.32],[-102.92,79.23],[-102.65,79.09],[-102.58,78.88],[-102.39,79.01],[-101.7,79.08],[-101.03,78.91],[-100.92,78.78],[-100.44,78.82],[-99.61,78.58],[-99.85,78.44],[-99.75,78.3],[-99.13,78.12],[-99.16,77.86],[-99.96,77.79],[-100.59,77.89],[-101.07,78.19],[-101.83,78.26],[-102.61,78.25],[-102.73,78.37],[-104.32,78.27],[-104.76,78.35],[-105,78.52],[-104.73,78.58],[-103.77,78.52],[-103.59,78.62],[-104.02,78.63],[-103.37,78.74],[-104.01,78.76],[-103.88,78.9],[-104.15,78.99],[-104.82,78.81],[-104.9,79.05],[-105.54,79.03],[-105.39,79.32],[-103.71,79.35],[-103.43,79.32]]],[[[-91.89,81.13],[-91.27,80.85],[-90.68,80.69],[-90.64,80.59],[-89.86,80.5],[-89.17,80.48],[-89.2,80.26],[-88.86,80.17],[-88.2,80.11],[-88.61,80.26],[-88.64,80.39],[-88.12,80.43],[-87.67,80.37],[-87.63,80.19],[-87.92,80.1],[-87.2,80.04],[-86.98,79.89],[-87.3,79.58],[-86.65,79.65],[-86.18,79.61],[-86.01,79.48],[-85.65,79.61],[-85.06,79.33],[-85.29,79.21],[-86.09,79.1],[-87.01,78.9],[-87.62,78.68],[-87.86,78.71],[-88.11,78.97],[-88.23,78.65],[-88.15,78.48],[-88.74,78.58],[-88.61,78.39],[-88.79,78.19],[-89.1,78.21],[-90.04,78.61],[-90.07,78.55],[-89.49,78.17],[-90.14,78.31],[-90.65,78.31],[-90.33,78.19],[-90.61,78.15],[-91.9,78.24],[-92.68,78.39],[-92.72,78.49],[-91.87,78.54],[-93.27,78.61],[-93.64,78.75],[-93.16,78.78],[-93.9,78.87],[-94.16,78.99],[-93.29,79.14],[-92.68,79.18],[-92.55,79.28],[-91.34,79.36],[-92.25,79.37],[-92.82,79.45],[-93.93,79.29],[-93.94,79.39],[-94.41,79.39],[-95.1,79.29],[-95.73,79.42],[-95.66,79.53],[-94.52,79.67],[-94.4,79.74],[-95.3,79.65],[-96,79.7],[-96.59,79.92],[-96.77,80.14],[-95.78,80.07],[-94.65,80.05],[-94.59,80.2],[-95.41,80.13],[-95.65,80.23],[-96.37,80.29],[-96.11,80.38],[-95.55,80.37],[-96.15,80.55],[-96.13,80.69],[-95.23,80.69],[-94.89,80.57],[-93.93,80.56],[-94.6,80.64],[-94.79,80.75],[-95.51,80.84],[-95.27,81],[-93.83,81.1],[-93.34,81.09],[-93.41,81.21],[-94.19,81.24],[-94.22,81.33],[-93.33,81.36],[-92.41,81.28],[-91.89,81.13]]],[[[-94.29,76.91],[-93.81,76.91],[-93.21,76.75],[-93.53,76.45],[-92.99,76.62],[-92.3,76.62],[-91.79,76.68],[-91.13,76.66],[-90.74,76.58],[-90.86,76.44],[-89.29,76.3],[-89.41,76.19],[-90.31,76.16],[-91.26,76.23],[-91.28,76.16],[-90.25,76.05],[-89.2,75.74],[-89.65,75.57],[-88.92,75.45],[-88.85,75.62],[-88.57,75.65],[-88.2,75.51],[-87.73,75.58],[-87.54,75.49],[-87.26,75.62],[-86.81,75.49],[-85.95,75.4],[-86.07,75.5],[-84.99,75.65],[-84.61,75.65],[-83.93,75.82],[-83.24,75.75],[-82.15,75.83],[-81.15,75.74],[-81,75.64],[-80.32,75.63],[-80.29,75.49],[-79.66,75.45],[-79.63,75.2],[-80.36,75.05],[-79.73,75.02],[-79.4,74.92],[-80.15,74.8],[-80.28,74.58],[-81.23,74.57],[-81.81,74.48],[-82.93,74.57],[-83.1,74.82],[-83.62,74.57],[-84.43,74.51],[-85.06,74.61],[-85.09,74.53],[-85.96,74.5],[-86.73,74.56],[-86.67,74.49],[-88.42,74.49],[-88.34,74.78],[-89.84,74.55],[-90.55,74.61],[-91.13,74.74],[-91.51,74.65],[-91.96,74.79],[-92.43,75.38],[-92.07,75.66],[-92.18,75.85],[-93.09,76.35],[-93.66,76.27],[-95.27,76.26],[-96.04,76.49],[-95.97,76.57],[-96.88,76.74],[-96.4,76.8],[-96.76,76.97],[-95.85,77.07],[-94.29,76.91]]],[[[-96.21,78.53],[-95.56,78.52],[-94.89,78.34],[-95.33,78.22],[-94.93,78.11],[-95.09,77.99],[-96.99,77.81],[-97.09,77.93],[-97.66,78.09],[-96.94,78.15],[-97.82,78.23],[-98.25,78.43],[-98.06,78.56],[-98.21,78.8],[-97.6,78.8],[-96.59,78.69],[-96.21,78.53]]],[[[-93.17,74.16],[-92.22,73.97],[-91.09,74.01],[-90.36,73.87],[-90.94,73.53],[-91.62,73.03],[-92.12,72.75],[-92.39,72.72],[-93.34,72.8],[-94.21,72.76],[-93.77,72.67],[-93.56,72.42],[-94.04,72.03],[-95.19,72.03],[-95.25,72.5],[-95.55,72.78],[-95.63,73.7],[-95.38,73.75],[-94.82,73.66],[-95.12,73.99],[-94.48,74.11],[-93.17,74.16]]],[[[-97.44,69.64],[-97.24,69.67],[-96.3,69.34],[-95.69,68.74],[-96.4,68.47],[-97.47,68.54],[-98.24,68.74],[-98.32,68.84],[-99.44,68.92],[-99.46,69.13],[-98.91,69.17],[-98.46,69.33],[-98.55,69.57],[-98.16,69.51],[-98.27,69.75],[-97.79,69.86],[-97.44,69.64]]],[[[-61.11,45.94],[-60.87,45.95],[-61.06,45.7],[-60.7,45.77],[-60.46,45.97],[-60.73,45.96],[-60.3,46.31],[-59.87,46.16],[-59.83,45.96],[-60.39,45.65],[-61.29,45.57],[-61.49,45.94],[-60.87,46.8],[-60.41,47],[-60.33,46.74],[-60.58,46.17],[-61.11,45.94]]],[[[-67.12,45.17],[-67.47,45.28],[-67.43,45.6],[-67.78,45.7],[-67.81,47.08],[-68.24,47.35],[-68.83,47.2],[-69.24,47.46],[-70.01,46.71],[-70.25,46.25],[-70.3,45.91],[-70.7,45.55],[-70.9,45.26],[-71.33,45.29],[-71.52,45.01],[-74.71,45],[-73.56,45.42],[-73.16,46.01],[-71.9,46.63],[-71.26,46.76],[-70.52,47.03],[-69.58,47.82],[-68.99,48.28],[-68.24,48.63],[-67.56,48.86],[-66.18,49.21],[-65.52,49.27],[-64.83,49.19],[-64.26,48.92],[-64.51,48.84],[-64.24,48.69],[-64.35,48.42],[-65.26,48.02],[-65.93,48.19],[-66.43,48.07],[-65.76,47.86],[-65.48,47.69],[-65,47.85],[-64.7,47.73],[-64.91,47.37],[-65.32,47.1],[-64.83,47.06],[-64.91,46.89],[-64.54,46.24],[-63.92,46.17],[-64.06,46.02],[-63.29,45.75],[-62.7,45.74],[-62.48,45.62],[-61.95,45.87],[-61.88,45.71],[-61.49,45.69],[-61.28,45.44],[-61.46,45.37],[-61.03,45.29],[-62.51,44.84],[-63.3,44.64],[-63.6,44.68],[-63.76,44.49],[-64,44.65],[-64.34,44.44],[-64.28,44.33],[-64.86,43.87],[-65.33,43.67],[-65.35,43.55],[-65.74,43.56],[-65.89,43.79],[-66.13,43.81],[-66.19,44.14],[-66.1,44.37],[-65.66,44.76],[-64.9,45.12],[-64.33,45.31],[-64.36,45.14],[-63.37,45.36],[-64.09,45.41],[-64.91,45.37],[-64.32,45.84],[-64.59,45.81],[-64.9,45.63],[-65.89,45.22],[-66.11,45.26],[-66.44,45.1],[-66.87,45.07],[-67.12,45.17]]],[[[-55.46,51.54],[-55.58,51.39],[-56.03,51.33],[-55.8,51.03],[-56.7,50.06],[-56.82,49.61],[-56.25,50.09],[-56.16,49.94],[-55.53,50],[-56.04,49.7],[-56.09,49.45],[-55.21,49.48],[-55.24,49.2],[-54.47,49.53],[-54.45,49.33],[-53.96,49.44],[-53.62,49.32],[-53.57,49.14],[-54.16,48.79],[-53.7,48.68],[-54.07,48.42],[-53.55,48.48],[-53.06,48.66],[-53.13,48.4],[-53.61,48.21],[-53.54,48.11],[-53.86,47.8],[-53.6,47.66],[-53.28,48],[-52.86,48.11],[-53.17,47.65],[-53.12,47.45],[-52.78,47.77],[-52.65,47.55],[-53.11,46.66],[-53.62,46.68],[-53.58,47.13],[-54.07,46.82],[-54.18,46.88],[-53.87,47.39],[-53.99,47.76],[-54.19,47.86],[-54.56,47.37],[-54.86,47.38],[-55.32,46.91],[-55.79,46.87],[-55.84,47.07],[-55.49,47.16],[-55.19,47.45],[-54.87,47.57],[-55.37,47.66],[-55.44,47.5],[-55.86,47.53],[-55.86,47.82],[-56.22,47.67],[-56.95,47.57],[-58.33,47.68],[-59.12,47.57],[-59.36,47.87],[-59.27,48],[-58.33,48.52],[-59.17,48.52],[-58.71,48.6],[-58.41,49.08],[-58.1,49.08],[-57.98,49.23],[-58.21,49.39],[-58.02,49.54],[-57.3,50.7],[-56.75,51.28],[-56.03,51.57],[-55.69,51.47],[-55.46,51.54]]],[[[-86.59,71.01],[-85.64,71.15],[-85.1,71.15],[-84.87,71],[-84.66,71.52],[-84.7,71.63],[-85.25,71.68],[-85.91,71.99],[-85.32,72.23],[-84.35,72.05],[-84.84,72.31],[-84.62,72.38],[-85.34,72.42],[-85.64,72.63],[-85.62,72.82],[-85.26,72.95],[-84.28,72.84],[-85.38,73.04],[-85.02,73.34],[-84.42,73.46],[-83.78,73.42],[-83.73,73.58],[-82.66,73.73],[-81.95,73.73],[-81.41,73.63],[-81.15,73.31],[-80.6,73.12],[-80.59,72.93],[-80.28,72.75],[-81.23,72.31],[-80.6,72.42],[-80.94,72.21],[-80.69,72.1],[-80.86,71.91],[-80.12,72.21],[-80.04,72.39],[-79.32,72.39],[-79,72.27],[-79.01,72.04],[-78.58,71.88],[-78.86,72.1],[-78.7,72.35],[-77.73,72.18],[-77.54,72.22],[-78.29,72.36],[-78.35,72.6],[-77.57,72.74],[-76.89,72.72],[-76.19,72.57],[-75.29,72.48],[-75.05,72.23],[-75.6,71.92],[-74.9,72.1],[-74.27,72.04],[-74.32,71.84],[-74.89,71.73],[-74.7,71.68],[-74.84,71.41],[-74.4,71.67],[-73.71,71.72],[-74.2,71.4],[-73.71,71.59],[-73.18,71.28],[-73.28,71.54],[-72.9,71.68],[-71.64,71.52],[-71.23,71.34],[-71.49,71.11],[-71.85,71.11],[-72.63,70.83],[-72.31,70.83],[-72.01,71.01],[-71.19,70.98],[-70.79,71.1],[-70.64,71.01],[-70.76,70.79],[-71.58,70.57],[-71.28,70.5],[-71.43,70.13],[-70.98,70.58],[-70.56,70.74],[-69.95,70.85],[-69.17,70.76],[-68.5,70.61],[-68.36,70.48],[-68.84,70.31],[-69.3,70.28],[-70.06,70.07],[-69.91,70.03],[-69.24,70.19],[-68.75,70.2],[-69.01,69.98],[-68.74,69.94],[-68.12,70.31],[-67.86,70.28],[-67.36,70.03],[-67.22,69.73],[-68.02,69.77],[-69.25,69.51],[-68.51,69.58],[-68.06,69.48],[-67.36,69.47],[-66.69,69.29],[-66.8,69.15],[-67.48,69.17],[-67.94,69.25],[-68.62,69.21],[-67.75,69.04],[-67.88,68.78],[-68.32,68.84],[-68.87,68.76],[-68.33,68.73],[-68.04,68.55],[-66.71,68.45],[-67.03,68.33],[-66.83,68.22],[-66.21,68.28],[-66.39,67.83],[-65.98,67.96],[-65.51,67.97],[-65.54,67.77],[-64.98,68.04],[-65.02,67.79],[-64.64,67.84],[-64.16,67.62],[-64.01,67.35],[-64.7,67.35],[-64.36,67.26],[-63.84,67.26],[-63.59,67.38],[-63.04,67.23],[-63.26,67.02],[-63.7,66.82],[-62.96,66.95],[-62.38,66.91],[-61.97,67.02],[-61.3,66.65],[-61.86,66.31],[-62.55,66.41],[-62.53,66.23],[-61.99,66.03],[-62.59,66.03],[-62.38,65.83],[-62.66,65.64],[-63.17,65.66],[-63.46,65.85],[-63.34,65.62],[-63.4,65.12],[-63.61,64.93],[-63.9,65.11],[-64.55,65.12],[-65.11,65.46],[-65.38,65.82],[-64.85,66.02],[-64.45,66.32],[-65,66.08],[-65.82,66],[-65.94,66.13],[-66.48,66.28],[-66.79,66.56],[-67.32,66.52],[-67.31,66.3],[-67.87,66.49],[-67.7,66.27],[-67.18,66.03],[-67.55,65.92],[-67.83,65.97],[-68.46,66.25],[-68.75,66.2],[-68.22,66.08],[-68.26,65.94],[-67.87,65.77],[-67.91,65.56],[-67.57,65.64],[-67.12,65.44],[-67.33,65.36],[-66.67,64.97],[-66.22,64.85],[-65.94,64.89],[-65.27,64.63],[-65.51,64.53],[-65.08,64.44],[-65.35,64.23],[-65.17,64.03],[-64.68,64.03],[-64.41,63.71],[-64.56,63.68],[-64.51,63.26],[-64.67,63.24],[-64.89,63.55],[-65.19,63.76],[-65.07,63.26],[-64.72,62.95],[-65.16,62.93],[-65.18,62.65],[-66.22,63.11],[-66.42,63.03],[-67.18,63.31],[-67.89,63.73],[-67.72,63.42],[-68.49,63.73],[-68.91,63.7],[-68.14,63.17],[-67.68,63.09],[-66.98,62.7],[-66.65,62.6],[-66.28,62.3],[-65.98,62.21],[-66.06,61.91],[-66.26,61.87],[-67.44,62.15],[-68.38,62.23],[-69.08,62.4],[-69.54,62.74],[-70.23,62.76],[-71.25,63.04],[-71.97,63.43],[-71.46,63.51],[-71.73,63.71],[-72.22,63.71],[-72.23,63.89],[-72.5,63.82],[-72.64,63.99],[-73.44,64.42],[-73.27,64.58],[-73.91,64.58],[-74.51,64.67],[-74.63,64.82],[-74.91,64.79],[-74.64,64.56],[-75.07,64.46],[-75.71,64.52],[-75.77,64.39],[-76.72,64.24],[-77.79,64.37],[-78.17,64.62],[-78.1,64.94],[-77.36,65.2],[-77.33,65.45],[-76.48,65.37],[-75.83,65.23],[-75.71,65.32],[-75.17,65.28],[-75.05,65.36],[-74.39,65.4],[-74.24,65.48],[-73.55,65.48],[-73.74,65.77],[-74.43,66.14],[-73.28,66.68],[-73.03,66.73],[-72.79,67.03],[-72.22,67.26],[-73.31,68.37],[-73.64,68.3],[-73.96,68.58],[-74.42,68.58],[-74.92,68.98],[-75.46,68.96],[-76.4,68.69],[-76.59,68.7],[-76.56,69.01],[-75.96,69.03],[-75.67,69.16],[-75.79,69.32],[-76.41,69.44],[-76.51,69.68],[-76.74,69.57],[-77.13,69.65],[-77.02,69.84],[-77.59,69.85],[-77.77,70.24],[-78.28,70.23],[-79.07,70.6],[-79.35,70.37],[-78.93,70.29],[-78.78,70.05],[-79.3,69.9],[-81.1,70.09],[-81.65,70.1],[-80.92,69.85],[-80.92,69.73],[-81.56,69.94],[-82.14,69.84],[-83.15,70.01],[-83.86,69.96],[-85.43,70.11],[-85.78,70.04],[-86.32,70.15],[-86.63,70.4],[-87.17,70.4],[-87.9,70.25],[-88.4,70.44],[-88.85,70.52],[-89.21,70.76],[-89.46,71.06],[-88.52,71.03],[-87.85,70.94],[-87.18,70.99],[-87.87,71.21],[-89.08,71.29],[-89.84,71.49],[-90.02,71.95],[-89.66,72.16],[-89.86,72.41],[-89.36,72.8],[-89.26,73.07],[-88.71,73.4],[-87.72,73.72],[-86.77,73.83],[-85.95,73.85],[-85.11,73.81],[-84.97,73.69],[-85.68,73.46],[-86.09,73.26],[-86.67,72.76],[-86.32,72.46],[-86.34,72.12],[-86.04,71.77],[-85.02,71.35],[-85.41,71.23],[-86.59,71.01]]],[[[-61.8,49.09],[-62.22,49.08],[-63.04,49.23],[-63.57,49.4],[-63.88,49.66],[-64.44,49.83],[-64.13,49.94],[-62.86,49.71],[-61.82,49.28],[-61.8,49.09]]],[[[-63.81,46.47],[-63.68,46.56],[-63.13,46.42],[-62.16,46.49],[-62.02,46.42],[-62.53,46.2],[-62.53,45.98],[-62.88,46],[-63.05,46.27],[-63.28,46.15],[-63.64,46.23],[-63.76,46.4],[-64.11,46.42],[-64.39,46.64],[-63.99,47.06],[-64.09,46.78],[-63.81,46.47]]],[[[-82,62.96],[-82.12,62.65],[-83.02,62.21],[-83.7,62.16],[-83.9,62.48],[-83.38,62.9],[-82,62.96]]],[[[-79.54,62.41],[-79.29,62.25],[-79.32,62.03],[-79.67,61.64],[-79.9,61.63],[-80.28,61.86],[-80.24,62.15],[-79.87,62.4],[-79.54,62.41]]],[[[-75.67,68.32],[-75.15,68.23],[-75.13,67.54],[-75.78,67.28],[-77.01,67.27],[-77.31,67.69],[-77.23,67.85],[-76.74,68.23],[-76.37,68.32],[-75.67,68.32]]],[[[-79.54,73.65],[-78.29,73.67],[-77.21,73.5],[-76.29,73.08],[-76.09,72.88],[-76.4,72.82],[-77.83,72.9],[-79.5,72.76],[-79.94,72.86],[-80.18,73.23],[-80.82,73.38],[-80.82,73.74],[-80.41,73.77],[-79.54,73.65]]],[[[-80.73,52.75],[-81.01,52.76],[-82.04,53.05],[-81.85,53.19],[-81.14,53.21],[-80.77,52.92],[-80.73,52.75]]],[[[-78.83,56.14],[-78.83,56.14],[-78.83,56.14],[-78.83,56.14]]],[[[-78.94,56.27],[-79.17,55.88],[-79.18,56.21],[-79.41,55.93],[-79.76,55.81],[-79.5,56.09],[-79.9,55.87],[-80,55.93],[-79.27,56.6],[-78.94,56.27]]],[[[-79.98,56.21],[-79.98,56.21],[-79.98,56.21],[-79.98,56.21]]],[[[-89.83,77.27],[-90.23,77.21],[-91.15,77.39],[-91.15,77.61],[-90.84,77.66],[-90.17,77.59],[-89.72,77.44],[-89.83,77.27]]],[[[-104.56,77.14],[-105.22,77.18],[-106.07,77.72],[-105.59,77.74],[-104.54,77.34],[-104.56,77.14]]],[[[-98.79,79.98],[-98.84,79.74],[-99.51,79.89],[-100,79.88],[-100.13,80],[-99.8,80.14],[-99.15,80.12],[-98.79,79.98]]],[[[-105.29,72.92],[-106.07,73.2],[-106.18,73.3],[-106.92,73.48],[-106.61,73.7],[-105.51,73.77],[-104.65,73.61],[-104.58,73.35],[-105.29,72.92]]],[[[-102.23,76.02],[-102.05,75.93],[-102.58,75.78],[-103.32,75.77],[-103.04,75.92],[-103.77,75.89],[-103.8,76.04],[-104.24,76.05],[-104.35,76.18],[-103.1,76.31],[-102.58,76.28],[-102.23,76.02]]],[[[-104.02,76.58],[-103.72,76.6],[-103.05,76.45],[-103.47,76.33],[-104.27,76.33],[-104.6,76.58],[-104.2,76.67],[-104.02,76.58]]],[[[-118.33,75.58],[-118.82,75.52],[-119.39,75.62],[-118.63,75.91],[-117.75,76.11],[-117.63,75.97],[-118.33,75.58]]],[[[-113.83,77.75],[-114.61,77.77],[-115.03,77.97],[-114.33,78.08],[-113.77,77.9],[-113.83,77.75]]],[[[-130.93,54.48],[-130.93,54.48],[-130.93,54.48],[-130.93,54.48]]],[[[-131.03,51.96],[-131.03,51.96],[-131.03,51.96],[-131.03,51.96]]],[[[-130.24,53.96],[-130.38,53.84],[-130.65,53.99],[-130.4,54.09],[-130.24,53.96]]],[[[-129.85,53.17],[-130.52,53.54],[-130.45,53.63],[-129.95,53.44],[-129.85,53.17]]],[[[-130.58,54.77],[-130.22,55.03],[-130.58,54.77],[-130.58,54.77]]],[[[-128.55,52.94],[-128.51,52.52],[-128.68,52.29],[-128.75,52.76],[-128.9,52.67],[-129.17,52.96],[-129.03,53.28],[-128.63,53.11],[-128.55,52.94]]],[[[-126.09,49.35],[-126.09,49.35],[-126.09,49.35],[-126.09,49.35]]],[[[-124.15,49.53],[-124.15,49.53],[-124.15,49.53],[-124.15,49.53]]],[[[-126.64,49.61],[-126.94,49.72],[-126.74,49.84],[-126.64,49.61]]],[[[-125.19,50.1],[-125.36,50.31],[-125.2,50.39],[-125.19,50.1]]],[[[-128.94,52.51],[-128.94,52.51],[-128.94,52.51],[-128.94,52.51]]],[[[-127.93,51.47],[-127.93,51.47],[-127.93,51.47],[-127.93,51.47]]],[[[-128.37,52.4],[-128.44,52.7],[-128.25,52.78],[-128.37,52.4]]],[[[-129.32,52.99],[-129.32,52.99],[-129.32,52.99],[-129.32,52.99]]],[[[-129.17,53.12],[-129.17,53.12],[-129.17,53.12],[-129.17,53.12]]],[[[-123.44,48.75],[-123.44,48.75],[-123.44,48.75],[-123.44,48.75]]],[[[-59.79,43.94],[-59.79,43.94],[-59.79,43.94],[-59.79,43.94]]],[[[-60.96,45.49],[-60.96,45.49],[-60.96,45.49],[-60.96,45.49]]],[[[-61.92,47.28],[-61.93,47.42],[-61.58,47.56],[-61.92,47.28]]],[[[-64.51,47.89],[-64.51,47.89],[-64.51,47.89],[-64.51,47.89]]],[[[-64.47,47.96],[-64.47,47.96],[-64.47,47.96],[-64.47,47.96]]],[[[-66.27,44.29],[-66.27,44.29],[-66.27,44.29],[-66.27,44.29]]],[[[-66.76,44.68],[-66.76,44.68],[-66.76,44.68],[-66.76,44.68]]],[[[-73.56,45.47],[-73.96,45.44],[-73.47,45.7],[-73.56,45.47]]],[[[-73.69,45.59],[-73.69,45.59],[-73.69,45.59],[-73.69,45.59]]],[[[-71.03,46.87],[-71.03,46.87],[-71.03,46.87],[-71.03,46.87]]],[[[-55.54,50.72],[-55.54,50.72],[-55.54,50.72],[-55.54,50.72]]],[[[-54.55,49.59],[-54.55,49.59],[-54.55,49.59],[-54.55,49.59]]],[[[-55.36,51.89],[-55.36,51.89],[-55.36,51.89],[-55.36,51.89]]],[[[-54.09,49.74],[-54.09,49.74],[-54.09,49.74],[-54.09,49.74]]],[[[-54.23,47.44],[-54.23,47.44],[-54.23,47.44],[-54.23,47.44]]],[[[-64.82,62.56],[-64.42,62.49],[-64.9,62.42],[-64.82,62.56]]],[[[-68.23,60.24],[-68.34,60.36],[-68.09,60.59],[-67.84,60.39],[-68.23,60.24]]],[[[-70.34,62.55],[-70.77,62.6],[-71.13,62.88],[-70.44,62.73],[-70.34,62.55]]],[[[-64.83,61.37],[-65.43,61.65],[-64.79,61.66],[-64.83,61.37]]],[[[-65.03,61.88],[-65.03,61.88],[-65.03,61.88],[-65.03,61.88]]],[[[-69.16,59.04],[-69.16,59.04],[-69.16,59.04],[-69.16,59.04]]],[[[-64.41,60.37],[-64.81,60.41],[-64.65,60.51],[-64.41,60.37]]],[[[-60.99,56.04],[-60.99,56.04],[-60.99,56.04],[-60.99,56.04]]],[[[-61.74,57.55],[-61.74,57.55],[-61.74,57.55],[-61.74,57.55]]],[[[-67.92,69.54],[-67.92,69.54],[-67.92,69.54],[-67.92,69.54]]],[[[-62.68,67.06],[-62.68,67.06],[-62.68,67.06],[-62.68,67.06]]],[[[-79.06,75.93],[-79.7,75.88],[-79.01,76.15],[-79.06,75.93]]],[[[-79.87,56.77],[-79.87,56.77],[-79.87,56.77],[-79.87,56.77]]],[[[-79.72,57.52],[-79.72,57.52],[-79.72,57.52],[-79.72,57.52]]],[[[-79.52,56.66],[-79.52,56.66],[-79.52,56.66],[-79.52,56.66]]],[[[-79.94,53.3],[-79.94,53.3],[-79.94,53.3],[-79.94,53.3]]],[[[-79.38,51.95],[-79.38,51.95],[-79.38,51.95],[-79.38,51.95]]],[[[-123.37,48.89],[-123.37,48.89],[-123.37,48.89],[-123.37,48.89]]],[[[-124.98,50.03],[-124.98,50.03],[-124.98,50.03],[-124.98,50.03]]],[[[-73.62,67.78],[-74.57,67.83],[-74.71,68.07],[-74.38,68.09],[-73.44,67.97],[-73.62,67.78]]],[[[-77.88,63.47],[-77.54,63.29],[-77.94,63.11],[-78.51,63.45],[-77.88,63.47]]],[[[-94.53,75.75],[-94.9,75.93],[-94.54,76],[-94.3,75.79],[-94.53,75.75]]],[[[-80.29,59.62],[-80.29,59.62],[-80.29,59.62],[-80.29,59.62]]],[[[-80.06,59.77],[-80.06,59.77],[-80.06,59.77],[-80.06,59.77]]],[[[-96.78,72.94],[-97.09,73],[-96.86,73.19],[-96.6,73.07],[-96.78,72.94]]],[[[-97.35,74.53],[-97.35,74.53],[-97.35,74.53],[-97.35,74.53]]],[[[-98.27,73.87],[-98.97,73.81],[-99.42,73.9],[-98.91,74.01],[-97.7,74.11],[-97.75,74],[-98.27,73.87]]],[[[-90.2,69.42],[-90.2,69.42],[-90.2,69.42],[-90.2,69.42]]],[[[-90.49,69.22],[-90.49,69.22],[-90.49,69.22],[-90.49,69.22]]],[[[-74,62.62],[-74,62.62],[-74,62.62],[-74,62.62]]],[[[-74.88,68.35],[-75.4,68.53],[-75.29,68.69],[-74.98,68.65],[-74.88,68.35]]],[[[-78.53,60.73],[-78.53,60.73],[-78.53,60.73],[-78.53,60.73]]],[[[-78.98,68.19],[-78.98,68.19],[-78.98,68.19],[-78.98,68.19]]],[[[-76.68,63.39],[-77.36,63.59],[-77.13,63.68],[-76.65,63.5],[-76.68,63.39]]],[[[-79.43,69.79],[-79.55,69.63],[-80.05,69.63],[-79.98,69.51],[-80.78,69.68],[-80.21,69.8],[-79.97,69.74],[-79.43,69.79]]],[[[-78.03,69.72],[-77.97,69.64],[-78.85,69.48],[-78.58,69.64],[-78.03,69.72]]],[[[-77.64,63.99],[-77.64,63.99],[-77.64,63.99],[-77.64,63.99]]],[[[-83.12,66.28],[-83.12,66.28],[-83.12,66.28],[-83.12,66.28]]],[[[-79.21,68.85],[-79.4,68.92],[-78.9,69.14],[-78.6,69.37],[-78.23,69.3],[-78.85,68.92],[-79.21,68.85]]],[[[-77,69.14],[-77.38,69.27],[-77.19,69.44],[-76.67,69.37],[-77,69.14]]],[[[-86.91,70.11],[-86.73,69.98],[-87.32,70.1],[-86.91,70.11]]],[[[-83.72,65.8],[-83.23,65.72],[-83.33,65.63],[-84.12,65.77],[-84.41,66.13],[-83.7,65.92],[-83.72,65.8]]],[[[-86.6,67.74],[-86.86,67.81],[-86.96,68.1],[-86.7,68.31],[-86.45,68.23],[-86.38,67.93],[-86.6,67.74]]],[[[-84.67,65.57],[-85.07,65.74],[-85.15,66.02],[-84.94,66.01],[-84.6,65.66],[-84.67,65.57]]],[[[-93.04,61.84],[-93.04,61.84],[-93.04,61.84],[-93.04,61.84]]],[[[-101.23,76.58],[-101.61,76.59],[-100.96,76.73],[-100.27,76.73],[-101.23,76.58]]],[[[-103,78.15],[-103,78.15],[-103,78.15],[-103,78.15]]],[[[-101.69,77.7],[-102.38,77.73],[-102.47,77.87],[-101.64,77.89],[-101,77.74],[-101.69,77.7]]],[[[-89.73,76.51],[-90.16,76.52],[-90.52,76.79],[-89.95,76.84],[-89.7,76.74],[-89.73,76.51]]],[[[-96.08,75.51],[-96.91,75.38],[-96.98,75.51],[-96.37,75.65],[-96.08,75.51]]],[[[-95.31,74.5],[-95.85,74.58],[-95.51,74.64],[-95.31,74.5]]],[[[-121.07,75.75],[-121.07,75.75],[-121.07,75.75],[-121.07,75.75]]],[[[-113.56,76.74],[-114.75,76.76],[-114.65,76.85],[-113.89,76.9],[-113.56,76.74]]],[[[-104.12,75.04],[-104.89,75.15],[-104.35,75.43],[-103.81,75.34],[-103.64,75.19],[-104.12,75.04]]],[[[-100.22,68.81],[-100.62,68.78],[-100.6,69.01],[-100.33,69],[-100.22,68.81]]],[[[-100,69.01],[-100,69.01],[-100,69.01],[-100,69.01]]],[[[-100.31,70.5],[-100.31,70.5],[-100.31,70.5],[-100.31,70.5]]],[[[-95.51,69.57],[-95.5,69.35],[-95.73,69.35],[-95.81,69.56],[-95.51,69.57]]],[[[-101.17,69.4],[-101.17,69.4],[-101.17,69.4],[-101.17,69.4]]],[[[-101.85,68.59],[-102.27,68.66],[-102.01,68.83],[-101.72,68.72],[-101.85,68.59]]],[[[-104.54,68.41],[-105.05,68.56],[-104.6,68.56],[-104.54,68.41]]],[[[-107.9,67.4],[-108.15,67.43],[-107.99,67.62],[-107.9,67.4]]],[[[-109.17,67.98],[-109.17,67.98],[-109.17,67.98],[-109.17,67.98]]],[[[-108.09,67.01],[-108.09,67.01],[-108.09,67.01],[-108.09,67.01]]],[[[-109.32,67.99],[-109.32,67.99],[-109.32,67.99],[-109.32,67.99]]],[[[-139.04,69.58],[-139.04,69.58],[-139.04,69.58],[-139.04,69.58]]]]},"properties":{"id":"tasa:CAN","n":"Canadá","st":"tasa_2","p":"CAN","color":"#bfe0c3","rango":"1 % a 3 %","z":0,"x":"2.25 % al cierre de 2026-09 · bajó 0.25 puntos en 12 meses · Bank of Canada"}},{"type":"Feature","geometry":{"type":"Polygon","coordinates":[[[28.01,41.97],[27.53,41.92],[27.29,42.08],[26.58,41.95],[26.32,41.72],[26.07,41.67],[26.13,41.39],[25.25,41.24],[24.52,41.55],[24.06,41.53],[23.64,41.39],[22.92,41.34],[23.01,41.72],[22.84,41.99],[22.34,42.31],[22.52,42.44],[22.47,42.84],[22.71,42.88],[22.98,43.19],[22.56,43.45],[22.39,43.71],[22.42,44.01],[22.7,44.24],[23.02,44.05],[22.92,43.83],[23.23,43.87],[24.23,43.76],[24.43,43.79],[25.5,43.67],[26.22,44.01],[27.09,44.17],[27.43,44.02],[27.88,43.99],[28.05,43.82],[28.59,43.74],[28.46,43.39],[28.13,43.4],[27.93,43.19],[27.89,42.75],[27.48,42.47],[27.71,42.35],[28.01,41.97]]]},"properties":{"id":"tasa:BGR","n":"Bulgaria","st":"tasa_2","p":"BGR","color":"#bfe0c3","rango":"1 % a 3 %","z":0,"x":"2.5 % al cierre de 2026-09 · subió 0.5 puntos en 12 meses · Banco Central Europeo (zona euro)"}},{"type":"Feature","geometry":{"type":"MultiPolygon","coordinates":[[[[-66.88,1.22],[-66.3,0.75],[-65.72,0.98],[-65.55,0.69],[-65.1,1.11],[-64.73,1.25],[-64.11,1.62],[-64.04,1.91],[-63.39,2.22],[-63.39,2.41],[-64.05,2.52],[-64.04,2.8],[-64.22,3.21],[-64.22,3.59],[-64.82,4.23],[-64.26,4.14],[-64.02,3.93],[-63.29,3.92],[-62.97,3.59],[-62.76,3.67],[-62.71,4.02],[-62.41,4.16],[-62.15,4.1],[-61.56,4.29],[-61.28,4.52],[-61,4.54],[-60.6,5],[-60.74,5.2],[-60.14,5.24],[-59.99,5.08],[-60.11,4.51],[-59.7,4.38],[-59.55,3.93],[-59.86,3.59],[-59.83,3.4],[-59.99,2.69],[-59.76,2.27],[-59.76,1.9],[-59.23,1.38],[-58.86,1.2],[-58.51,1.29],[-58.34,1.59],[-57.6,1.7],[-57.12,2.01],[-56.84,1.88],[-56.48,1.94],[-56.02,1.84],[-55.91,2.04],[-56.13,2.3],[-55.94,2.52],[-55.73,2.41],[-54.98,2.6],[-54.62,2.33],[-54.13,2.12],[-53.77,2.35],[-52.97,2.18],[-52.7,2.36],[-51.99,3.7],[-51.65,4.06],[-51.55,4.31],[-51.22,4.09],[-51.08,3.67],[-51.05,3.28],[-50.68,2.18],[-50.46,1.83],[-49.96,1.66],[-49.9,1.16],[-50.29,0.84],[-50.82,0.17],[-51.28,-0.08],[-51.4,-0.39],[-51.7,-0.76],[-51.72,-1.02],[-52.02,-1.4],[-52.23,-1.36],[-52.66,-1.55],[-51.95,-1.59],[-50.9,-0.94],[-50.92,-1.12],[-50.69,-1.76],[-50.4,-2.01],[-50,-1.83],[-49.72,-1.93],[-49.32,-1.73],[-49.52,-2.6],[-49.21,-1.92],[-48.99,-1.83],[-48.71,-1.49],[-48.46,-1.61],[-48.45,-1.15],[-48.12,-0.74],[-47.4,-0.63],[-46.81,-0.78],[-46.62,-0.97],[-46.22,-1.03],[-45.64,-1.35],[-45.46,-1.36],[-45.33,-1.72],[-45.08,-1.47],[-44.65,-1.75],[-44.54,-2.05],[-44.66,-2.37],[-44.44,-2.17],[-44.72,-3.14],[-44.44,-2.94],[-44.31,-2.54],[-44.11,-2.49],[-44.19,-2.81],[-43.93,-2.58],[-43.45,-2.5],[-43.38,-2.38],[-42.94,-2.46],[-42.25,-2.79],[-41.88,-2.75],[-41.32,-2.94],[-40.47,-2.8],[-39.97,-2.86],[-38.48,-3.72],[-38.05,-4.22],[-37.63,-4.59],[-37.3,-4.71],[-37.18,-4.91],[-36.59,-5.1],[-35.98,-5.05],[-35.55,-5.13],[-35.24,-5.57],[-34.99,-6.39],[-34.81,-7.29],[-34.84,-7.97],[-35.16,-8.93],[-35.34,-9.23],[-35.85,-9.77],[-36.4,-10.48],[-36.94,-10.82],[-37.41,-11.5],[-37.69,-12.1],[-38.24,-12.84],[-38.5,-12.96],[-38.69,-12.62],[-38.85,-12.79],[-38.84,-13.15],[-39.09,-13.59],[-39.01,-14.1],[-39.06,-14.65],[-38.88,-15.86],[-39.12,-16.76],[-39.22,-17.32],[-39.16,-17.7],[-39.49,-17.99],[-39.74,-18.64],[-39.7,-19.28],[-39.84,-19.65],[-40,-19.74],[-40.39,-20.57],[-40.79,-20.91],[-41.05,-21.5],[-40.99,-21.92],[-41.12,-22.08],[-41.7,-22.31],[-41.98,-22.58],[-42.04,-22.95],[-42.96,-22.97],[-43.09,-22.72],[-43.22,-22.99],[-43.68,-23.01],[-43.86,-22.91],[-44.64,-23.06],[-44.57,-23.27],[-44.95,-23.38],[-45.46,-23.8],[-45.97,-23.79],[-46.87,-24.24],[-47.14,-24.49],[-47.88,-25],[-48.2,-25.42],[-48.4,-25.27],[-48.69,-25.49],[-48.4,-25.6],[-48.54,-25.82],[-48.68,-26.7],[-48.56,-27.2],[-48.64,-27.56],[-48.62,-28.08],[-48.8,-28.58],[-49.27,-28.87],[-49.75,-29.36],[-50.04,-29.8],[-50.3,-30.43],[-50.62,-30.9],[-51.15,-31.48],[-52.04,-32.12],[-52.06,-31.83],[-51.68,-31.78],[-51.17,-31.34],[-51.16,-31.12],[-50.69,-30.7],[-50.65,-30.24],[-50.93,-30.37],[-51.18,-30.21],[-51.28,-30.75],[-51.46,-31.05],[-51.97,-31.38],[-52.2,-31.89],[-52.13,-32.17],[-52.34,-32.44],[-52.65,-33.14],[-53.37,-33.74],[-53.54,-33.62],[-53.53,-33.17],[-53.12,-32.74],[-53.6,-32.4],[-53.76,-32.06],[-54.22,-31.86],[-54.59,-31.49],[-55.26,-31.22],[-55.56,-30.88],[-56,-31.08],[-56.18,-30.63],[-56.83,-30.11],[-57.21,-30.28],[-57.61,-30.19],[-56.94,-29.59],[-56.23,-28.74],[-55.73,-28.2],[-55.1,-27.87],[-54.83,-27.55],[-54.33,-27.42],[-53.84,-27.12],[-53.67,-26.23],[-53.89,-25.67],[-54.15,-25.52],[-54.61,-25.58],[-54.47,-25.22],[-54.24,-24.05],[-54.63,-23.81],[-55.19,-24.02],[-55.42,-23.95],[-55.65,-22.81],[-55.62,-22.67],[-55.85,-22.31],[-56.19,-22.28],[-56.4,-22.09],[-56.94,-22.27],[-57.96,-22.11],[-57.83,-21],[-58.16,-20.16],[-57.86,-19.98],[-58.13,-19.74],[-57.8,-19.08],[-57.57,-18.28],[-57.83,-17.51],[-58.39,-17.23],[-58.47,-16.65],[-58.34,-16.28],[-58.54,-16.33],[-60.18,-16.27],[-60.24,-15.48],[-60.58,-15.1],[-60.27,-15.09],[-60.3,-14.62],[-60.48,-14.18],[-60.51,-13.79],[-61.08,-13.49],[-61.79,-13.53],[-62.17,-13.13],[-62.76,-13],[-63.07,-12.67],[-63.35,-12.68],[-63.59,-12.52],[-64.42,-12.44],[-64.51,-12.25],[-64.99,-11.98],[-65.39,-11.25],[-65.32,-11.02],[-65.44,-10.59],[-65.31,-10.25],[-65.4,-9.71],[-66.26,-9.83],[-66.73,-9.98],[-67.11,-10.27],[-67.58,-10.51],[-67.72,-10.68],[-68.07,-10.7],[-68.4,-11.02],[-68.73,-11.12],[-68.85,-11.01],[-69.58,-10.95],[-69.96,-10.93],[-70.39,-11.06],[-70.64,-11.01],[-70.64,-9.82],[-70.54,-9.44],[-71.24,-9.97],[-72.18,-10],[-72.38,-9.51],[-73.21,-9.41],[-72.97,-8.99],[-73.55,-8.35],[-73.78,-7.94],[-73.72,-7.78],[-74,-7.56],[-73.75,-7.34],[-73.76,-6.91],[-73.14,-6.47],[-73.24,-6.1],[-72.98,-5.63],[-72.89,-5.12],[-72.7,-5.07],[-71.84,-4.5],[-70.97,-4.35],[-70.8,-4.17],[-70.4,-4.15],[-70.24,-4.3],[-69.96,-4.24],[-69.4,-1.2],[-69.67,-0.48],[-70.07,-0.14],[-70.05,0.58],[-69.47,0.73],[-69.15,0.64],[-69.36,1.06],[-69.85,1.06],[-69.85,1.71],[-68.18,1.72],[-68.19,1.99],[-67.99,1.75],[-67.5,2.11],[-67.35,2.09],[-67.09,1.62],[-67.09,1.21],[-66.88,1.22]]],[[[-49.63,-0.23],[-49.12,-0.16],[-48.59,-0.23],[-48.38,-0.35],[-48.55,-0.85],[-48.93,-1.48],[-49.17,-1.41],[-49.23,-1.6],[-49.51,-1.51],[-49.8,-1.79],[-50.51,-1.79],[-50.76,-1.24],[-50.78,-1.01],[-50.65,-0.27],[-50.25,-0.12],[-49.63,-0.23]]],[[[-44.13,-23.14],[-44.13,-23.14],[-44.13,-23.14],[-44.13,-23.14]]],[[[-48.58,-26.4],[-48.58,-26.4],[-48.58,-26.4],[-48.58,-26.4]]],[[[-45.26,-23.89],[-45.26,-23.89],[-45.26,-23.89],[-45.26,-23.89]]],[[[-44.5,-2.94],[-44.5,-2.94],[-44.5,-2.94],[-44.5,-2.94]]],[[[-38.75,-13.1],[-38.75,-13.1],[-38.75,-13.1],[-38.75,-13.1]]],[[[-38.9,-13.47],[-38.9,-13.47],[-38.9,-13.47],[-38.9,-13.47]]],[[[-44.88,-1.32],[-44.88,-1.32],[-44.88,-1.32],[-44.88,-1.32]]],[[[-49.74,0.27],[-49.84,0.01],[-50.34,0.04],[-50.27,0.23],[-49.74,0.27]]],[[[-50.3,1.94],[-50.3,1.94],[-50.3,1.94],[-50.3,1.94]]],[[[-50.65,-0.13],[-50.93,-0.33],[-51,-0.11],[-50.65,-0.13]]],[[[-49.44,-0.11],[-49.83,-0.09],[-49.4,0.06],[-49.44,-0.11]]],[[[-50.43,0.14],[-50.63,0.05],[-50.35,0.58],[-50.43,0.14]]],[[[-50.15,0.39],[-50.15,0.39],[-50.15,0.39],[-50.15,0.39]]],[[[-51.83,-1.43],[-51.55,-0.65],[-51.26,-0.54],[-51.16,-0.67],[-51.28,-1.02],[-51.83,-1.43]]],[[[-48.49,-27.77],[-48.49,-27.77],[-48.49,-27.77],[-48.49,-27.77]]]]},"properties":{"id":"tasa:BRA","n":"Brasil","st":"tasa_6","p":"BRA","color":"#c0392b","rango":"12 % a 20 %","z":0,"x":"13.75 % al cierre de 2026-09 · bajó 1.25 puntos en 12 meses · Central Bank of Brazil"}},{"type":"Feature","geometry":{"type":"Polygon","coordinates":[[[4.22,51.39],[4.76,51.49],[5.83,51.13],[5.64,50.84],[5.99,50.75],[6.24,50.6],[6.36,50.32],[6.12,50.12],[5.98,50.17],[5.74,49.92],[5.79,49.54],[5.51,49.51],[4.87,49.79],[4.86,50.14],[4.66,50],[4.14,49.98],[4.17,50.25],[3.67,50.33],[3.27,50.53],[3.11,50.78],[2.84,50.71],[2.53,51.1],[3.35,51.38],[3.9,51.21],[4.22,51.39]]]},"properties":{"id":"tasa:BEL","n":"Bélgica","st":"tasa_2","p":"BEL","color":"#bfe0c3","rango":"1 % a 3 %","z":0,"x":"2.5 % al cierre de 2026-09 · subió 0.5 puntos en 12 meses · Banco Central Europeo (zona euro)"}},{"type":"Feature","geometry":{"type":"Polygon","coordinates":[[[9.53,47.27],[9.52,47.52],[9.75,47.58],[10.31,47.31],[10.43,47.54],[10.87,47.52],[10.98,47.4],[11.72,47.58],[12.18,47.62],[12.21,47.72],[12.68,47.67],[13.02,47.48],[13.06,47.66],[12.81,48.16],[13.67,48.52],[13.82,48.77],[14.05,48.6],[14.69,48.6],[14.97,48.98],[15.31,48.97],[16.06,48.75],[16.48,48.8],[16.95,48.6],[16.86,48.39],[17.15,48.01],[17.07,47.71],[16.55,47.75],[16.62,47.45],[16.44,47.4],[16.45,47.01],[16.09,46.86],[15.96,46.68],[15,46.63],[14.5,46.42],[13.7,46.52],[12.39,46.7],[12.17,47.08],[11.13,46.94],[11.03,46.8],[10.45,46.87],[10.18,46.86],[9.58,47.06],[9.53,47.27]]]},"properties":{"id":"tasa:AUT","n":"Austria","st":"tasa_2","p":"AUT","color":"#bfe0c3","rango":"1 % a 3 %","z":0,"x":"2.5 % al cierre de 2026-09 · subió 0.5 puntos en 12 meses · Banco Central Europeo (zona euro)"}},{"type":"Feature","geometry":{"type":"MultiPolygon","coordinates":[[[[143.18,-11.96],[143.11,-12.3],[143.4,-12.64],[143.59,-13.44],[143.55,-13.74],[143.75,-14.35],[143.96,-14.46],[144.47,-14.23],[144.65,-14.49],[145.29,-14.94],[145.27,-15.48],[145.46,-16.06],[145.43,-16.41],[145.9,-17.07],[146.13,-17.64],[146.02,-18.18],[146.33,-18.55],[146.3,-18.84],[146.48,-19.08],[147.42,-19.38],[147.92,-19.87],[148.6,-20.15],[148.88,-20.48],[148.68,-20.58],[149.21,-21.12],[149.45,-21.58],[149.59,-22.26],[149.98,-22.55],[150.08,-22.16],[150.54,-22.56],[150.76,-22.58],[150.84,-23.46],[151.5,-24.01],[151.9,-24.2],[152.13,-24.6],[152.46,-24.8],[152.65,-25.2],[152.91,-25.43],[152.92,-25.69],[153.17,-25.96],[153.08,-26.3],[153.16,-26.98],[153.12,-27.19],[153.58,-28.24],[153.6,-28.86],[153.35,-29.29],[153.27,-29.89],[153.03,-30.56],[152.95,-31.43],[152.56,-32.05],[152.47,-32.44],[151.81,-32.9],[151.29,-33.58],[151.23,-34.03],[150.96,-34.3],[150.69,-35.18],[150.57,-35.21],[150.2,-35.83],[149.99,-36.72],[149.93,-37.53],[149.48,-37.77],[148.26,-37.83],[147.88,-37.93],[147.39,-38.22],[146.86,-38.66],[146.29,-38.7],[146.47,-38.84],[146.4,-39.15],[146.16,-38.87],[145.94,-38.9],[145.79,-38.67],[145.4,-38.54],[145.54,-38.39],[145.29,-38.24],[144.96,-38.5],[144.91,-38.34],[145.12,-38.09],[144.89,-37.9],[144.4,-38.14],[144.67,-38.21],[144.1,-38.46],[143.54,-38.82],[142.61,-38.45],[141.72,-38.27],[141.43,-38.36],[141.01,-38.08],[140.63,-38.03],[139.78,-37.25],[139.86,-36.66],[139.55,-36.1],[138.97,-35.58],[139.33,-35.43],[139.19,-35.35],[138.52,-35.64],[138.19,-35.61],[138.4,-35.33],[138.49,-34.76],[138.09,-34.17],[137.92,-34.46],[137.69,-35.14],[136.88,-35.24],[137.02,-34.92],[137.39,-34.91],[137.49,-34.6],[137.49,-34.16],[137.93,-33.58],[137.85,-33.2],[137.99,-33.09],[137.78,-32.58],[137.79,-32.82],[137.44,-33.19],[137.24,-33.63],[136.43,-34.03],[135.89,-34.66],[136,-34.94],[135.65,-34.94],[135.23,-34.58],[135.45,-34.58],[135.19,-33.91],[134.89,-33.63],[134.79,-33.33],[134.3,-33.17],[134.1,-32.75],[134.23,-32.55],[133.55,-32.18],[133.21,-32.18],[132.76,-31.96],[132.21,-32.01],[131.72,-31.7],[131.14,-31.5],[130.78,-31.6],[130.13,-31.58],[128.95,-31.7],[128.07,-32.07],[127.32,-32.26],[126.78,-32.31],[125.92,-32.3],[124.76,-32.88],[124.37,-32.96],[124.13,-33.13],[123.65,-33.84],[123.21,-33.99],[122.78,-33.89],[122.15,-33.99],[122.06,-33.87],[121.41,-33.83],[120.42,-33.96],[119.85,-33.97],[119.45,-34.37],[118.9,-34.48],[118.14,-34.99],[117.58,-35.1],[116.52,-34.99],[115.99,-34.8],[115.72,-34.53],[115.01,-34.26],[114.99,-33.51],[115.18,-33.64],[115.52,-33.53],[115.68,-33.19],[115.62,-32.67],[115.71,-32.57],[115.74,-31.89],[115.08,-30.56],[114.99,-30.22],[114.96,-29.43],[114.63,-28.87],[114.54,-28.54],[114.17,-28.08],[114.03,-27.35],[113.71,-26.85],[113.33,-26.42],[113.39,-26.11],[113.58,-26.56],[113.85,-26.33],[113.59,-26.1],[113.4,-25.71],[113.54,-25.62],[113.71,-25.83],[113.69,-26.09],[113.88,-26.03],[114.09,-26.39],[114.22,-26.29],[114.21,-25.85],[113.67,-24.98],[113.42,-24.44],[113.49,-23.87],[113.76,-23.42],[113.8,-22.91],[113.68,-22.64],[113.96,-21.94],[114.12,-21.83],[114.14,-22.48],[114.38,-22.34],[114.6,-21.94],[114.86,-21.74],[115.45,-21.49],[116.01,-21.03],[116.71,-20.65],[117.41,-20.72],[118.2,-20.37],[118.75,-20.26],[119.11,-19.99],[119.58,-20.04],[120.2,-19.91],[120.88,-19.66],[121.18,-19.48],[121.49,-19.11],[121.83,-18.48],[122.36,-18.04],[122.24,-17.97],[122.16,-17.31],[122.43,-16.97],[122.72,-16.79],[122.97,-16.44],[123.14,-16.86],[123.56,-17.52],[123.62,-17.01],[123.8,-17.13],[123.78,-16.87],[123.49,-16.49],[123.73,-16.19],[123.86,-16.38],[124.13,-16.28],[124.46,-16.34],[124.58,-16.11],[124.38,-15.76],[124.44,-15.49],[124.75,-15.28],[125.06,-15.44],[124.84,-15.16],[125.07,-15.03],[125.36,-15.12],[125.18,-14.72],[125.58,-14.48],[125.89,-14.62],[126.18,-14],[126.57,-14.16],[126.9,-13.74],[127.67,-14.19],[128.2,-14.75],[128.07,-15.33],[128.26,-15.24],[128.17,-15.04],[128.48,-14.79],[129.27,-14.87],[129.64,-15.14],[129.64,-14.85],[129.85,-14.83],[129.7,-14.57],[129.38,-14.39],[129.71,-13.98],[129.84,-13.57],[130.26,-13.3],[130.17,-12.96],[130.4,-12.69],[130.62,-12.65],[130.62,-12.43],[130.87,-12.56],[130.87,-12.37],[131.29,-12.07],[131.44,-12.28],[132.25,-12.19],[132.41,-12.3],[132.63,-12.04],[132.67,-11.65],[132.48,-11.49],[132.13,-11.5],[131.81,-11.27],[132.26,-11.2],[132.68,-11.51],[133.02,-11.45],[133.19,-11.71],[133.91,-11.83],[134.24,-12.01],[134.73,-11.98],[135.22,-12.22],[135.79,-11.91],[135.7,-12.15],[135.94,-12.15],[136.08,-12.42],[136.26,-12.43],[136.27,-12.13],[136.54,-11.96],[136.95,-12.35],[136.54,-12.79],[136.46,-13.23],[136.3,-13.14],[135.93,-13.3],[135.99,-13.81],[135.89,-14.15],[135.41,-14.76],[135.53,-15],[136.21,-15.4],[136.29,-15.57],[136.71,-15.69],[136.79,-15.89],[137,-15.88],[137.7,-16.23],[138.25,-16.72],[139.01,-16.9],[139.25,-17.33],[140.04,-17.7],[140.51,-17.63],[140.83,-17.41],[140.96,-17.01],[141.22,-16.65],[141.41,-16.07],[141.45,-15.61],[141.63,-15.06],[141.52,-14.47],[141.59,-14.15],[141.47,-13.8],[141.65,-13.26],[141.61,-12.94],[141.92,-12.8],[141.69,-12.35],[141.95,-11.9],[142.17,-10.95],[142.46,-10.71],[142.84,-11.31],[142.87,-11.82],[143.18,-11.96]]],[[[153.08,-25.75],[152.98,-25.55],[153.04,-25.19],[153.24,-24.92],[153.35,-25.06],[153.08,-25.75]]],[[[139.51,-16.57],[139.16,-16.74],[139.29,-16.47],[139.59,-16.4],[139.51,-16.57]]],[[[136.71,-13.8],[136.89,-14.29],[136.34,-14.21],[136.43,-13.86],[136.71,-13.8]]],[[[130.46,-11.68],[130.61,-11.82],[130.13,-11.83],[130.15,-11.48],[130.34,-11.34],[130.46,-11.68]]],[[[130.62,-11.38],[130.99,-11.34],[131.27,-11.19],[131.54,-11.44],[131.46,-11.59],[130.95,-11.93],[130.51,-11.62],[130.37,-11.22],[130.62,-11.38]]],[[[113.18,-26.05],[112.96,-25.78],[112.98,-25.52],[113.18,-26.05]]],[[[137.6,-35.74],[138.05,-35.76],[138.01,-35.91],[137.67,-35.9],[137.45,-36.08],[136.76,-36.03],[136.54,-35.89],[136.64,-35.75],[137.33,-35.59],[137.6,-35.74]]],[[[145.49,-38.35],[145.49,-38.35],[145.49,-38.35],[145.49,-38.35]]],[[[145.31,-38.49],[145.31,-38.49],[145.31,-38.49],[145.31,-38.49]]],[[[149.04,-20.29],[149.04,-20.29],[149.04,-20.29],[149.04,-20.29]]],[[[148.94,-20.15],[148.94,-20.15],[148.94,-20.15],[148.94,-20.15]]],[[[151.15,-23.49],[151.15,-23.49],[151.15,-23.49],[151.15,-23.49]]],[[[150.52,-22.32],[150.52,-22.32],[150.52,-22.32],[150.52,-22.32]]],[[[149.93,-22.19],[149.93,-22.19],[149.93,-22.19],[149.93,-22.19]]],[[[153.54,-27.44],[153.54,-27.44],[153.54,-27.44],[153.54,-27.44]]],[[[153.44,-27.32],[153.44,-27.32],[153.44,-27.32],[153.44,-27.32]]],[[[142.28,-10.71],[142.28,-10.71],[142.28,-10.71],[142.28,-10.71]]],[[[142.34,-10.19],[142.34,-10.19],[142.34,-10.19],[142.34,-10.19]]],[[[142.17,-10.15],[142.17,-10.15],[142.17,-10.15],[142.17,-10.15]]],[[[146.28,-18.23],[146.28,-18.23],[146.28,-18.23],[146.28,-18.23]]],[[[136.6,-11.38],[136.6,-11.38],[136.6,-11.38],[136.6,-11.38]]],[[[136.34,-11.6],[136.34,-11.6],[136.34,-11.6],[136.34,-11.6]]],[[[137.09,-15.78],[137.09,-15.78],[137.09,-15.78],[137.09,-15.78]]],[[[136.86,-15.62],[136.86,-15.62],[136.86,-15.62],[136.86,-15.62]]],[[[136.59,-15.63],[136.59,-15.63],[136.59,-15.63],[136.59,-15.63]]],[[[139.46,-17.11],[139.46,-17.11],[139.46,-17.11],[139.46,-17.11]]],[[[136.24,-13.82],[136.24,-13.82],[136.24,-13.82],[136.24,-13.82]]],[[[132.59,-11.3],[132.59,-11.3],[132.59,-11.3],[132.59,-11.3]]],[[[125.2,-14.58],[125.2,-14.58],[125.2,-14.58],[125.2,-14.58]]],[[[124.6,-15.4],[124.6,-15.4],[124.6,-15.4],[124.6,-15.4]]],[[[115.45,-20.79],[115.45,-20.79],[115.45,-20.79],[115.45,-20.79]]],[[[145.04,-40.79],[145.28,-40.77],[145.82,-41.02],[146.32,-41.16],[146.99,-40.99],[147.46,-41],[147.62,-40.84],[147.97,-40.78],[148.29,-40.95],[148.3,-42.04],[148.22,-41.97],[147.92,-42.57],[147.98,-43.16],[147.79,-43.22],[147.57,-42.85],[147.35,-42.93],[146.87,-43.61],[146.55,-43.51],[146.04,-43.55],[145.99,-43.38],[145.49,-42.93],[145.2,-42.23],[145.47,-42.49],[145.52,-42.35],[144.91,-41.64],[144.65,-40.98],[144.72,-40.67],[145.04,-40.79]]],[[[143.93,-40.12],[143.84,-39.9],[143.95,-39.58],[144.14,-39.95],[143.93,-40.12]]],[[[148,-39.76],[148.3,-39.99],[148.11,-40.26],[147.77,-39.87],[148,-39.76]]],[[[147.35,-43.4],[147.35,-43.4],[147.35,-43.4],[147.35,-43.4]]],[[[148.1,-42.71],[148.1,-42.71],[148.1,-42.71],[148.1,-42.71]]],[[[147.43,-43.24],[147.43,-43.24],[147.43,-43.24],[147.43,-43.24]]],[[[144.78,-40.51],[144.78,-40.51],[144.78,-40.51],[144.78,-40.51]]],[[[148.33,-40.31],[148.47,-40.43],[148.1,-40.45],[148.33,-40.31]]],[[[148.24,-40.52],[148.24,-40.52],[148.24,-40.52],[148.24,-40.52]]],[[[158.88,-54.71],[158.88,-54.71],[158.88,-54.71],[158.88,-54.71]]]]},"properties":{"id":"tasa:AUS","n":"Australia","st":"tasa_3","p":"AUS","color":"#f6e08a","rango":"3 % a 5 %","z":0,"x":"4.35 % al cierre de 2026-08 · subió 0.75 puntos en 12 meses · Reserve Bank of Australia"}},{"type":"Feature","geometry":{"type":"Polygon","coordinates":[[[123.59,-12.43],[123.59,-12.43],[123.59,-12.43],[123.59,-12.43]]]},"properties":{"id":"tasa:AUS","n":"Australia","st":"tasa_3","p":"AUS","color":"#f6e08a","rango":"3 % a 5 %","z":0,"x":"4.35 % al cierre de 2026-08 · subió 0.75 puntos en 12 meses · Reserve Bank of Australia"}},{"type":"Feature","geometry":{"type":"Polygon","coordinates":[[[77.05,35.11],[76.77,35.66],[77.45,35.48],[77.8,35.5],[77.05,35.11]]]},"properties":{"id":"tasa:IND","n":"India","st":"tasa_4","p":"IND","color":"#f3b25d","rango":"5 % a 8 %","z":0,"x":"5.25 % al cierre de 2026-06 · Reserve Bank of India"}}]}